date,mover,low_signal_return,high_signal_return,signal_return_difference,low_rank,high_rank
2015-02-02,positive,0.04384602756383781,0.04567086125795681,0.0018248336941189963,0.8999687669179195,0.9001020280681298
2015-02-02,negative,-0.012001028724075507,-0.01276508418301211,-0.0007640554589366036,0.10013929954607921,0.0998198892266689
2015-02-03,positive,0.05831412219333922,0.05904722326684007,0.0007331010735008442,0.8998541415066839,0.9002113438554116
2015-02-03,negative,-0.0068043851902388885,-0.007401647763797714,-0.0005972625735588257,0.10028114979386167,0.09990829620066907
2015-02-04,positive,0.01809023828996949,0.018456226883610073,0.00036598859364058225,0.899785254937988,0.9002244540025892
2015-02-04,negative,-0.032775701479795895,-0.034410677755196,-0.0016349762754001018,0.10014782645007725,0.09988098718002256
2015-02-05,positive,0.054610603568305584,0.04333553258344718,-0.011275070984858401,0.9000008347942231,0.8999937390433258
2015-02-05,negative,-0.009508037166869853,-0.010328749041074486,-0.0008207118742046323,0.10021982914544898,0.10017615151912673
2015-02-06,positive,0.024151786840238006,0.026511589631704913,0.002359802791466907,0.8999380640040104,0.9000720671791443
2015-02-06,negative,-0.03360507032927063,-0.03566007144537188,-0.0020550011161012474,0.10006005598262031,0.09996448863636363
2015-02-09,positive,0.022828294893773353,0.02332527490010595,0.0004969800063325987,0.8999667099367699,0.9000575771533855
2015-02-09,negative,-0.024284314493558133,-0.026020400190037058,-0.001736085696478925,0.10017063774548807,0.09983459654118337
2015-02-10,positive,0.02592289535219335,0.027487781577155413,0.0015648862249620643,0.9000366907078161,0.8999643575981213
2015-02-10,negative,-0.026353158813503086,-0.02754534638119806,-0.0011921875676949752,0.10000503186850049,0.10002830426031532
2015-02-11,positive,0.018841894291774693,0.019360354632351924,0.0005184603405772314,0.8998489736070381,0.9001717637201508
2015-02-11,negative,-0.02291681006576001,-0.0243131261029269,-0.0013963160371668892,0.10026036866359447,0.09980310012568076
2015-02-12,positive,0.035918207473427964,0.03828873445939688,0.0023705269859689154,0.8997243401759532,0.900296397151236
2015-02-12,negative,-0.00924359353415744,-0.009603155924278736,-0.0003595623901212954,0.1002260042824559,0.09973688497882047
2015-02-13,positive,0.0341944067392234,0.03571384628316289,0.001519439543939488,0.8999771363846122,0.899934975038805
2015-02-13,negative,-0.014672213978198003,-0.017616626055654578,-0.0029444120774565746,0.10017326005789318,0.09994441414607544
2015-02-17,positive,0.024174261770035444,0.025862752140995364,0.0016884903709599199,0.9000289065772936,0.8999937159614577
2015-02-17,negative,-0.019474831585160397,-0.020569952264150808,-0.0010951206789904105,0.10028068705488061,0.09977586929199832
2015-02-18,positive,0.02238753097814059,0.023199678287443314,0.000812147309302725,0.9000726518989991,0.8999487039906203
2015-02-18,negative,-0.02330908112166973,-0.023730600801141165,-0.0004215196794714361,0.09992577781499937,0.10006595201205978
2015-02-19,positive,0.01982570337778893,0.020335626032438336,0.0005099226546494071,0.8998662048928375,0.9001263211082572
2015-02-19,negative,-0.02276268845397584,-0.02451128956419526,-0.0017486011102194193,0.09987441576487432,0.10015474335761505
2015-02-20,positive,0.022936573553325585,0.024530534167814498,0.001593960614488913,0.899614427336005,0.90038704914575
2015-02-20,negative,-0.017196013717552226,-0.017579297787401624,-0.0003832840698493982,0.0999584475848977,0.10005905927019616
2015-02-23,positive,0.0181217951823844,0.019257830284953304,0.0011360351025689053,0.899969626661042,0.9000369120438727
2015-02-23,negative,-0.023469441711785027,-0.024216304699166392,-0.0007468629873813651,0.10018793503480279,0.09984707867538493
2015-02-24,positive,0.023548762386045814,0.025206211993854734,0.0016574496078089196,0.9000269985235182,0.8999673064754271
2015-02-24,negative,-0.019541116358213727,-0.020187575331323582,-0.0006464589731098556,0.10008289390423959,0.09994726850875343
2015-02-25,positive,0.02584272925163626,0.02628813139014944,0.0004454021385131811,0.9000225377032607,0.8999810430533322
2015-02-25,negative,-0.017455742422857468,-0.020725725112991863,-0.003269982690134395,0.10015755329008343,0.09987467351925183
2015-02-26,positive,0.02063664078408458,0.02387482998925903,0.0032381892051744493,0.8999718013468012,0.900093644781145
2015-02-26,negative,-0.02607595455049626,-0.02828446403023179,-0.00220850947973553,0.10040614478114478,0.09969907407407406
2015-02-27,positive,0.021227291197268634,0.022483154164633912,0.0012558629673652781,0.8998388047138046,0.9002430555555556
2015-02-27,negative,-0.024574270934700475,-0.024944299337374375,-0.0003700284026738991,0.10000357744107743,0.10009469696969697
2015-03-02,positive,0.025608555186882487,0.027624202787510356,0.0020156476006278692,0.9000912454797747,0.8999400807333278
2015-03-02,negative,-0.026538354429983608,-0.024600729164662133,0.001937625265321475,0.10005340173240265,0.09994323437894206
2015-03-03,positive,0.01779906744679897,0.020253890299662895,0.002454822852863924,0.900003896705704,0.9000052658185188
2015-03-03,negative,-0.02393629754011659,-0.02548179932353355,-0.001545501783416961,0.10009583789704272,0.09994734181481171
2015-03-04,positive,0.017329311142233204,0.017534109857369765,0.00020479871513656017,0.9001788202508129,0.8998089346788836
2015-03-04,negative,-0.022892357266173002,-0.02813426017812039,-0.005241902911947389,0.10033378372672382,0.0997403200608031
2015-03-05,positive,0.020979009468040904,0.02430581386676812,0.003326804398727217,0.8998336925742783,0.9000929800092979
2015-03-05,negative,-0.019374280255712605,-0.01997243318354169,-0.0005981529278290855,0.1003474071256498,0.099801360889227
2015-03-06,positive,0.0073130063661394,0.008561175796630875,0.0012481694304914744,0.9000945734135388,0.900085253749047
2015-03-06,negative,-0.037966716508886056,-0.0382603236991298,-0.00029360719024374565,0.09995424891976616,0.10001906295009746
2015-03-09,positive,0.01994622213590043,0.022349492057096833,0.0024032699211964034,0.8997863084627792,0.9002323656735424
2015-03-09,negative,-0.02671129308021372,-0.027521101998445874,-0.0008098089182321522,0.09975500806383159,0.10024615906968848
2015-03-10,positive,0.007071775793403445,0.00838430747517321,0.0013125316817697652,0.8999146173407777,0.9002933697026524
2015-03-10,negative,-0.036554723072883155,-0.037565284626641784,-0.0010105615537586293,0.09995471593572859,0.09994779013766357
2015-03-11,positive,0.02575921908999576,0.026647560093528512,0.0008883410035327513,0.8999780058651025,0.9000180628160994
2015-03-11,negative,-0.017294272986105284,-0.018797979198826996,-0.0015037062127217123,0.1003736877895363,0.09966530664286626
2015-03-12,positive,0.0349462315786679,0.03607754699573124,0.001131315417063343,0.900036248830683,0.8999681095331236
2015-03-12,negative,-0.01363679489739493,-0.014951423366661411,-0.0013146284692664816,0.10001254358363805,0.10001275618675057
2015-03-13,positive,0.014902029346921941,0.015932051418198288,0.0010300220712763462,0.9001369804739016,0.8998808865444337
2015-03-13,negative,-0.026660871885638697,-0.027788753887695295,-0.0011278820020565981,0.10015378397924021,0.0998819500574297
2015-03-16,positive,0.02643555115439921,0.02620170562341894,-0.00023384553098027006,0.8999310008067598,0.9000870451360878
2015-03-16,negative,-0.020825959024926642,-0.02142311223554594,-0.0005971532106192994,0.09998620016135196,0.10002441509914654
2015-03-17,positive,0.023050165170233474,0.02312703688341826,7.687171318478472e-05,0.9001551563229118,0.8998292538073219
2015-03-17,negative,-0.017173521459169942,-0.017322050424792738,-0.00014852896562279547,0.1002169855342977,0.09984304076697917
2015-03-18,positive,0.04029034481949517,0.041560580823825126,0.001270236004329954,0.9000705182667799,0.8999490229396769
2015-03-18,negative,-0.009368118068900774,-0.010759127006283587,-0.0013910089373828129,0.10022212192013595,0.10016108599344582
2015-03-19,positive,0.015957852963414725,0.0184768551566927,0.0025190021932779763,0.9000289546519056,0.8999797743240368
2015-03-19,negative,-0.028887879115627985,-0.029488107793830348,-0.0006002286782023636,0.10011326378539494,0.09990738769427294
2015-03-20,positive,0.03548429938346483,0.036392936558130654,0.0009086371746658203,0.8998854060265579,0.9001223612529794
2015-03-20,negative,-0.010263086637968391,-0.010534040491930869,-0.000270953853962478,0.09955359422880491,0.09990224869314426
2015-03-23,positive,0.0404572393247664,0.027011164246193146,-0.013446075078573254,0.9000543593214599,0.900090951393883
2015-03-23,negative,-0.018304934912249306,-0.01945919178095327,-0.0011542568687039657,0.10034910529210203,0.09955687634840729
2015-03-24,positive,0.01756423464768327,0.019037602154492857,0.001473367506809587,0.9000350220077873,0.9000148129338074
2015-03-24,negative,-0.019438440679215872,-0.020482584068205432,-0.0010441433889895602,0.10011162603690535,0.0998804384628407
2015-03-25,positive,0.012373968391154412,0.013090520407331895,0.0007165520161774835,0.8995983202897848,0.9000898005912001
2015-03-25,negative,-0.0353817755276164,-0.03713384301041194,-0.0017520674827955426,0.10008957343962008,0.0999141367028494
2015-03-26,positive,0.01748389646018755,0.01802250434006781,0.0005386078798802589,0.9000590484282075,0.9000169923534408
2015-03-26,negative,-0.021634671292066546,-0.02269333632450265,-0.0010586650324361027,0.10016174596431607,0.0999267204757859
2015-03-27,positive,0.021194500888240174,0.022377358593699,0.0011828577054588257,0.9000790513833994,0.8999234986612267
2015-03-27,negative,-0.020031942064757217,-0.020687729622312412,-0.0006557875575551944,0.10005280717412554,0.09997024947936588
2015-03-30,positive,0.02965005922595672,0.029823058150789485,0.00017299892483276305,0.8998334327340889,0.9000894606799011
2015-03-30,negative,-0.010587627274340712,-0.013613111134779065,-0.003025483860438353,0.10004078981000256,0.09971670784697964
2015-03-31,positive,0.016241474015645622,0.016975344411142703,0.0007338703954970806,0.899982566544774,0.9000212603112511
2015-03-31,negative,-0.02182766611827259,-0.0218736792484596,-4.6013130187011475e-05,0.1000133939960881,0.10001169317118803
2015-04-01,positive,0.024576454154401677,0.024986178876449446,0.000409724722047769,0.8998342383235055,0.9001293853137063
2015-04-01,negative,-0.021290317832944706,-0.020373068454637842,0.0009172493783068635,0.10038264115725617,0.09968183939252534
2015-04-02,positive,0.026700663853501994,0.027977076630648922,0.0012764127771469277,0.8997876947900301,0.9002144282620697
2015-04-02,negative,-0.012387651164443148,-0.012695439682550071,-0.0003077885181069235,0.10008746974650759,0.09991189333786252
2015-04-06,positive,0.0350831923526347,0.03518974171175322,0.00010654935911852403,0.899969186960772,0.9000244379276638
2015-04-06,negative,-0.009727041064638628,-0.010494752629544048,-0.0007677115649054201,0.09997917463555614,0.10004037570657487
2015-04-07,positive,0.01835525531565816,0.019488403707890182,0.0011331483922320217,0.8999541848725237,0.9000307555253892
2015-04-07,negative,-0.021719279638510496,-0.02154638730541758,0.00017289233309291524,0.09975141051202646,0.10027998133457769
2015-04-08,positive,0.02531520176404376,0.026793747750269103,0.0014785459862253422,0.8998319790079566,0.9001946842728964
2015-04-08,negative,-0.017832006617201388,-0.018350839241693735,-0.000518832624492347,0.10001587100050788,0.099957677331979
2015-04-09,positive,0.021517723303557567,0.021591144269835147,7.342096627757991e-05,0.9002769556025368,0.8999408033826638
2015-04-09,negative,-0.020000214219938625,-0.020630637834482622,-0.000630423614543997,0.10019281183932346,0.10005708245243128
2015-04-10,positive,0.021927047229090557,0.022929403035254984,0.0010023558061644268,0.9001174418604652,0.9000961945031714
2015-04-10,negative,-0.012999642361217598,-0.013225534151717972,-0.00022589179050037413,0.10017505285412262,0.10005919661733616
2015-04-13,positive,0.014848518756013845,0.01540553039676978,0.0005570116407559358,0.9000288852209243,0.9000201032673099
2015-04-13,negative,-0.01913793626397523,-0.019612246202414977,-0.00047430993843974867,0.10011596411037751,0.09986456746233283
2015-04-14,positive,0.02900476822910566,0.029740499534869562,0.0007357313057639037,0.8999113805970149,0.9000964637042062
2015-04-14,negative,-0.01402766996797955,-0.014576076110462004,-0.0005484061424824542,0.10012296472184531,0.09989293588873813
2015-04-15,positive,0.03950158039211132,0.039623500763563496,0.0001219203714521791,0.9000939126020558,0.9000528787173737
2015-04-15,negative,-0.011897666779085896,-0.012509854395262268,-0.0006121876161763722,0.10012817801091416,0.09976521849486018
2015-04-16,positive,0.017035257496794316,0.01745091490577254,0.0004156574089782261,0.8998662355775326,0.9000190186382655
2015-04-16,negative,-0.02007984761442881,-0.021892457945532608,-0.0018126103311037964,0.1001525717425299,0.099991547271882
2015-04-17,positive,0.004360931320937051,0.0053049601623749495,0.0009440288414378981,0.8997702641662725,0.9001669228297381
2015-04-17,negative,-0.03097390173096624,-0.03145379259945029,-0.00047989086848404874,0.09995777098718275,0.10003925812749341
2015-04-20,positive,0.02544586354848069,0.02577148049710213,0.00032561694862143914,0.8999217689959293,0.9000932835820896
2015-04-20,negative,-0.011501358635374753,-0.014777802291333806,-0.003276443655959053,0.09990671641791045,0.1000858632971506
2015-04-21,positive,0.018326600619073097,0.01957839946438191,0.0012517988453088144,0.8997421185103024,0.9002634273281857
2015-04-21,negative,-0.02563936963072923,-0.026637206740977516,-0.0009978371102482841,0.09999594727187408,0.10000426602960624
2015-04-22,positive,0.02209984371119187,0.023251334303093063,0.0011514905919011928,0.8997864787651373,0.9002142674398771
2015-04-22,negative,-0.014125554458528058,-0.015151819383202852,-0.001026264924674794,0.09991269401330377,0.1000906106089033
2015-04-23,positive,0.027612174338507035,0.02864910895175219,0.0010369346132451558,0.8999407021884733,0.9000757220255109
2015-04-23,negative,-0.01409605830829098,-0.015247169637702932,-0.0011511113294119524,0.10017096113647028,0.0998378908749627
2015-04-24,positive,0.019619558845458997,0.0217417161133441,0.0021221572678851025,0.9000836927281265,0.8999316794056107
2015-04-24,negative,-0.021538148967566458,-0.02295189134819869,-0.0014137423806322331,0.1005318331269482,0.09952389085785047
2015-04-27,positive,0.018193942013074692,0.018357390347876715,0.00016344833480202298,0.8999201127819549,0.9000897129186602
2015-04-27,negative,-0.02557999380303406,-0.025236000854663272,0.00034399294837078945,0.10013093814080658,0.09990387901572113
2015-04-28,positive,0.025338293861596466,0.02597865600825038,0.0006403621466539132,0.9000262607284683,0.8999722447585293
2015-04-28,negative,-0.01730042339484755,-0.017710549252316223,-0.0004101258574686732,0.1000649045646697,0.09995729962850677
2015-04-29,positive,0.02332055314407433,0.023982996429470518,0.000662443285396188,0.9001000128221568,0.8999145189554216
2015-04-29,negative,-0.030784506717053635,-0.03131556779896318,-0.0005310610819095479,0.10006208060862502,0.0999561909646536
2015-04-30,positive,0.018430677164645866,0.019763262610534533,0.001332585445888667,0.8997413016431421,0.9004235028774905
2015-04-30,negative,-0.039506535179802696,-0.04070776948044476,-0.0012012343006420623,0.1001154060663263,0.09992277660989317
2015-05-01,positive,0.02993794039511045,0.03195659616168415,0.002018655766573698,0.899814370744658,0.9001969768338114
2015-05-01,negative,-0.0164739659273078,-0.0171259643553189,-0.0006519984280110996,0.09985312379565796,0.10012846315248576
2015-05-04,positive,0.021746382836676202,0.021716044713721565,-3.0338122954637337e-05,0.9001135828877004,0.9000106951871658
2015-05-04,negative,-0.016199210879807975,-0.016822282588944505,-0.0006230717091365301,0.10029828877005346,0.09982780748663103
2015-05-05,positive,0.01363455265896379,0.013279100246225759,-0.0003554524127380304,0.8998261465336359,0.9000845715753865
2015-05-05,negative,-0.035507105175270635,-0.036551214452454864,-0.0010441092771842284,0.10013638504688907,0.09986939579497281
2015-05-06,positive,0.017121088604462684,0.01962194062426472,0.0025008520198020363,0.8999503841229195,0.9000800256081947
2015-05-06,negative,-0.026068422932255624,-0.027935165958758897,-0.0018667430265032724,0.10011673068715321,0.0999466495945369
2015-05-07,positive,0.024961097380563558,0.02698598537699312,0.0020248879964295634,0.8996378340365684,0.9004592336870818
2015-05-07,negative,-0.032036613018569006,-0.032550416786536474,-0.0005138037679674676,0.10003089971444401,0.09986574606827771
2015-05-08,positive,0.034608155781758215,0.03675707709838547,0.002148921316627257,0.9000426269240581,0.8999712985798112
2015-05-08,negative,-0.01142406028202653,-0.012043181277451881,-0.0006191209954253506,0.10012873118462454,0.09989221022195764
2015-05-11,positive,0.016925800140857813,0.018793753632285956,0.0018679534914281433,0.8997222693351423,0.9002851509497963
2015-05-11,negative,-0.024891625927177287,-0.024696609839430877,0.00019501608774641008,0.10004303765264588,0.09997243894165535
2015-05-12,positive,0.019713963174172795,0.023063959444210712,0.0033499962700379166,0.9000229814453953,0.900032830636279
2015-05-12,negative,-0.020763328053890154,-0.023169451614675537,-0.002406123560785383,0.1001743200881132,0.09981042955180887
2015-05-13,positive,0.0192199796661723,0.02055599176845042,0.001336012102278121,0.899997254139912,0.8999778218992903
2015-05-13,negative,-0.021576531232243477,-0.02159299536120301,-1.646412895953131e-05,0.10000126732004055,0.10003801960121661
2015-05-14,positive,0.0274657493287234,0.028938744245744392,0.0014729949170209922,0.8997859346604118,0.9001077722835044
2015-05-14,negative,-0.014196344787214599,-0.016240188469171947,-0.0020438436819573483,0.10024153670597187,0.09991230294577577
2015-05-15,positive,0.021172501521952786,0.02188958577956791,0.0007170842576151235,0.8996547141953174,0.9003311537650284
2015-05-15,negative,-0.017866475720954893,-0.0170482973961697,0.0008181783247851911,0.09993482387681923,0.10009069816494412
2015-05-18,positive,0.02224198980526497,0.024601785377482185,0.002359795572217216,0.899881716796215,0.9000918807029402
2015-05-18,negative,-0.01710362285401678,-0.017805842462132893,-0.0007022196081161135,0.10033583981074687,0.09973069449138224
2015-05-19,positive,0.013858273249117203,0.01569192394813847,0.0018336506990212671,0.9000258958271928,0.899976841130153
2015-05-19,negative,-0.028490208550572233,-0.03042765641513599,-0.0019374478645637558,0.10007537159459345,0.09994736620489285
2015-05-20,positive,0.018081027420187072,0.02059392386286981,0.0025128964426827383,0.8997388669909426,0.9002526417309626
2015-05-20,negative,-0.01494839551113849,-0.015446962337089563,-0.0004985668259510721,0.10010577406910434,0.0999350050318685
2015-05-21,positive,0.02193103563901854,0.024885558573960635,0.0029545229349420936,0.9002166046103,0.8998180144751705
2015-05-21,negative,-0.014756695069447632,-0.01805835684318923,-0.0033016617737415994,0.10047901936995356,0.09954399029410535
2015-05-22,positive,0.012762767881260864,0.013771930993463674,0.00100916311220281,0.9000621546961327,0.899968608739327
2015-05-22,negative,-0.018508376838001325,-0.019013925535176706,-0.0005055486971753814,0.10015570065293822,0.09985664657625984
2015-05-26,positive,0.005076985550745405,0.00888822626212491,0.0038112407113795044,0.8994407913077417,0.9001175218142787
2015-05-26,negative,-0.03174657176214681,-0.03279847898209307,-0.0010519072199462604,0.0999001630843857,0.10010035962197876
2015-05-27,positive,0.022917588278304483,0.02428382605853286,0.0013662377802283777,0.8998718056137411,0.9001508169250105
2015-05-27,negative,-0.011515624010749143,-0.012334321947832587,-0.000818697937083444,0.09982614160033514,0.1002073732718894
2015-05-28,positive,0.014731795271264114,0.017312674041132108,0.002580878769867994,0.9001185588604945,0.8999036447423544
2015-05-28,negative,-0.02043687114726913,-0.021896382941490652,-0.001459511794221522,0.10036740678676163,0.09969208211143696
2015-05-29,positive,0.013787622943379787,0.014560653272702473,0.0007730303293226864,0.8998687520966119,0.9001645840322039
2015-05-29,negative,-0.02228503322838387,-0.023128993552080555,-0.0008439603236966853,0.10019089651123783,0.09984589902717209
2015-06-01,positive,0.018713143067491285,0.022841290350870645,0.00412814728337936,0.9000597919912415,0.8999494715566974
2015-06-01,negative,-0.017465400322094815,-0.01948137136415317,-0.002015971042058355,0.1003402248515727,0.09970314539559559
2015-06-02,positive,0.0280605771765557,0.028968073664888593,0.0009074964883328922,0.9001392452988934,0.8998958815363256
2015-06-02,negative,-0.013594820663051834,-0.014384035033308578,-0.0007892143702567436,0.09990766059484245,0.10009044634218164
2015-06-03,positive,0.025434741837620334,0.025609083594125913,0.0001743417565055784,0.9001837165155029,0.8998333684876609
2015-06-03,negative,-0.018971977632123018,-0.018954826013828342,1.7151618294675847e-05,0.09983115376502846,0.10018245095971315
2015-06-04,positive,0.006139758453683281,0.007201724031835335,0.0010619655781520538,0.8998556530050037,0.9003211447900688
2015-06-04,negative,-0.02788057954640145,-0.028704838806648415,-0.0008242592602469637,0.10019754596053299,0.09982817507168157
2015-06-05,positive,0.024423193301255048,0.02605305186334982,0.0016298585620947714,0.9002028768164919,0.8997845555931058
2015-06-05,negative,-0.017964773860542013,-0.01895997481321109,-0.0009952009526690772,0.09986207333558636,0.10018059310577895
2015-06-08,positive,0.010693955123306023,0.01250297500986006,0.001809019886554037,0.8998036228203825,0.9002264262739124
2015-06-08,negative,-0.022996871005627494,-0.022768063370538265,0.00022880763508922874,0.09998180125275097,0.09997778059928898
2015-06-09,positive,0.015415383965370724,0.016524652667223503,0.001109268701852779,0.8999797322974287,0.9000063336570534
2015-06-09,negative,-0.019874608616210092,-0.01966847412110658,0.00020613449510351045,0.09986255964193726,0.10017839800700923
2015-06-10,positive,0.0304346534360784,0.032166560507151214,0.0017319070710728121,0.899813138347261,0.9001445513632144
2015-06-10,negative,-0.007637350073894436,-0.008731354877813968,-0.0010940048039195316,0.09991080723671253,0.09981716287426594
2015-06-11,positive,0.01834427199964976,0.020061849789659192,0.0017175777900094308,0.9000543684410166,0.8999978926960847
2015-06-11,negative,-0.017603165142916155,-0.01872143821362457,-0.0011182730707084143,0.1001034686222447,0.09988093732878155
2015-06-12,positive,0.012324292833370786,0.01278105174650596,0.0004567589131351732,0.8999205546423905,0.9001253845829644
2015-06-12,negative,-0.019377053127224,-0.020053092384093057,-0.0006760392568690571,0.10011548025456232,0.09986829350528934
2015-06-15,positive,0.015421712638679658,0.015708869507900163,0.0002871568692205048,0.8998933209647497,0.9000969809411368
2015-06-15,negative,-0.021997012131769536,-0.0231913428373968,-0.0011943307056272653,0.09997954967110811,0.10004216562658122
2015-06-16,positive,0.020494488377921026,0.02113321736715327,0.0006387289892322429,0.8998736203555481,0.9001179543348219
2015-06-16,negative,-0.014056500168418699,-0.01585485428571729,-0.001798354117298593,0.09988036060325217,0.10014112393630466
2015-06-17,positive,0.016876207471821232,0.01806242041120467,0.001186212939383438,0.89976894289799,0.9002533428643513
2015-06-17,negative,-0.01634041162079924,-0.016700469517902362,-0.0003600578971031214,0.10020603818013622,0.09980867883273062
2015-06-18,positive,0.024448676427375422,0.0255823738592414,0.0011336974318659765,0.8999228764762746,0.9001050729206069
2015-06-18,negative,-0.013616295310551588,-0.016573331544000362,-0.002957036233448774,0.10013459841129743,0.09988336905812635
2015-06-19,positive,0.01737043976302003,0.01730082805982861,-6.961170319141896e-05,0.900210963804714,0.8998758417508418
2015-06-19,negative,-0.023568707479685938,-0.02418243942081072,-0.0006137319411247816,0.09998632154882156,0.10010837542087543
2015-06-22,positive,0.02411909455846658,0.025446838261665113,0.0013277437031985334,0.899755470024683,0.9002635652428566
2015-06-22,negative,-0.016460212613744096,-0.017323174437687577,-0.0008629618239434818,0.09989938501443332,0.10008680918713134
2015-06-23,positive,0.02193441198997403,0.023732138297085537,0.0017977263071115059,0.8999836388807317,0.8999716826781892
2015-06-23,negative,-0.013563345842967756,-0.014321317282349238,-0.0007579714393814822,0.10027750975374419,0.09984058396610311
2015-06-24,positive,0.008175515427366099,0.008746573503528763,0.000571058076162664,0.9001940340617626,0.8999934711846068
2015-06-24,negative,-0.02426804601099885,-0.02456416076458542,-0.0002961147535865717,0.09977314698228826,0.10015844035927138
2015-06-25,positive,0.015983278168551628,0.017058733762306176,0.0010754555937545485,0.8999574651319104,0.9000630146193916
2015-06-25,negative,-0.023488588081968968,-0.024246445844436727,-0.0007578577624677597,0.10004200974626112,0.09991282977650814
2015-06-26,positive,0.017349532170909586,0.017642765540931384,0.0002932333700217983,0.8997771260997067,0.9002283200670297
2015-06-26,negative,-0.02571047824705654,-0.025645274796100865,6.520345095567537e-05,0.10003519061583577,0.10000837871805615
2015-06-29,positive,0.033569278197987835,-0.0031475549662688647,-0.0367168331642567,0.900183734688776,0.8998001034636003
2015-06-29,negative,-0.04499390615834957,-0.04923646670697711,-0.004242560548627539,0.1003248687609366,0.0996896091992334
2015-06-30,positive,0.02401974900365927,0.025030475527649663,0.0010107265239903927,0.8998789265654252,0.9001185770750988
2015-06-30,negative,-0.016500535724379796,-0.0178007563972224,-0.0013002206728426058,0.10018171416684003,0.0998512585812357
2015-07-01,positive,0.02246559587273415,0.023938924346995315,0.0014733284742611645,0.9000097774079467,0.8999479925109217
2015-07-01,negative,-0.030454181347292088,-0.04254226565696354,-0.012088084309671454,0.10011920116496775,0.09991054711878511
2015-07-02,positive,0.016823515975080312,0.017252939149218615,0.0004294231741383027,0.9000043786488741,0.9000646371976648
2015-07-02,negative,-0.022448010082716508,-0.026176553709771837,-0.0037285436270553286,0.10006057130942451,0.10004065888240202
2015-07-06,positive,0.013799768723973035,0.013555485933949151,-0.0002442827900238833,0.8999822606227564,0.9000219133483597
2015-07-06,negative,-0.03723648489351268,-0.037968731532086644,-0.0007322466385739634,0.10018553301611152,0.09983930211202938
2015-07-07,positive,0.026550628918232934,0.026278159683656332,-0.0002724692345766021,0.9000115420129273,0.9000786955426845
2015-07-07,negative,-0.022890716824546468,-0.024300034459046417,-0.0014093176344999493,0.09989318391672962,0.10004721732561069
2015-07-08,positive,0.003292262029074137,0.004083365819512383,0.0007911037904382457,0.9002669351973942,0.9001530705425003
2015-07-08,negative,-0.042996638978429515,-0.043742295225226796,-0.0007456562467972813,0.10007523074977873,0.09985354237788173
2015-07-09,positive,0.029164189276873392,0.030900940049510068,0.0017367507726366756,0.8999217101375875,0.900017937030472
2015-07-09,negative,-0.014781890692292892,-0.014602878678671577,0.0001790120136213151,0.10018369629442052,0.09986494471174137
2015-07-10,positive,0.03461869007733074,0.034441781341073605,-0.00017690873625713505,0.9001138477801269,0.9000983086680762
2015-07-10,negative,-0.009510997910769816,-0.010573359141434499,-0.001062361230664683,0.09980939990242317,0.10018355481727577
2015-07-13,positive,0.028393650587130847,0.029384225130646792,0.000990574543515945,0.9001544397463004,0.9000792811839322
2015-07-13,negative,-0.00919624585347593,-0.010147236811590556,-0.0009509909581146263,0.10020021141649049,0.10002748414376321
2015-07-14,positive,0.024841503314672532,0.02469427951175531,-0.0001472238029172207,0.8998865224202903,0.9001609010458569
2015-07-14,negative,-0.01181741102692013,-0.01312219717522134,-0.0013047861483012103,0.10012088749629504,0.09987085573950968
2015-07-15,positive,0.009261883596412503,0.009503109577638811,0.00024122598122630796,0.8998138083308564,0.9001889516368731
2015-07-15,negative,-0.036577607339856016,-0.036430740515175045,0.00014686682468097179,0.09993811303129378,0.10006369156299097
2015-07-16,positive,0.0241539783579721,0.026210638859693595,0.002056660501721496,0.8998038736287098,0.9001913428012583
2015-07-16,negative,-0.01764541379403061,-0.0196351519372752,-0.0019897381432445876,0.10021696147631602,0.09981397227655413
2015-07-17,positive,0.011931439458507543,0.012745532618093197,0.0008140931595856538,0.9000552568065376,0.9000010585595122
2015-07-17,negative,-0.029925898649393663,-0.030681349241083556,-0.0007554505916898928,0.10017931998136935,0.0998126349663378
2015-07-20,positive,0.011343635325241958,0.013568648736315247,0.0022250134110732896,0.8997075644187431,0.9002859511863255
2015-07-20,negative,-0.038575004817051325,-0.0394398378910612,-0.000864833074009877,0.10015264903478187,0.09986818607024407
2015-07-21,positive,0.020182472090783315,0.0213953134188396,0.0012128413280562862,0.9000362055707452,0.8999711637047165
2015-07-21,negative,-0.0221706632021542,-0.025530287906523452,-0.0033596247043692525,0.09999145591250855,0.1000234962406015
2015-07-22,positive,0.019189744194642033,0.020123438744807577,0.0009336945501655439,0.9000104714279609,0.8999946574347139
2015-07-22,negative,-0.02995195522065029,-0.030539280520446514,-0.0005873252997962257,0.10028550668889173,0.09975637902295166
2015-07-23,positive,0.02012912028751451,0.021432658829455078,0.0013035385419405687,0.9000222984562607,0.9000471698113206
2015-07-23,negative,-0.03183323382360723,-0.033090777947484176,-0.0012575441238769497,0.10004502572898796,0.1000503859348199
2015-07-24,positive,0.012551457499926857,0.015445146549479122,0.0028936890495522647,0.9000358964467875,0.8999903561784748
2015-07-24,negative,-0.04072411620434978,-0.04149225231821006,-0.0007681361138602849,0.09987655908447989,0.1001082251082251
2015-07-27,positive,0.012148727437212575,0.013230775078410733,0.001082047641198158,0.8996013342485736,0.9003786091209406
2015-07-27,negative,-0.037391427546429816,-0.03911709268470528,-0.0017256651382754618,0.0999841263031447,0.09999506628340984
2015-07-28,positive,0.04025153380414549,0.039971418293140146,-0.0002801155110053466,0.899898714242568,0.9000442248781118
2015-07-28,negative,-0.008776417688875928,-0.009297266980363083,-0.0005208492914871542,0.10017754670578591,0.09991155024377615
2015-07-29,positive,0.03834875247332185,0.04015798927370638,0.0018092368003845352,0.8997261266326442,0.9000032436640429
2015-07-29,negative,-0.013069571471417175,-0.015607988299816347,-0.002538416828399172,0.10024619410085633,0.10004865496064355
2015-07-30,positive,0.02580635379394348,0.02988712037431022,0.00408076658036674,0.899726469182991,0.9003190287972898
2015-07-30,negative,-0.02934401583420886,-0.029546258223746867,-0.0002022423895380078,0.099927138079312,0.1000208487165009
2015-07-31,positive,0.029886889256659877,0.03135684777450726,0.00146995851784738,0.8997352659319597,0.9002872762120486
2015-07-31,negative,-0.02586888776602269,-0.027365606854294622,-0.001496719088271932,0.09998322951605175,0.09999128806028663
2015-08-03,positive,0.014130590220134468,0.015022315806309954,0.0008917255861754861,0.9001036701620592,0.9001787416587224
2015-08-03,negative,-0.039571007648814376,-0.04214222054393772,-0.0025712128951233468,0.10008817921830315,0.09966591559060577
2015-08-04,positive,0.02125546805151937,0.02247928843440591,0.001223820382886539,0.8997033128622093,0.9000259493123431
2015-08-04,negative,-0.027665006901925075,-0.031867424522015186,-0.004202417620090111,0.10020813510941959,0.10008325404376786
2015-08-05,positive,0.025787537212330337,0.02941665604619147,0.0036291188338611335,0.8999189704480457,0.9003466504896439
2015-08-05,negative,-0.03793191615418605,-0.0406516800135671,-0.0027197638593810525,0.09999404194470925,0.09974759511222811
2015-08-06,positive,0.03876211825396512,0.037013400234383424,-0.0017487180195816937,0.8996610921206353,0.899962139241054
2015-08-06,negative,-0.03889294630148601,-0.04285801040315551,-0.0039650641016695035,0.10013683960019037,0.10023906364934446
2015-08-07,positive,0.021808445235475215,0.024310622257020555,0.0025021770215453397,0.9000917978063899,0.9000986257424026
2015-08-07,negative,-0.03789261573188856,-0.04164937535019775,-0.003756759618309187,0.10036838340486409,0.09949950145229117
2015-08-10,positive,0.05642506151055582,0.05951523273192727,0.0030901712213714516,0.8993620794048957,0.9003351786177667
2015-08-10,negative,-0.009322854681704766,-0.009617276185781704,-0.00029442150407693775,0.10040378211227403,0.10013380114176976
2015-08-11,positive,0.01566268856900613,0.01850356120087223,0.002840872631866099,0.8998227878211227,0.8999145835135367
2015-08-11,negative,-0.03988706173354388,-0.04166162804625338,-0.0017745663127095024,0.09987749762131304,0.10038383357841019
2015-08-12,positive,0.03148068067576314,0.0354454713725725,0.003964790696809363,0.899831294948538,0.9001776409284699
2015-08-12,negative,-0.02416707208526888,-0.02470527931773206,-0.0005382072324631795,0.10013942121355668,0.09987403643253952
2015-08-13,positive,0.01812035029535674,0.017177526564627402,-0.000942823730729337,0.9000108840898313,0.8999892236734344
2015-08-13,negative,-0.034812447661766666,-0.03591618401664039,-0.0011037363548737217,0.10017619293935084,0.09985883012198801
2015-08-14,positive,0.02497028931607175,0.02525589076077784,0.0002856014447060913,0.9001912062357349,0.8998471211403472
2015-08-14,negative,-0.016216476406802124,-0.016662304636569456,-0.00044582822976733244,0.10008957409241637,0.09992033073511045
2015-08-17,positive,0.02513591931465243,0.024967041110914783,-0.0001688782037376456,0.8999442620117527,0.8999827169028689
2015-08-17,negative,-0.014763447369404293,-0.015290676358860156,-0.0005272289894558638,0.09981820342205323,0.10025600587625301
2015-08-18,positive,0.01272601339771467,0.013969497014751484,0.001243483617036814,0.8999213161659512,0.9002536090518923
2015-08-18,negative,-0.027472867752148977,-0.030278815370090688,-0.0028059476179417113,0.10014295313651536,0.09975159318506958
2015-08-19,positive,0.008694424887844943,0.011268344165690367,0.0025739192778454247,0.9000881602042444,0.9002775722761361
2015-08-19,negative,-0.03764312293045029,-0.04107160271574542,-0.0034284797852951326,0.09993058879846817,0.10008725357935506
2015-08-20,positive,0.003983400708180243,0.004813951760548717,0.0008305510523684738,0.9001628059440561,0.8999645979020979
2015-08-20,negative,-0.04825362386821021,-0.05070156203549159,-0.00244793816728138,0.10013822115384616,0.09996077360139861
2015-08-21,positive,0.004728616360949596,0.004804172726566689,7.555636561709309e-05,0.900167027590632,0.9000740230654813
2015-08-21,negative,-0.04622612347988489,-0.04638118637555308,-0.00015506289566818987,0.09968348061947677,0.10036890804094847
2015-08-24,positive,-0.011268490386357275,-0.009612253669201511,0.0016562367171557638,0.8999856878098951,0.90013051989637
2015-08-24,negative,-0.07111097799337956,-0.07251363171609525,-0.0014026537227156827,0.10009726224783862,0.09990426600296919
2015-08-25,positive,0.02628427642155299,0.026029996565488666,-0.0002542798560643232,0.9001159177820266,0.9000104293412134
2015-08-25,negative,-0.03597211039772891,-0.036832471154428593,-0.0008603607566996865,0.10005975143403442,0.09989179558491222
2015-08-26,positive,0.05092422856816209,0.05265866332266963,0.0017344347545075398,0.8997845859262806,0.9001986596457634
2015-08-26,negative,-0.007117138263501034,-0.00793329410115531,-0.0008161558376542765,0.10010770703685974,0.09992797771878673
2015-08-27,positive,0.07400399915548347,0.07505777031622718,0.001053771160743705,0.9000667302192564,0.9002123234249069
2015-08-27,negative,-0.0018149421390700686,-0.0021819842467698898,-0.0003670421076998212,0.10014765501419458,0.09988471549899099
2015-08-28,positive,0.043676274646429036,0.04417815584935335,0.0005018812029243119,0.8999734524734524,0.8999784166450834
2015-08-28,negative,-0.011943176228548536,-0.013576755002888217,-0.001633578774339681,0.0999022274022274,0.10015755849089183
2015-08-31,positive,0.02907968322083982,0.030420890852754446,0.0013412076319146253,0.8999089617768593,0.9000688705234161
2015-08-31,negative,-0.024431613249640598,-0.025251973305960334,-0.0008203600563197362,0.10024965564738293,0.09981921487603305
2015-09-01,positive,0.009452708341474226,-0.0025198150357824823,-0.011972523377256709,0.8997295324798891,0.8997715919903122
2015-09-01,negative,-0.05234498064912334,-0.05372089818036805,-0.0013759175312447122,0.10024976213130352,0.10004541129660065
2015-09-02,positive,0.032832389807351495,0.033594053497821776,0.0007616636904702809,0.9000197769420308,0.8998238447239875
2015-09-02,negative,-0.011146493543897431,-0.012117867570827183,-0.0009713740269297524,0.09978364241559677,0.10010526088272165
2015-09-03,positive,0.024107724296043347,0.027110487365535292,0.0030027630694919455,0.899562853931613,0.9002874681191372
2015-09-03,negative,-0.015552621322946974,-0.01577784667924733,-0.0002252253563003563,0.10002139800285306,0.10016210608222018
2015-09-04,positive,0.007532805208745335,0.0076352901282992994,0.00010248491955396413,0.9001161267270129,0.9000311295422063
2015-09-04,negative,-0.03273702263224114,-0.03437801534098371,-0.0016409927087425724,0.09989518818484992,0.09975486162241762
2015-09-08,positive,0.04461214374552847,0.04672550028849195,0.0021133565429634765,0.8998593228421555,0.9003099666189793
2015-09-08,negative,-0.007625035371304526,-0.007470600003670444,0.00015443536763408167,0.09979505353968873,0.0999308536003815
2015-09-09,positive,0.008460505166290712,0.009580422142155052,0.0011199169758643393,0.9002790071770337,0.900324041143208
2015-09-09,negative,-0.03421409955308487,-0.0361832821277928,-0.001969182574707934,0.10017942583732058,0.0998755980861244
2015-09-10,positive,0.021215976565682325,0.02321748340792899,0.002001506842246665,0.9000861244019142,0.8999421487603305
2015-09-10,negative,-0.01843161891032049,-0.020107197547029058,-0.0016755786367085683,0.10026315789473683,0.0998005654632449
2015-09-11,positive,0.022488870824008866,0.02350649658645728,0.0010176257624484146,0.9001473406804024,0.8999034063684281
2015-09-11,negative,-0.02761190263465869,-0.027970965156844958,-0.0003590625221862667,0.1002371825586967,0.09975661018425754
2015-09-14,positive,0.013276372003648557,0.014825876790916992,0.0015495047872684346,0.9001937799043063,0.8998408003479774
2015-09-14,negative,-0.026689268110929726,-0.027411170434076378,-0.0007219023231466518,0.10007894736842105,0.0999778164419313
2015-09-15,positive,0.03054784725961001,0.031438832795693324,0.0008909855360833135,0.8999748563218389,0.900074233716475
2015-09-15,negative,-0.009185691488769191,-0.00929091225835978,-0.00010522076959058879,0.09969867496807153,0.09993033786137233
2015-09-16,positive,0.04486014589118921,0.045451212923446296,0.0005910670322570866,0.8998233890214797,0.9001605554350183
2015-09-16,negative,-0.007845247802342525,-0.008125347344345201,-0.00028009954200267605,0.10024122059324925,0.09998318507268388
2015-09-17,positive,0.025186874580403935,0.02554641576580522,0.000359541185401286,0.8998852223816357,0.9001252119473067
2015-09-17,negative,-0.019881301135887493,-0.02084346337648351,-0.0009621622405960178,0.1001482544237207,0.09985957132298597
2015-09-18,positive,0.012536250837690924,0.014951037861242295,0.0024147870235513708,0.8998170731707319,0.9001878179209599
2015-09-18,negative,-0.04501325318292625,-0.045038395247949656,-2.51420650234091e-05,0.09994858919177427,0.10004151993391593
2015-09-21,positive,0.02156053423138721,0.022663223445206986,0.0011026892138197748,0.8998436007640878,0.9002096900234434
2015-09-21,negative,-0.024405120595124247,-0.027052969053489306,-0.002647848458365059,0.10028533906399237,0.09968741859859338
2015-09-22,positive,0.0037914402615524074,0.003974475974607628,0.00018303571305522057,0.9001405558222648,0.9000335144532217
2015-09-22,negative,-0.04055142106358417,-0.04035537433366415,0.0001960467299200186,0.09991958713394143,0.10003098677606599
2015-09-23,positive,0.013906792463496387,0.015622961502377047,0.0017161690388806609,0.8998975409836067,0.9001034452529149
2015-09-23,negative,-0.03943002033917118,-0.03990269460234348,-0.0004726742631723027,0.10021576663452267,0.09979168493030596
2015-09-24,positive,0.023029224296171137,0.02423526166980608,0.0012060373736349425,0.8998631298449611,0.9001639578928822
2015-09-24,negative,-0.02460531694477107,-0.025325329583473832,-0.0007200126387027633,0.1003112887596899,0.09970908210007048
2015-09-25,positive,0.016353777876799574,0.018205783344275007,0.0018520054674754337,0.8999208860759493,0.9000499026290164
2015-09-25,negative,-0.036317464358377585,-0.03800496714876557,-0.0016875027903879847,0.10011684518013633,0.09992675046472514
2015-09-28,positive,-0.0020083283045327634,-0.0008424797764031482,0.0011658485281296153,0.8999693477194702,0.9000360024967676
2015-09-28,negative,-0.06724111253290029,-0.0673120787487159,-7.096621581562101e-05,0.09995708680725847,0.10006364528066343
2015-09-29,positive,0.0215253230261072,0.021600555239911404,7.523221380420497e-05,0.90007118311242,0.899925023430178
2015-09-29,negative,-0.04123911021749385,-0.041680824328153065,-0.00044171411065921373,0.10014972999509084,0.09988307225420628
2015-09-30,positive,0.051903796012099934,0.05197496799684662,7.117198474668879e-05,0.8999815815324166,0.9000111627076264
2015-09-30,negative,-0.009170945568592933,-0.01026417529610035,-0.0010932297275074165,0.09988988609077018,0.1000353237681332
2015-10-01,positive,0.03413557233532122,0.02885778479161034,-0.0052777875437108775,0.8999386352479137,0.9000534431204537
2015-10-01,negative,-0.026038828872611976,-0.02723882354593955,-0.0011999946733275736,0.10010800196367209,0.09992703173115544
2015-10-02,positive,0.05973063831244905,0.06188321945853935,0.0021525811460903,0.900031815956926,0.8999325857695901
2015-10-02,negative,-0.008923702387749005,-0.010307310450203017,-0.0013836080624540122,0.10011932837924027,0.10002959106483336
2015-10-05,positive,0.06166951466540728,0.0625549431436525,0.0008854284782452149,0.8999975621647976,0.8998921811976419
2015-10-05,negative,-0.00010585931804452586,-0.0006902887519634104,-0.0005844294339188846,0.10025353486104338,0.09990315145605248
2015-10-06,positive,0.04073374615464863,0.04368723576576293,0.0029534896111143016,0.9000145419292294,0.8999724584673687
2015-10-06,negative,-0.02529701726687595,-0.026358784528241676,-0.0010617672613657259,0.1000363548230732,0.09996452650597101
2015-10-07,positive,0.04049922317720893,0.04115139473333408,0.0006521715561251529,0.8999987905176585,0.8999131371772879
2015-10-07,negative,-0.00958760444655513,-0.01214479069066274,-0.0025571862441076103,0.10041152636671506,0.10029398829065865
2015-10-08,positive,0.03937201758461508,0.04066655817766765,0.0012945405930525691,0.8999315561959655,0.900086018688324
2015-10-08,negative,-0.01039443088578285,-0.010561472048427866,-0.00016704116264501696,0.09962295869356388,0.09974117980962362
2015-10-09,positive,0.02568324384837617,0.026667098402985943,0.000983854554609774,0.90011396353167,0.8999197347757809
2015-10-09,negative,-0.020004172002484773,-0.02021185333228086,-0.0002076813297960875,0.10011036468330134,0.09990424882219506
2015-10-12,positive,0.017886379361004734,0.0187427161661755,0.0008563368051707661,0.9001055155875299,0.8998973185088293
2015-10-12,negative,-0.03620793623489949,-0.03743038771720174,-0.0012224514823022462,0.100121103117506,0.09990789186832352
2015-10-13,positive,0.007967463294592974,0.010289614491969176,0.002322151197376202,0.8995809248554913,0.8999176510407543
2015-10-13,negative,-0.03269892285008693,-0.03300869011538325,-0.0003097672652963221,0.10028901734104045,0.09975849535820636
2015-10-14,positive,0.023845347700838446,0.023979968592320565,0.00013462089148211925,0.9000330459141243,0.899916619249792
2015-10-14,negative,-0.02744650399423537,-0.02868309523025244,-0.0012365912360170692,0.10014805007221957,0.09989024817262662
2015-10-15,positive,0.04034461144649268,0.03973598293245854,-0.0006086285140341416,0.9001613680154141,0.8998556008057454
2015-10-15,negative,-0.007571869829830898,-0.009666830072427546,-0.0020949602425966484,0.10045147490595467,0.09997447639066136
2015-10-16,positive,0.021435159159312194,0.021572389180372385,0.0001372300210601904,0.9000422093584179,0.8999844318729991
2015-10-16,negative,-0.025355968587285227,-0.026957180207969278,-0.001601211620684051,0.0999831162566329,0.10001030566153576
2015-10-19,positive,0.0191450475392414,0.02407124568037535,0.0049261981411339514,0.9,0.9000013245617907
2015-10-19,negative,-0.030205369168186984,-0.030481855219968303,-0.0002764860517813182,0.10005342399222925,0.09997097002075145
2015-10-20,positive,0.026685945201862377,0.02854333365038273,0.0018573884485203543,0.9001454898157129,0.8998860329776915
2015-10-20,negative,-0.020166102719592485,-0.021997830494698216,-0.0018317277751057313,0.099938166828322,0.10005136231372895
2015-10-21,positive,0.006878769207497427,0.008652999556882451,0.0017742303493850243,0.8994516050583655,0.8999407499115671
2015-10-21,negative,-0.04053245592606038,-0.042770587057562245,-0.0022381311315018623,0.10002675097276266,0.09998319773611603
2015-10-22,positive,0.03837307303683945,0.039446316979153094,0.0010732439423136453,0.8996513317191285,0.9003218137794409
2015-10-22,negative,-0.02626172778634365,-0.030643224160886773,-0.004381496374543124,0.1001004842615012,0.09993440457847239
2015-10-23,positive,0.03473601709782346,0.03627472003004672,0.0015387029322232598,0.900183074684772,0.8998731372894808
2015-10-23,negative,-0.02594523116293926,-0.03072137288691317,-0.004776141723973913,0.100143064985451,0.09986817740939952
2015-10-26,positive,0.017200144760255155,0.019990109205412117,0.0027899644451569623,0.8999030067895248,0.9001128648267349
2015-10-26,negative,-0.03821693956144885,-0.03972450150591984,-0.001507561944470992,0.09989330746847722,0.1000879552067719
2015-10-27,positive,0.012410418688674528,0.014693221391123354,0.0022828027024488252,0.8996824817518249,0.900295509842955
2015-10-27,negative,-0.04690289293525268,-0.04968107764897315,-0.0027781847137204677,0.09987104622871047,0.10013127626631277
2015-10-28,positive,0.056649647069342855,0.057707526413446356,0.0010578793441035003,0.8999344023323614,0.9000640515946638
2015-10-28,negative,-0.010027538101076072,-0.011557948809322758,-0.0015304107082466864,0.10039196631033367,0.10017585199664283
2015-10-29,positive,0.024418293711765522,0.027610592745169048,0.0031922990334035256,0.8997914634146342,0.9004155210643014
2015-10-29,negative,-0.03815882722949556,-0.04203334587203272,-0.003874518642537156,0.1002390243902439,0.09999866962305987
2015-10-30,positive,0.029987044503357256,0.031122849019788366,0.0011358045164311104,0.8999647201946471,0.9000327361203274
2015-10-30,negative,-0.02648602581228408,-0.028752556050160565,-0.002266530237876485,0.10025669099756691,0.09978500331785004
2015-11-02,positive,0.04420264014653284,0.046654051874026874,0.002451411727494031,0.8997353084021371,0.9002353304781667
2015-11-02,negative,-0.008957671159170148,-0.010924986492417287,-0.001967315333247139,0.10031140423442512,0.10001684085705456
2015-11-03,positive,0.042450675068271784,0.045833657219892805,0.003382982151621021,0.8998356694055099,0.900156201942089
2015-11-03,negative,-0.021644288814545158,-0.024311183651759674,-0.002666894837214516,0.10003383276945385,0.09998066698888353
2015-11-04,positive,0.02131688455386191,0.023616106282536034,0.002299221728674125,0.8998395270270269,0.9002156458406458
2015-11-04,negative,-0.033041103914113405,-0.035113929652761326,-0.002072825738647921,0.10000844594594596,0.0999434011934012
2015-11-05,positive,0.02806104202264963,0.028526210299746623,0.0004651682770969931,0.9001309408341417,0.899897495811657
2015-11-05,negative,-0.03660148232391636,-0.0416474137047393,-0.005045931380822946,0.10016246362754608,0.09983797725068336
2015-11-06,positive,0.03496253904552495,0.03753127454014933,0.0025687354946243787,0.8997609223300971,0.9003016328331863
2015-11-06,negative,-0.03588561842264077,-0.04077258968093208,-0.004886971258291309,0.1000995145631068,0.09999426301853487
2015-11-09,positive,0.010538371779566172,0.012396203905675668,0.0018578321261094963,0.9000472834204631,0.9002486124312579
2015-11-09,negative,-0.03727920311345568,-0.03926951918738868,-0.0019903160739329975,0.09991383495145631,0.10016030450132392
2015-11-10,positive,0.021963738401043487,0.02348789291339016,0.0015241545123466718,0.8998631298449613,0.9001550387596898
2015-11-10,negative,-0.027798517965066123,-0.030913934854270214,-0.0031154168892040916,0.10035004844961241,0.0996571088794926
2015-11-11,positive,0.015473687441970734,0.017944417305147887,0.0024707298631771527,0.9000676982591876,0.8999371373307543
2015-11-11,negative,-0.03940941219503458,-0.04295788444206821,-0.0035484722470336336,0.10001571566731142,0.10001109987691226
2015-11-12,positive,0.006725679867562784,0.0066886738517969975,-3.7006015765786264e-05,0.8999623420796891,0.9000371057513915
2015-11-12,negative,-0.043994978199194165,-0.04477617443641157,-0.0007811962372174033,0.0999550534499514,0.10007156109196924
2015-11-13,positive,0.02232214622229548,0.022675265945711686,0.0003531197234162044,0.8998012603005332,0.9002417044903716
2015-11-13,negative,-0.0354105654872547,-0.0371016171165792,-0.0016910516293245012,0.10026296655356277,0.09974320274974662
2015-11-16,positive,0.03863398733642583,0.038241961087903176,-0.0003920262485226575,0.9002371732817039,0.899875913051131
2015-11-16,negative,-0.010553265697343366,-0.011181158545229794,-0.0006278928478864274,0.10022144240077444,0.09976062659508933
2015-11-17,positive,0.017626535630257168,0.017689490848226252,6.295521796908371e-05,0.9000666505089674,0.8999151720794958
2015-11-17,negative,-0.034131210287232414,-0.03809209379573467,-0.0039608835085022595,0.1001987396994668,0.09981271757810779
2015-11-18,positive,0.03831812911601519,0.03882676700030061,0.000508637884285422,0.8999922196896641,0.8999769878144999
2015-11-18,negative,-0.007586410227068306,-0.008470991807446863,-0.0008845815803785574,0.09993691738990677,0.0997237911558066
2015-11-19,positive,0.02072212080895662,0.020596843704068602,-0.00012527710488801844,0.8998854317414378,0.9001267377099504
2015-11-19,negative,-0.030649482915907845,-0.03230758507822975,-0.001658102162321904,0.10018330921369996,0.0998381791869491
2015-11-20,positive,0.02641415035433149,0.028055796082290023,0.0016416457279585343,0.9000690741638392,0.8999601198607501
2015-11-20,negative,-0.02309369341963907,-0.026590447624070424,-0.003496754204431355,0.09995273873000485,0.10003999030538051
2015-11-23,positive,0.024483760079937078,0.026105966160014493,0.0016222060800774145,0.9000229912875122,0.9000754642259967
2015-11-23,negative,-0.022006138945190747,-0.02293035775947681,-0.0009242188142860631,0.09999394966118103,0.0999290460265775
2015-11-24,positive,0.03752530601403587,0.04046310286284736,0.002937796848811486,0.8998123486682807,0.9001768655073741
2015-11-24,negative,-0.012936359710847889,-0.014002855012715087,-0.0010664953018671985,0.10009322033898305,0.09994122826326216
2015-11-25,positive,0.025432432831152724,0.02643768273437777,0.0010052499032250466,0.9000351259689923,0.8999975775193798
2015-11-25,negative,-0.015378026456962412,-0.017044260334233976,-0.001666233877271564,0.10002059108527131,0.09998656624383369
2015-11-27,positive,0.016693228529003783,0.016674549540233993,-1.8678988769789406e-05,0.9002082318558207,0.8997780410042953
2015-11-27,negative,-0.02295071131826012,-0.02360604043046579,-0.0006553291122056715,0.10014612761811983,0.09990169596599212
2015-11-30,positive,0.02665752574703879,0.02518256713114176,-0.0014749586158970297,0.8999877810361679,0.9000596507597974
2015-11-30,negative,-0.022877057832018013,-0.025154042512631446,-0.002276984680613433,0.09972629521016618,0.10024215764684974
2015-12-01,positive,0.025616421439426884,0.026782251933580536,0.0011658304941536517,0.8998533007334963,0.9001400311180262
2015-12-01,negative,-0.017627236402974474,-0.020369199664416717,-0.002741963261442243,0.10030195599022004,0.09973038452989554
2015-12-02,positive,0.009844520278624935,0.012241158428442794,0.002396638149817859,0.8997141923893517,0.8998791070924831
2015-12-02,negative,-0.03916201240483118,-0.03969244701052001,-0.0005304346056888287,0.09980156785889269,0.1001688120796401
2015-12-03,positive,0.007227180092748695,0.007999409464969286,0.0007722293722205913,0.8999466911764706,0.9002732719350366
2015-12-03,negative,-0.03762450877778886,-0.0394004471524514,-0.0017759383746625348,0.10015931372549018,0.09994139928698753
2015-12-04,positive,0.0302932033103167,0.03126685899074888,0.0009736556804321797,0.8999436274509802,0.9001261140819963
2015-12-04,negative,-0.03253582567016734,-0.035579180044430794,-0.0030433543742634517,0.1005343137254902,0.09957330659536542
2015-12-07,positive,0.009148560057305221,0.008836892057365976,-0.00031166799993924584,0.8998508827460083,0.899732927502499
2015-12-07,negative,-0.06285891609212113,-0.06255476209866924,0.00030415399345189165,0.10014032496307239,0.09986191307461617
2015-12-08,positive,0.019469295376009145,0.02115499853414825,0.0016857031581391062,0.8998558403154263,0.9001347506608719
2015-12-08,negative,-0.03323931982570275,-0.03401941997203252,-0.0007801001463297666,0.09990758994578611,0.10010842779694432
2015-12-09,positive,0.03595445833291694,0.03614011606788379,0.00018565773496685006,0.8998250369640217,0.9001660020610242
2015-12-09,negative,-0.026771929439743675,-0.027053387149449125,-0.0002814577097054495,0.10014169541646131,0.09988675567901788
2015-12-10,positive,0.02584280943118223,0.030434264391447568,0.004591454960265338,0.899970457902511,0.9000599794100534
2015-12-10,negative,-0.020809673373477406,-0.022950978173328713,-0.002141304799851307,0.10007262432299362,0.0999842218342957
2015-12-11,positive,0.0012635001955924427,0.002973223083909652,0.0017097228883172092,0.899756600660066,0.9001116486648663
2015-12-11,negative,-0.05778034642290699,-0.05906792157564904,-0.0012875751527420473,0.1000990099009901,0.0999986498649865
2015-12-14,positive,0.016349049939576192,0.016267773826051247,-8.127611352494457e-05,0.9000444883835886,0.8999795533186538
2015-12-14,negative,-0.047841217352621986,-0.04863011189525997,-0.0007888945426379815,0.10000370736529907,0.09999269761380487
2015-12-15,positive,0.04220751809280314,0.04286890650856405,0.0006613884157609107,0.9000798133595286,0.899922530809073
2015-12-15,negative,-0.013707411144002691,-0.014229335438449764,-0.0005219242944470726,0.10021570072036674,0.09996863279156991
2015-12-16,positive,0.04452790197483785,0.0458793665377624,0.0013514645629245509,0.9002623835213338,0.8997472022827588
2015-12-16,negative,-0.013426586485344547,-0.013956037631386729,-0.000529451146042182,0.10026115743011281,0.09977484506665478
2015-12-17,positive,0.013044557951867711,0.014378476232478976,0.001333918280611265,0.8999497302599313,0.9000974185206653
2015-12-17,negative,-0.04654444055326254,-0.05214357435812467,-0.0055991338048621275,0.10020475723393821,0.09982712113781265
2015-12-18,positive,0.024897457673609437,0.027741679400743763,0.002844221727134326,0.9000926829268291,0.9001263858093125
2015-12-18,negative,-0.03707763221018542,-0.040111667557863176,-0.003034035347677759,0.10010731707317073,0.10014124168514411
2015-12-21,positive,0.03160957363036241,0.03332763377419161,0.001718060143829199,0.9000217706821481,0.899885868848133
2015-12-21,negative,-0.0192043600455789,-0.019458164941058505,-0.00025380489547960697,0.10014513788098693,0.09997734969433082
2015-12-22,positive,0.044914989418270115,0.04711057961431949,0.0021955901960493754,0.8997929706307175,0.9001853635050553
2015-12-22,negative,-0.009290957374065687,-0.011147312277650825,-0.0018563549035851383,0.09955208834857968,0.0998895980679662
2015-12-23,positive,0.06566596516870529,0.06592089009679239,0.0002549249280870969,0.8998861998165216,0.9001692805032546
2015-12-23,negative,-0.0028979475156733357,-0.0032952109995590347,-0.000397263483885699,0.10000240269101393,0.10018501934287616
2015-12-24,positive,0.01694446470037112,0.017908172014288886,0.0009637073139177645,0.9000164516691361,0.8999409483134315
2015-12-24,negative,-0.01505618139828507,-0.015229771785125412,-0.00017359038684034225,0.10021692233940553,0.09981935849385515
2015-12-28,positive,0.010062005804752125,0.012067234519260518,0.002005228714508393,0.9001790865384616,0.899898492132867
2015-12-28,negative,-0.038750482842693605,-0.039417533944280984,-0.0006670511015873792,0.10002764423076922,0.10006577797202798
2015-12-29,positive,0.023268212252583857,0.025627561483509986,0.002359349230926129,0.8998695548109144,0.9001137995561164
2015-12-29,negative,-0.013426289371491915,-0.014293435378870022,-0.0008671460073781077,0.0999198180947822,0.1001038992123243
2015-12-30,positive,0.006793163859543339,0.00809637663605561,0.001303212776512271,0.8999435016995964,0.8999834929119108
2015-12-30,negative,-0.027638737731961467,-0.02785555660211378,-0.00021681887015231188,0.09991754302103249,0.10002498696332349
2015-12-31,positive,0.09241070983245411,0.027177737944708957,-0.06523297188774516,0.8998231357552584,0.9002298800625761
2015-12-31,negative,-0.02205801832557065,-0.022582873532087683,-0.0005248552065170338,0.10018642447418738,0.09978120111246307
2016-01-04,positive,0.01930020504816623,0.018931492741336094,-0.0003687123068301344,0.900105313547152,0.8999077418512555
2016-01-04,negative,-0.041481483013109145,-0.043102214005337355,-0.00162073099222821,0.09998531267679187,0.09998770616649985
2016-01-05,positive,0.0238169591540083,0.024500257315525787,0.0006832981615174857,0.899880611270296,0.9001786489537207
2016-01-05,negative,-0.029475741107590925,-0.032348947548814004,-0.0028732064412230786,0.10001432664756446,0.09994073977598332
2016-01-06,positive,0.010354556166527858,0.011437210358026962,0.0010826541914991036,0.8998004674326155,0.90016534882705
2016-01-06,negative,-0.05819519509759148,-0.05716495885328008,0.0010302362443114013,0.09987626141278232,0.10011969769778517
2016-01-07,positive,0.0046800561134809,0.005402569837024604,0.0007225137235437034,0.8999227691670955,0.9003915230110305
2016-01-07,negative,-0.05981010552956497,-0.06292815640257435,-0.0031180508730093773,0.1001086431675519,0.09989464904964664
2016-01-08,positive,0.014705255620225654,0.016724023230093636,0.002018767609867982,0.900199519230769,0.8998863636363638
2016-01-08,negative,-0.03839813819742931,-0.04287360820820354,-0.004475470010774231,0.10029206730769231,0.09982091346153847
2016-01-11,positive,0.022161771621075556,0.0198980226823387,-0.002263748938736855,0.900289435600579,0.8997605578213392
2016-01-11,negative,-0.047983611932924955,-0.048771706088303605,-0.0007880941553786505,0.10010371442354075,0.09989782046221989
2016-01-12,positive,0.023917665813779097,0.0261019943925505,0.0021843285787714016,0.8999662975445354,0.9000256051122685
2016-01-12,negative,-0.036279153737484464,-0.036798970430955674,-0.0005198166934712103,0.10000962927298991,0.0999996717293299
2016-01-13,positive,0.001325212629094975,0.0015887253031588917,0.0002635126740639167,0.8999951783992286,0.900070351538529
2016-01-13,negative,-0.0688171947773934,-0.06983958516704307,-0.0010223903896496717,0.1000638862102218,0.09994170246339966
2016-01-14,positive,0.05467695955063344,0.058405437276630334,0.0037284777259968954,0.9000950890707751,0.8999161815555654
2016-01-14,negative,-0.01732089246312226,-0.01713941493630145,0.00018147752682080853,0.09992176215695714,0.10009552676500197
2016-01-15,positive,0.006588742468605796,0.0072548853068248546,0.0006661428382190582,0.9000530888030888,0.8999763074763075
2016-01-15,negative,-0.05597328054356099,-0.057586746654939125,-0.0016134661113781368,0.09990588803088803,0.10008555633555634
2016-01-19,positive,0.01927624497717839,0.0208058634949888,0.001529618517810409,0.8999612215220552,0.9000550830652625
2016-01-19,negative,-0.06004253046043399,-0.062095088637852104,-0.002052558177418111,0.10030901599612216,0.09975983783545586
2016-01-20,positive,0.03129096229436937,0.02949917792461248,-0.0017917843697568894,0.8999696896217264,0.9000471739705492
2016-01-20,negative,-0.048784288775665624,-0.04889960517263651,-0.00011531639697088397,0.09986420950533464,0.1001713914116921
2016-01-21,positive,0.05761293414164002,0.06011037835405205,0.002497444212412034,0.8998348712967459,0.9001501170029582
2016-01-21,negative,-0.020734747843641436,-0.023209027320955714,-0.0024742794773142777,0.10004856726566294,0.09997306724358691
2016-01-22,positive,0.07097446344214617,0.07200010393961374,0.0010256404974675754,0.9001172630560929,0.8998947160189907
2016-01-22,negative,-0.0012790298802292364,-0.0024869967892785895,-0.0012079669090493531,0.10016329884922728,0.0997744856690698
2016-01-25,positive,0.005623878023281527,0.008359529842551927,0.0027356518192704,0.8999878286270692,0.8999759892006729
2016-01-25,negative,-0.060188615082512074,-0.0644146056886398,-0.004225990606127723,0.10028724440116846,0.09975701513676197
2016-01-26,positive,0.060779837135113625,0.06734850537619395,0.006568668241080329,0.8999854156538649,0.9000662924824325
2016-01-26,negative,-0.004871143692501365,-0.004900227315916119,-2.9083623414753908e-05,0.09997731323934532,0.09985328491526838
2016-01-27,positive,0.01974522267223529,0.019862107699208403,0.00011688502697311184,0.8999274310595066,0.8999692131767603
2016-01-27,negative,-0.038464011421730324,-0.04049450654424009,-0.0020304951225097664,0.10029632317368167,0.09983254167216432
2016-01-28,positive,0.04346093416660152,0.04494292814716394,0.0014819939805624238,0.8998255813953489,0.9001790433403805
2016-01-28,negative,-0.031141274134443713,-0.03386923870480998,-0.002727964570366264,0.10012596899224808,0.09992644467935166
2016-01-29,positive,0.062466994999040584,0.06976193480007996,0.007294939801039374,0.8999551188743327,0.9000684795553792
2016-01-29,negative,-0.0007055612245816654,-0.002520051265510575,-0.0018144900409289098,0.10011038330907326,0.09988641877288164
2016-02-01,positive,0.02365320186748516,0.027418913098147597,0.0037657112306624385,0.8996572678658241,0.9003840544482259
2016-02-01,negative,-0.03438873597772717,-0.03490653840475675,-0.0005178024270295831,0.09994287797763733,0.1000244177310293
2016-02-02,positive,0.006642694410404143,0.008525068011300135,0.0018823736008959915,0.9001914447804857,0.8997905177014767
2016-02-02,negative,-0.059214731924001174,-0.06032082183212092,-0.0011060899081197437,0.10016878669275928,0.09984277708592777
2016-02-03,positive,0.06893688356797559,0.052027797026506874,-0.016909086541468714,0.9,0.9001408669417457
2016-02-03,negative,-0.02377281924941123,-0.02658213833915621,-0.00280931908974498,0.1001488530990727,0.09972736146235414
2016-02-04,positive,0.05391308037486288,0.05634972586908059,0.0024366454942177096,0.9000146341463413,0.9002036585365853
2016-02-04,negative,-0.024386773479057336,-0.02620534402444335,-0.0018185705453860126,0.1001280487804878,0.10011485587583147
2016-02-05,positive,0.011685426489192966,0.012610260607750176,0.0009248341185572103,0.8997890088321885,0.9002522526541172
2016-02-05,negative,-0.06197445587449352,-0.06658105667993165,-0.004606600805438135,0.10002453385672228,0.10000579891158892
2016-02-08,positive,0.014268343666536478,0.014891368078567571,0.0006230244120310931,0.9000467749876908,0.8999753815854261
2016-02-08,negative,-0.07510530855716031,-0.07736404630527614,-0.00225873774811583,0.09988183161004434,0.1001049639675932
2016-02-09,positive,0.021272996345053544,0.023626467152632315,0.002353470807578771,0.8999518518518519,0.9000808080808079
2016-02-09,negative,-0.05458917646564443,-0.05564567302753204,-0.0010564965618876099,0.10024691358024691,0.09988518518518517
2016-02-10,positive,0.030146104062642766,0.030888596218092795,0.0007424921554500287,0.8997870232788507,0.9002048718987797
2016-02-10,negative,-0.03229868530778181,-0.03436194023313658,-0.0020632549253547725,0.09987122337790987,0.10015309108919808
2016-02-11,positive,0.017693947748051192,0.018750327601081196,0.001056379853030004,0.9001218596956383,0.9001210479450759
2016-02-11,negative,-0.05521323794940993,-0.05706553955267644,-0.0018523016032665068,0.10022931206380856,0.09984954228224417
2016-02-12,positive,0.06112848544806539,0.06347131625204872,0.0023428308039833284,0.899847014925373,0.900172433288105
2016-02-12,negative,-0.009870027634953088,-0.012098516338402893,-0.0022284887034498043,0.09994380370872909,0.09995359063269511
2016-02-16,positive,0.06418391849699148,0.06579617175725012,0.001612253260258642,0.9001638319159581,0.9002363681840919
2016-02-16,negative,-0.010024545554085803,-0.01205120568816485,-0.002026660134079048,0.0999876327052415,0.09969314202555823
2016-02-17,positive,0.06629307721543763,0.06656088767841914,0.00026781046298150757,0.900145812562313,0.8998056965467234
2016-02-17,negative,-0.008444522840818739,-0.010955863280424274,-0.002511340439605535,0.09992344395385273,0.09980237857855007
2016-02-18,positive,0.028373220469154366,0.03181339422373186,0.0034401737545774955,0.8998615960099752,0.9001259351620948
2016-02-18,negative,-0.034372483133251815,-0.035397158359708414,-0.0010246752264565992,0.1001845386533666,0.0998401722965314
2016-02-19,positive,0.022984637391712175,0.02432397109747635,0.0013393337057641744,0.8997791198344796,0.9002692501258178
2016-02-19,negative,-0.03158412361389927,-0.03387738616426863,-0.0022932625503693585,0.10003494939327853,0.0999496728736789
2016-02-22,positive,0.05508459059778843,0.055010813047740505,-7.377755004792791e-05,0.9001681764804562,0.8998880221439356
2016-02-22,negative,-0.007551528707345235,-0.008770192564806219,-0.0012186638574609833,0.10029154783872954,0.10003872392775262
2016-02-23,positive,0.015369518040437938,0.016348489678150165,0.0009789716377122271,0.8997347271398863,0.9002592311583208
2016-02-23,negative,-0.04687285479446322,-0.048471948711402486,-0.0015990939169392634,0.10027848030124206,0.09974582701062217
2016-02-24,positive,0.03804719369345032,0.039315265183680594,0.0012680714902302756,0.8996974281391831,0.9003807362581947
2016-02-24,negative,-0.01658275001912028,-0.017336653254695227,-0.0007539032355749486,0.1000022412730431,0.09993444276348966
2016-02-25,positive,0.04276304203005761,0.045424643275646506,0.002661601245588896,0.8999216560152485,0.9001021695257316
2016-02-25,negative,-0.01757343710615087,-0.0236446460476024,-0.006071208941451529,0.1004899652427402,0.09951816347124118
2016-02-26,positive,0.047639419874745466,0.049683026631694244,0.002043606756948778,0.9000548540965205,0.90002398989899
2016-02-26,negative,-0.023139827774803133,-0.02607270282741724,-0.0029328750526141055,0.10020594837261505,0.09989646464646465
2016-02-29,positive,0.03565779010719511,0.037605084585462245,0.0019472944782671364,0.899816862088219,0.9001594335312928
2016-02-29,negative,-0.025528325585542532,-0.03152458318118271,-0.0059962575956401774,0.10018383584589614,0.09987562814070353
2016-03-01,positive,0.0466753283923425,0.04839289565703401,0.001717567264691508,0.8999543551088779,0.9000766331658292
2016-03-01,negative,-0.015318225702186758,-0.019513907476197984,-0.004195681774011226,0.09989032310514723,0.09985897896073774
2016-03-02,positive,0.05727065659929411,0.05976223756365018,0.0024915809643560674,0.8996216283716283,0.9000968349831986
2016-03-02,negative,-0.013163594069849039,-0.013631588778981468,-0.0004679947091324292,0.099995004995005,0.1003046953046953
2016-03-03,positive,0.05718456696204487,0.057470939784777596,0.0002863728227327292,0.9000323705179284,0.8999153386454184
2016-03-03,negative,-0.013338983729625008,-0.014790187052156836,-0.0014512033225318275,0.10014068725099604,0.09993559851503078
2016-03-04,positive,0.04541445501575371,0.04884278218433663,0.0034283271685829203,0.9,0.8999486185604184
2016-03-04,negative,-0.01980938463854183,-0.023976968161375744,-0.004167583522833914,0.10000991571641049,0.10005724072655157
2016-03-07,positive,0.05319729238547048,0.05796431631876899,0.00476702393329851,0.8999287118977385,0.899991061053008
2016-03-07,negative,-0.013528774093231527,-0.013913495008732782,-0.0003847209155012545,0.10019419862340218,0.09989742558326628
2016-03-08,positive,0.006093042270971161,0.007154303770224845,0.0010612614992536835,0.8997252475112802,0.9000220717865594
2016-03-08,negative,-0.06819437751644505,-0.07002804243325259,-0.0018336649168075314,0.10003219415552253,0.09999347111531362
2016-03-09,positive,0.03511180679361055,0.03708239234929055,0.001970585555679999,0.9000297176820208,0.8999714079877528
2016-03-09,negative,-0.01597800850981859,-0.01881000260698402,-0.002831994097165433,0.09998018821198615,0.10004547705885003
2016-03-10,positive,0.019735049957834865,0.021785576350771527,0.002050526392936663,0.8998397913561847,0.9001329991419411
2016-03-10,negative,-0.029510742825198732,-0.032442698475776174,-0.0029319556505774426,0.10052409339294585,0.09952874497583886
2016-03-11,positive,0.053444762715793084,0.053904612374584424,0.0004598496587913392,0.8995738354806739,0.9004178304351743
2016-03-11,negative,-0.006255336303827673,-0.008477510140242223,-0.0022221738364145496,0.10024551761419946,0.0999411358380635
2016-03-14,positive,0.01918706314133805,0.020839865521330006,0.0016528023799919564,0.8999929659053294,0.9000765098853482
2016-03-14,negative,-0.026855725859960745,-0.028191483562656727,-0.0013357577026959812,0.1000037239324727,0.09999334206012458
2016-03-15,positive,0.01114683432135007,0.010981123774889478,-0.00016571054646059152,0.8997814685314687,0.899941762782672
2016-03-15,negative,-0.04186011019942021,-0.045429997986656756,-0.0035698877872365475,0.10026723276723278,0.10003246753246756
2016-03-16,positive,0.047714724864646264,0.048719842694879376,0.0010051178302331112,0.8999253359880537,0.9000720620842573
2016-03-16,negative,-0.009891119186246989,-0.012942397332389954,-0.003051278146142965,0.09992284718765555,0.0997036064980316
2016-03-17,positive,0.04942372573982779,0.05061766980964962,0.0011939440698218312,0.8996658094131963,0.9002758043350377
2016-03-17,negative,-0.010501881044359649,-0.012321621629285436,-0.0018197405849257869,0.09994344892428517,0.09997645695380887
2016-03-18,positive,0.03183444682878457,0.032142157362021695,0.00030771053323712383,0.9001281732205075,0.8998758993619621
2016-03-18,negative,-0.022822377755891653,-0.024334945723989004,-0.0015125679680973517,0.10004853160776506,0.09997047377709398
2016-03-21,positive,0.021482353832507368,0.02202390097222388,0.0005415471397165125,0.9000666666666668,0.9000267115600449
2016-03-21,negative,-0.024707632919391827,-0.02538502491925268,-0.0006773919998608532,0.09992962962962963,0.10019292929292929
2016-03-22,positive,0.02051514365110383,0.022318678047450316,0.0018035343963464859,0.8998107372587828,0.9001984840987809
2016-03-22,negative,-0.02104250223922708,-0.02291713839450086,-0.001874636155273779,0.09985898070262246,0.10012977373937296
2016-03-23,positive,0.005995409870516897,0.006304846610476695,0.00030943673995979804,0.8999190405328799,0.8997898790197898
2016-03-23,negative,-0.056396095833457484,-0.05659184550034807,-0.00019574966689058643,0.09993551587301587,0.10008658008658008
2016-03-24,positive,0.024245271915397222,0.024585453737307944,0.00034018182191072194,0.8997640337804272,0.9002023212753466
2016-03-24,negative,-0.01724332599695784,-0.01844147447904808,-0.0011981484820902388,0.10038499751614507,0.09967032470758252
2016-03-28,positive,0.019604420106063447,0.019610855085921572,6.434979858124801e-06,0.8999042764793636,0.9001162922110215
2016-03-28,negative,-0.021825460352052163,-0.022153484821970257,-0.0003280244699180937,0.10008826454500248,0.09991218751412684
2016-03-29,positive,0.04332490098910047,0.04319230679020335,-0.00013259419889712076,0.9000422045680239,0.899993229213686
2016-03-29,negative,-0.005471574293716671,-0.009367995286479382,-0.0038964209927627117,0.09984415638151986,0.09990266994673648
2016-03-30,positive,0.02486018660665557,0.026213390790595575,0.0013532041839400058,0.9000303280948444,0.8999688698398376
2016-03-30,negative,-0.01623082722754525,-0.01679671521935893,-0.0005658879918136808,0.1000880893300248,0.0999425896683961
2016-03-31,positive,0.02650276784245063,0.027651535132971927,0.0011487672905212964,0.9000086848635236,0.8999935709451838
2016-03-31,negative,-0.01813190063247205,-0.018419610080284202,-0.0002877094478121525,0.10005086848635236,0.09997236634333409
2016-04-01,positive,0.021889086817015846,0.02274664123047221,0.0008575544134563629,0.8999106256206554,0.9001063013451296
2016-04-01,negative,-0.03011473691348967,-0.031076933775470234,-0.0009621968619805653,0.1000819265143992,0.09991649363546086
2016-04-04,positive,0.010520310424610223,0.01240409170869181,0.0018837812840815874,0.9000734927752866,0.8998771345744441
2016-04-04,negative,-0.03376629233922056,-0.036223766466718335,-0.0024574741274977774,0.10008691800919005,0.09993239570593832
2016-04-05,positive,0.010946281328263932,0.012805602971429991,0.0018593216431660592,0.8994955044955045,0.9002240940877304
2016-04-05,negative,-0.03166375160732675,-0.031867184687636115,-0.0002034330803093662,0.09996753246753247,0.10033216783216783
2016-04-06,positive,0.037429559410324435,0.03839264983732353,0.0009630904269990956,0.9001764264264265,0.9001238738738738
2016-04-06,negative,-0.008781858315420561,-0.010255842812142323,-0.001473984496721762,0.10000194639083529,0.09973223223223224
2016-04-07,positive,0.009783556345246112,0.009644535519043079,-0.0001390208262030332,0.8996363495247646,0.900037672541434
2016-04-07,negative,-0.03572876928934595,-0.0356456022025689,8.316708677705287e-05,0.10020784575950073,0.09974674022066198
2016-04-08,positive,0.03688787514103856,0.03900939026092903,0.00212151511989047,0.9000575575575576,0.9002427427427427
2016-04-08,negative,-0.01155787738713818,-0.014544667449366755,-0.0029867900622285743,0.09988933377822266,0.0998867048867049
2016-04-11,positive,0.026594791785762833,0.027425696006460658,0.000830904220697825,0.9001226226226224,0.9001776776776778
2016-04-11,negative,-0.018609887462207392,-0.02005390422829712,-0.0014440167660897292,0.10016794572350127,0.09956456456456457
2016-04-12,positive,0.04796300457025371,0.050705445370395716,0.002742440800142007,0.8996984047856433,0.9002358832593128
2016-04-12,negative,-0.006809930272680185,-0.007798397021825806,-0.0009884667491456209,0.09978730475240943,0.09978969341974078
2016-04-13,positive,0.04748415615780538,0.04854469815164765,0.0010605419938422705,0.8999427860696517,0.9000771144278608
2016-04-13,negative,-0.011898103257917344,-0.012003843241631975,-0.00010573998371463111,0.09995398009950249,0.10009554500226144
2016-04-14,positive,0.01576431695412272,0.01937503337858714,0.003610716424464422,0.8996393034825869,0.9003772048846675
2016-04-14,negative,-0.023617002941206326,-0.02488994301588828,-0.0012729400746819552,0.10009203980099504,0.09995612844866575
2016-04-15,positive,0.01944130664261506,0.019638857593176254,0.00019755095056119346,0.8998852867830426,0.9001110859215598
2016-04-15,negative,-0.02027801012834981,-0.02196764513964947,-0.001689635011299661,0.09996758104738154,0.10005815007934708
2016-04-18,positive,0.027745128076526855,0.03137008353152483,0.003624955454997976,0.8999975049900198,0.8999226546906189
2016-04-18,negative,-0.009985763826769998,-0.01011200660320391,-0.00012624277643391232,0.09989895209580837,0.1002008483033932
2016-04-19,positive,0.043748689789432055,0.04605457226290042,0.002305882473468364,0.8997342814371259,0.9001822491380874
2016-04-19,negative,-0.012858800970984713,-0.013562629063708073,-0.0007038280927233603,0.10018338323353296,0.09991641716566867
2016-04-20,positive,0.027927882632940215,0.02959485106750772,0.0016669684345675048,0.8997703444832752,0.9000447056687694
2016-04-20,negative,-0.021094890378569844,-0.02172797911478385,-0.0006330887362140068,0.10019720419370944,0.10000249625561657
2016-04-21,positive,0.019757169519401686,0.021765308907068348,0.0020081393876666617,0.9000212075848305,0.8999016739248777
2016-04-21,negative,-0.030379983037303653,-0.034193829123486945,-0.0038138460861832923,0.10021706586826348,0.09988273453093813
2016-04-22,positive,0.03381361930366586,0.03498117745560041,0.0011675581519345474,0.8998546222664017,0.9001155566600396
2016-04-22,negative,-0.012098296927247823,-0.01219657782423216,-9.82808969843367e-05,0.10023649768058315,0.09977024218326405
2016-04-25,positive,0.012239349851003653,0.015098760972451507,0.0028594111214478544,0.8995883084577116,0.9004211895070104
2016-04-25,negative,-0.03215034981890985,-0.033475803099116005,-0.0013254532802061542,0.10020149253731343,0.09984712799638172
2016-04-26,positive,0.036820073687951003,0.038303612473676,0.0014835387857249985,0.9000118732052131,0.8999882523043556
2016-04-26,negative,-0.009152085780874002,-0.010694130600191995,-0.001542044819317993,0.09993538767395627,0.09986377191397071
2016-04-27,positive,0.037492890970511686,0.03733145651952927,-0.0001614344509824131,0.8999353555445053,0.9000938022693367
2016-04-27,negative,-0.015291769067602174,-0.01664590599854041,-0.001354136930938235,0.09995524614619594,0.10004814429727409
2016-04-28,positive,0.01902601615121744,0.02360299064755081,0.004576974496333368,0.9000859063745021,0.8998482207533502
2016-04-28,negative,-0.03974513973925719,-0.04225530062797487,-0.00251016088871768,0.10024402390438247,0.09982954545454546
2016-04-29,positive,0.023237060509688736,0.025463363384416498,0.002226302874727762,0.8999837500000002,0.9004935227272727
2016-04-29,negative,-0.03328233148846797,-0.03154963203766168,0.0017326994508062923,0.1004875,0.10001249999999999
2016-05-02,positive,0.025350278691305766,0.026760288421301237,0.0014100097299954706,0.8998391885891885,0.8999305240214331
2016-05-02,negative,-0.022877694889859603,-0.024755826936594692,-0.0018781320467350891,0.10062562437562439,0.09967407592407593
2016-05-03,positive,0.008896410645511171,0.011524615999016875,0.0026282053535057037,0.8999669279083987,0.9003382246678895
2016-05-03,negative,-0.04881175421134367,-0.05244483675067095,-0.00363308253932728,0.09970387971763661,0.09992871435717858
2016-05-04,positive,0.023530546151699642,0.025082578010139467,0.001552031858439825,0.9000325488232347,0.9001677516274412
2016-05-04,negative,-0.03413705005027037,-0.036077134888708354,-0.0019400848384379804,0.09993893618205085,0.09989108662994492
2016-05-05,positive,0.025705795471920777,0.028801710626296356,0.0030959151543755795,0.8997548447998222,0.8999143610013174
2016-05-05,negative,-0.03313747499022231,-0.036438059915654804,-0.0033005849254324968,0.10020739630184908,0.10019240379810095
2016-05-06,positive,0.032890784720996616,0.03629681816811525,0.0034060334471186365,0.8998142144638406,0.9001785309453638
2016-05-06,negative,-0.01945627562774156,-0.021255313714871212,-0.0017990380871296535,0.1001720698254364,0.09985014735887554
2016-05-09,positive,0.021909315844586146,0.023237981576548515,0.001328665731962369,0.900150075037519,0.9002501250625311
2016-05-09,negative,-0.04232945048167479,-0.04472684535146916,-0.0023973948697943726,0.10010741481852037,0.09952351175587795
2016-05-10,positive,0.041868766509259595,0.041824215439517386,-4.455106974220885e-05,0.9003271144278606,0.899696630483944
2016-05-10,negative,-0.009832473118939419,-0.011224791068258185,-0.0013923179493187665,0.09955887230514096,0.09999019109000451
2016-05-11,positive,0.0177190624126508,0.019037888450146777,0.0013188260374959772,0.8997984071677452,0.9001961627222952
2016-05-11,negative,-0.03350692068456661,-0.03564714575569054,-0.0021402250711239357,0.0999664011946242,0.10005826055477625
2016-05-12,positive,0.01658023330267001,0.01866058632005861,0.002080353017388601,0.8999987549800798,0.8999458982252808
2016-05-12,negative,-0.03164028811671785,-0.032054621272103415,-0.0004143331553855614,0.1002191235059761,0.099856483158276
2016-05-13,positive,0.010881162590206255,0.014291668261098584,0.003410505670892329,0.9001256844201094,0.8998673016878591
2016-05-13,negative,-0.02996548009427833,-0.03373349040846033,-0.003768010314182002,0.10029492284718766,0.09972385628308975
2016-05-16,positive,0.033933159108351166,0.035991823362488316,0.0020586642541371505,0.8999211674398054,0.9001527200433763
2016-05-16,negative,-0.0072340770948195205,-0.007870729808053981,-0.0006366527132344608,0.09984033300198808,0.10020259127055849
2016-05-17,positive,0.018091796173020345,0.0194686974121807,0.0013769012391603545,0.8998708395429708,0.9000824188231042
2016-05-17,negative,-0.030124243521546707,-0.030521161341004122,-0.0003969178194574152,0.09987704918032786,0.10017420855349321
2016-05-18,positive,0.022069280141625007,0.02199263639110992,-7.664375051508535e-05,0.8997923583444001,0.9000516117348786
2016-05-18,negative,-0.03705850742039174,-0.03724432815917208,-0.00018582073878033872,0.10021040836653387,0.09986429282868527
2016-05-19,positive,0.01606647329516998,0.01795735921164584,0.0018908859164758589,0.899910358565737,0.9000301068453458
2016-05-19,negative,-0.027758414929060893,-0.02895864861310319,-0.001200233684042297,0.1001531374501992,0.0999220164795364
2016-05-20,positive,0.03347908409105127,0.03568233615031967,0.0022032520592683985,0.9000521350546176,0.8999653561433603
2016-05-20,negative,-0.005116419434511139,-0.006067178168094285,-0.000950758733583146,0.09981504468718967,0.09968805482832296
2016-05-23,positive,0.01642789955986249,0.016132624000251755,-0.00029527555961073385,0.9001639344262294,0.8998158560267353
2016-05-23,negative,-0.019649894303932,-0.020180507653923582,-0.0005306133499915835,0.09981122702434178,0.10024115973445333
2016-05-24,positive,0.03529846291492777,0.03879164027655276,0.003493177361624994,0.8997885572139304,0.9002320217096337
2016-05-24,negative,-0.013791548613788293,-0.014650342670004878,-0.0008587940562165847,0.10037603648424545,0.100168061209106
2016-05-25,positive,0.03808678688665634,0.04274222671239847,0.004655439825742125,0.8998363906792266,0.9001129039527653
2016-05-25,negative,-0.01213994418541669,-0.013496638617591556,-0.0013566944321748656,0.10038919186911255,0.09968697886149547
2016-05-26,positive,0.015651963440594,0.016267049294155393,0.000615085853561393,0.8998227565691621,0.9001186505611395
2016-05-26,negative,-0.022009035949608628,-0.024153142446056722,-0.0021441064964480942,0.09989340604858703,0.10017059539369902
2016-05-27,positive,0.0222209313770947,0.02372750316709876,0.0015065717900040604,0.8999876053544869,0.8999506467751386
2016-05-27,negative,-0.014097725824234644,-0.015314238879995414,-0.00121651305576077,0.10011031234506691,0.09996371749222518
2016-05-31,positive,0.023613320150364055,0.02454915668810561,0.0009358365377415551,0.9002255825483392,0.8997201063685945
2016-05-31,negative,-0.015888687653993615,-0.017371835340626612,-0.0014831476866329976,0.10005205751115517,0.09996754856447468
2016-06-01,positive,0.07118869640037959,0.027649822605533263,-0.04353887379484632,0.8998666666666665,0.9002287317620649
2016-06-01,negative,-0.013465921508340587,-0.014507159413453869,-0.0010412379051132816,0.10033086419753087,0.0998020202020202
2016-06-02,positive,0.02483817778295358,0.02633314942461231,0.0014949716416587308,0.8999394463667821,0.9000766188828472
2016-06-02,negative,-0.013059435275353476,-0.012978373843580934,8.106143177254166e-05,0.0999888779041028,0.1000069653529861
2016-06-03,positive,0.027114368817834487,0.028540525221400676,0.0014261564035661888,0.8999630359783144,0.9000206102423945
2016-06-03,negative,-0.022937327830168205,-0.024913709297915552,-0.001976381467747347,0.1000677673730902,0.09996494018549218
2016-06-06,positive,0.04372064733157467,0.043909145937513196,0.0001884986059385238,0.8999459990181637,0.9000460793502031
2016-06-06,negative,-0.009394579579059818,-0.010339132190987126,-0.0009445526119273087,0.10012027491408937,0.09990583299861651
2016-06-07,positive,0.0294422895397492,0.029769016504721392,0.00032672696497219184,0.8999337910740559,0.9000626421151189
2016-06-07,negative,-0.0119655282946144,-0.013039201309319879,-0.0010736730147054788,0.10020107896027464,0.0998285701547104
2016-06-08,positive,0.02674423692190475,0.029212463429481066,0.0024682265075763148,0.8996331058020477,0.900228602455565
2016-06-08,negative,-0.013648383464266486,-0.015731882884066493,-0.0020834994198000063,0.10021696733300829,0.09994016222685163
2016-06-09,positive,0.013942533985505264,0.016090178609379807,0.002147644623874543,0.899970703125,0.9000701349431818
2016-06-09,negative,-0.02977750992663864,-0.032192568330804215,-0.0024150584041655737,0.100091552734375,0.09987915039062499
2016-06-10,positive,0.004069095959040583,0.006176871762825778,0.0021077758037851948,0.9001307429130009,0.9003548436466324
2016-06-10,negative,-0.04655121706650229,-0.046587607961910936,-3.639089540864726e-05,0.09998778103616814,0.09997956100595395
2016-06-13,positive,0.006588207552404954,0.009826812711719122,0.003238605159314168,0.9002133398724868,0.9004105176334211
2016-06-13,negative,-0.03305969341799525,-0.03291294014570506,0.00014675327229018986,0.10008078578824045,0.0999946497837621
2016-06-14,positive,0.013505229121681773,0.014900048677614047,0.0013948195559322744,0.8999876907927129,0.9000459916745
2016-06-14,negative,-0.027643369385913087,-0.02866715869495869,-0.0010237893090456023,0.10010175611357294,0.0999523297972338
2016-06-15,positive,0.024755387189804093,0.026985350397532408,0.002229963207728315,0.89989424495819,0.9001889281402317
2016-06-15,negative,-0.01270712156153735,-0.013624704045765448,-0.0009175824842280987,0.10025700934579437,0.09965143317086259
2016-06-16,positive,0.014567807063016964,0.015374167517980958,0.0008063604549639943,0.8998686149312377,0.9001517011966422
2016-06-16,negative,-0.023998553068478326,-0.02510848761186523,-0.0011099345433869048,0.0999693025540275,0.10006217628147884
2016-06-17,positive,0.03229553493237898,0.033845623128237703,0.0015500881958587232,0.8997125307125307,0.9002379941925396
2016-06-17,negative,-0.01550437937745309,-0.01580974363298473,-0.00030536425553164166,0.10012530712530714,0.09989903953540316
2016-06-20,positive,0.03485568324298563,0.03385269561564374,-0.0010029876273418906,0.8998654598825834,0.9001705657356343
2016-06-20,negative,-0.00798270370818235,-0.00892487241498322,-0.0009421687068008697,0.09987157534246577,0.09998988169364882
2016-06-21,positive,0.019724558264741825,0.019858629200048623,0.0001340709353067973,0.8998064674179324,0.9001995456772527
2016-06-21,negative,-0.019916466538721634,-0.02001635843984352,-9.98919011218867e-05,0.0998700255865861,0.10005879470847626
2016-06-22,positive,0.012327125599523894,0.012910711235185734,0.0005835856356618402,0.8999067713444553,0.9000809617271834
2016-06-22,negative,-0.021559235302238154,-0.022376689595063583,-0.0008174542928254293,0.10010672227674192,0.0999124587385137
2016-06-23,positive,0.04181864623870254,0.04416366597648874,0.002345019737786204,0.9000036674816625,0.8999913314069794
2016-06-23,negative,-0.0026927639182352556,-0.0032844295283582384,-0.0005916656101229829,0.10040742631451678,0.09997164449242689
2016-06-24,positive,0.005220529319918473,0.0055846395880243226,0.00036411026810585,0.8999705882352942,0.9000938057040999
2016-06-24,negative,-0.08296296701116583,-0.08478557645385913,-0.0018226094426933015,0.10011519607843138,0.09997259358288771
2016-06-27,positive,0.006193457730572017,0.006464722151691379,0.00027126442111936183,0.8996432050657575,0.9003050967541956
2016-06-27,negative,-0.07480979182192855,-0.07426990694424306,0.0005398848776854981,0.09992206527033609,0.10011778771642384
2016-06-28,positive,0.05145852479969012,0.0514857095184079,2.7184718717779277e-05,0.899752667313288,0.9001991667401462
2016-06-28,negative,-0.00562863865280052,-0.006913804332929517,-0.001285165680128997,0.10026141979585237,0.10012133598700039
2016-06-29,positive,0.04591191754154304,0.047154379969961566,0.0012424624284185226,0.8999843146718145,0.9000366356616357
2016-06-29,negative,-0.0015601672002739928,-0.002235097177393932,-0.0006749299771199393,0.0997074997074997,0.10018579252954252
2016-06-30,positive,0.03930372553633078,0.042175833407089774,0.0028721078707589914,0.8998891031822567,0.9001231699833436
2016-06-30,negative,-0.01187127249359859,-0.014366220615999861,-0.0024949481224012717,0.10016001687560269,0.09994593962771398
2016-07-01,positive,0.04890241722352507,0.0358769312226234,-0.01302548600090167,0.8998264223722275,0.9001849741386868
2016-07-01,negative,-0.013056376055861069,-0.013523088013134243,-0.0004667119572731738,0.10008799421407907,0.09990554045761375
2016-07-05,positive,0.011968057483235869,0.012655624784797866,0.0006875673015619976,0.8998011639185257,0.9002601181553654
2016-07-05,negative,-0.04935606287332743,-0.049588561937354655,-0.0002324990640272251,0.10023278370514063,0.0997786791288246
2016-07-06,positive,0.025864455281404054,0.02650141637970489,0.0006369610983008346,0.9001791767554479,0.8998333700198107
2016-07-06,negative,-0.013275335458963972,-0.015180658540561082,-0.0019053230815971097,0.10020338983050847,0.09983359013867489
2016-07-07,positive,0.019478903127514612,0.022279170316972786,0.0028002671894581735,0.9000193704600485,0.8999805194805196
2016-07-07,negative,-0.023527035358535543,-0.024501435827664748,-0.0009744004691292045,0.10007869249394671,0.09994309927360776
2016-07-08,positive,0.045814289764215706,0.047039639276034925,0.0012253495118192195,0.8997109826589593,0.9002581450341566
2016-07-08,negative,-1.336378632931282e-05,-0.0004325202310847775,-0.00041915644475546467,0.0999158179649509,0.09971583610673207
2016-07-11,positive,0.029378689780716692,0.02920252406138778,-0.00017616571932891137,0.9000491135601342,0.9000043559698566
2016-07-11,negative,-0.010394827278433431,-0.011086318086048142,-0.0006914908076147107,0.10005989458552947,0.09991309840135906
2016-07-12,positive,0.04930654958382474,0.05017398677522759,0.0008674371914028506,0.8999139167862268,0.9000993435068041
2016-07-12,negative,-0.011969809547912632,-0.012992529207392123,-0.001022719659479492,0.099967718794835,0.10001804269379592
2016-07-13,positive,0.01693924287350985,0.018830460195022214,0.0018912173215123625,0.8999666189794946,0.900212424675944
2016-07-13,negative,-0.02491942906123797,-0.02522972329562505,-0.0003102942343870818,0.10014663805436338,0.09970650713139982
2016-07-14,positive,0.021763917626886398,0.02197277249929789,0.00020885487241149164,0.8997396418994897,0.8999870253438284
2016-07-14,negative,-0.016959914478365146,-0.01715081478605645,-0.00019090030769130378,0.10041627021883921,0.09989404030793184
2016-07-15,positive,0.01637806593889287,0.020685121105500297,0.004307055166607426,0.8998644357068786,0.9000076693743517
2016-07-15,negative,-0.01628953960496614,-0.015560550501658688,0.0007289891033074505,0.09987145696508816,0.10017088662288283
2016-07-18,positive,0.022556132617557706,0.023097679984632656,0.0005415473670749502,0.8996206351953615,0.9000097356237291
2016-07-18,negative,-0.011312930792504786,-0.013424681078880524,-0.002111750286375738,0.10051642075202286,0.09989398987495132
2016-07-19,positive,0.010810687705335836,0.012002510009033903,0.001191822303698067,0.9003612303290414,0.8998536870854468
2016-07-19,negative,-0.026247739360311835,-0.026655754724401497,-0.00040801536408966235,0.10002622794468288,0.09981597086747303
2016-07-20,positive,0.025401860963128575,0.02699695992011828,0.0015950989569897059,0.9001514790076335,0.8999533743927828
2016-07-20,negative,-0.014815453185928515,-0.015670026185594647,-0.0008545729996661325,0.09989503816793893,0.1000245055517002
2016-07-21,positive,0.018845067888765707,0.019618808030888606,0.0007737401421228987,0.8996944095885077,0.8999405045216564
2016-07-21,negative,-0.022943761231772532,-0.022711731011954013,0.00023203021981851868,0.10007258448357925,0.10029747739171821
2016-07-22,positive,0.02389028704465957,0.024628519356848864,0.0007382323121892936,0.9001789122137405,0.8999284351145038
2016-07-22,negative,-0.01347754714060169,-0.016441077908441536,-0.002963530767839846,0.10027075381679389,0.09968034351145037
2016-07-25,positive,0.012330318398517805,0.016607170961713713,0.004276852563195908,0.9000977121067685,0.9001841580726232
2016-07-25,negative,-0.027385847538551673,-0.02832555081170471,-0.000939703273153035,0.09998331744518588,0.09976124447525783
2016-07-26,positive,0.03111916685402827,0.031257748759229806,0.00013858190520153746,0.9001112723754232,0.899798896072481
2016-07-26,negative,-0.015389302321888149,-0.018417997091245506,-0.0030286947693573575,0.10030478955007256,0.09982583454281568
2016-07-27,positive,0.022383146398646057,0.023429565040626772,0.0010464186419807155,0.9000000000000001,0.8999953775038522
2016-07-27,negative,-0.02920281406669606,-0.02862319356030551,0.0005796205063905505,0.10013438256658595,0.09990688972044903
2016-07-28,positive,0.024524423131455704,0.026080623108993256,0.001556199977537552,0.9000764563106797,0.900002427184466
2016-07-28,negative,-0.02688449265361273,-0.029077302674767814,-0.0021928100211550845,0.10020873786407766,0.09989563106796115
2016-07-29,positive,0.03406564871129199,0.03463965788263276,0.0005740091713407752,0.9001126999515268,0.8999214515489357
2016-07-29,negative,-0.016793554012420685,-0.018185579339453757,-0.0013920253270330724,0.09995637421231215,0.10003327017141853
2016-08-01,positive,0.015589932627763245,0.018956146133843176,0.0033662135060799313,0.8996728065923412,0.9003280747367031
2016-08-01,negative,-0.03591107427700623,-0.038314641763212594,-0.002403567486206362,0.10006543868153175,0.09993720530560084
2016-08-02,positive,0.014647255183783117,0.016469186392557927,0.0018219312087748105,0.9003443258971873,0.9002065514504893
2016-08-02,negative,-0.03615511081684416,-0.03766933889574239,-0.0015142280788982276,0.10005455868089233,0.09993673397407637
2016-08-03,positive,0.03990634139973213,0.0419946005811518,0.002088259181419673,0.8997701983551041,0.9001309539517086
2016-08-03,negative,-0.0157060696744294,-0.01831005186642372,-0.0026039821919943175,0.10009554910498306,0.10002188063508818
2016-08-04,positive,0.02864075964143628,0.029794181273658193,0.001153421632221912,0.8996879535558782,0.9001953863746316
2016-08-04,negative,-0.020929483329283727,-0.023459598342882613,-0.0025301150135988854,0.10005684567005321,0.1000583850112152
2016-08-05,positive,0.03659131757965579,0.03869667209712867,0.0021053545174728808,0.8998816996619989,0.9001209341117598
2016-08-05,negative,-0.015189005827261562,-0.01636019134519185,-0.0011711855179302889,0.1001907291163689,0.09981717220490759
2016-08-08,positive,0.02832202580598387,0.030001597460422268,0.001679571654438397,0.9000603281853282,0.8999584283959283
2016-08-08,negative,-0.014847257011574707,-0.0157904276361839,-0.0009431706246091926,0.10003861003861003,0.09995634433134434
2016-08-09,positive,0.019816456180258776,0.021241818015872018,0.0014253618356132418,0.8998347007722007,0.9001776939276942
2016-08-09,negative,-0.025082501047075635,-0.028291922358385162,-0.0032094213113095273,0.10036196911196911,0.09966611091611091
2016-08-10,positive,0.014387801078640194,0.016669089363006255,0.0022812882843660613,0.8996092619392184,0.9003807613033372
2016-08-10,negative,-0.02606377062363164,-0.026570775458586837,-0.0005070048349551971,0.10020984081041968,0.09980682366355305
2016-08-11,positive,0.029498600324636182,0.031611625815464936,0.0021130254908287537,0.899926221577165,0.8999809781413555
2016-08-11,negative,-0.01524525820207363,-0.018244944277475368,-0.0029996860754017383,0.1000145137880987,0.10010225623433171
2016-08-12,positive,0.01756957123683356,0.017987383154699783,0.00041781191786622457,0.8998905642023347,0.9001030244074993
2016-08-12,negative,-0.018342418164584387,-0.018242887227377918,9.953093720646913e-05,0.1000376945525292,0.09999060399717014
2016-08-15,positive,0.034006150162624454,0.0345682147292604,0.0005620645666359475,0.8998174294060372,0.9001460564751704
2016-08-15,negative,-0.010175204874209868,-0.011195486379061653,-0.001020281504851785,0.09966407010710808,0.1003576170664778
2016-08-16,positive,0.011213151698864523,0.012872902243724133,0.0016597505448596103,0.8997870009737099,0.9001271355227052
2016-08-16,negative,-0.023597479092324788,-0.024665727264789907,-0.0010682481724651194,0.10020326192794549,0.09985704169248473
2016-08-17,positive,0.013875845623292148,0.014653977992862416,0.0007781323695702676,0.900241581259151,0.8999066063268113
2016-08-17,negative,-0.022086173310389205,-0.021809702573484184,0.0002764707369050205,0.09978038067349927,0.10003516127601046
2016-08-18,positive,0.02865465427192963,0.03148470076072597,0.002830046488796343,0.8998779892630552,0.9002699764852033
2016-08-18,negative,-0.009245081198325041,-0.014225022806532994,-0.004979941608207953,0.0999170326988775,0.0999562979724034
2016-08-19,positive,0.015441520756764776,0.01976674978368097,0.004325229026916195,0.8997523182040021,0.900374018368162
2016-08-19,negative,-0.02076207120337365,-0.023627568470556755,-0.0028654972671831036,0.09989019033674965,0.09998314033453126
2016-08-22,positive,0.014165041253945567,0.014917603542544414,0.0007525622885988462,0.8997685185185185,0.9002487595250754
2016-08-22,negative,-0.022074664637844656,-0.02284608870576383,-0.0007714240679191735,0.10022173489278755,0.0998358585858586
2016-08-23,positive,0.024149423528274084,0.025106916171432857,0.0009574926431587735,0.899829990215264,0.9001950275751647
2016-08-23,negative,-0.01040833453304463,-0.011282758586605766,-0.0008744240535611368,0.09996575342465752,0.10002357231809286
2016-08-24,positive,0.007108887255898984,0.008380810624372143,0.0012719233684731594,0.9000429131927415,0.8999565294930669
2016-08-24,negative,-0.03322254248229345,-0.035260669971599816,-0.002038127489306367,0.10020107896027464,0.09982901600606356
2016-08-25,positive,0.017600865726018718,0.018851383035954863,0.0012505173099361458,0.899953431372549,0.9001087344028521
2016-08-25,negative,-0.015399301442471012,-0.016859568843060963,-0.0014602674005899513,0.10038235294117648,0.09972081105169342
2016-08-26,positive,0.01320397600108042,0.01361604136074058,0.0004120653596601607,0.8998898139079333,0.9000840308075861
2016-08-26,negative,-0.02022721500916474,-0.020325442062508352,-9.822705334361012e-05,0.1002154750244858,0.09978897693883003
2016-08-29,positive,0.027672664156587572,0.026573532229106866,-0.0010991319274807065,0.8997351642962237,0.9002512372375049
2016-08-29,negative,-0.007225095982145125,-0.007734138310465927,-0.0005090423283208023,0.10030897498773908,0.09972424093807127
2016-08-30,positive,0.016280324244497556,0.018923686916956988,0.0026433626724594317,0.8998930152484015,0.9002257076420875
2016-08-30,negative,-0.020243037992354655,-0.02175403681569061,-0.0015109988233359545,0.10009099852434825,0.09980693556320708
2016-08-31,positive,0.010924376488033002,0.014204672773329794,0.0032802962852967917,0.8994177744953225,0.9005764066066873
2016-08-31,negative,-0.023737286915755315,-0.024150435956279526,-0.00041314904052421053,0.09982644017725259,0.10016595049460635
2016-09-01,positive,0.018142542003186022,0.018346005441900227,0.0002034634387142048,0.9001008858267715,0.8999201413743736
2016-09-01,negative,-0.019944968925722603,-0.021947563462071232,-0.0020025945363486286,0.10015501968503937,0.09984453292770222
2016-09-02,positive,0.02959378076022114,0.03094426153780644,0.0013504807775852994,0.8999127335299899,0.9000053633681955
2016-09-02,negative,-0.004490656627545194,-0.005149579130505839,-0.0006589225029606455,0.09957309078990498,0.09982263639343286
2016-09-06,positive,0.02981687201758121,0.03231633219200018,0.0024994601744189743,0.8998485967503692,0.9001756859585515
2016-09-06,negative,-0.01661122446513779,-0.01673880934044564,-0.00012758487530785054,0.0997808961102905,0.1001633767512645
2016-09-07,positive,0.026023735171445805,0.025821953273074467,-0.00020178189837133723,0.8999533627884142,0.9000423974650777
2016-09-07,negative,-0.013893720692545592,-0.015169284816961729,-0.001275564124416137,0.10011291114383898,0.09991632079260945
2016-09-08,positive,0.02418191022776689,0.02557737856556286,0.0013954683377959687,0.8999950956351153,0.9000006687770299
2016-09-08,negative,-0.020106760758883853,-0.020860728852602324,-0.0007539680937184712,0.10015693967631192,0.09986312363458023
2016-09-09,positive,-0.007890968835238817,-0.006991860733773098,0.0008991081014657195,0.9000664370078739,0.8999141016463851
2016-09-09,negative,-0.05707997172273686,-0.05778469189118721,-0.0007047201684503568,0.09977362204724409,0.10020881800286327
2016-09-12,positive,0.03027340733168064,0.030196701730235354,-7.670560144528576e-05,0.9001007866273353,0.8998335121122732
2016-09-12,negative,-0.008874332899631653,-0.009019558398757368,-0.00014522549912571528,0.10009341199606688,0.09977466404457555
2016-09-13,positive,-0.0016282742647830938,-0.0009255058275204859,0.0007027684372626078,0.8996475770925112,0.9003119298714012
2016-09-13,negative,-0.047116290683456546,-0.04692064880981145,0.0001956418736450971,0.10009544787077826,0.09995728207181952
2016-09-14,positive,0.015646487750771546,0.016552626121679914,0.0009061383709083673,0.9000012201073695,0.9001367629442301
2016-09-14,negative,-0.02006135235608265,-0.02067757524760788,-0.0006162228915252282,0.09998779892630552,0.0998826478548294
2016-09-16,positive,0.01700787976139122,0.018148285288497313,0.001140405527106092,0.9002326150832516,0.8998116819517407
2016-09-16,negative,-0.02507968308583286,-0.02403842100581061,0.0010412620800222504,0.10019588638589619,0.09981123675540914
2016-09-19,positive,0.022799506457422482,0.0229844680453519,0.0001849615879294178,0.9002113880742912,0.8998463743001865
2016-09-19,negative,-0.012860089083363516,-0.014024541025597952,-0.0011644519422344367,0.10002565982404692,0.09989480582955657
2016-09-20,positive,0.011452066556531346,0.012463287497150137,0.0010112209406187914,0.8999659201557936,0.8999976763742585
2016-09-20,negative,-0.023579466703113526,-0.02480491700504473,-0.0012254503019312052,0.10001947419668937,0.1000225723643445
2016-09-21,positive,0.040810145750615145,0.04143658651477271,0.0006264407641575626,0.8998436736687836,0.9001916329884088
2016-09-21,negative,-0.003045360738671523,-0.0073462013738949715,-0.004300840635223449,0.10019440866900564,0.0999406004352267
2016-09-22,positive,0.03194979896480425,0.03392768558095282,0.001977886616148568,0.8998221247563354,0.9001486354775828
2016-09-22,negative,-0.006219487573602006,-0.007645873771958566,-0.0014263861983565594,0.1005203764619883,0.10016919713127144
2016-09-23,positive,0.010317983468798603,0.012988904619711148,0.0026709211509125443,0.8998733560642963,0.9000918832750301
2016-09-23,negative,-0.027103160978769948,-0.027463254578735236,-0.0003600935999652881,0.10013395031660983,0.0999180799716601
2016-09-26,positive,0.010118928532707842,0.010821031062454179,0.0007021025297463367,0.8999463152757443,0.9001878965348951
2016-09-26,negative,-0.02687881738232704,-0.02721674486427252,-0.00033792748194547834,0.09992679355783309,0.0999514175429256
2016-09-27,positive,0.019491838990681132,0.020806454740558204,0.0013146157498770718,0.8998936430317848,0.9000884641031339
2016-09-27,negative,-0.020590560610557203,-0.020984909023867272,-0.0003943484133100694,0.10010757946210269,0.09991887086019116
2016-09-28,positive,0.04424319890846019,0.0455050838484989,0.0012618849400387044,0.8997733918128656,0.9001930489101542
2016-09-28,negative,-0.009646710330221273,-0.011466417761701004,-0.0018197074314797307,0.10004020467836257,0.10000564859117492
2016-09-29,positive,0.013053797882694501,0.013589626126587614,0.0005358282438931126,0.8995991715399609,0.8998667966211826
2016-09-29,negative,-0.0283033139903289,-0.028700876321411255,-0.0003975623310823566,0.09990740740740742,0.10012581959950381
2016-09-30,positive,0.02928790088625825,0.030088111516449488,0.0008002106301912386,0.9001852754753777,0.8997003678914941
2016-09-30,negative,-0.010380474122352412,-0.01279566518800411,-0.002415191065651698,0.09995124329595319,0.10019613492309738
2016-10-03,positive,0.01728120080613449,0.020170298264033805,0.002889097457899316,0.8997127555988316,0.9002525006638932
2016-10-03,negative,-0.02272310488836573,-0.025489666805389156,-0.0027665619170234267,0.10005477117818888,0.09999867221386208
2016-10-04,positive,0.012373755697761104,0.015251523317501708,0.002877767619740604,0.8999365853658536,0.900280044345898
2016-10-04,negative,-0.03220024719343341,-0.03348270533015388,-0.0012824581367204685,0.10023658536585364,0.10000886917960088
2016-10-05,positive,0.03225237983659854,0.033112614744422494,0.0008602349078239563,0.8998747568093386,0.9001288910505837
2016-10-05,negative,-0.017475670762458876,-0.018342272377155473,-0.0008666016146965973,0.10005350194552531,0.10001724442872302
2016-10-06,positive,0.016118385040855113,0.016094442554582672,-2.394248627244147e-05,0.9000413223140494,0.9000095019224821
2016-10-06,negative,-0.020547179977231215,-0.022886188139374673,-0.0023390081621434584,0.10012639766650462,0.09984918460246608
2016-10-07,positive,0.010163265841239505,0.011864094715364287,0.0017008288741247827,0.8999256460263286,0.899949027082133
2016-10-07,negative,-0.027659733249775793,-0.029166426615045222,-0.0015066933652694292,0.10020234032179424,0.0999534595097735
2016-10-10,positive,0.027884751251769275,0.028214606256460467,0.0003298550046911923,0.8997601566324033,0.9002162595114136
2016-10-10,negative,-0.0074618078384911125,-0.009692646524030554,-0.002230838685539442,0.09984255180290422,0.09988419436657323
2016-10-11,positive,0.002057053782681316,0.0019477426572276878,-0.00010931112545362835,0.900076797385621,0.9000485739750446
2016-10-11,negative,-0.03339968973249004,-0.03415322392873568,-0.0007535341962456449,0.10008578431372547,0.10001114081996436
2016-10-12,positive,0.01851794876561748,0.019142089282808146,0.0006241405171906675,0.8998931728880158,0.9000943248794429
2016-10-12,negative,-0.017434311405456187,-0.017625281475520838,-0.00019097007006465064,0.10005034381139491,0.09996762814788354
2016-10-13,positive,0.014243180933658084,0.014939532766885578,0.0006963518332274935,0.9000356440511308,0.8998968668990793
2016-10-13,negative,-0.02661409432116609,-0.02726122518864532,-0.00064713086747923,0.09999262536873157,0.10011274246893717
2016-10-14,positive,0.014912741840264938,0.01546976904179571,0.0005570272015307728,0.899829573320255,0.9001659681662135
2016-10-14,negative,-0.019307331349391228,-0.020289130970852765,-0.000981799621461537,0.10023050514958312,0.09975467029292434
2016-10-17,positive,0.01430556455813029,0.014706438563683064,0.00040087400555277423,0.8999594793713163,0.9000312555813537
2016-10-17,negative,-0.020670268844034705,-0.022180816753923697,-0.0015105479098889915,0.100098231827112,0.09992431684229326
2016-10-18,positive,0.027900305281433623,0.027995450698580015,9.514541714639169e-05,0.8998395394414501,0.9001713732127745
2016-10-18,negative,-0.009934888728796606,-0.011663128610423125,-0.0017282398816265195,0.10007104360607544,0.09993118346621532
2016-10-19,positive,0.027383853393710845,0.028175596751917147,0.0007917433582063024,0.899949804113614,0.9000628839818361
2016-10-19,negative,-0.011746148062585924,-0.012896096783256886,-0.0011499487206709617,0.10024975514201764,0.0997573679992877
2016-10-20,positive,0.017635918225189333,0.01832829154567529,0.0006923733204859568,0.8998655913978496,0.9001728427974761
2016-10-20,negative,-0.020331785075060553,-0.02177452979035141,-0.001442744715290857,0.09987292277614859,0.10009164222873901
2016-10-21,positive,0.016411850122899783,0.017749875743683977,0.0013380256207841945,0.899651248164464,0.9003208294397723
2016-10-21,negative,-0.01817240923354757,-0.021783729333863407,-0.0036113201003158367,0.10044052863436123,0.0996741645530192
2016-10-24,positive,0.021233912760996666,0.023705121363094238,0.0024712086020975722,0.900033185840708,0.8998336238491106
2016-10-24,negative,-0.0175493000956145,-0.01889588139788711,-0.0013465813022726092,0.10004711569977058,0.10000044694734962
2016-10-25,positive,0.013698424040112497,0.01582807234051673,0.002129648300404234,0.8997199017199016,0.9002718338172885
2016-10-25,negative,-0.031036271805801163,-0.032432518889811426,-0.0013962470840102638,0.10005528255528255,0.09997699352244807
2016-10-26,positive,0.015043695289859615,0.016922208098154135,0.0018785128082945204,0.8998658956692914,0.9001450653185398
2016-10-26,negative,-0.029654222428081977,-0.03165062462243755,-0.001996402194355571,0.10010826771653544,0.09988904795991409
2016-10-27,positive,0.016100443313336866,0.01794875748979856,0.0018483141764616927,0.8998791913214991,0.900114757037834
2016-10-27,negative,-0.03838010475633484,-0.0438855259180229,-0.005505421161688062,0.10023052268244577,0.09979211493634571
2016-10-28,positive,0.021011928074897,0.021571946984464824,0.0005600189095678228,0.8999036561264822,0.9001184647862018
2016-10-28,negative,-0.029217633658747206,-0.03319540967815911,-0.0039777760194119015,0.100213685770751,0.09979327614085522
2016-10-31,positive,0.024620257982968147,0.02527571787776095,0.000655459894792803,0.9002474022761012,0.8997741891952679
2016-10-31,negative,-0.024748119828855837,-0.026010877327832794,-0.0012627574989769567,0.10003463631865413,0.0999669380594665
2016-11-01,positive,0.019186857534964293,0.02564446460296089,0.006457607067996595,0.8997767857142858,0.9001828534120202
2016-11-01,negative,-0.03635528026853436,-0.0396457043031039,-0.003290424034569542,0.09999554843304843,0.10005490265906933
2016-11-02,positive,0.018610552474442384,0.019896302130996083,0.0012857496565536995,0.8998283578294259,0.9001663021919342
2016-11-02,negative,-0.04746180234686757,-0.05333749119807694,-0.005875688851209371,0.10017545644103139,0.09984378443438607
2016-11-03,positive,0.026068278645345257,0.028834883258530092,0.002766604613184835,0.8999312207051151,0.9000084912709735
2016-11-03,negative,-0.0533851645099932,-0.056517370118588615,-0.003132205608595416,0.10006877929488485,0.10000254738129204
2016-11-04,positive,0.04413618528690314,0.04377025270104861,-0.0003659325858545309,0.9002819213929335,0.8996859620541018
2016-11-04,negative,-0.027505205500035313,-0.02931971206438644,-0.0018145065643511253,0.10016609815701047,0.099886001086108
2016-11-07,positive,0.051695128935747535,0.05326409755250196,0.0015689686167544223,0.8998759036757967,0.900083070291552
2016-11-07,negative,-0.005969446502996415,-0.0069884486202956755,-0.0010190021172992603,0.10044076468791366,0.10004285035468212
2016-11-08,positive,0.0306921691347332,0.03229607859823062,0.0016039094634974181,0.8999524005406359,0.9000142602495543
2016-11-08,negative,-0.02431799237400303,-0.02755675454494851,-0.003238762170945479,0.10031052281052281,0.09967456073338425
2016-11-09,positive,0.09378164904296483,0.09576503891866588,0.0019833898757010415,0.8998992446517289,0.9001007131028421
2016-11-09,negative,-0.025497313196489145,-0.028494027906202164,-0.0029967147097130185,0.10006400182500252,0.09995179796546014
2016-11-10,positive,0.061396700643509584,0.06349521289630083,0.00209851225279125,0.8999482949959644,0.9000721768227065
2016-11-10,negative,-0.03573095814048736,-0.03798533758189139,-0.002254379441404032,0.10019231739305892,0.099811381826742
2016-11-11,positive,0.05596930760475777,0.05906703697172193,0.003097729366964161,0.899840700965701,0.9002411754911753
2016-11-11,negative,-0.02313911860292597,-0.024013221289553407,-0.0008741026866274371,0.10005244755244755,0.10001548451548452
2016-11-14,positive,0.0496711242075296,0.06034052057281736,0.010669396365287756,0.8996974412171508,0.9003345847329249
2016-11-14,negative,-0.02291455175757581,-0.024817533954991432,-0.001902982197415623,0.09988329875518671,0.10004264638082065
2016-11-15,positive,0.03936275484042555,0.04511281610475415,0.005750061264328601,0.8998685609592515,0.9001488606435359
2016-11-15,negative,-0.024575014225581934,-0.02552357251909381,-0.0009485582935118766,0.10018578953395167,0.09982308485056682
2016-11-16,positive,0.02718008108124994,0.037684152722750996,0.010504071641501057,0.899987707261292,0.9000131503716406
2016-11-16,negative,-0.02868372772170779,-0.030154998031124806,-0.0014712703094170165,0.10003414195867025,0.09998456260720412
2016-11-17,positive,0.03181654424452948,0.03400165563165515,0.0021851113871256683,0.9000909691953574,0.8998815645558876
2016-11-17,negative,-0.02385242863323186,-0.03001413345694055,-0.0061617048237086885,0.10025348123479765,0.09978092299655549
2016-11-18,positive,0.02820597174850139,0.03044520682149251,0.0022392350729911192,0.8997365685701293,0.9002677353342425
2016-11-18,negative,-0.022279331146711368,-0.02459933460119125,-0.002320003454479882,0.10005436724485155,0.09992098681218735
2016-11-21,positive,0.03326156415493485,0.03483018444128842,0.0015686202863535725,0.8998657074922359,0.9001471920289855
2016-11-21,negative,-0.017796153507023106,-0.017272875016293366,0.0005232784907297401,0.10009163108178054,0.09990545742753623
2016-11-22,positive,0.03862193915543431,0.03658365934539229,-0.0020382798100420235,0.9000486976399756,0.8999588686049134
2016-11-22,negative,-0.026694432068699443,-0.027562461017509386,-0.0008680289488099437,0.09981478798415919,0.10020002253775073
2016-11-23,positive,0.02998545252710849,0.0332917575670213,0.0033063050399128116,0.8997818732622983,0.9002317471031613
2016-11-23,negative,-0.020817470807774283,-0.020331335738377327,0.0004861350693969556,0.0999255098596982,0.10007368657891777
2016-11-25,positive,0.020585655900351562,0.023472412296775193,0.0028867563964236308,0.8997936000384671,0.9001852630988443
2016-11-25,negative,-0.016105012036642018,-0.016672091048354112,-0.0005670790117120947,0.09999607315157635,0.10000448782676989
2016-11-28,positive,0.013413798494538127,0.016076967947821243,0.002663169453283116,0.8998462787072302,0.9001698728765891
2016-11-28,negative,-0.03953728173572142,-0.04049883956785032,-0.0009615578321288953,0.09993663918486734,0.10000140623242208
2016-11-29,positive,0.021574817574719664,0.024783955636785558,0.0032091380620658944,0.8999106336301457,0.9000406504065042
2016-11-29,negative,-0.029772378972249724,-0.0314876411676051,-0.0017152621953553764,0.1000218576590528,0.1000124209575429
2016-11-30,positive,0.04934872071802819,0.05165326430660949,0.002304543588581301,0.9001280785409239,0.8999398741290177
2016-11-30,negative,-0.03637124341851801,-0.03764530868069681,-0.0012740652621787973,0.10021212632052148,0.09974938188356933
2016-12-01,positive,0.027541672941656676,0.030685377374117973,0.0031437044324612966,0.8996283362135177,0.9003351464493727
2016-12-01,negative,-0.044477296668211395,-0.047426866936450415,-0.00294957026823902,0.10027869783666152,0.0997418234767025
2016-12-02,positive,0.03613912777925872,0.030584779951737934,-0.005554347827520786,0.8999498578774233,0.90010116253074
2016-12-02,negative,-0.02334365959046802,-0.023578751274729404,-0.00023509168426138344,0.10009641180415826,0.09990610328638497
2016-12-05,positive,0.044686976432593326,0.04752940622795444,0.0028424297953611177,0.8998892394976734,0.900142235609103
2016-12-05,negative,-0.010596935321938922,-0.01053548773595986,6.144758597906134e-05,0.09960181997832601,0.09974609549308343
2016-12-06,positive,0.036001631633281274,0.03990736044528814,0.0039057288120068687,0.8997874234835838,0.9002125765164164
2016-12-06,negative,-0.014455373672467815,-0.015714284492558375,-0.00125891082009056,0.10005795373241118,0.09995993322203672
2016-12-07,positive,0.03517369074058781,0.039177636205098995,0.004003945464511188,0.8998998791233259,0.9001519706078824
2016-12-07,negative,-0.024774919038874563,-0.02618087274496652,-0.0014059537060919572,0.09994958170308872,0.100021153417947
2016-12-08,positive,0.04079681118003402,0.04265997490847527,0.0018631637284412528,0.8998768308921438,0.9000699067909455
2016-12-08,negative,-0.01681103155177497,-0.02098582411932747,-0.004174792567552502,0.10013537505548158,0.0999312028406569
2016-12-09,positive,0.02896699009815289,0.03356849781414689,0.004601507715994001,0.8997461002323266,0.9002301139506583
2016-12-09,negative,-0.02534583468283912,-0.026612289547610794,-0.0012664548647716746,0.1000105100121695,0.10001866910056423
2016-12-12,positive,0.01639433976030287,0.021340637943974457,0.004946298183671587,0.8998245322705631,0.9001871955607219
2016-12-12,negative,-0.0410240628967377,-0.043587634447313284,-0.0025635715505755857,0.10014589362812545,0.09989514142588288
2016-12-13,positive,0.023956278211211084,0.02496564885718299,0.001009370645971907,0.9000060377838157,0.9000895339784227
2016-12-13,negative,-0.02377011252076163,-0.025318577294930932,-0.001548464774169301,0.09999551138440027,0.09992909576242912
2016-12-14,positive,0.009473796694944815,0.009857764292596358,0.0003839675976515435,0.9003264941731631,0.9004466577390918
2016-12-14,negative,-0.0405745409678986,-0.041987340172773245,-0.0014127992048746443,0.09979506432636663,0.10019026894319831
2016-12-15,positive,0.03511882873332142,0.0367943504617797,0.001675521728458279,0.9000820963199848,0.8999677024167501
2016-12-15,negative,-0.020570689243112734,-0.021035012924973923,-0.00046432368186118816,0.10005353761952493,0.09987829240449939
2016-12-16,positive,0.029550710404762127,0.029682016924018607,0.00013130651925647926,0.8998157398157399,0.9000664613164613
2016-12-16,negative,-0.026858964147908348,-0.027511679319640343,-0.0006527151717319948,0.10031912531912532,0.09981407481407481
2016-12-19,positive,0.02828784423445979,0.03124556890350102,0.002957724669041227,0.8997666886253842,0.9002220575318403
2016-12-19,negative,-0.02075190056541908,-0.021044133476468673,-0.0002922329110495933,0.09995114185331576,0.10010416666666666
2016-12-20,positive,0.03160076575552302,0.03536223609893522,0.0037614703434121974,0.9000707935462628,0.899927285698606
2016-12-20,negative,-0.014897760404911229,-0.01622824546893479,-0.00133048506402356,0.09992701130501591,0.10009277933267477
2016-12-21,positive,0.017229737556246405,0.019340440039829116,0.002110702483582711,0.8998256578947368,0.9002367050438596
2016-12-21,negative,-0.02721794964629381,-0.028917302598015514,-0.0016993529517217061,0.10006304824561403,0.09999821820175439
2016-12-22,positive,0.014968080144351591,0.017899413562386217,0.0029313334180346255,0.8998667324777887,0.9001259323242294
2016-12-22,negative,-0.03588209301555144,-0.03742792431893096,-0.0015458313033795204,0.09993254359986839,0.10004904985192498
2016-12-23,positive,0.029161920786768093,0.031140041275257786,0.001978120488489693,0.8998917322834645,0.9001346853127734
2016-12-23,negative,-0.01175200276842702,-0.012327833678476842,-0.0005758309100498231,0.10015857392825897,0.09982758502843395
2016-12-27,positive,0.2859950208596274,0.024882898884826747,-0.26111212197480066,0.8999928915135607,0.9000359525371827
2016-12-27,negative,-0.014635091672059944,-0.015520642760413188,-0.0008855510883532449,0.10004155730533684,0.09997023321303586
2016-12-28,positive,0.009329730535165804,0.010300812752931246,0.0009710822177654427,0.9001721491228067,0.9002747053179825
2016-12-28,negative,-0.03000125670341597,-0.03297495453375131,-0.0029736978303353395,0.10013157894736842,0.09993599232456139
2016-12-29,positive,0.01977237262917312,0.021246215494436022,0.0014738428652629025,0.8997086899275841,0.9002842124753127
2016-12-29,negative,-0.018974106333395094,-0.01861030416490906,0.00036380216848603403,0.10000438885231513,0.10000912058371736
2016-12-30,positive,0.01429260355139359,0.01487668855678933,0.000584085005395741,0.8998642260334211,0.9001517150395777
2016-12-30,negative,-0.023060901704385538,-0.023382981290158245,-0.00032207958577270754,0.1000703605980651,0.09993328111257696
2017-01-03,positive,0.04110915496880567,0.044435750895853644,0.0033265959270479747,0.8999801914823375,0.9000106608341586
2017-01-03,negative,-0.015322751052680878,-0.018761003424057853,-0.0034382523713769753,0.10015736766809728,0.09986048063167163
2017-01-04,positive,0.046646542859898825,0.047286760688740936,0.0006402178288421115,0.9000674342105264,0.899975500274123
2017-01-04,negative,-0.005402887688170875,-0.007990527381598778,-0.002587639693427903,0.10008552631578946,0.09997797672448167
2017-01-05,positive,0.02003741570422555,0.021387198870192713,0.0013497831659671639,0.8998820121520419,0.9001547560171448
2017-01-05,negative,-0.034603723309566826,-0.035825800062698795,-0.001222076753131969,0.10027421576939381,0.09976573661940874
2017-01-06,positive,0.021320358165848943,0.026202486035717808,0.0048821278698688644,0.8997753981328941,0.9002144769357496
2017-01-06,negative,-0.026742762038351776,-0.027634308487643984,-0.0008915464492922076,0.100056562328391,0.09996142229544205
2017-01-09,positive,0.022848409605781616,0.025695381566509502,0.0028469719607278864,0.8998585424922941,0.9001381549977984
2017-01-09,negative,-0.031597631135890675,-0.032477403454376344,-0.0008797723184856693,0.09990808014090709,0.1001102212681638
2017-01-10,positive,0.03634728398803651,0.03591389483108305,-0.0004333891569534565,0.8998000439463855,0.9001418644254011
2017-01-10,negative,-0.017943105065475907,-0.01990367815972951,-0.0019605730942536016,0.10024445176884203,0.09981954515491101
2017-01-11,positive,0.025738038448001176,0.027645414485869102,0.0019073760378679264,0.9000749559082892,0.8999410617835097
2017-01-11,negative,-0.027339615950546646,-0.02833014730468015,-0.0009905313541335031,0.10000992063492062,0.10001901455026456
2017-01-12,positive,0.015217903269808425,0.018530569780151728,0.003312666510343303,0.899920057338185,0.9000889362112691
2017-01-12,negative,-0.030884893547159703,-0.033544009093599995,-0.0026591155464402924,0.10003307972213034,0.0999677817289668
2017-01-13,positive,0.028059737111273454,0.029684281539248174,0.0016245444279747202,0.8998740053050398,0.9000853434460655
2017-01-13,negative,-0.013471132037598015,-0.014018259885489184,-0.0005471278478911684,0.10001878868258178,0.0999944048408488
2017-01-17,positive,0.018252515114983745,0.020904033465800935,0.00265151835081719,0.8998237763783008,0.9001336178322837
2017-01-17,negative,-0.041817679060574264,-0.043337753345353114,-0.0015200742847788495,0.10017622362169924,0.09987525549663022
2017-01-18,positive,0.02359870085711436,0.026774040411511955,0.0031753395543975965,0.8996613545816734,0.9003213534749888
2017-01-18,negative,-0.021103822742407564,-0.02162009926733844,-0.0005162765249308761,0.10013390880920761,0.09990485972775565
2017-01-19,positive,0.013952776399247,0.015244890275062109,0.001292113875815109,0.8998896817388239,0.9001250140150241
2017-01-19,negative,-0.030289791267195366,-0.03237156277191487,-0.0020817715047195054,0.0999344497301107,0.10002803004821167
2017-01-20,positive,0.02518317624495554,0.02649174387859885,0.0013085676336433115,0.8999945887445888,0.9000235690235691
2017-01-20,negative,-0.01608744044964806,-0.0166904564388813,-0.0006030159892332389,0.10026627384960718,0.09977216610549944
2017-01-23,positive,0.017216817927361096,0.01879968190766521,0.0015828639803041125,0.899765997399971,0.9001303224356814
2017-01-23,negative,-0.02656409041856813,-0.027562454681650406,-0.0009983642630822763,0.10025771582647217,0.09979812661498706
2017-01-24,positive,0.04235286670206741,0.04410971652122125,0.0017568498191538398,0.8998255627267765,0.9002275792312879
2017-01-24,negative,-0.01064383161151792,-0.011947501325428251,-0.0013036697139103305,0.09982885399608259,0.09942281757352561
2017-01-25,positive,0.0352913122554348,0.03932635618206253,0.004035043926627735,0.8999453762611657,0.9000646648672964
2017-01-25,negative,-0.01439853059647884,-0.014559206511337297,-0.0001606759148584571,0.10014053563395668,0.09986279802069277
2017-01-26,positive,0.02053367240459399,0.023070326894245298,0.0025366544896513084,0.8998705899363794,0.9001450742240216
2017-01-26,negative,-0.030012181999758226,-0.03137388996907567,-0.0013617079693174425,0.10000289184499711,0.1000297619047619
2017-01-27,positive,0.020852587451880584,0.023412356585864658,0.0025597691339840738,0.8999563451939588,0.8999764071452645
2017-01-27,negative,-0.026888247330486153,-0.030911480923053753,-0.0040232335925676,0.10012021121222334,0.09996573418716996
2017-01-30,positive,0.009375606787272724,0.011570421772867021,0.002194814985594297,0.900298683766453,0.9005113061086737
2017-01-30,negative,-0.03907322292319396,-0.042332315683500515,-0.003259092760306552,0.10010775758160165,0.09992518843514456
2017-01-31,positive,0.03391110387907347,0.03855741875115504,0.004646314872081565,0.9000470420413201,0.8999713901043421
2017-01-31,negative,-0.01938766259479833,-0.024070717764319637,-0.004683055169521309,0.1000976903720088,0.099881072590598
2017-02-01,positive,0.02572646278780195,0.028811452019371665,0.0030849892315697146,0.8999169305062523,0.900087866577121
2017-02-01,negative,-0.024576514224729572,-0.02850702693956748,-0.003930512714837908,0.10005376730947584,0.09996250279829863
2017-02-02,positive,0.027388328068980693,0.03342560631080466,0.006037278241823971,0.9000507455507455,0.8999713804713807
2017-02-02,negative,-0.027220599519330025,-0.028414042159421577,-0.001193442640091552,0.10014293730960397,0.09989281705948372
2017-02-03,positive,0.03820179874929885,0.041022161357618506,0.0028203626083196584,0.8999221611721611,0.9000307559764797
2017-02-03,negative,-0.012484850522671028,-0.013320874930584448,-0.0008360244079134195,0.10043249878776192,0.10010936797121006
2017-02-06,positive,0.017894842792802717,0.019129996919866773,0.001235154127064056,0.8998330679789646,0.9002138917032534
2017-02-06,negative,-0.026539209662856927,-0.030614872303290602,-0.004075662640433676,0.09998733535967579,0.10001125745806597
2017-02-07,positive,0.01688152827325568,0.020231737485216533,0.003350209211960855,0.8999027911840409,0.9001413288288289
2017-02-07,negative,-0.028932262243827483,-0.02912271846557471,-0.0001904562217472268,0.10005184202059203,0.09998198198198198
2017-02-08,positive,0.02516543503506118,0.02564217610171942,0.0004767410666582407,0.900004023238224,0.8999943674664863
2017-02-08,negative,-0.026308197705398363,-0.027403779725320217,-0.0010955820199218536,0.10010054072321731,0.09995099695843192
2017-02-09,positive,0.04098863630534263,0.04202437861861428,0.001035742313271651,0.8999928008365508,0.9000242117117118
2017-02-09,negative,-0.014583977794965036,-0.015898077320576243,-0.0013140995256112065,0.10005578346203348,0.10001463963963961
2017-02-10,positive,0.03210174479055394,0.03594265230028458,0.003840907509730637,0.8999254647914459,0.9001365475387727
2017-02-10,negative,-0.013966159370079953,-0.015507148114123532,-0.0015409887440435786,0.10001192081687697,0.09997752303888514
2017-02-13,positive,0.025968224203180918,0.02694913268344095,0.0009809084802600322,0.900061633158157,0.8999870626617167
2017-02-13,negative,-0.020410116570401454,-0.02090292617018533,-0.0004928095997838756,0.10009257027144305,0.09987850151873101
2017-02-14,positive,0.030015671098894754,0.030664429464818427,0.0006487583659236726,0.8998886535746374,0.9000950415543578
2017-02-14,negative,-0.017170192512820072,-0.0190651196723575,-0.0018949271595374295,0.1000908099088692,0.09992980682839173
2017-02-15,positive,0.029033972256886264,0.034115845676477165,0.005081873419590901,0.8998045504781125,0.900206301154838
2017-02-15,negative,-0.017510501162017654,-0.018502469617332408,-0.000991968455314754,0.09999387343231944,0.1000016818028927
2017-02-16,positive,0.020540752432810998,0.02359078790609757,0.0030500354732865727,0.8997560144892691,0.9002586110176148
2017-02-16,negative,-0.02926896252590353,-0.032313015404440995,-0.0030440528785374635,0.1001013768011412,0.0999369249971951
2017-02-17,positive,0.023468242534387194,0.024865337794082003,0.0013970952596948083,0.8999464886964887,0.9000729517396187
2017-02-17,negative,-0.02020195153012145,-0.02174521961624956,-0.001543268086128112,0.09994861311527978,0.10008922558922559
2017-02-21,positive,0.03263421507331866,0.034596374548056065,0.001962159474737407,0.8998847990896124,0.9001323908897116
2017-02-21,negative,-0.021880746677857065,-0.023135452663832982,-0.0012547059859759173,0.10006611530509206,0.09993212162010547
2017-02-22,positive,0.01675377440610675,0.01789750320412396,0.001143728798017208,0.9001052281612509,0.8999192462987887
2017-02-22,negative,-0.032531216820206994,-0.03595312231853625,-0.0034219054983292557,0.10002623694161379,0.09991363840287124
2017-02-23,positive,0.02096664107744034,0.021625607702455824,0.0006589666250154842,0.8999395943562609,0.9000768799102132
2017-02-23,negative,-0.036443114413083275,-0.0377305703766718,-0.0012874559635885283,0.10013796697130031,0.09991189674523009
2017-02-24,positive,0.02622906660763885,0.02702619049493634,0.0007971238872974892,0.9001876966821616,0.8998709535390809
2017-02-24,negative,-0.027741029069121688,-0.02863855924132324,-0.0008975301722015522,0.10029240746952924,0.09971765626747175
2017-02-27,positive,0.039064955228883966,0.041833703508185646,0.0027687482793016804,0.8999020383060975,0.9001151738790115
2017-02-27,negative,-0.018967488608977498,-0.019453931074470774,-0.000486442465493276,0.10018106739508954,0.09981941183048196
2017-02-28,positive,0.014309794237955614,0.01694293201738047,0.002633137779424855,0.8998555907578085,0.9001461693548387
2017-02-28,negative,-0.041350478193504195,-0.04422572021516694,-0.002875242021662748,0.10027233742959551,0.09978158602150537
2017-03-01,positive,0.05710081419514569,0.05125025982474013,-0.005850554370405561,0.899929314228207,0.9000827462820084
2017-03-01,negative,-0.013042379755497793,-0.017241631061590157,-0.004199251306092364,0.09989269340745358,0.09974337470647433
2017-03-02,positive,0.017005456235454776,0.019366902372504935,0.002361446137050159,0.8998762447338186,0.9001407506702412
2017-03-02,negative,-0.039663107190998095,-0.04139801485604403,-0.0017349076650459358,0.10014733339716583,0.09985757372654155
2017-03-03,positive,0.02215102451984436,0.02252387317069809,0.00037284865085373056,0.9000050352467269,0.8999977621125659
2017-03-03,negative,-0.024456444518219524,-0.027284770279464514,-0.0028283257612449902,0.10016008887610098,0.09985509678863153
2017-03-06,positive,0.012755082950707888,0.01679537058533178,0.004040287634623892,0.89992424969988,0.9001743347338937
2017-03-06,negative,-0.031839010804868666,-0.0327421796784133,-0.0009031688735446353,0.10021536614645861,0.09984513305322129
2017-03-07,positive,0.01259856155196617,0.016580020777514158,0.003981459225547988,0.8999421402107493,0.9000623105422699
2017-03-07,negative,-0.030768169153591512,-0.03215132429809268,-0.001383155144501165,0.10019142247670372,0.0998691939726379
2017-03-08,positive,0.024444291814782255,0.024728962585598622,0.00028467077081636635,0.9000416247625432,0.9000083808246732
2017-03-08,negative,-0.03518616217232024,-0.03587806875599524,-0.0006919065836749963,0.1000974171096531,0.09983741200134093
2017-03-09,positive,0.021059595832624515,0.02246897294488167,0.0014093771122571548,0.8998222275487378,0.9002242729306488
2017-03-09,negative,-0.02864635415560433,-0.03023090106980535,-0.0015845469142010196,0.10028930968360499,0.09978355704697986
2017-03-10,positive,0.028763036284728677,0.030343961096741152,0.0015809248120124755,0.8997821392581219,0.9002177807636322
2017-03-10,negative,-0.019594894540871606,-0.021219960660336688,-0.0016250661194650816,0.09980829214453668,0.10017008873586383
2017-03-13,positive,0.028238364717360624,0.03248035921084524,0.004241994493484613,0.8997653061224492,0.9002974789915967
2017-03-13,negative,-0.01763488117227716,-0.017644538955489973,-9.65778321281377e-06,0.10011528611444578,0.09996806722689076
2017-03-14,positive,0.01131691018053373,0.013346233849373399,0.002029323668839669,0.9000049120621076,0.9000498644190988
2017-03-14,negative,-0.03322761922537261,-0.035405880370797234,-0.0021782611454246245,0.1002759540582419,0.09976140556860115
2017-03-15,positive,0.04371459602480488,0.04578655918077387,0.0020719631559689908,0.9000647465952222,0.8999374860459923
2017-03-15,negative,-0.008309999309194425,-0.01040422527872609,-0.002094225969531665,0.10052405425563497,0.10026906427525986
2017-03-16,positive,0.027539710779551096,0.03293421467449585,0.005394503894944756,0.8999572035386925,0.9000961323496535
2017-03-16,negative,-0.019350300496132934,-0.01996526000496774,-0.0006149595088348059,0.10011186164606686,0.09992465207914153
2017-03-17,positive,0.02742995544464038,0.027699722435850914,0.00026976699121053493,0.9001008553555472,0.8999128686327076
2017-03-17,negative,-0.02494961739067448,-0.024926723967191193,2.2893423483286157e-05,0.09979964572960551,0.1002016309204647
2017-03-20,positive,0.019105979694182117,0.024716661103079678,0.005610681408897561,0.8998745409067883,0.9001231092087767
2017-03-20,negative,-0.027428361536537847,-0.029919020972969133,-0.002490659436431286,0.10008366578014186,0.09996883311170214
2017-03-21,positive,0.0034916125096082344,0.006138719214748946,0.0026471067051407116,0.899927799473254,0.9002159456704911
2017-03-21,negative,-0.0564335678365397,-0.056908090864971186,-0.00047452302843148386,0.1000971250971251,0.10003607503607503
2017-03-22,positive,0.019803936806093925,0.021331921155292886,0.001527984349198961,0.8999439822518023,0.9000571270105381
2017-03-22,negative,-0.023799706743989818,-0.024371544519228232,-0.0005718377752384138,0.1000920687742651,0.09992970049916806
2017-03-23,positive,0.02747270224510704,0.031700698605228,0.004227996360120959,0.8996827375017805,0.9002718234186331
2017-03-23,negative,-0.015434295319540237,-0.0175707744319008,-0.0021364791123605637,0.10007675386538797,0.09997580176138252
2017-03-24,positive,0.02089063617825658,0.026504307794776038,0.005613671616519458,0.8998220226214236,0.9001396512530494
2017-03-24,negative,-0.01655300487757191,-0.0177416543421837,-0.00118864946461179,0.10010942400912462,0.09997394100687515
2017-03-27,positive,0.026857920122527894,0.029380538802948608,0.0025226186804207136,0.9000437140327577,0.8999359852257637
2017-03-27,negative,-0.016739106190378977,-0.018308508971716562,-0.001569402781337586,0.09996292607348382,0.10010357874059317
2017-03-28,positive,0.031082080198973665,0.031918150520171565,0.0008360703211978994,0.899874056813138,0.9000729582778518
2017-03-28,negative,-0.014788127543662235,-0.015171693116178423,-0.0003835655725161879,0.1000782290279627,0.09998834886817576
2017-03-29,positive,0.032751026089778576,0.03304304174934171,0.0002920156595631329,0.9000132890365448,0.9000003806755261
2017-03-29,negative,-0.014544536792977857,-0.016011465315305846,-0.0014669285223279892,0.10003931339977852,0.09996695044296788
2017-03-30,positive,0.029663819528241576,0.031245613142706897,0.0015817936144653204,0.8998579198579199,0.9000222693972694
2017-03-30,negative,-0.018434877199716086,-0.01942539165131476,-0.000990514451598673,0.099990564990565,0.10014263514263513
2017-03-31,positive,0.024475564234819662,0.025823165838086536,0.0013476016032668743,0.8999779013401767,0.8999923070525615
2017-03-31,negative,-0.015612759226791947,-0.017602319711095934,-0.001989560484303987,0.10005932579285873,0.09999241101131072
2017-04-03,positive,0.012191562814033241,0.01447722912359877,0.002285666309565528,0.8998057123879111,0.9002048737960813
2017-04-03,negative,-0.03508047951391199,-0.03659933549168729,-0.0015188559777753047,0.09993136278091444,0.10006472794199048
2017-04-04,positive,0.018394737784293312,0.023594933598202195,0.0052001958139088825,0.8997288623284639,0.9002478627158036
2017-04-04,negative,-0.02565743847104484,-0.029538078347811785,-0.0038806398767669455,0.09991644532979194,0.10011481850376273
2017-04-05,positive,0.01075128533822121,0.012219968087182672,0.0014686827489614612,0.8997868925052585,0.9002230017712829
2017-04-05,negative,-0.03519665328361617,-0.03550007794852865,-0.00030342466491248277,0.10001494520092993,0.0999873726890291
2017-04-06,positive,0.030759481133437204,0.03300204082143095,0.0022425596879937434,0.8997516078953206,0.9002108976491462
2017-04-06,negative,-0.010786988559100413,-0.01053780102423546,0.00024918753486495235,0.09989576402750056,0.10015385894876913
2017-04-07,positive,0.02038050518039398,0.02110074524823722,0.0007202400678432384,0.8999147286821705,0.900094407530454
2017-04-07,negative,-0.020246302251252762,-0.01997321563115519,0.00027308662009757276,0.10007364341085272,0.09995888704318937
2017-04-10,positive,0.02573330357583839,0.031783583092569734,0.006050279516731344,0.8997485632183908,0.9002105437665783
2017-04-10,negative,-0.01990545170192044,-0.021463535566591432,-0.0015580838646709928,0.10005857648099026,0.09995541141688771
2017-04-11,positive,0.024975842672260152,0.02680638119440466,0.0018305385221445078,0.8997772988505748,0.9002188328912466
2017-04-11,negative,-0.016272600608885184,-0.018237590787441797,-0.0019649901785566137,0.10008454907161804,0.09993316893236075
2017-04-12,positive,0.0102516012856042,0.011847048367674204,0.0015954470820700034,0.8999628644274471,0.9000008313934156
2017-04-12,negative,-0.03509801825794552,-0.03570661084194095,-0.0006085925839954265,0.1002466467132247,0.09980219764992795
2017-04-18,positive,0.018115865402502287,0.019199194324001835,0.0010833289214995483,0.8998248053837179,0.9001728768042968
2017-04-18,negative,-0.021673551600136513,-0.023211290467468865,-0.001537738867332352,0.10012384309212104,0.09990097348103391
2017-04-19,positive,0.022449070633926566,0.025458412203470282,0.0030093415695437165,0.8999380503295962,0.9000595037610868
2017-04-19,negative,-0.022901679482388075,-0.023162681508140767,-0.0002610020257526914,0.10004358530208983,0.09997810710676996
2017-04-20,positive,0.03376120328546507,0.03566113655243913,0.0018999332669740604,0.8998022422171967,0.900195913326597
2017-04-20,negative,-0.012979736817552406,-0.015309004887679,-0.0023292680701265944,0.10007449999198062,0.09993993488267654
2017-04-21,positive,0.016088781112142618,0.017611050226555156,0.0015222691144125382,0.8999801855245811,0.9000731487733514
2017-04-21,negative,-0.023662192017262662,-0.02612922251021395,-0.0024670304929512894,0.10011305906562488,0.0998953409858204
2017-04-24,positive,0.032945306969891855,0.0346071385246828,0.0016618315547909449,0.8999281456847246,0.9001248313090418
2017-04-24,negative,-0.014708122974350046,-0.014434447911605022,0.0002736750627450237,0.10005325814536344,0.0999460188933873
2017-04-25,positive,0.03355079777687893,0.03580684290961056,0.0022560451327316294,0.899582591041135,0.9003274912931131
2017-04-25,negative,-0.01382249152941408,-0.016540090260171662,-0.002717598730757583,0.09995245317540566,0.10009258088978765
2017-04-26,positive,0.03065365248199401,0.032119974464950865,0.0014663219829568544,0.8997594170799428,0.9001668351870575
2017-04-26,negative,-0.02021831772976041,-0.02141713159053214,-0.0011988138607717282,0.10026553998748133,0.09982642399730365
2017-04-27,positive,0.02659329319853696,0.028034850813384814,0.0014415576148478527,0.8997446974072647,0.9002515723270441
2017-04-27,negative,-0.030436166176078243,-0.03260071575951672,-0.00216454958343848,0.09999887690925427,0.10002077717879605
2017-04-28,positive,0.01714793783234184,0.01944011003877239,0.0022921722064305518,0.8999905115710588,0.9000287065180684
2017-04-28,negative,-0.03485170775000439,-0.037891095147927024,-0.003039387397922637,0.10012809379070778,0.09984577282449622
2017-05-01,positive,0.28147460137506136,0.027511894577455776,-0.2539627067976056,0.8998911174324606,0.9001259984250197
2017-05-01,negative,-0.02130304842249976,-0.023494141174379816,-0.002191092751880057,0.10005215113382512,0.09995162560467993
2017-05-02,positive,0.02249641095776172,0.02702096320832047,0.004524552250558752,0.8997193877551022,0.9002544572331302
2017-05-02,negative,-0.03012384805510824,-0.03265991786846828,-0.002536069813360041,0.10001583808879003,0.100018054615211
2017-05-03,positive,0.020715450837076196,0.0224870121068239,0.0017715612697477047,0.8998139048909974,0.900096577431379
2017-05-03,negative,-0.03925023841944126,-0.04016050032445124,-0.0009102619050099792,0.10026754449661938,0.09984299107647124
2017-05-04,positive,0.02839496161247731,0.03008753912451731,0.0016925775120400013,0.8998351990049752,0.9001882632293079
2017-05-04,negative,-0.04416357610420745,-0.04695605695900731,-0.002792480854799856,0.10000201912515345,0.099983039348711
2017-05-05,positive,0.04264808979717878,0.044080658390981034,0.0014325685938022525,0.899876101544183,0.9001485366642413
2017-05-05,negative,-0.021037399356385898,-0.02658667758410362,-0.005549278227717721,0.100173579109063,0.09985851726089416
2017-05-08,positive,0.0234077447063949,0.024250820686761966,0.0008430759803670675,0.8997934756245455,0.9002059988681379
2017-05-08,negative,-0.02803380373011024,-0.03046351054157994,-0.0024297068114697007,0.10013513622766594,0.09989134125636673
2017-05-09,positive,0.03089320136988171,0.034885598030743384,0.003992396660861673,0.8999195689836628,0.9000969058143488
2017-05-09,negative,-0.025496535968758293,-0.027060420553833786,-0.001563884585075493,0.09987552824598048,0.10015640938456308
2017-05-10,positive,0.03703365798972395,0.03739678281694424,0.0003631248272202847,0.8999411422758321,0.900153159263027
2017-05-10,negative,-0.022090759613864745,-0.025252026570929516,-0.0031612669570647706,0.10001433092735228,0.09987679439357974
2017-05-11,positive,0.02027448891060452,0.023076189592700105,0.0028017006820955856,0.8999726142148333,0.9000538402522716
2017-05-11,negative,-0.030794569185965143,-0.03336540075298835,-0.0025708315670232053,0.1001406743346865,0.09984833107803337
2017-05-12,positive,0.019716739292100428,0.021327078572449136,0.0016103392803487084,0.8997638313585716,0.9003017532029668
2017-05-12,negative,-0.029100107701518406,-0.03085706707755797,-0.001756959376039563,0.10004085990431237,0.09991627331984716
2017-05-15,positive,0.030349548020823035,0.03219490492311404,0.0018453569022910052,0.9001286599099098,0.899929617117117
2017-05-15,negative,-0.014461514181809012,-0.01698291668679701,-0.0025214025049879966,0.10025160875160877,0.0998231981981982
2017-05-16,positive,0.018610764891798654,0.021515527392170785,0.002904762500372131,0.8999018780926675,0.9001175213675212
2017-05-16,negative,-0.025087212685686866,-0.02552354761045062,-0.0004363349247637552,0.10014925133346186,0.099852114260009
2017-05-17,positive,0.004997039017157693,0.006206912945555482,0.0012098739283977894,0.899773139454636,0.9000235064340221
2017-05-17,negative,-0.055139935498631144,-0.0543495541335389,0.0007903813650922409,0.10010099186287255,0.09999213571508818
2017-05-18,positive,0.02596143599995258,0.027543023943858956,0.0015815879439063756,0.899976230559564,0.9000022446689113
2017-05-18,negative,-0.02005543386365604,-0.023296566244063975,-0.003241132380407935,0.10017981401314732,0.09985858585858584
2017-05-19,positive,0.03335858903827503,0.03518547930070108,0.0018268902624260508,0.9001028193168887,0.8999158532480646
2017-05-19,negative,-0.01570923563942416,-0.016137891751659847,-0.0004286561122356855,0.09998689714862721,0.10004487826769888
2017-05-22,positive,0.02901910670175582,0.03157346809453286,0.0025543613927770416,0.8998531225473707,0.9001900437268752
2017-05-22,negative,-0.015732703174965067,-0.016784175607375586,-0.0010514724324105183,0.10013946951131614,0.09986713757147662
2017-05-23,positive,0.02140505153581998,0.02282917598111252,0.0014241244452925413,0.8999966307277628,0.8999697467430368
2017-05-23,negative,-0.0209909496025827,-0.022159247195439734,-0.001168297592857033,0.10012317898857656,0.09989555256064689
2017-05-24,positive,0.022098187478052086,0.026677136927283112,0.004578949449231026,0.8999937301051413,0.9000191312176458
2017-05-24,negative,-0.02101606068612093,-0.02478574848092063,-0.003769687794799699,0.10003058583325294,0.09997693000225073
2017-05-25,positive,0.022424066716678483,0.026001219728905102,0.0035771530122266186,0.8999412214970592,0.9000558375634519
2017-05-25,negative,-0.026909989043928995,-0.028691966731619372,-0.0017819776876903774,0.10015611151397955,0.0998623801466441
2017-05-26,positive,0.02060213906749527,0.021570264088260894,0.0009681250207656256,0.9001475015293474,0.8998546315077753
2017-05-26,negative,-0.021870119712549957,-0.022584867627726594,-0.0007147479151766375,0.10018911587623554,0.09979997746224928
2017-05-30,positive,0.012871441722842842,0.014823825940116669,0.0019523842172738271,0.9001630540199788,0.8998506449422946
2017-05-30,negative,-0.034538775907578104,-0.036229413076974464,-0.0016906371693963598,0.10004962337956227,0.09993558659037274
2017-05-31,positive,0.018557327762035364,0.021066825378839645,0.0025094976168042807,0.899865117068205,0.9001651699872347
2017-05-31,negative,-0.023633191239420235,-0.02447380326039405,-0.000840612020973814,0.10013391342285131,0.09985295781020247
2017-06-01,positive,0.042749282952029656,0.04463349176091329,0.001884208808883632,0.8998798627925746,0.9002749546004842
2017-06-01,negative,-0.0046392879640617685,-0.006567264926574492,-0.0019279769625127237,0.10003535842688387,0.09965552131484334
2017-06-02,positive,0.027663029143630936,0.029711595353969063,0.002048566210338127,0.8999567503392129,0.9001158977838083
2017-06-02,negative,-0.020245249261501744,-0.023618943373362077,-0.0033736941118603335,0.10018119629127094,0.09980777928539122
2017-06-05,positive,0.015541343706808788,0.01809781867274252,0.002556474965933732,0.8998800248419151,0.900118563685637
2017-06-05,negative,-0.02800353608679449,-0.02957948809764659,-0.001575952010852099,0.10010122273841789,0.09993676603432702
2017-06-06,positive,0.024028736481805226,0.024302482844811894,0.0002737463630066682,0.9000845609614266,0.899950248756219
2017-06-06,negative,-0.02436960649159889,-0.02506251842969432,-0.0006929119380954321,0.1000040382503069,0.09998021257349615
2017-06-07,positive,0.020996560812754073,0.022213564847819917,0.0012170040350658433,0.8998627712989957,0.9001530207321025
2017-06-07,negative,-0.03255326709342586,-0.03387411401688166,-0.0013208469234557985,0.1002151765468092,0.09985997732426304
2017-06-08,positive,0.03734012110027542,0.03750194122704166,0.00016182012676624336,0.9000236558618011,0.8999920742753623
2017-06-08,negative,-0.01740941070231306,-0.01915167144578881,-0.0017422607434757521,0.10003615100931677,0.0999603713768116
2017-06-09,positive,0.037880450728169646,0.03956636418817897,0.0016859134600093265,0.8997495225146483,0.9002560616360752
2017-06-09,negative,-0.033220711025240574,-0.0346935430241421,-0.0014728319989015248,0.100086756660516,0.09992012236573758
2017-06-12,positive,0.023892368510588353,0.024186336976540396,0.00029396846595204293,0.9001298370672097,0.8998789318850419
2017-06-12,negative,-0.026115591660121347,-0.026393003119147457,-0.0002774114590261105,0.09992819157534026,0.10004582484725048
2017-06-13,positive,0.03058192073436326,0.030567101721645663,-1.4819012717597058e-05,0.9000023769236968,0.8999904973410683
2017-06-13,negative,-0.014076998321199352,-0.015182194191475392,-0.0011051958702760403,0.100082910321489,0.09993683023124647
2017-06-14,positive,0.015779084850650722,0.017088787778165162,0.0013097029275144396,0.8998113161846628,0.9002514976828303
2017-06-14,negative,-0.03555476597523845,-0.03588595159509572,-0.00033118561985727435,0.0998546319171955,0.1000768622131796
2017-06-15,positive,0.012719797912243725,0.015849099102662197,0.003129301190418472,0.8997757231488196,0.9002261703327692
2017-06-15,negative,-0.03225714651296852,-0.03284978995183035,-0.0005926434388618257,0.10030972524373541,0.09968415115623237
2017-06-16,positive,0.02560582994346548,0.029481504308169794,0.0038756743647043145,0.8996683039747065,0.9002331752484192
2017-06-16,negative,-0.024547930240385145,-0.026851829039574455,-0.0023038987991893106,0.10012856497612595,0.09990176151761516
2017-06-19,positive,0.03612270158762641,0.041650108183207774,0.005527406595581361,0.8998800282853608,0.9001012487343909
2017-06-19,negative,-0.016003368100372794,-0.018525227152573324,-0.00252185905220053,0.1000948202433184,0.09991056361795478
2017-06-20,positive,0.013361546160125503,0.018058497249311672,0.004696951089186168,0.899891869762065,0.9001758822207238
2017-06-20,negative,-0.03314576954594585,-0.033793396095853086,-0.0006476265499072362,0.1000060607520149,0.09994942683749157
2017-06-21,positive,0.025930716805337796,0.028325688349896995,0.002394971544559199,0.8998567488461106,0.9001604187774401
2017-06-21,negative,-0.03314361765604278,-0.033401698415395906,-0.00025808075935312286,0.10015165404223156,0.099822695035461
2017-06-22,positive,0.02903568824156111,0.030534969296732762,0.0014992810551716536,0.8998343598133088,0.9001622319523971
2017-06-22,negative,-0.01651349366969867,-0.01747048600545057,-0.0009569923357519022,0.09997922981924331,0.10000729763107667
2017-06-23,positive,0.03682695474526056,0.039226603284488966,0.002399648539228409,0.9000557099726842,0.8999512887174326
2017-06-23,negative,-0.01529797551333511,-0.016175599059497014,-0.0008776235461619031,0.10010071724093864,0.09989712624398972
2017-06-26,positive,0.033489180600390106,0.038142856969517726,0.00465367636912762,0.8996149256969304,0.9003809049246121
2017-06-26,negative,-0.018652301125712662,-0.020796713663001815,-0.0021444125372891525,0.10024840004338864,0.09976017599522724
2017-06-27,positive,0.014878545254323009,0.01731661431319529,0.0024380690588722814,0.8998627570346323,0.900143804112554
2017-06-27,negative,-0.036322320921254335,-0.03825491820283036,-0.0019325972815760276,0.10000270562770563,0.10005475514069262
2017-06-28,positive,0.038731493830658194,0.04088072967118731,0.002149235840529118,0.9000949913644213,0.8999748691170121
2017-06-28,negative,-0.009265570218200188,-0.011519182857822613,-0.002253612639622425,0.0998809909326425,0.09968642055267704
2017-06-29,positive,0.019867429638620576,0.02058407370824672,0.000716644069626144,0.8999346087332469,0.9000781587764808
2017-06-29,negative,-0.029987125721218928,-0.03241776575706966,-0.00243064003585073,0.09997243839169909,0.10001695579334198
2017-06-30,positive,0.0198856576290551,0.020106030075853265,0.00022037244679816437,0.9000842787682334,0.8999207522960562
2017-06-30,negative,-0.021550605089228243,-0.02452794532751701,-0.0029773402382887657,0.10004105888708806,0.09997335899513776
2017-07-03,positive,0.032675943636325935,0.03348440480182577,0.0008084611654998325,0.900071720203331,0.8999188838416613
2017-07-03,negative,-0.015952693084535355,-0.017990178764983208,-0.002037485680447853,0.10018764871295696,0.09981657608695652
2017-07-05,positive,0.01973239539458055,0.021432766158618693,0.001700370764038145,0.8999712737127371,0.90008722899729
2017-07-05,negative,-0.03292053949806292,-0.03371069305564569,-0.0007901535575827665,0.09995392953929541,0.10011792005420055
2017-07-07,positive,0.029711225274913527,0.03202544800275695,0.0023142227278434256,0.8996630917560393,0.9003581681291302
2017-07-07,negative,-0.01648721727820708,-0.016280328706899848,0.00020688857130723298,0.10007908135629942,0.09993828539703173
2017-07-10,positive,0.02195475706710546,0.023596429673058795,0.0016416726059533364,0.8998250460405156,0.9001641547502981
2017-07-10,negative,-0.02786084958790274,-0.028125357658973643,-0.00026450807107090274,0.09988137796555087,0.10013030142996424
2017-07-11,positive,0.02515893791570379,0.029131282521026446,0.003972344605322656,0.9001577235772358,0.8999061991869919
2017-07-11,negative,-0.01677780851666478,-0.01680701480391508,-2.9206287250300306e-05,0.10013008130081302,0.09995386178861788
2017-07-12,positive,0.028417162126333283,0.030141304635276166,0.0017241425089428823,0.899992947048611,0.9000255669487848
2017-07-12,negative,-0.012401168128633764,-0.013192522474819496,-0.0007913543461857322,0.10009765625,0.09990549723307292
2017-07-13,positive,0.025815960302244097,0.02962415011415783,0.003808189811913734,0.8999321831597221,0.900083991156684
2017-07-13,negative,-0.01824981488003579,-0.019029113655767396,-0.0007792987757316051,0.09998589409722222,0.10001553005642363
2017-07-14,positive,0.02230127414503985,0.022621798175857792,0.00032052403081794106,0.9000238793009876,0.8999620102029742
2017-07-14,negative,-0.015936888042013778,-0.01746131437216904,-0.001524426330155263,0.10006349723217194,0.0999363331705199
2017-07-17,positive,0.021656202595118752,0.023910733300065802,0.0022545307049470498,0.8997427548029957,0.900259280364702
2017-07-17,negative,-0.018425441517628042,-0.018284367188379946,0.00014107432924809551,0.10001248236187994,0.09998619477911647
2017-07-18,positive,0.01731057383551718,0.01856598978727696,0.0012554159517597814,0.8998900918635172,0.9001398116251093
2017-07-18,negative,-0.02337125475080972,-0.024735442764689353,-0.0013641880138796324,0.10003663604549431,0.09991527914479441
2017-07-19,positive,0.033090063416420984,0.03369351272669069,0.0006034493102697047,0.9000508363397837,0.9000472149338581
2017-07-19,negative,-0.01279647324453157,-0.01223800719817594,0.0005584660463556299,0.09980977369629387,0.10012811577566416
2017-07-20,positive,0.020567012689501753,0.023096583220990764,0.002529570531489011,0.9000481347773766,0.8999789410348976
2017-07-20,negative,-0.02441017732330287,-0.02520144283278631,-0.0007912655094834409,0.09992779783393503,0.10005575839623673
2017-07-21,positive,0.01657747030337884,0.017630941204333186,0.0010534709009543466,0.8998120218579236,0.9003208333333335
2017-07-21,negative,-0.025290662053734064,-0.02572798524341629,-0.00043732318968222467,0.100272131147541,0.09989398907103823
2017-07-24,positive,0.02360615182382957,0.02791700306662176,0.00431085124279219,0.9000054591112565,0.8999811319467191
2017-07-24,negative,-0.022941459643555227,-0.02398732221338807,-0.0010458625698328422,0.10023474178403755,0.09976948902718637
2017-07-25,positive,0.0345084637049713,0.03542451680242031,0.0009160530974490072,0.8998980742889373,0.9000964467005076
2017-07-25,negative,-0.01897663907817873,-0.020252607222929833,-0.0012759681447511023,0.10011453549270807,0.09991088550479413
2017-07-26,positive,0.023383292324764327,0.022797355512109478,-0.0005859368126548484,0.9003168144165095,0.8997937153837461
2017-07-26,negative,-0.030900485100559004,-0.03108361949034229,-0.00018313438978328697,0.09994493694391965,0.09993387589013224
2017-07-27,positive,0.023944212823649398,0.026283041292963737,0.0023388284693143385,0.899982369306418,0.9000350996376811
2017-07-27,negative,-0.03950367160450973,-0.040781966033203484,-0.0012782944286937534,0.10019385675465839,0.09981317934782608
2017-07-28,positive,0.024271141162697185,0.026054259833515604,0.0017831186708184184,0.9000331273517581,0.8999409627611265
2017-07-28,negative,-0.031568801855632385,-0.03359820949870469,-0.0020294076430723076,0.10020918483197092,0.09979028804982484
2017-07-31,positive,0.02059972303258744,0.020929214220158244,0.00032949118757080384,0.8998700708114077,0.900143246930423
2017-07-31,negative,-0.028816641373842274,-0.029745509950869976,-0.0009288685770277028,0.09990429903202755,0.10009606639381537
2017-08-01,positive,0.02616023036422869,0.026591231891201505,0.0004310015269728164,0.8998135852911133,0.9001759164680514
2017-08-01,negative,-0.02640158356733146,-0.02709066047902948,-0.0006890769116980194,0.10003108938502196,0.09999205538531382
2017-08-02,positive,0.01792973309832241,0.020078740117125984,0.0021490070188035747,0.8999393027095269,0.9000776116020848
2017-08-02,negative,-0.04308208148585573,-0.043982533544303044,-0.0009004520584473125,0.1002126023760966,0.09979549059596646
2017-08-03,positive,0.0277804900836643,0.02823251653123155,0.0004520264475672518,0.899966090695222,0.9000329358319137
2017-08-03,negative,-0.039139477781744265,-0.043885759605394134,-0.0047462818236498686,0.10000442118925937,0.10004713231118682
2017-08-04,positive,0.03785851471715769,0.04067642778410661,0.002817913066948917,0.899833836123005,0.9001555404178019
2017-08-04,negative,-0.027233111301177487,-0.028707956382967952,-0.0014748450817904657,0.10002708576618657,0.09999205267938238
2017-08-07,positive,0.025849513544149987,0.030029746143510356,0.004180232599360369,0.8999511090587987,0.900049903595327
2017-08-07,negative,-0.025023944287594108,-0.028723919496612883,-0.0036999752090187757,0.10012164001361006,0.09993591924690938
2017-08-08,positive,0.023388881262109928,0.026005702696485233,0.002616821434375305,0.899883260447036,0.9001649659863945
2017-08-08,negative,-0.03157598289664924,-0.03540654425833544,-0.003830561361686198,0.10028506640751537,0.09979308390022675
2017-08-09,positive,0.020820931870136592,0.02287864492739756,0.0020577130572609695,0.9000126250364182,0.9000045320643553
2017-08-09,negative,-0.038664694577889756,-0.040998127158159495,-0.0023334325802697384,0.10024643099932021,0.09975866757307954
2017-08-10,positive,0.00941389231327335,0.009984838979907974,0.0005709466666346235,0.9004594266277939,0.9002084750566894
2017-08-10,negative,-0.04920969316435138,-0.05201788854417464,-0.0028081953798232626,0.09999214447683835,0.10003798185941042
2017-08-11,positive,0.02969215867258294,0.02999204317885708,0.00029988450627414093,0.900101867572156,0.8998970005659309
2017-08-11,negative,-0.01963099866509539,-0.020862553296480263,-0.0012315546313848742,0.10032989732395503,0.09973853989813243
2017-08-14,positive,0.03729649051769132,0.037890443282859204,0.0005939527651678822,0.8999261961316591,0.9001051917203936
2017-08-14,negative,-0.01308777832192318,-0.014508372950980558,-0.001420594629057378,0.10023979187874674,0.10012724804886323
2017-08-15,positive,0.014570189413770144,0.015882579115209332,0.0013123897014391886,0.8999531244948761,0.9000775062231273
2017-08-15,negative,-0.03264103898245395,-0.034058262958738664,-0.001417223976284715,0.1001217146736495,0.09986535415252319
2017-08-16,positive,0.02131285045876246,0.024015109603687048,0.002702259144924588,0.8998139704098957,0.900175438596491
2017-08-16,negative,-0.019946045370074404,-0.02157806438143528,-0.001632019011360876,0.10026752364782925,0.09976513865308433
2017-08-17,positive,0.004588440714585418,0.005795153206159266,0.001206712491573848,0.899902479566481,0.9002906808325319
2017-08-17,negative,-0.038020145942531364,-0.038306208246115137,-0.0002860623035837728,0.09992838510021225,0.10008619711920155
2017-08-18,positive,0.01925450784802323,0.020634919215118053,0.0013804113670948248,0.8998655614264708,0.9001724917995702
2017-08-18,negative,-0.021261787322026646,-0.02254628766917747,-0.001284500347150823,0.09999915167967424,0.09998642687478793
2017-08-21,positive,0.01830614065958469,0.019518798223513267,0.0012126575639285764,0.8998270830293302,0.9001713766882306
2017-08-21,negative,-0.022936850270022357,-0.024514467622889693,-0.001577617352867336,0.10000867422215735,0.09997616615594145
2017-08-22,positive,0.03178429930641147,0.03405914928206342,0.0022748499756519505,0.8999712197017535,0.9000107673127056
2017-08-22,negative,-0.009815471383097204,-0.011379595148952827,-0.0015641237658556226,0.10016944349994332,0.09983509010540632
2017-08-23,positive,0.022806645215586202,0.025081541697638182,0.00227489648205198,0.8999866238630284,0.9000425604358189
2017-08-23,negative,-0.019317477401159557,-0.020633999113930587,-0.0013165217127710307,0.10013432884219402,0.09988764044943821
2017-08-24,positive,0.027753614621517923,0.029103513494500955,0.0013498988729830318,0.899893419795664,0.900150742377876
2017-08-24,negative,-0.0162411180099152,-0.01767851081227379,-0.001437392802358592,0.10013264843509657,0.09987532585288451
2017-08-25,positive,0.02585491164474723,0.02760540436527874,0.0017504927205315123,0.8999123958637231,0.9001508557813865
2017-08-25,negative,-0.017113554887984907,-0.01847284078027444,-0.0013592858922895322,0.1001233832539142,0.0998655547991831
2017-08-28,positive,0.028609857290844927,0.030991690440165764,0.002381833149320837,0.9000763885506471,0.9000386407546312
2017-08-28,negative,-0.01987866721190311,-0.020007362503829108,-0.00012869529192599885,0.09997860958225772,0.09992328673712922
2017-08-29,positive,0.021498646684300227,0.023511525140378586,0.0020128784560783583,0.900031924745333,0.899953372000455
2017-08-29,negative,-0.017738238427102683,-0.0200009850250933,-0.0022627465979906183,0.09991263342593945,0.10009382463323098
2017-08-30,positive,0.02801091686736785,0.029312796670861042,0.001301879803493191,0.8999909207869194,0.9000159598723212
2017-08-30,negative,-0.015134302830062656,-0.015428220815902022,-0.0002939179858393662,0.10023011530193474,0.099781121751026
2017-08-31,positive,0.03391873503971273,0.03528889339247833,0.0013701583527655978,0.9000739309760192,0.8999338126212486
2017-08-31,negative,-0.011412772894501749,-0.012775829112972797,-0.0013630562184710482,0.1001832787205947,0.09982197877439232
2017-09-01,positive,0.028788245843927102,0.03083863554582289,0.0020503897018957877,0.9000411426606405,0.8999607404860155
2017-09-01,negative,-0.012043246152725087,-0.014142560545982901,-0.002099314393257815,0.10013214776969934,0.09990879020108732
2017-09-05,positive,0.016306409332630414,0.024515561389840696,0.008209152057210282,0.8998059220242197,0.9000040202159431
2017-09-05,negative,-0.03518132231632889,-0.036412498599787194,-0.001231176283458306,0.10032982179777494,0.09989202848610154
2017-09-06,positive,0.02827269661131912,0.0297203093277915,0.0014476127164723789,0.8999422015182883,0.9001859246113906
2017-09-06,negative,-0.018433751608651093,-0.01879074893988426,-0.00035699733123316715,0.10012200532386868,0.09970069670380229
2017-09-07,positive,0.0272912070531592,0.030948214547654007,0.0036570074944948065,0.8999469760346441,0.8999351245837639
2017-09-07,negative,-0.029803409228176175,-0.03090170259483569,-0.0010982933666595154,0.10035492839919298,0.09980192903892524
2017-09-08,positive,0.023870224345663868,0.027106899598265677,0.003236675252601809,0.8999829756161596,0.899835171146336
2017-09-08,negative,-0.027862485244295417,-0.028755946457333138,-0.000893461213037721,0.10032284795379212,0.09986421515539365
2017-09-11,positive,0.03499686715738644,0.03724383472986994,0.0022469675724835006,0.8999443349753694,0.900371264367816
2017-09-11,negative,-0.014524015599699323,-0.015788946081719706,-0.0012649304820203829,0.10019495073891627,0.10001750261233018
2017-09-12,positive,0.030013264482906126,0.03122970215336786,0.0012164376704617355,0.8997928464733016,0.8999459956336894
2017-09-12,negative,-0.0185679107318183,-0.01987281865221411,-0.0013049079203958092,0.10031331560545624,0.09997414684591521
2017-09-13,positive,0.028465147064569846,0.030204957210198356,0.0017398101456285106,0.8998116480488166,0.900098338336368
2017-09-13,negative,-0.019860377816964973,-0.021302929043647358,-0.001442551226682385,0.10017514722044518,0.09993291012581401
2017-09-14,positive,0.02084752550534553,0.02639495127664305,0.005547425771297517,0.8998784508636387,0.9000326427505208
2017-09-14,negative,-0.02265425815959361,-0.023608888366015105,-0.0009546302064214959,0.10001845381624921,0.10011597198300608
2017-09-15,positive,0.02754127129529661,0.028915634981969123,0.001374363686672514,0.8998673469387756,0.900126792885829
2017-09-15,negative,-0.019765839479618255,-0.019815384202188167,-4.9544722569912214e-05,0.100058396852717,0.09996041308089501
2017-09-18,positive,0.031370210104323164,0.03390878291903018,0.002538572814707013,0.8997791427923989,0.9002580039493704
2017-09-18,negative,-0.020600845060040767,-0.020310878827167245,0.0002899662328735217,0.09990247968664012,0.10009120779515071
2017-09-19,positive,0.01986742396804313,0.022904743385603932,0.003037319417560802,0.8999625123208428,0.9000622101572219
2017-09-19,negative,-0.02255180331545084,-0.025093699112559653,-0.002541895797108812,0.09984047538255206,0.10010632281416129
2017-09-20,positive,0.0271028254378727,0.02961724461197483,0.002514419174102129,0.8999113192024778,0.9000649277326106
2017-09-20,negative,-0.01978241597719806,-0.020865294160542457,-0.0010828781833443976,0.1000704526390502,0.09996443089430894
2017-09-21,positive,0.01737577064677187,0.020515735524445626,0.003139964877673755,0.899865476996486,0.900116226585421
2017-09-21,negative,-0.022057794211307883,-0.023016395631360726,-0.0009586014200528431,0.10007383048005931,0.09996332656285264
2017-09-22,positive,0.025735545224567846,0.026669240819511296,0.0009336955949434504,0.8997726504394861,0.9002270678386296
2017-09-22,negative,-0.015671741943426257,-0.02001992140636257,-0.004348179462936315,0.1001125277697286,0.09990928555330178
2017-09-25,positive,0.027282989878962806,0.0301758158467633,0.002892825967800494,0.8999467905405407,0.9001362612612611
2017-09-25,negative,-0.025359083177363507,-0.025481594455396016,-0.00012251127803250897,0.10002360842985843,0.10004448198198197
2017-09-26,positive,0.025542642725280763,0.028049562139694506,0.0025069194144137427,0.8997921779018109,0.9002374887728752
2017-09-26,negative,-0.019962287154100488,-0.025089269476798643,-0.005126982322698155,0.09995938186658967,0.10005557426743013
2017-09-27,positive,0.042609198979088866,0.04318099299317543,0.0005717940140865657,0.9000707158073455,0.8999478641103262
2017-09-27,negative,-0.01488855006969481,-0.018101194901752285,-0.0032126448320574756,0.10028462511812664,0.09975231948648952
2017-09-28,positive,0.027799286346493878,0.02894317467977735,0.0011438883332834729,0.8999692407123707,0.900045799821269
2017-09-28,negative,-0.020112928207003722,-0.02303889324722414,-0.00292596504022042,0.1000262910123835,0.09997542448614835
2017-09-29,positive,0.026629688123425966,0.0312344814352191,0.004604793311793132,0.9001947545885421,0.8998574927633044
2017-09-29,negative,-0.018756847609709065,-0.018980697621947613,-0.0002238500122385481,0.10008449438559659,0.09988476953907816
2017-10-02,positive,0.038097803128336535,0.041490142102507635,0.0033923389741710996,0.9000435859572237,0.9001929809936644
2017-10-02,negative,-0.013522034905660136,-0.01891280207470251,-0.005390767169042375,0.0999360898077137,0.09981827275758587
2017-10-03,positive,0.02392247740419176,0.026176222205888576,0.002253744801696815,0.9000843320017754,0.8998988848202398
2017-10-03,negative,-0.01899884802183505,-0.019982961434600086,-0.0009841134127650357,0.09997447847314692,0.10009209942299158
2017-10-04,positive,0.020916753320624797,0.025268267559654927,0.00435151423903013,0.8997416801497412,0.9001021194203863
2017-10-04,negative,-0.024006667044881837,-0.026073343041155862,-0.0020666759962740255,0.10020042194092826,0.09999944481456806
2017-10-05,positive,0.06169032912807297,0.028077109005496138,-0.03361322012257684,0.8998729422163295,0.9000898726660038
2017-10-05,negative,-0.015660535477878705,-0.015997009107655513,-0.0003364736297768074,0.10010717047840019,0.09993771406474422
2017-10-06,positive,0.01658484998454076,0.01930000875475977,0.002715158770219009,0.8998860459606728,0.9001435185185185
2017-10-06,negative,-0.026075908749604686,-0.02656224819988015,-0.00048633945027546505,0.10003316749585404,0.09998237976782753
2017-10-09,positive,0.015334501451835802,0.016745461012087154,0.001410959560251352,0.8999389134184748,0.900022917359034
2017-10-09,negative,-0.029600093433532797,-0.03014137758748024,-0.0005412841539474411,0.10006148222000663,0.09995693475130166
2017-10-10,positive,0.02196142134967237,0.02730870581525534,0.005347284465582972,0.8999534574468084,0.9000127437943262
2017-10-10,negative,-0.0182077982784845,-0.01771298374550248,0.0004948145329820193,0.09999390514184395,0.10002739223182625
2017-10-11,positive,0.019471027402864154,0.02125349895217194,0.0017824715493077875,0.8999807142857141,0.9003
2017-10-11,negative,-0.019383263865069868,-0.021948877511258107,-0.0025656136461882396,0.1002961111111111,0.10003722222222222
2017-10-12,positive,0.016958395718456233,0.020281027346595037,0.0033226316281388044,0.8999288414498554,0.9002712919724262
2017-10-12,negative,-0.027185285124340052,-0.03365731516901363,-0.0064720300446735775,0.10000960958099048,0.09981376473204359
2017-10-13,positive,0.019214447073541356,0.019030461248776456,-0.00018398582476489983,0.90006597437241,0.9001678337223519
2017-10-13,negative,-0.025881788157251943,-0.026623876215612886,-0.0007420880583609429,0.09993954333984344,0.09984605979771034
2017-10-16,positive,0.018069348184996458,0.019737873925629743,0.0016685257406332844,0.8998284832451497,0.9002121212121212
2017-10-16,negative,-0.024975749349152237,-0.025628047963855205,-0.0006522986147029682,0.10018085618085618,0.0998625140291807
2017-10-17,positive,0.019111160739227872,0.02060752257510694,0.001496361835879069,0.899969556218714,0.9000365004492362
2017-10-17,negative,-0.02437234266162779,-0.02558127874239848,-0.0012089360807706895,0.10012755102040816,0.09989386792452831
2017-10-18,positive,0.024543437322784106,0.025399504121939153,0.0008560667991550468,0.900155035023456,0.8998656095366622
2017-10-18,negative,-0.020756625668928518,-0.02270067306887476,-0.0019440473999462436,0.09996642246642248,0.10003261358524515
2017-10-19,positive,0.019061554496579168,0.022808533118553263,0.0037469786219740953,0.8999898785425101,0.9000387989203779
2017-10-19,negative,-0.024110096854674398,-0.02540333633172819,-0.0012932394770537904,0.09984625024098708,0.10015294646873593
2017-10-20,positive,0.029216724219743435,0.031011588144176743,0.0017948639244333084,0.8999549147361646,0.9001013513513515
2017-10-20,negative,-0.016441120483758783,-0.0178581168524865,-0.0014169963687277153,0.10023986486486487,0.09983445945945948
2017-10-23,positive,0.01324430604193309,0.015530406737462399,0.0022861006955293087,0.9000122430568979,0.8999898511502028
2017-10-23,negative,-0.031235914228899053,-0.03187821293554768,-0.0006422987066486245,0.09996600940782267,0.10004679747406404
2017-10-24,positive,0.022560499264849362,0.02592825777025957,0.0033677585054102087,0.9000885720718548,0.8999392097264437
2017-10-24,negative,-0.023956251838971997,-0.02516215196881646,-0.001205900129844461,0.1001765812708062,0.09983282674772037
2017-10-25,positive,0.016965867832339176,0.017254732173235816,0.00028886434089664056,0.8998326647979896,0.900161253946775
2017-10-25,negative,-0.03265461581624932,-0.035036901292511226,-0.002382285476261903,0.10013725111154068,0.09989174560216509
2017-10-26,positive,0.031408658763635564,0.03453423350503065,0.0031255747413950832,0.899914492613067,0.9001521837519801
2017-10-26,negative,-0.031480959422090914,-0.03484975502369966,-0.0033687956016087497,0.10014895095852325,0.09984159312061554
2017-10-27,positive,0.03934197554405805,0.040658122805692684,0.0013161472616346342,0.899847748623259,0.9001938775510204
2017-10-27,negative,-0.026131683336519856,-0.027607446712686785,-0.001475763376166929,0.10013155976676384,0.09994160997732425
2017-10-30,positive,0.020613989042272563,0.023630611403543084,0.0030166223612705205,0.8996765933692539,0.9002978819798392
2017-10-30,negative,-0.034812762844520714,-0.03709075640212125,-0.002277993557600534,0.10010800446580263,0.09992411371616265
2017-10-31,positive,0.035124530816451414,0.03844535937894754,0.003320828562496124,0.8998418633258878,0.9001671198731023
2017-10-31,negative,-0.022282423384567127,-0.024435348844129342,-0.0021529254595622146,0.10016546081382927,0.09984307727169725
2017-11-01,positive,0.025788173743285115,0.026318733403475115,0.0005305596601899998,0.8999762309685778,0.9000697278911565
2017-11-01,negative,-0.035985135002946936,-0.038278128755238644,-0.002292993752291708,0.10012281341107872,0.0999221736313573
2017-11-02,positive,0.03755519750321052,0.040055912080718556,0.0025007145775080356,0.8998057259713702,0.900138036809816
2017-11-02,negative,-0.040427473296163086,-0.0434592026117691,-0.0030317293156060174,0.10015572759437792,0.0999159281981368
2017-11-03,positive,0.038619071944511266,0.03997254076143911,0.0013534688169278414,0.9000293164885003,0.9000215419501135
2017-11-03,negative,-0.03282095300421109,-0.03560339375488692,-0.002782440750675831,0.10005033203757692,0.1000215419501134
2017-11-06,positive,0.037462274900483296,0.04631879145379923,0.008856516553315937,0.8997061467444121,0.9003259637188208
2017-11-06,negative,-0.025173024734728815,-0.026590057946141797,-0.0014170332114129824,0.09999894719792678,0.10006122448979593
2017-11-07,positive,0.021968678260559833,0.02553316670978164,0.0035644884492218067,0.8997740640199072,0.9002477095351205
2017-11-07,negative,-0.04659030031153878,-0.052380890603498056,-0.0057905902919592744,0.10003861877292483,0.09994740413980319
2017-11-08,positive,0.036306844086473736,0.03928584551619775,0.0029790014297240153,0.9001504607255624,0.8998899635124686
2017-11-08,negative,-0.037129441472765375,-0.03410646963362196,0.0030229718391434138,0.09999871125716864,0.10004228687415426
2017-11-09,positive,0.04282983442405315,0.0390443003819186,-0.003785534042134553,0.9000640593391773,0.8999971903798606
2017-11-09,negative,-0.03469115306987626,-0.03772496227292954,-0.003033809203053281,0.10021919050830042,0.09974769611148573
2017-11-10,positive,0.0312652465614563,0.03457959977791161,0.003314353216455311,0.8998907930107526,0.9001086469534048
2017-11-10,negative,-0.024287593919694726,-0.025166124090260294,-0.0008785301705655675,0.10026373687916026,0.09975582437275986
2017-11-13,positive,0.023734897791685784,0.026150559697771487,0.0024156619060857025,0.899855866486851,0.9001375208714639
2017-11-13,negative,-0.03209285385323417,-0.033055687826703,-0.0009628339734688296,0.0998591176187265,0.10012906692515171
2017-11-14,positive,0.02308614166501672,0.025550437681582817,0.002464296016566097,0.8998152972773035,0.9001621073961499
2017-11-14,negative,-0.03929911138772228,-0.041758499495190476,-0.002459388107468194,0.10018920570592302,0.0998232579083643
2017-11-15,positive,0.021194598407500126,0.02269663995262183,0.0015020415451217038,0.8999754193175246,0.9000106837606838
2017-11-15,negative,-0.02761831147078131,-0.03009388690042198,-0.002475575429640671,0.10009374397532292,0.09991003148897887
2017-11-16,positive,0.04755248113790257,0.04764747561198701,9.49944740844394e-05,0.8998267779006589,0.9001873667676428
2017-11-16,negative,-0.010606121904015046,-0.011798393250897361,-0.0011922713468823145,0.10011169633687304,0.10019996720434285
2017-11-17,positive,0.03258609446941975,0.035738526463796265,0.003152431994376516,0.9000341053172196,0.9000313869228178
2017-11-17,negative,-0.018204840447352127,-0.020182206027970422,-0.001977365580618295,0.10024716324008538,0.09980806229637121
2017-11-20,positive,0.03173961976224387,0.03350190201031229,0.0017622822480684239,0.8998328045888613,0.900180574248542
2017-11-20,negative,-0.019300498267798782,-0.019971576552963197,-0.000671078285164415,0.10002295231686216,0.09996747420367877
2017-11-21,positive,0.03253537934076688,0.035491062041704005,0.002955682700937122,0.8997807228722294,0.9001516683518707
2017-11-21,negative,-0.017844964160582923,-0.021056442830378604,-0.003211478669795681,0.10007438971544128,0.10001572856982362
2017-11-22,positive,0.027118153275905017,0.032826433085827854,0.005708279809922837,0.8999715963566635,0.9000458612975389
2017-11-22,negative,-0.01889376515699279,-0.02094800709743742,-0.00205424194044463,0.10008880632790029,0.0999765100671141
2017-11-24,positive,0.021925756848439677,0.03053650166360352,0.008610744815163843,0.8997248899559824,0.9003411764705882
2017-11-24,negative,-0.017725249411508482,-0.018853601108519066,-0.0011283516970105843,0.0998858743497399,0.10019495798319326
2017-11-27,positive,0.01867930780853391,0.01958654332729203,0.0009072355187581226,0.9000138026224981,0.8999191102123358
2017-11-27,negative,-0.030055774534297874,-0.031726172809947356,-0.0016703982756494824,0.10016856051486993,0.09991573980451636
2017-11-28,positive,0.04090603874625286,0.04007735846178612,-0.0008286802844667401,0.9001469268730371,0.8999029834006281
2017-11-28,negative,-0.01562952341747848,-0.01698930495259517,-0.001359781535116688,0.10010350573607643,0.09990298340062809
2017-11-29,positive,0.0375188993419307,0.037497289981081185,-2.1609360849515757e-05,0.9000087411185425,0.8999887728752665
2017-11-29,negative,-0.037047107100416886,-0.03661470798066456,0.0004323991197523261,0.09987966928098284,0.10013528685303694
2017-11-30,positive,0.035419224534895224,0.038195413854069944,0.0027761893191747197,0.8998936502595656,0.9001244952893673
2017-11-30,negative,-0.025762123669622005,-0.02696754505237924,-0.0012054213827572338,0.09999162821252323,0.10003645132346344
2017-12-01,positive,0.024964201165166216,0.02731157815970605,0.002347376994539834,0.8996630788204956,0.9003470119968607
2017-12-01,negative,-0.0275643467693113,-0.028567384996677936,-0.0010030382273666372,0.09986809860170101,0.10013062002466644
2017-12-04,positive,0.031106362983037362,0.034789755776253886,0.0036833927932165243,0.9000541998911199,0.8999635731898676
2017-12-04,negative,-0.04031958195178711,-0.04322648907798632,-0.002906907126199211,0.10014058346943351,0.0999012172959298
2017-12-05,positive,0.01618260754590447,0.018251453707925337,0.002068846162020868,0.8999113543266768,0.900084005376344
2017-12-05,negative,-0.034944765362819916,-0.03636113990608619,-0.0014163745432662772,0.09999455965181772,0.10005911878360216
2017-12-06,positive,0.01803579921310642,0.02217798966836253,0.004142190455256111,0.8998840704851452,0.900115959496626
2017-12-06,negative,-0.03607653797658056,-0.03765679865604328,-0.0015802606794627222,0.10015262720266078,0.09986568166554735
2017-12-07,positive,0.03419891167920763,0.0400608265470037,0.005861914867796067,0.8998381814986981,0.9001822654590181
2017-12-07,negative,-0.016513551308771822,-0.01759225474812649,-0.0010787034393546675,0.10000163735403586,0.100004822207313
2017-12-08,positive,0.02992232884701111,0.03155996029147619,0.0016376314444650798,0.8999957597286226,0.9000011200716846
2017-12-08,negative,-0.019400239633394593,-0.021865882030120805,-0.0024656423967262114,0.10009880632360471,0.09992271505376346
2017-12-11,positive,0.03199672665745249,0.03213267716948587,0.00013595051203337677,0.899991376832423,0.8999955287279231
2017-12-11,negative,-0.02517785941850507,-0.02684604041022316,-0.0016681809917180879,0.09998003896394239,0.09998267382070199
2017-12-12,positive,0.02240839494233458,0.024256281245621226,0.0018478863032866458,0.9000504796965639,0.899984939759036
2017-12-12,negative,-0.029487038803988803,-0.029738173781259626,-0.0002511349772708234,0.10000362561356538,0.0999760151717983
2017-12-13,positive,0.031448317771173365,0.0320051012782209,0.0005567835070475341,0.8999642301957426,0.8999178672551631
2017-12-13,negative,-0.021558899951013524,-0.022068039275746576,-0.0005091393247330517,0.09999722407284031,0.10020264268265602
2017-12-14,positive,0.014386727923614478,0.016644581922501768,0.0022578539988872895,0.8999268860086407,0.9000667095934421
2017-12-14,negative,-0.03420718028626756,-0.03513805283500379,-0.0009308725487362293,0.09990860751080093,0.10010683228093498
2017-12-15,positive,0.03825878031339673,0.037689051340245576,-0.0005697289731511554,0.8998580737795449,0.9001453087033354
2017-12-15,negative,-0.016639484729975732,-0.017601288131950634,-0.0009618034019749019,0.10011983653633753,0.09989887066489951
2017-12-18,positive,0.04129278339206578,0.04442586310867179,0.0031330797166060076,0.8999393442622952,0.9001993510928962
2017-12-18,negative,-0.015780361360784916,-0.01634508776526996,-0.0005647264044850442,0.10010054644808744,0.09999890710382514
2017-12-19,positive,0.018562036822291645,0.019214029882663842,0.0006519930603721968,0.8998195398538874,0.9002081970341294
2017-12-19,negative,-0.030677000445079233,-0.03253744084814557,-0.0018604404030663352,0.10022353069458072,0.09975840966088759
2017-12-20,positive,0.0289016509216125,0.04064881161476529,0.011747160693152788,0.8999160945842867,0.9000803299008393
2017-12-20,negative,-0.01955965086838122,-0.019167304350142543,0.00039234651823867595,0.10011506347390216,0.09990884139697069
2017-12-21,positive,0.030863684688247617,0.032333477712209624,0.0014697930239620065,0.899656974844822,0.9003117853642599
2017-12-21,negative,-0.017801000086100593,-0.018540121082101724,-0.0007391209960011316,0.09986387890667539,0.10012815800936514
2017-12-22,positive,0.02158162192103959,0.02504203215391292,0.003460410232873329,0.8999705882352942,0.9001384803921569
2017-12-22,negative,-0.02368294035418406,-0.025859452227231645,-0.0021765118730475846,0.10015522875816993,0.09991714324618735
2017-12-26,positive,0.02881215197230554,0.030238253862596924,0.0014261018902913848,0.8998776908023481,0.9001825804522721
2017-12-26,negative,-0.01724755339824391,-0.017666150028852298,-0.00041859663060838867,0.10000271798217004,0.09995199363992172
2017-12-27,positive,0.017395008036206534,0.02238884076682062,0.004993832730614087,0.9001446910356832,0.8998742792645779
2017-12-27,negative,-0.018180660914839282,-0.01918121562364635,-0.0010005547088070693,0.10016376332680592,0.09986911172758921
2017-12-28,positive,0.0214635932833264,0.023736589195387257,0.0022729959120608573,0.9000195758564438,0.8999841625883633
2017-12-28,negative,-0.015122668369988204,-0.015844350201145163,-0.0007216818311569593,0.10025560766721042,0.09976488580750408
2017-12-29,positive,0.011685810876257675,0.013139455847614372,0.001453644971356697,0.8999495114006516,0.9000626696525519
2017-12-29,negative,-0.02666814738835886,-0.028878334230469864,-0.0022101868421110053,0.10015954125950052,0.09984375
2018-01-02,positive,0.05271118928967432,0.05172008151848935,-0.000991107771184968,0.9002019377313303,0.8998484446440236
2018-01-02,negative,-0.017092833647712413,-0.017881718501417333,-0.0007888848537049194,0.09998312649684302,0.10001224689745265
2018-01-03,positive,0.033305755639052664,0.034867116345177356,0.0015613607061246912,0.900038671023965,0.900007012527233
2018-01-03,negative,-0.024932224570441527,-0.02482346394871468,0.0001087606217268465,0.10006427015250545,0.0999991489651416
2018-01-04,positive,0.02934097061081604,0.029693725779204445,0.00035275516838840365,0.8998643221534787,0.9001961901660696
2018-01-04,negative,-0.024204452439257465,-0.02635724368363517,-0.0021527912443777067,0.10016009985889504,0.09984793905351134
2018-01-05,positive,0.028806024831808014,0.030645478684158123,0.0018394538523501085,0.8998659939236109,0.9001461113823785
2018-01-05,negative,-0.020935409329043458,-0.025194227273065972,-0.0042588179440225145,0.10012803819444445,0.09987457275390625
2018-01-08,positive,0.0275111273881909,0.030903826295656207,0.0033926989074653073,0.8998861418347429,0.9000867829646498
2018-01-08,negative,-0.029332705543733,-0.030428090305915666,-0.0010953847621826655,0.09998048145738452,0.1000140628388636
2018-01-09,positive,0.02596192674908061,0.028215453560337896,0.002253526811257286,0.900003249918752,0.8999938386956993
2018-01-09,negative,-0.028863996725446706,-0.03174703239391939,-0.002883035668472686,0.10023399415014625,0.09975801646625501
2018-01-10,positive,0.02715298227436321,0.03431086369598874,0.0071578814216255345,0.8997109670448407,0.9002713735818476
2018-01-10,negative,-0.02500959196651812,-0.02673383411188668,-0.0017242421453685583,0.10007131280388977,0.09994739330091842
2018-01-11,positive,0.04491283352822899,0.04659439202741949,0.001681558499190501,0.8996379626632137,0.9003436589511168
2018-01-11,negative,-0.012175296345718794,-0.012518415535385791,-0.00034311918966699675,0.09978175245494766,0.09961071544189057
2018-01-12,positive,0.02967036598887423,0.032181968506456035,0.0025116025175818055,0.8997787849357936,0.9002063774684362
2018-01-12,negative,-0.02064331216522782,-0.020925999273818587,-0.00028268710859076507,0.10017697205136504,0.09984622855292977
2018-01-16,positive,0.01628825483441541,0.017919103353772465,0.0016308485193570546,0.8998606158833061,0.9001305037817395
2018-01-16,negative,-0.044596002819924555,-0.045629380074632006,-0.0010333772547074516,0.09999189627228525,0.10002326445164775
2018-01-17,positive,0.03385528278540954,0.03517439331275958,0.001319110527350037,0.9001745002701241,0.8998365410588871
2018-01-17,negative,-0.020030774384564458,-0.021353617056496334,-0.0013228426719318759,0.10026364127498648,0.09976526202052945
2018-01-18,positive,0.02162685697321144,0.025159224015657934,0.0035323670424464958,0.8999715473845482,0.9000899745567958
2018-01-18,negative,-0.02875090158652226,-0.02965976738973265,-0.0009088658032103888,0.09976745458524841,0.10017851280367696
2018-01-19,positive,0.03458660411761948,0.03492645719601895,0.0003398530783994755,0.8999961584897378,0.9000016120623423
2018-01-19,negative,-0.012104043616401623,-0.011532584796135174,0.0005714588202664489,0.09998792668203271,0.10002867413017233
2018-01-22,positive,0.03771240532092978,0.042644633034160426,0.0049322277132306455,0.9000049228749589,0.9000245801881632
2018-01-22,negative,-0.0196826320188055,-0.019859354990557354,-0.00017672297175185328,0.09999398315282793,0.0999570615906356
2018-01-23,positive,0.030273934135647662,0.030983379532063083,0.0007094453964154208,0.8998964497041421,0.900112590401052
2018-01-23,negative,-0.01933872879274361,-0.021340379297999097,-0.0020016505052554874,0.09993699320622397,0.10003975591715977
2018-01-24,positive,0.022720512609045306,0.024625011426869275,0.0019044988178239693,0.8997801231310467,0.9002314547603344
2018-01-24,negative,-0.030130323273894043,-0.031809301707827316,-0.0016789784339332724,0.10009509674582233,0.09990308239885665
2018-01-25,positive,0.028207834104866,0.030284530578277992,0.002076696473411993,0.8997928994082839,0.9002199074074074
2018-01-25,negative,-0.028172261828248592,-0.02951055765711959,-0.0013382958288709994,0.10019230769230772,0.09980899353495508
2018-01-26,positive,0.030436817038930843,0.03089259621906625,0.0004557791801354065,0.9001246719160105,0.8999169195647421
2018-01-26,negative,-0.022103924446763564,-0.02190453341448466,0.0001993910322789054,0.09987860892388453,0.10010338063210848
2018-01-29,positive,0.01918790705258164,0.021810285344002978,0.0026223782914213366,0.8999643757535898,0.90005415570536
2018-01-29,negative,-0.03519059663751457,-0.03675609909398451,-0.0015655024564699346,0.10007563301545545,0.09992467527129234
2018-01-30,positive,0.012771281387072526,0.014540680287176797,0.0017693989001042708,0.8998478379857693,0.9001449781061849
2018-01-30,negative,-0.03951449452337807,-0.04037963244462817,-0.0008651379212501059,0.10007060755336619,0.09990951696770663
2018-01-31,positive,0.022749542945328355,0.02724532458355943,0.004495781638231076,0.8999846793609103,0.900037754432042
2018-01-31,negative,-0.03467043478581939,-0.03642896609992381,-0.0017585313141044237,0.0999655285620486,0.09995461944626834
2018-02-01,positive,0.028052713319156132,0.02971463433274386,0.0016619210135877284,0.8999939673138094,0.9000327341779094
2018-02-01,negative,-0.03161606114694184,-0.03414328459307224,-0.0025272234461303986,0.09990841285510585,0.10010337830426674
2018-02-02,positive,0.005431161635324105,0.007684428402734667,0.0022532667674105616,0.9000475170292243,0.900225006741775
2018-02-02,negative,-0.0525046896288001,-0.05600641788818421,-0.003501728259384107,0.10021533728850802,0.0998879023840914
2018-02-05,positive,-0.004456038362278726,-0.0028867535960009514,0.0015692847662777745,0.8998674643720376,0.8999836917710393
2018-02-05,negative,-0.06031125947991824,-0.060948273000746,-0.0006370135208277547,0.10011535926170072,0.09995021698527798
2018-02-06,positive,0.04554574992877806,0.04786450250684097,0.0023187525780629104,0.8998738204959403,0.900121859227562
2018-02-06,negative,-0.021084115799290315,-0.021411343593986956,-0.0003272277946966412,0.10018158876453805,0.09983668669080535
2018-02-07,positive,0.033116198303020684,0.035136997559204554,0.0020207992561838695,0.8997470923853413,0.900245261411016
2018-02-07,negative,-0.03280352573417471,-0.03287976575679801,-7.624002262330426e-05,0.10011630458635065,0.0999063940092166
2018-02-08,positive,0.004005886599696274,0.006479663265997216,0.002473776666300942,0.9000545094152625,0.8999439764343133
2018-02-08,negative,-0.06171566565320682,-0.06316959604489616,-0.0014539303916893467,0.09998458319568329,0.10003386190948134
2018-02-09,positive,0.036704464652695674,0.038623766482429975,0.0019193018297343004,0.9000423822104799,0.8999513567811537
2018-02-09,negative,-0.028140452572829155,-0.030299136702008407,-0.0021586841291792516,0.09999889916336416,0.10001678775869663
2018-02-12,positive,0.04220530877779831,0.044805493163202724,0.002600184385404415,0.8997834710743801,0.9002749655647383
2018-02-12,negative,-0.01677400834442276,-0.017749929386055165,-0.0009759210416324035,0.10015041322314049,0.09993574380165289
2018-02-13,positive,0.03106133875399471,0.03176972277137976,0.0007083840173850477,0.8999597929059263,0.9000398628552546
2018-02-13,negative,-0.02213636913190146,-0.02465072505658559,-0.0025143559246841272,0.10018836748182418,0.09983221799955937
2018-02-14,positive,0.050519102264338936,0.05452745536912851,0.004008353104789572,0.8997964796479648,0.9002110148514852
2018-02-14,negative,-0.014515822811918641,-0.01680206300170007,-0.0022862401897814286,0.10023186934078024,0.0998480669495521
2018-02-15,positive,0.0381867403950066,0.039470726550626375,0.0012839861556197749,0.8999339061467282,0.9000655774950431
2018-02-15,negative,-0.017914998947113014,-0.01862538273462131,-0.0007103837875082966,0.10007821105970478,0.0999418236395682
2018-02-16,positive,0.029561286953753745,0.031078611956981854,0.0015173250032281087,0.8999219205037388,0.900169903581267
2018-02-16,negative,-0.027171309416188665,-0.03061720304482074,-0.0034458936286320754,0.09984462809917354,0.10026463498622588
2018-02-20,positive,0.02020431763303842,0.022154040079301177,0.0019497224462627569,0.8998874917273328,0.9001236763732627
2018-02-20,negative,-0.03573466192018367,-0.03830760827628592,-0.0025729463561022445,0.09995532759761747,0.100037537227002
2018-02-21,positive,0.02659534087331201,0.0278883618846301,0.0012930210113180872,0.8997724762535896,0.9002537207311685
2018-02-21,negative,-0.028741217575135113,-0.030533946265673316,-0.0017927286905382034,0.10003368676827921,0.09998357079743761
2018-02-22,positive,0.030328478312428537,0.030315600107812823,-1.287820461571415e-05,0.9000853847859837,0.8999138528498559
2018-02-22,negative,-0.03205433050812882,-0.0365008851355656,-0.0044465546274367745,0.10017076957196717,0.09987996229762697
2018-02-23,positive,0.039993156258011156,0.04377220246758331,0.0037790462095721525,0.899822178042854,0.9001727137176937
2018-02-23,negative,-0.013479732589831794,-0.015843255691549332,-0.0023635231017175382,0.09965476372534027,0.0995696554798195
2018-02-26,positive,0.03302532142297461,0.03441963869921439,0.0013943172762397801,0.899910674813692,0.9001026469938109
2018-02-26,negative,-0.017017572073851815,-0.017352886161172584,-0.0003353140873207684,0.0999467917140331,0.10003837173961097
2018-02-27,positive,0.0103683913837396,0.012449831403312692,0.002081440019573092,0.8995431091877496,0.8998031790945408
2018-02-27,negative,-0.04251633245804344,-0.04447878096536425,-0.001962448507320809,0.10015423879272081,0.09991233910341765
2018-02-28,positive,0.017134042239376753,0.020942177848078496,0.0038081356087017425,0.9001521384626787,0.9003148395226448
2018-02-28,negative,-0.04507895736614749,-0.04631853824040518,-0.001239580874257691,0.10008267416372821,0.099737602846342
2018-03-01,positive,0.026703079370851333,0.026587290108359196,-0.00011578926249213722,0.8999888814765399,0.9002112519457416
2018-03-01,negative,-0.03550740213825905,-0.038671367626893924,-0.0031639654886348734,0.10006579783347629,0.09979034634200577
2018-03-02,positive,0.04695655099404167,0.0516232160470117,0.0046666650529700315,0.8996174318030604,0.9003421628964293
2018-03-02,negative,-0.014201374514686175,-0.0164627366537924,-0.002261362139106226,0.10021956087824353,0.0998286759813706
2018-03-05,positive,0.03715020476550639,0.04119335162854718,0.004043146863040796,0.8999557032115171,0.9000526024363236
2018-03-05,negative,-0.015370098943246322,-0.017597251679058228,-0.002227152735811906,0.10002270210409744,0.10000996677740863
2018-03-06,positive,0.033532256517147696,0.03634062080312885,0.002808364285981156,0.8998412698412699,0.9000362831612831
2018-03-06,negative,-0.01800491321217245,-0.019233673179186457,-0.0012287599670140065,0.10024642024642025,0.09988677988677988
2018-03-07,positive,0.03075600308591827,0.034450202580969334,0.003694199495051065,0.8998770582999555,0.9001896973742769
2018-03-07,negative,-0.021671521397373016,-0.02332179302733565,-0.001650271629962636,0.1000820935850976,0.09987260792167335
2018-03-08,positive,0.027604080623174765,0.03219609568093347,0.0045920150577587054,0.899865514387573,0.900182152406417
2018-03-08,negative,-0.027302017397865065,-0.030625335129942137,-0.003323317732077072,0.09997334160937102,0.09999888591800357
2018-03-09,positive,0.04070644870330763,0.04435978129592003,0.0036533325926124058,0.8998286604361372,0.9002380952380953
2018-03-09,negative,-0.01331204633175922,-0.015168562378098882,-0.001856516046339662,0.09952373005276878,0.09952628408759573
2018-03-12,positive,0.032116825612211394,0.037901380804634635,0.005784555192423241,0.9000760350760351,0.8998023504273505
2018-03-12,negative,-0.02178106020316668,-0.022206578602171387,-0.0004255183990047075,0.10007714507714507,0.10005605505605505
2018-03-13,positive,0.015836912359245895,0.019311688161544084,0.003474775802298189,0.9000472379682117,0.9002195176169836
2018-03-13,negative,-0.030650417045933676,-0.03310475702484737,-0.0024543399789136965,0.10005811460963179,0.09969656552184063
2018-03-14,positive,0.01820796704617748,0.029208896908852165,0.011000929862674685,0.8996053946053945,0.9002740315240315
2018-03-14,negative,-0.02908318463627959,-0.03087930385717691,-0.00179611922089732,0.10018648018648017,0.09994671994671996
2018-03-15,positive,0.0156987425181566,0.017972246213985642,0.0022735036958290433,0.8998067552602438,0.900202242524917
2018-03-15,negative,-0.03870555262482691,-0.042471120324516144,-0.0037655676996892345,0.10000498338870434,0.10002733942414174
2018-03-16,positive,0.03420057384879381,0.03582508439270776,0.0016245105439139512,0.8999447574853608,0.9000204742569883
2018-03-16,negative,-0.017830367132182202,-0.01831439567571344,-0.0004840285435312383,0.10008838802342282,0.09996353994033806
2018-03-19,positive,0.014217423454092382,0.015179279651933853,0.0009618561978414712,0.9001165347405452,0.8999687706134564
2018-03-19,negative,-0.036913919379984464,-0.03869412541789742,-0.001780206037912957,0.1002194842316874,0.09975092073438874
2018-03-20,positive,0.022715053918220925,0.025986231418212314,0.0032711774999913887,0.9000384657654689,0.9000385344543357
2018-03-20,negative,-0.027361345797833676,-0.028194435688257514,-0.0008330898904238375,0.09996373227827235,0.0999689526321574
2018-03-21,positive,0.03513456941847772,0.03695618901022878,0.0018216195917510544,0.8998237547892721,0.9001713533114396
2018-03-21,negative,-0.016726331237239343,-0.01823754787864685,-0.0015112166414075062,0.10007772304324028,0.09994030514504652
2018-03-22,positive,0.006417349608752622,0.007768306344457734,0.0013509567357051118,0.8997288098375055,0.8996162370992534
2018-03-22,negative,-0.04628207778666173,-0.04713807840538792,-0.0008560006187261909,0.10011418533157664,0.09990245525911286
2018-03-23,positive,0.008491924264207643,0.010071335183057332,0.0015794109188496889,0.8999178097958586,0.9004065236839626
2018-03-23,negative,-0.04564777309915702,-0.04641688489047831,-0.0007691117913212892,0.1001732743196158,0.09993521341463416
2018-03-26,positive,0.04377615512613868,0.04626376468533117,0.0024876095591924927,0.9000115131578947,0.9000292283442983
2018-03-26,negative,-0.011652816731725633,-0.014092959050061856,-0.002440142318336223,0.10045586622807016,0.10000540413533834
2018-03-27,positive,0.010797445042032094,0.011845760908187212,0.0010483158661551174,0.900292575322249,0.9002896266073194
2018-03-27,negative,-0.05035217496493204,-0.05366422515728889,-0.0033120501923568565,0.09978898780085724,0.1001140578635015
2018-03-28,positive,0.024699117027668742,0.02673095908653477,0.002031842058866029,0.8999614452522581,0.9000341140669752
2018-03-28,negative,-0.03493739176828929,-0.03797331328704296,-0.003035921518753669,0.09981540930979134,0.1001668869795109
2018-03-29,positive,0.039867647263628424,0.04188461038184038,0.0020169631182119577,0.8997999120492522,0.9002104290347406
2018-03-29,negative,-0.014591667950509663,-0.020629660900321797,-0.006037992949812134,0.1002259234828496,0.09978190963060687
2018-04-02,positive,0.005625350792792876,0.005579442909458167,-4.590788333470874e-05,0.8999870651695288,0.8997777812782453
2018-04-02,negative,-0.0515426245764878,-0.05325818087916345,-0.0017155563026756554,0.10023172611184498,0.09978901777851167
2018-04-04,positive,0.040893507740121016,0.04445331816501502,0.0035598104248940055,0.8999017670947206,0.9000899667983756
2018-04-04,negative,-0.011967678412971841,-0.013594092734435223,-0.0016264143214633816,0.10012128196685326,0.10017163319064867
2018-04-05,positive,0.03706880560124964,0.0398078017589681,0.0027389961577184638,0.8998621636463481,0.900126475837452
2018-04-05,negative,-0.018860560162009876,-0.019665553528809932,-0.000804993366800056,0.0999835255354201,0.10003308621636461
2018-04-06,positive,0.004774124486131168,0.008238871408617714,0.0034647469224865467,0.9001642911326705,0.9002549602580482
2018-04-06,negative,-0.04280669037579489,-0.04516223736065308,-0.002355546984858188,0.1001070487483531,0.09990900856389986
2018-04-09,positive,0.023386153037280692,0.026875327412421497,0.003489174375140805,0.8999426807760141,0.9000680665784833
2018-04-09,negative,-0.02317994888901294,-0.028408383914766556,-0.005228435025753618,0.09997740299823633,0.10002345816798944
2018-04-10,positive,0.05173230671510579,0.05495733860167011,0.0032250318865643182,0.8998298645523622,0.9001645950335865
2018-04-10,negative,-0.008226802324462554,-0.011741218278732351,-0.0035144159542697968,0.10019868799848979,0.1003100911243255
2018-04-11,positive,0.02868746049905571,0.029518048384069635,0.0008305878850139239,0.8998588687534322,0.9001385571114773
2018-04-11,negative,-0.01854388661742494,-0.0205165267118068,-0.001972640094381861,0.10026194398682045,0.0997639346512905
2018-04-12,positive,0.03180324660574652,0.03344542305411673,0.0016421764483702042,0.8998789173789173,0.9001667625465704
2018-04-12,negative,-0.01839459336953902,-0.02108525270993831,-0.0026906593403992866,0.09990357221126452,0.10009296926364235
2018-04-13,positive,0.016333169672398788,0.017373810825880177,0.0010406411534813892,0.8998847546921305,0.9001112323016134
2018-04-13,negative,-0.025619754532648087,-0.02716564305866928,-0.001545888526021194,0.09995280430249148,0.10006101827461311
2018-04-16,positive,0.03187819902779143,0.03405967540666241,0.002181476378870978,0.8998377192982456,0.9002049410635966
2018-04-16,negative,-0.017476410237252778,-0.020457938276912523,-0.002981528039659745,0.09992900219298247,0.09976435718201757
2018-04-17,positive,0.03682390370326723,0.0394474244629353,0.0026235207596680757,0.8999469320066336,0.9000440160309562
2018-04-17,negative,-0.012160076249197443,-0.013013223956090008,-0.0008531477068925656,0.10021448313985629,0.09980216970702047
2018-04-18,positive,0.02871351301657561,0.03195793139831242,0.003244418381736811,0.8997753430721556,0.9002054628707391
2018-04-18,negative,-0.01896505742110548,-0.019158483953468274,-0.00019342653236279275,0.10007857459052676,0.0999528275785746
2018-04-19,positive,0.018616839263217343,0.017999608744687003,-0.0006172305185303401,0.8999145583666224,0.900036548490901
2018-04-19,negative,-0.033149819455538077,-0.03764770997559244,-0.004497890520054365,0.10012538837106082,0.09994118952507768
2018-04-20,positive,0.014865730792812734,0.01579926240456542,0.0009335316117526863,0.8999129441986584,0.9000001387501386
2018-04-20,negative,-0.026928277578728503,-0.030828970766129237,-0.003900693187400734,0.10013653013653015,0.09999666999667
2018-04-23,positive,0.02033304182693138,0.020888002219063416,0.0005549603921320354,0.8998185148185147,0.9000631313131313
2018-04-23,negative,-0.027076493235089434,-0.030823262385241655,-0.003746769150152221,0.10017855160712304,0.09991876179376179
2018-04-24,positive,0.017566191587470595,0.02226548296142502,0.004699291373954424,0.9001083694564855,0.9001583861287095
2018-04-24,negative,-0.03500476503386217,-0.03661401655265246,-0.0016092515187902875,0.09996078057765287,0.09979326442147382
2018-04-25,positive,0.024640612557011145,0.026171927525774224,0.001531314968763079,0.8999444259197512,0.900322329665444
2018-04-25,negative,-0.02591086390517346,-0.02825910222844822,-0.00234823832327476,0.0999739595738262,0.09978214960542404
2018-04-26,positive,0.03687101199010001,0.03905621054649312,0.0021851985563931114,0.8998865153538051,0.9001802403204271
2018-04-26,negative,-0.02603754301492134,-0.0270789372448538,-0.001041394229932463,0.10009933880094093,0.09985369381397417
2018-04-27,positive,0.02804883104487967,0.031155522000990133,0.003106690956110464,0.8998819875776398,0.9001348940914158
2018-04-27,negative,-0.03022245914585612,-0.03242210736947442,-0.002199648223618303,0.10019947443860489,0.09986789297658863
2018-04-30,positive,0.017688638882735475,0.021592888535820347,0.003904249653084873,0.899987283458899,0.8999845691971784
2018-04-30,negative,-0.03230906439455723,-0.03363215103063285,-0.0013230866360756169,0.0999220212102308,0.10010245213301983
2018-05-01,positive,0.030020118115834354,0.036128009255417856,0.006107891139583502,0.8997942119608785,0.9002160493827158
2018-05-01,negative,-0.024155219248714957,-0.027658497044767593,-0.003503277796052636,0.09998244348244348,0.10005387205387203
2018-05-02,positive,0.03590574959295692,0.03866758749087377,0.002761837897916848,0.8999264682272099,0.9001382333108564
2018-05-02,negative,-0.02957935289948006,-0.032018987586600885,-0.002439634687120825,0.1000836464052917,0.09987075747358956
2018-05-03,positive,0.0262415344087904,0.027247985158978742,0.001006450750188341,0.8999260668529043,0.9001032886603733
2018-05-03,negative,-0.03978417072428206,-0.042445939536087454,-0.0026617688118053956,0.10011647882349166,0.0998347943358058
2018-05-04,positive,0.04119906424732599,0.04354621725995061,0.0023471530126246212,0.8997731584193434,0.9002048768528341
2018-05-04,negative,-0.016939816646025015,-0.01806596093668941,-0.0011261442906643944,0.10025376997524196,0.09995112697340922
2018-05-07,positive,0.03494980797756568,0.035508068333254796,0.000558260355689115,0.9000894970771537,0.8999481456431067
2018-05-07,negative,-0.017070529859436315,-0.01796509630099285,-0.0008945664415565338,0.10036016232668246,0.09963589223311915
2018-05-08,positive,0.03356190180904245,0.03607849862047109,0.0025165968114286424,0.8999219063679433,0.9000747611017426
2018-05-08,negative,-0.028935599492709234,-0.031170259439187543,-0.002234659946478309,0.1002862763992612,0.09973693086003374
2018-05-09,positive,0.041398427486872606,0.04445559869184625,0.0030571712049736466,0.8999754760299264,0.9000859743762643
2018-05-09,negative,-0.02686747179025145,-0.028776329372264535,-0.0019088575820130835,0.10005105481167517,0.09993235839514499
2018-05-10,positive,0.03244569420748461,0.037563778027100495,0.0051180838196158845,0.8999999599166266,0.9000157126823792
2018-05-10,negative,-0.025944336221307908,-0.02725658186210523,-0.0013122456407973215,0.10014806798140133,0.09985521885521885
2018-05-11,positive,0.0281601901960071,0.03353368027890779,0.005373490082900688,0.8998614711341528,0.9001405689964157
2018-05-11,negative,-0.023567812575328168,-0.02430787710574653,-0.0007400645304183641,0.10016113031234,0.09983030913978495
2018-05-14,positive,0.029400046072474956,0.03011840262723541,0.0007183565547604527,0.8998859859379993,0.9001605145413871
2018-05-14,negative,-0.02482914816893749,-0.02515653942327936,-0.0003273912543418703,0.10016674656439757,0.0999043624161074
2018-05-15,positive,0.023395079069840976,0.024142512544845972,0.0007474334750049959,0.9000302812400127,0.9000229306487697
2018-05-15,negative,-0.0247365952335327,-0.02543250550686176,-0.0006959102733290583,0.10019742729306488,0.09987583892617449
2018-05-16,positive,0.03336483146716312,0.03513092908009001,0.001766097612926891,0.899783832488119,0.9002165661978122
2018-05-16,negative,-0.013355811276405607,-0.015665598044370004,-0.0023097867679643964,0.10023550377954263,0.0997862246037062
2018-05-17,positive,0.030545061109507027,0.031145646713809184,0.0006005856043021576,0.8999598010709121,0.9001907463018576
2018-05-17,negative,-0.01863928161813809,-0.02040398684108575,-0.0017647052229476587,0.09991324657991325,0.09997330663997331
2018-05-18,positive,0.022456189782323107,0.02376790347776266,0.0013117136954395522,0.8997406914893616,0.9002176141400711
2018-05-18,negative,-0.023547863991065485,-0.024355940418205102,-0.0008080764271396167,0.10005540780141844,0.09999355884308511
2018-05-21,positive,0.030272120880673582,0.028363622536280608,-0.001908498344392974,0.8999052841475572,0.9000895923341089
2018-05-21,negative,-0.018873760819830217,-0.019034126894353295,-0.00016036607452307727,0.09996953583693365,0.10004410379971196
2018-05-22,positive,0.01731095731526064,0.017635071676021588,0.00032411436076094924,0.9000758330565704,0.8999398040518101
2018-05-22,negative,-0.03137872849446661,-0.03156260355235149,-0.0001838750578848844,0.10005037086239343,0.09998280609985608
2018-05-23,positive,0.025255650994524086,0.029779262307281375,0.004523611312757289,0.8997682119205297,0.9002743860375275
2018-05-23,negative,-0.02091749693620491,-0.02192695917809968,-0.0010094622418947707,0.10018487858719646,0.09988652041942606
2018-05-24,positive,0.02325424273760195,0.024215887220204985,0.000961644482603035,0.8998080741230972,0.9002043004081182
2018-05-24,negative,-0.02125935486467445,-0.024953550975567795,-0.0036941961108933434,0.10017286427310831,0.09976564223472313
2018-05-25,positive,0.021081781954801836,0.023374760360443485,0.00229297840564165,0.8998400617692477,0.900172829803662
2018-05-25,negative,-0.026400628226606514,-0.02908926031957808,-0.0026886320929715678,0.10029836752702406,0.09970604456210015
2018-05-29,positive,0.03607128297675548,0.02288939398373175,-0.013181888993023728,0.9001431560400837,0.8998643114745072
2018-05-29,negative,-0.02914082494738447,-0.03069536750052081,-0.0015545425531363413,0.10010791763021694,0.09990632914877218
2018-05-30,positive,0.03849017345137493,0.04083717039636527,0.00234699694499034,0.8999619708994709,0.9000341710758379
2018-05-30,negative,-0.010556947063627024,-0.013526050922104169,-0.0029691038584771443,0.09976088726088728,0.09974576783170533
2018-05-31,positive,0.019634961695720043,0.027405739852402983,0.00777077815668294,0.8998749666917456,0.9000843825433398
2018-05-31,negative,-0.033328499218269324,-0.03644403837390483,-0.003115539155635505,0.10030941408821592,0.09971331879526003
2018-06-01,positive,0.03275171966591156,0.03517091178487527,0.0024191921189637075,0.89991066535131,0.9000984804888743
2018-06-01,negative,-0.01877031954581835,-0.019512995475039492,-0.0007426759292211427,0.10022361065439003,0.099782315301984
2018-06-04,positive,0.02951087828473431,0.03214256478047884,0.00263168649574453,0.8995878548723008,0.9003900854981914
2018-06-04,negative,-0.02499163122558212,-0.028797144232947276,-0.003805513007365157,0.10016113120683982,0.09983465554094048
2018-06-05,positive,0.03566966794991218,0.03566919228246869,-4.7566744348914725e-07,0.899996714848883,0.9000136196890057
2018-06-05,negative,-0.016303334026314786,-0.016626192718491598,-0.0003228586921768112,0.09994250985545336,0.10005499206088479
2018-06-06,positive,0.03308474217528581,0.03573005421447652,0.00264531203919071,0.89987402782342,0.9001036531931209
2018-06-06,negative,-0.01747360162039579,-0.017571811335831678,-9.82097154358895e-05,0.09995892211633255,0.100072502464673
2018-06-07,positive,0.024303129339881893,0.028914560412461043,0.00461143107257915,0.900058508311461,0.899973103947944
2018-06-07,negative,-0.03146601175245058,-0.03316832563225317,-0.0017023138798025889,0.09996937882764655,0.10001117536089237
2018-06-08,positive,0.027048932762546034,0.029184428427281396,0.0021354956647353616,0.9001393899639227,0.8999633759702634
2018-06-08,negative,-0.02097131634621124,-0.02126745324945738,-0.00029613690324614,0.09993604460478847,0.0999764266972778
2018-06-11,positive,0.030197170709901484,0.030519643895900162,0.00032247318599867847,0.8998978477002076,0.9000153638151428
2018-06-11,negative,-0.021585975128636605,-0.02239315737749722,-0.0008071822488606162,0.1003741942532503,0.09973342073637059
2018-06-12,positive,0.029247668850994103,0.03152840945691877,0.0022807406059246645,0.8999132285527178,0.9000478880157171
2018-06-12,negative,-0.020720373031024305,-0.020972398368723163,-0.00025202533769885793,0.09981141535690898,0.10017910254311287
2018-06-13,positive,0.022300499254079207,0.023866372053663647,0.0015658727995844397,0.8999711705831158,0.9000814227045257
2018-06-13,negative,-0.028064516267835727,-0.028726092013712474,-0.0006615757458767468,0.09988848999129678,0.10007237951479549
2018-06-14,positive,0.027640027101999365,0.028472465729430164,0.0008324386274307996,0.9000530698889614,0.8999618305029392
2018-06-14,negative,-0.020805174988373164,-0.02095578546196434,-0.00015061047359117563,0.09982799912910953,0.10016693201611149
2018-06-15,positive,0.027032976679638977,0.02759608929024996,0.0005631126106109829,0.8999690048939641,0.9000283442088091
2018-06-15,negative,-0.02713272231117167,-0.027454826568387537,-0.0003221042572158668,0.0998852637302882,0.10012503398586188
2018-06-18,positive,0.03132843399821804,0.0345669146889791,0.0032384806907610614,0.8998308855349995,0.9001410526885211
2018-06-18,negative,-0.021140676706531046,-0.02396948189924503,-0.002828805192713984,0.10034783079086876,0.09966511819755491
2018-06-19,positive,0.023673815989755456,0.027935238518348855,0.004261422528593399,0.900064935064935,0.8999839015151514
2018-06-19,negative,-0.027974812385391755,-0.029278906981271197,-0.0013040945958794417,0.1000508658008658,0.10001224296536797
2018-06-20,positive,0.03546284529556316,0.050397061784921135,0.014934216489357978,0.899921765404122,0.9000711867378872
2018-06-20,negative,-0.020577835399003184,-0.020501931615318176,7.590378368500794e-05,0.10001025142980469,0.100008430452142
2018-06-21,positive,0.01439372329225928,0.01745427653051602,0.0030605532382567413,0.8998211929002371,0.900244761366085
2018-06-21,negative,-0.04224112813015977,-0.04323398634489884,-0.000992858214739073,0.100034913003663,0.09996518799827625
2018-06-22,positive,0.03509442384588578,0.038570560044466816,0.0034761361985810382,0.899855197622108,0.9001225096401028
2018-06-22,negative,-0.02722199853259536,-0.027230378132136728,-8.379599541367272e-06,0.10004749758997429,0.09998744778277635
2018-06-25,positive,0.01384805718937102,0.021796104333171078,0.007948047143800058,0.8996191297981383,0.8998172305416581
2018-06-25,negative,-0.04649041295039007,-0.04858451849340773,-0.0020941055430176644,0.10008148336994038,0.09993528396611231
2018-06-26,positive,0.03241998140419771,0.03451998595878229,0.002100004554584582,0.9000390259132065,0.8998485450221299
2018-06-26,negative,-0.019850336903710485,-0.019630669482110598,0.00021966742159988673,0.1000526849828286,0.10007219793943178
2018-06-27,positive,0.010983694590320805,0.01232237992719186,0.0013386853368710545,0.8999959613239377,0.9005335445348355
2018-06-27,negative,-0.04822871674689054,-0.04727386723951362,0.0009548495073769189,0.0999343906445557,0.09998895678421557
2018-06-28,positive,0.028523352526142947,0.02958294790082173,0.0010595953746787845,0.8998258014828737,0.9002212562656643
2018-06-28,negative,-0.025584245367007402,-0.026446599414756876,-0.0008623540477494737,0.1000373981829574,0.09993244830827067
2018-06-29,positive,0.02490304554697767,0.028911650846174076,0.004008605299196406,0.9001005231105559,0.8997276518352499
2018-06-29,negative,-0.023285395545531933,-0.02617388621814879,-0.0028884906726168585,0.10018373932958566,0.0999729029650586
2018-07-02,positive,0.03262950256589768,0.04055277053345939,0.007923267967561709,0.900084578379224,0.8999779998435542
2018-07-02,negative,-0.023346274857185725,-0.02614106360475597,-0.0027947887475702447,0.09993703066332915,0.10004880296142238
2018-07-03,positive,0.02502365640173726,0.026532217125836255,0.0015085607240989951,0.8999519882218052,0.9002044591288673
2018-07-03,negative,-0.018758657879829777,-0.022328399585467198,-0.0035697417056374213,0.10001508104023346,0.09984986020674685
2018-07-05,positive,0.034192344019613206,0.0345022570383247,0.00030991301871149263,0.8999946188165311,0.9000518550407012
2018-07-05,negative,-0.012112009120572888,-0.012634057265584106,-0.0005220481450112172,0.10018592804216238,0.0997857310582342
2018-07-06,positive,0.030082897272589747,0.03131984062313399,0.0012369433505442437,0.8999213774924313,0.9001272314437833
2018-07-06,negative,-0.01352174695801231,-0.013539726714953968,-1.7979756941658223e-05,0.09995925331454222,0.10001027638584403
2018-07-09,positive,0.031716564341003735,0.03347204199711719,0.0017554776561134536,0.9000088978410513,0.9000861888481925
2018-07-09,negative,-0.0200683615966647,-0.021854479096340286,-0.0017861174996755859,0.10021019112432206,0.09971621236103953
2018-07-10,positive,0.019818991612674218,0.020333413433796934,0.000514421821122716,0.9001289465457954,0.9001211316036262
2018-07-10,negative,-0.028030230273403622,-0.03086484547249963,-0.002834615199096009,0.09990758830884651,0.09992437894194875
2018-07-11,positive,0.014206493533650569,0.016283393110113613,0.002076899576463044,0.9000385439531723,0.8999563930699279
2018-07-11,negative,-0.0366998485524417,-0.038216839221395474,-0.001516990668953777,0.09998990671056757,0.10002694810285355
2018-07-12,positive,0.03128714650665508,0.03315512961496139,0.001867983108306312,0.9000273486511918,0.900006861668758
2018-07-12,negative,-0.019060172187170953,-0.020931723329015176,-0.001871551141844223,0.10020101421999164,0.09978630803011293
2018-07-13,positive,0.02037052954092648,0.022640128945793297,0.0022695994048668178,0.8999303381340014,0.9001144724483406
2018-07-13,negative,-0.022575259137885627,-0.025582439590661997,-0.00300718045277637,0.10005798632853266,0.09991439026299312
2018-07-16,positive,0.016126589581880846,0.016147059953904024,2.0470372023177752e-05,0.9000283733898836,0.9000196355639334
2018-07-16,negative,-0.03520402317217782,-0.03960425492071706,-0.004400231748539235,0.09991029819876426,0.10006277605292827
2018-07-17,positive,0.027598684068713665,0.0301254323166169,0.002526748247903235,0.8997560566603535,0.9002702809343432
2018-07-17,negative,-0.01944306083456735,-0.020521505293114087,-0.0010784444585467366,0.10000299216119528,0.10001528961489899
2018-07-18,positive,0.024944440917491602,0.026992489178986872,0.00204804826149527,0.8998479160080093,0.900133378122036
2018-07-18,negative,-0.02077013064465543,-0.02166819248408088,-0.0008980618394254479,0.10010133443987776,0.0999081172937085
2018-07-19,positive,0.027375572425279226,0.030217518388131675,0.002841945962852449,0.900039975155936,0.8999430106248019
2018-07-19,negative,-0.020342501423482977,-0.0221437531914241,-0.0018012517679411241,0.10025012554181204,0.09978988265144308
2018-07-20,positive,0.017613589142073487,0.019268113669875176,0.0016545245278016887,0.8999297827239003,0.9000715421303657
2018-07-20,negative,-0.027097002912060443,-0.02812302832749105,-0.0010260254154306064,0.10007598039215686,0.09994336248012718
2018-07-23,positive,0.023027664409568778,0.026615370299902776,0.0035877058903339976,0.899973692602041,0.9000239158163266
2018-07-23,negative,-0.022708701600409463,-0.024007821260614147,-0.001299119660204684,0.10012323288690479,0.09989487005739797
2018-07-24,positive,0.01744903549953798,0.01924100735304401,0.001791971853506033,0.8999298476378386,0.9000803600789213
2018-07-24,negative,-0.038879333594521025,-0.039839876183658404,-0.0009605425891373795,0.10004000876904526,0.09996002548503782
2018-07-25,positive,0.03255102515164561,0.037295273383466644,0.004744248231821034,0.8996452090879158,0.9003073551201842
2018-07-25,negative,-0.025575293511654457,-0.028616091683542493,-0.003040798171888036,0.09989518164855668,0.10011298156075074
2018-07-26,positive,0.03464432472856022,0.039016394623951754,0.004372069895391531,0.8999418477068246,0.9000900057603689
2018-07-26,negative,-0.02779426867702941,-0.029113608187790803,-0.0013193395107613942,0.10000164581961817,0.10001508667983323
2018-07-27,positive,0.014541941099970503,0.017566960231943794,0.0030250191319732903,0.9000785114863106,0.9001371447455387
2018-07-27,negative,-0.05087496754071674,-0.056167748765730885,-0.005292781225014143,0.10010960564000881,0.09990980942938973
2018-07-30,positive,0.0456682806665709,0.022912454043907977,-0.022755826622662925,0.8999182952412499,0.9001135516727394
2018-07-30,negative,-0.0407992475399611,-0.042029620115099184,-0.0012303725751380834,0.10013257306897586,0.09991846775974385
2018-07-31,positive,0.040848282003107396,0.04249185763129301,0.001643575628185616,0.8998117643346271,0.9001486911862159
2018-07-31,negative,-0.019110391049778356,-0.01995667152933207,-0.000846280479553714,0.10006240335763197,0.09995109205875856
2018-08-01,positive,0.03271341873629816,0.03451164558920985,0.0017982268529116857,0.900004428207683,0.9000116932359127
2018-08-01,negative,-0.034965291047932126,-0.03867979612634625,-0.0037145050784141223,0.10000166057788111,0.10003293479464186
2018-08-02,positive,0.04291465389594812,0.045188624396547764,0.0022739705005996452,0.8998930984823309,0.9001066938074664
2018-08-02,negative,-0.029635412053565884,-0.03149147784819956,-0.0018560657946336788,0.10030741110003323,0.09971055583250248
2018-08-03,positive,0.02937910449366175,0.03243008539848778,0.003050980904826032,0.8997796966677738,0.9002348333886859
2018-08-03,negative,-0.03683761510096782,-0.03843619558173045,-0.0015985804807626264,0.10000419098227135,0.0999665462747703
2018-08-06,positive,0.032345891389369594,0.032631884133634756,0.0002859927442651622,0.8999046351740961,0.9000655633178087
2018-08-06,negative,-0.019958658676536473,-0.01949216024379478,0.0004664984327416924,0.09994178310046573,0.10010652306498116
2018-08-07,positive,0.031376504264836,0.033198133443249914,0.0018216291784139138,0.8999195517088324,0.9000271166222815
2018-08-07,negative,-0.02749729210965105,-0.03161123927764693,-0.004113947167995881,0.10027518863737239,0.0997913892587661
2018-08-08,positive,0.03135545820357189,0.03416984845269873,0.002814390249126837,0.8998136043102765,0.9001514143094841
2018-08-08,negative,-0.03176315433605127,-0.035310352217443094,-0.0035471978813918226,0.09998391569606212,0.10003261924570159
2018-08-09,positive,0.0374077166848875,0.038528870613723974,0.0011211539288364727,0.8998311184939094,0.9001809939091917
2018-08-09,negative,-0.025368341510632265,-0.02794023314890743,-0.002571891638275165,0.10012490112324002,0.09987295819490587
2018-08-10,positive,0.023034764780775534,0.02565269662080526,0.0026179318400297268,0.8999681483242215,0.9000615987243483
2018-08-10,negative,-0.029534853730234345,-0.0329480776264237,-0.003413223896189352,0.10017803660565723,0.09984026622296174
2018-08-13,positive,0.017823148736221817,0.018323181704259877,0.0005000329680380604,0.8996549045716822,0.9002956474700399
2018-08-13,negative,-0.03429463661023057,-0.03525179335006718,-0.0009571567398366093,0.10008651163527996,0.09994781263870393
2018-08-14,positive,0.031864331117106265,0.03216028048497456,0.00029594936786829507,0.8999277777777778,0.9003897916666668
2018-08-14,negative,-0.01790508833396984,-0.01996658876522998,-0.0020615004312601395,0.10028555555555556,0.10004777777777778
2018-08-15,positive,0.012581503843000223,0.014233504285997595,0.0016520004429973721,0.8999922196287653,0.9002745359564299
2018-08-15,negative,-0.04732813907424702,-0.048009330881336895,-0.0006811918070898718,0.10003779037456931,0.09971323774591531
2018-08-16,positive,0.03141485322982932,0.03126833504735859,-0.00014651818247073123,0.8998607875762618,0.9001375138657792
2018-08-16,negative,-0.012474997619952348,-0.013867619949037735,-0.001392622329085387,0.10020854132002217,0.09980920687742653
2018-08-17,positive,0.025589575588985385,0.028227710853052885,0.0026381352640675003,0.8998694879484617,0.8998757358658226
2018-08-17,negative,-0.01670417879933176,-0.018300934076429232,-0.0015967552770974718,0.10021905396613828,0.10001624458513829
2018-08-20,positive,0.0276037881884859,0.028389111000327576,0.0007853228118416752,0.8998520742965187,0.9002813925036148
2018-08-20,negative,-0.016748866531655488,-0.01896968773418449,-0.002220821202529002,0.09991912547468103,0.09996774552330108
2018-08-21,positive,0.03281039657379531,0.03424202546912372,0.0014316288953284129,0.8996668887408393,0.9001476099267155
2018-08-21,negative,-0.011530414234147471,-0.014881829403375629,-0.0033514151692281575,0.10012713746391293,0.1000727292915834
2018-08-22,positive,0.028340222281543044,0.03108137231895856,0.0027411500374155164,0.8998196848646248,0.900124486795384
2018-08-22,negative,-0.0166983699999158,-0.01717279354064745,-0.00047442354073164855,0.10003439857967153,0.10003217931646693
2018-08-23,positive,0.017656941395174625,0.01840450719451457,0.000747565799339947,0.8998608338877798,0.9001027805500111
2018-08-23,negative,-0.023681262236173818,-0.025125228081523825,-0.0014439658453500072,0.10007877102936982,0.1000071731536926
2018-08-24,positive,0.02864536104111002,0.03125520133152436,0.0026098402904143406,0.8999661787536042,0.8999977822133511
2018-08-24,negative,-0.014178050780294188,-0.015555876911070424,-0.0013778261307762357,0.0999573076070082,0.10008947383011753
2018-08-27,positive,0.026948871475303955,0.028509283284870606,0.001560411809566651,0.9000478415665331,0.9000189141076991
2018-08-27,negative,-0.018699871001409196,-0.01996279547376093,-0.0012629244723517362,0.10022363150867823,0.09972908322207388
2018-08-28,positive,0.021505903007006312,0.02473759342488722,0.0032316904178809093,0.8997788377454489,0.9001877434613244
2018-08-28,negative,-0.019446884053382612,-0.021560314946523135,-0.002113430893140523,0.10019111217107879,0.09983082915971062
2018-08-29,positive,0.027057934057937317,0.02986892210960198,0.0028109880516646625,0.8999360258121939,0.9001307298620382
2018-08-29,negative,-0.015057408272087494,-0.01621284094094729,-0.001155432668859797,0.10008555057537034,0.09989864958834001
2018-08-30,positive,0.020524864001908106,0.023538506585782167,0.0030136425838740606,0.8999791577172133,0.9000293044882504
2018-08-30,negative,-0.02724021104773351,-0.02892045820886908,-0.001680247161135573,0.10017469333206053,0.09979730482236329
2018-08-31,positive,0.026340139066438915,0.028793996302856485,0.00245385723641757,0.9000868983957216,0.899962121212121
2018-08-31,negative,-0.015619695872299066,-0.016553647725959998,-0.0009339518536609324,0.10008797268907561,0.09988302139037433
2018-09-04,positive,0.022546094294159595,0.023056970507250134,0.0005108762130905387,0.8998192033822876,0.9002475522919449
2018-09-04,negative,-0.030920137969860494,-0.031111749424889434,-0.0001916114550289394,0.09984352152075784,0.1001068090787717
2018-09-05,positive,0.021311079576940596,0.02319956398707106,0.0018884844101304636,0.8997557997557999,0.9001237651237652
2018-09-05,negative,-0.035098037386845075,-0.036607279775386865,-0.00150924238854179,0.09998001998001999,0.10015318015318016
2018-09-06,positive,0.01715682727634155,0.0211671749434318,0.0040103476670902485,0.900025008336112,0.9002417472490828
2018-09-06,negative,-0.04187907867755367,-0.04277369909779188,-0.0008946204202382041,0.10013075787167151,0.0996530788040458
2018-09-07,positive,0.022730717587735143,0.024096848748459954,0.0013661311607248115,0.8999156249005947,0.9001347138721888
2018-09-07,negative,-0.024690271516913727,-0.02655343107453543,-0.001863159557621702,0.10026712154467665,0.09970162547316855
2018-09-10,positive,0.029917951856721338,0.03023985838993217,0.0003219065332108334,0.9002563062633205,0.8998311205744823
2018-09-10,negative,-0.02364090173514117,-0.023971967771014173,-0.00033106603587300387,0.0998547889429653,0.10014351619906478
2018-09-11,positive,0.027035475865164305,0.02965135036514846,0.0026158744999841554,0.900098305677411,0.9000036159323542
2018-09-11,negative,-0.023763308311117663,-0.026600287936553623,-0.00283697962543596,0.10018683641680973,0.09976635514018692
2018-09-12,positive,0.026926477639387724,0.02779240116800904,0.0008659235286213145,0.8999904443382704,0.900026198439242
2018-09-12,negative,-0.028351111932040457,-0.03089733658050629,-0.002546224648465833,0.09975426023252112,0.10027759197324415
2018-09-13,positive,0.024357243287445235,0.025737801732652,0.0013805584452067643,0.8999816053511704,0.9000390189520623
2018-09-13,negative,-0.02617841105406914,-0.026334659344609525,-0.0001562482905403846,0.09981597388119128,0.10014823717948718
2018-09-14,positive,0.025744883417625118,0.026492102029639863,0.0007472186120147453,0.9001229932883765,0.8999129561432877
2018-09-14,negative,-0.022158353373554065,-0.02379145779969454,-0.0016331044261404769,0.09998640936120012,0.09999721013279768
2018-09-17,positive,0.01788685878973703,0.017995966255908068,0.00010910746617103645,0.9000401212411262,0.899962590731435
2018-09-17,negative,-0.03835761694381026,-0.04059151900837103,-0.0022339020645607693,0.10004745951982134,0.0999715242881072
2018-09-18,positive,0.03273870053062598,0.037176945241489574,0.004438244710863591,0.899907531194296,0.9001426024955437
2018-09-18,negative,-0.017835556718898568,-0.019213154294128603,-0.001377597575230035,0.09987983829895594,0.10004992479946526
2018-09-19,positive,0.026342228307547233,0.028124611738936035,0.0017823834313888016,0.9000572603958193,0.9001428730264619
2018-09-19,negative,-0.029050456679209108,-0.030173889460153265,-0.0011234327809441572,0.0998618920550208,0.09995830553702469
2018-09-20,positive,0.035628630499160874,0.0433136104077775,0.007684979908616628,0.8999710918390036,0.9002290415832777
2018-09-20,negative,-0.013888591455619303,-0.01413025468646276,-0.0002416632308434568,0.09968756949077162,0.100130642650656
2018-09-21,positive,0.02233962195717128,0.026146934841130863,0.003807312883959583,0.8999310881404913,0.9003356674447037
2018-09-21,negative,-0.03026320993141684,-0.033521150282968565,-0.003257940351551726,0.09991187538703378,0.09984105813048792
2018-09-24,positive,0.025890752791537897,0.027014701261723544,0.001123948470185647,0.8998756160341527,0.9001280625137331
2018-09-24,negative,-0.032068708780873374,-0.033725783818439756,-0.0016570750375663815,0.10016974291364536,0.09989294935179083
2018-09-25,positive,0.027700705966315638,0.0298936536233823,0.002192947657066662,0.9000771503611293,0.8999252776865836
2018-09-25,negative,-0.026881182168663705,-0.03156004370396533,-0.004678861535301629,0.1000486977456774,0.09992975760560299
2018-09-26,positive,0.017885234652931674,0.020100340355651815,0.002215105702720141,0.9000103893263344,0.9000277504374452
2018-09-26,negative,-0.034109549979770525,-0.035817217096120194,-0.001707667116349669,0.10017333770778654,0.09981258202099738
2018-09-27,positive,0.024371561318550703,0.02546398636193637,0.0010924250433856676,0.8996396986570587,0.9002958838301124
2018-09-27,negative,-0.023660295474592266,-0.0239396205031593,-0.00027932502856703456,0.09991865924227536,0.1001097281362594
2018-09-28,positive,0.0266124144105578,0.029146049007051922,0.0025336345964941213,0.8999574885546109,0.9000270806082407
2018-09-28,negative,-0.021572111071644237,-0.022423092957612772,-0.0008509818859685353,0.10000381512971442,0.10004871103117505
2018-10-01,positive,0.02220405925836558,0.029185815919899306,0.006981756661533726,0.9001609045444662,0.8999252215155469
2018-10-01,negative,-0.03898544891156687,-0.04459096580854705,-0.0056055168969801825,0.10011469884757555,0.09986889133507283
2018-10-02,positive,0.01789604718604068,0.022686520311478848,0.004790473125438167,0.8998437329848633,0.9001405109985845
2018-10-02,negative,-0.04091861032319134,-0.04158007275733795,-0.0006614624341466091,0.09989545900032668,0.1000965779157138
2018-10-03,positive,0.0382253027659887,0.04344895645152017,0.005223653685531474,0.8998889977146588,0.9001244014582653
2018-10-03,negative,-0.021127558787243657,-0.022148522716595453,-0.0010209639293517966,0.10019534225704647,0.09981581238437262
2018-10-04,positive,0.011820548495660634,0.016366679626631922,0.004546131130971288,0.8998747276688454,0.90016904956427
2018-10-04,negative,-0.047171748562316464,-0.04688371538996998,0.00028803317234648435,0.10014215686274511,0.09993096405228759
2018-10-05,positive,0.01635933517056954,0.020094370750452065,0.003735035579882525,0.8999771316563214,0.9000376715125776
2018-10-05,negative,-0.037721989362310235,-0.04145515221767208,-0.003733162855361842,0.10000871174997276,0.09999356827834041
2018-10-08,positive,0.02354551235043125,0.026829281972806762,0.003283769622375511,0.8999412915851274,0.9001225130463146
2018-10-08,negative,-0.03462346685672141,-0.03616609136999354,-0.0015426245132721325,0.10012230919765167,0.09983427103718198
2018-10-09,positive,0.021833527825623915,0.026292140882990332,0.004458613057366417,0.899898825065274,0.9001137878046128
2018-10-09,negative,-0.03626748513819898,-0.03906436760578442,-0.002796882467585436,0.09995104438642298,0.10004732375979111
2018-10-10,positive,0.0018620932184000905,0.004974095797914637,0.003112002579514546,0.8999163195578787,0.9001314589458781
2018-10-10,negative,-0.06669287591297576,-0.06776265944396828,-0.0010697835309925185,0.09989927039093979,0.10009926630730699
2018-10-11,positive,0.015543501026286701,0.016253409617250046,0.0007099085909633446,0.9000180209698557,0.8999663813346439
2018-10-11,negative,-0.04507539124675932,-0.04660353302364924,-0.0015281417768899172,0.10013543031891656,0.09990296663390127
2018-10-12,positive,0.03984713385556575,0.0425357458198007,0.0026886119642349493,0.899916067146283,0.9000801517876609
2018-10-12,negative,-0.027033360721428888,-0.02681160209776785,0.00022175862366103846,0.10005014170481796,0.09996964928057553
2018-10-15,positive,0.028299701704302616,0.02971866928456276,0.0014189675802601422,0.899797996297506,0.9002123148753132
2018-10-15,negative,-0.02284263754153309,-0.02291416673598771,-7.15291944546198e-05,0.09987476859414135,0.10011774474572577
2018-10-16,positive,0.056576484247914186,0.05761159068684574,0.0010351064389315517,0.9000821902895713,0.8999722063466142
2018-10-16,negative,-0.0027375369535857074,-0.0038767051199861493,-0.001139168166400442,0.10014270551460298,0.09992226622033529
2018-10-17,positive,0.0177599059004916,0.01923639709146785,0.0014764911909762486,0.8998302216399171,0.9001462700622339
2018-10-17,negative,-0.03062271528646539,-0.030443035923799662,0.00017967936266572934,0.10004312697892784,0.09999556447210393
2018-10-18,positive,0.008791543253514635,0.012226360888870802,0.0034348176353561667,0.8999588709046836,0.9001323989365861
2018-10-18,negative,-0.04555786241642719,-0.04747248359484869,-0.001914621178421498,0.09988669950738917,0.10012441844553914
2018-10-19,positive,0.016667234783592146,0.017891257451697788,0.001224022668105642,0.899846989141165,0.9001498574092354
2018-10-19,negative,-0.04547539273928354,-0.046235443103087845,-0.0007600503638043044,0.09994296369419765,0.10006731929362729
2018-10-22,positive,0.024549833529150144,0.028753870361655366,0.004204036832505222,0.900052725052725,0.8998258685758685
2018-10-22,negative,-0.037826816548757566,-0.03889054674327426,-0.0010637301945166933,0.10040737040737042,0.09972582972582973
2018-10-23,positive,0.020781141487616155,0.023182618186903238,0.0024014766992870827,0.9000055666889333,0.900047316855934
2018-10-23,negative,-0.0399983491239957,-0.04178074506587566,-0.001782395941879962,0.09997176893469477,0.09999498997995993
2018-10-24,positive,0.0075310777543118376,0.008168387848684861,0.0006373100943730236,0.9000233442338758,0.9001438908639174
2018-10-24,negative,-0.07928836518180744,-0.07929643906363644,-8.073881828996043e-06,0.09987146365579053,0.10014902880107165
2018-10-25,positive,0.057384494271324395,0.05802402458665903,0.0006395303153346327,0.8999013173595533,0.9001458959795079
2018-10-25,negative,-0.020442376027498353,-0.022261502701217933,-0.001819126673719581,0.10023473660002755,0.10000367684085834
2018-10-26,positive,0.023368232489486385,0.026253317184602526,0.0028850846951161413,0.8997748049052395,0.9002419175027871
2018-10-26,negative,-0.04651451913203146,-0.04906749645692396,-0.0025529773248924997,0.1001438923395445,0.09989520624303234
2018-10-29,positive,0.0257190150008706,0.02837955872564864,0.002660543724778041,0.8998869447107701,0.9001263282997762
2018-10-29,negative,-0.04736848657925077,-0.04871495657175957,-0.0013464699925088003,0.10004705976350273,0.10002293064876955
2018-10-30,positive,0.057297110241724125,0.06030867981618175,0.003011569574457626,0.8998402308221038,0.9001460221550858
2018-10-30,negative,-0.01807184593844438,-0.019483087547315377,-0.0014112416088709959,0.10014758068383448,0.09987523777553989
2018-10-31,positive,0.05370962048504806,0.05585474174556804,0.0021451212605199804,0.8998280023657665,0.9001700794450039
2018-10-31,negative,-0.03396033100962024,-0.03946355968244763,-0.00550322867282739,0.09989473936603846,0.1001264406400358
2018-11-01,positive,0.07560085765803226,0.07833532643888308,0.0027344687808508183,0.8999838532197876,0.9000161866488054
2018-11-01,negative,-0.01745484583311084,-0.02028173172185224,-0.0028268858887413977,0.10039453959748668,0.09963105603929448
2018-11-02,positive,0.039386633444225036,0.043164051953565936,0.0037774185093409005,0.8997542704456531,0.9002950345134714
2018-11-02,negative,-0.03476996882330075,-0.039583164748165686,-0.004813195924864934,0.10016159302732448,0.09981073257626365
2018-11-05,positive,0.0332484455380971,0.03421609826342302,0.0009676527253259168,0.8998931000971819,0.9001388424222148
2018-11-05,negative,-0.03352366683612797,-0.03590268264944292,-0.0023790158133149483,0.100216109863149,0.09980483996877439
2018-11-06,positive,0.03865060872292338,0.04112682418274509,0.0024762154598217123,0.8998836280570597,0.9001308285810129
2018-11-06,negative,-0.03361918506931142,-0.038332098972849206,-0.004712913903537785,0.10027251960831299,0.09973163367997316
2018-11-07,positive,0.060959101859242824,0.06093403504989202,-2.5066809350805797e-05,0.8999399987267636,0.9000728679255794
2018-11-07,negative,-0.02831216576660058,-0.030905819034912296,-0.002593653268311718,0.10018159536541889,0.09978888146167558
2018-11-08,positive,0.03341177232384911,0.03560031413805598,0.0021885418142068708,0.8998527024446143,0.9001988636363636
2018-11-08,negative,-0.04544962838841611,-0.04704861330519692,-0.0015989849167808087,0.10016050738477209,0.09980726381461677
2018-11-09,positive,0.017098770641636618,0.020138142618554365,0.003039371976917747,0.899900607597359,0.9000987943737442
2018-11-09,negative,-0.05758835452868681,-0.0595800304605937,-0.0019916759319068902,0.10018510987784264,0.09983255190890825
2018-11-12,positive,0.013322394285073296,0.014683769167839858,0.0013613748827665615,0.8996504688661137,0.8999721995006604
2018-11-12,negative,-0.05990305203608802,-0.061672865188436746,-0.001769813152348726,0.10022726908210237,0.09979903446727294
2018-11-13,positive,0.025557019205767216,0.029673563409649096,0.00411654420388188,0.8999524613899614,0.9000996621621621
2018-11-13,negative,-0.03569869071132715,-0.03658279686974694,-0.0008841061584197937,0.1000549790862291,0.10001745495495495
2018-11-14,positive,0.021619815572592883,0.022807390272418324,0.001187574699825441,0.8998854553641789,0.9001277721490488
2018-11-14,negative,-0.043465891445211194,-0.0435703584790692,-0.00010446703385800366,0.10029454334925458,0.09975282843633906
2018-11-15,positive,0.04636691211726818,0.04880957605310342,0.0024426639358352403,0.8997344877344877,0.9002755331088667
2018-11-15,negative,-0.024420501011205045,-0.02359008427273717,0.0008304167384678741,0.10018302068302068,0.0998507295173962
2018-11-16,positive,0.03246884547619268,0.03544070103940484,0.00297185556321216,0.8998367106276473,0.9001600404312669
2018-11-16,negative,-0.02693690334663464,-0.027456245070465308,-0.0005193417238306686,0.10000381048645875,0.09998427672955974
2018-11-19,positive,0.01383698309796123,0.014407707092194189,0.0005707239942329585,0.8999640967498111,0.90005459867162
2018-11-19,negative,-0.06202388852801309,-0.06249151074010455,-0.0004676222120914564,0.1000173686495875,0.09998423955870767
2018-11-20,positive,0.011645171285848825,0.01765328428605372,0.006008113000204896,0.8996883383525913,0.9001876044872816
2018-11-20,negative,-0.052814632619557864,-0.053597962104492934,-0.0007833294849350705,0.10014328461736996,0.09990232610659441
2018-11-21,positive,0.044771835023692017,0.046146259415561705,0.0013744243918696886,0.8998456208202402,0.9001551043429217
2018-11-21,negative,-0.010527613579435711,-0.012655794124286107,-0.002128180544850396,0.10009120941100638,0.0999357021996616
2018-11-23,positive,0.023113024381708303,0.024745805651277288,0.001632781269568985,0.8998470711465636,0.9001500282007896
2018-11-23,negative,-0.02671860857274446,-0.027432999237228133,-0.0007143906644836717,0.10004790105551527,0.10000225606316977
2018-11-26,positive,0.040009557111365016,0.04096512326482847,0.0009555661534634552,0.8997815974585889,0.9002132970274564
2018-11-26,negative,-0.01808512673170257,-0.020759043959972794,-0.0026739172282702235,0.10022602029239198,0.09979861583843884
2018-11-27,positive,0.0182355157646261,0.018872839864286124,0.0006373240996600249,0.8999053150470985,0.9000911057966064
2018-11-27,negative,-0.03722781340886268,-0.037462673075186234,-0.00023485966632355582,0.10008882815169115,0.09992597654025738
2018-11-28,positive,0.05584701472300879,0.057363158360449654,0.0015161436374408616,0.8998738371714807,0.9001275045537339
2018-11-28,negative,-0.004790314845690999,-0.0074721347952798455,-0.002681819949588846,0.10034737312721431,0.09976039023874576
2018-11-29,positive,0.02347240415142239,0.028948751271208904,0.0054763471197865135,0.8997823952348494,0.9001675755510113
2018-11-29,negative,-0.028084506243345807,-0.02874588843711325,-0.0006613821937674416,0.10003181095205634,0.1000073846852988
2018-11-30,positive,0.032121280387037196,0.034989004393077984,0.002867724006040788,0.8999643630972745,0.9000530277112556
2018-11-30,negative,-0.02624851073373901,-0.026915816601414132,-0.0006673058676751227,0.10009269667497515,0.09991105029079714
2018-12-03,positive,0.053834300384093356,0.05116984544382025,-0.002664454940273106,0.899922734884326,0.9000751109593716
2018-12-03,negative,-0.020606744405362046,-0.02129039003626214,-0.0006836456309000927,0.10022130907672047,0.09980710139979515
2018-12-04,positive,-0.0032267761511416736,-0.0002606723858158147,0.002966103765325859,0.900082943013271,0.8999225865209471
2018-12-04,negative,-0.07357967535647067,-0.07455003921436801,-0.0009703638578973384,0.09991673172001041,0.10009904371584696
2018-12-06,positive,0.033444637797653644,0.03482592989410077,0.0013812920964471273,0.8998206120582664,0.9001703246456334
2018-12-06,negative,-0.04242763137329374,-0.044443347748265104,-0.002015716374971367,0.1001375824678294,0.09989140374942845
2018-12-07,positive,0.013085753590394178,0.015298274474730433,0.0022125208843362543,0.9003113742058033,0.900144689675295
2018-12-07,negative,-0.05222777172161697,-0.05349785113716522,-0.0012700794155482559,0.10004707866640468,0.10000687757909214
2018-12-10,positive,0.026849935850301578,0.02936085234950898,0.002510916499207403,0.8998549671592775,0.9004545977011494
2018-12-10,negative,-0.03631039255409913,-0.03860846082817609,-0.002298068274076956,0.10039470443349754,0.09996494252873564
2018-12-11,positive,0.021451004334233123,0.02361592406868726,0.0021649197344541377,0.9001047159118907,0.9001690238013108
2018-12-11,negative,-0.03028794953503112,-0.031470562772382644,-0.0011826132373515229,0.10001663135071207,0.09973168087517863
2018-12-12,positive,0.036312512039003327,0.03696305934158185,0.0006505473025785261,0.8998231538992408,0.9003314272568932
2018-12-12,negative,-0.019219146528550023,-0.019898681795542345,-0.0006795352669923226,0.099855195701469,0.09995037628578002
2018-12-13,positive,0.015284709478425538,0.019254488833167844,0.003969779354742306,0.899963028689737,0.9002346445824705
2018-12-13,negative,-0.04770806971695919,-0.04884108990969988,-0.00113302019274069,0.10004251700680274,0.09977652896907555
2018-12-14,positive,0.010619040418160197,0.013073378000871,0.0024543375827108024,0.8999665462931189,0.8997790985069866
2018-12-14,negative,-0.044442128152887804,-0.0457981429133152,-0.0013560147604273973,0.1000617466903774,0.09990416913653428
2018-12-17,positive,0.006341501351718954,0.007527647567318554,0.0011861462155996006,0.8997603350544526,0.9000252175252177
2018-12-17,negative,-0.06198386539411081,-0.06209290738381529,-0.00010904198970447532,0.10018657393657393,0.0998051348051348
2018-12-18,positive,0.026995429158218388,0.027684124062701165,0.000688694904482777,0.9001106796596756,0.8999319845666799
2018-12-18,negative,-0.03896216615350407,-0.039344470956818485,-0.00038230480331441496,0.10013747361825616,0.09989030965571824
2018-12-19,positive,0.010695586927597677,0.014791445768737865,0.004095858841140188,0.8998029551310639,0.9000986561811682
2018-12-19,negative,-0.052376293455778586,-0.05393740263925499,-0.0015611091834764057,0.09986311381992966,0.1000871281568472
2018-12-20,positive,0.012696843049022124,0.014887439118565368,0.002190596069543244,0.9001351686507938,0.8999262979497354
2018-12-20,negative,-0.05795889214594924,-0.0616179542308805,-0.003659062084931261,0.10036768353174604,0.0997193287037037
2018-12-21,positive,0.015391060269565507,0.01146448269235413,-0.0039265775772113765,0.8999108304250762,0.9000505476686852
2018-12-21,negative,-0.06353798184400684,-0.06502364864285375,-0.001485666798846902,0.10021530328601211,0.0998061649955326
2018-12-24,positive,0.014927757276430021,0.017595357411510137,0.0026676001350801164,0.8999032532415177,0.9000071988021192
2018-12-24,negative,-0.05093699083702262,-0.052804061231649234,-0.0018670703946266146,0.10006664033961891,0.09990357718761313
2018-12-26,positive,0.09012611391560447,0.09123863878913585,0.0011125248735313759,0.8999015386381904,0.8999787576070732
2018-12-26,negative,0.013229343108699693,0.013167299197623123,-6.204391107656956e-05,0.10010563784590651,0.1000010662204944
2018-12-27,positive,0.02863309904687711,0.03053638826178411,0.001903289214907001,0.9001485526899747,0.8999948222298929
2018-12-27,negative,-0.025727593329400816,-0.026920462979268717,-0.0011928696498679017,0.09995315350855567,0.09992520998734321
2018-12-28,positive,0.06587524321145072,0.035499528957810486,-0.030375714253640232,0.8998609950004097,0.9001290877796903
2018-12-28,negative,-0.01770587008164549,-0.020161846343596586,-0.002455976261951095,0.09986833046471602,0.10014056224899599
2018-12-31,positive,0.03412916708010769,0.035980850640993836,0.0018516835608861429,0.9000058991249633,0.8999644413856389
2018-12-31,negative,-0.01920980434519002,-0.018559053881099657,0.0006507504640903619,0.09979086782682792,0.10024489561826108
2019-01-02,positive,0.05307185437480566,0.05436313867723186,0.0012912843024261988,0.9000385130062991,0.8999600182773587
2019-01-02,negative,-0.025104065084493487,-0.027322628837153178,-0.0022185637526596913,0.09991326414047456,0.1000993831391364
2019-01-03,positive,0.016852281935890383,0.018018066108257423,0.0011657841723670403,0.899744437370423,0.9002056907781967
2019-01-03,negative,-0.052752351116532606,-0.0542777444481747,-0.0015253933316420956,0.10016549129079126,0.09989429779453778
2019-01-04,positive,0.1028951315252562,0.07438302544193298,-0.02851210608332322,0.9001019594440647,0.8999043062200955
2019-01-04,negative,0.0063866277247848265,0.005346081040938925,-0.0010405466838459016,0.10007874441642686,0.09977277624336447
2019-01-07,positive,0.05885274236604486,0.071473740401341,0.012620998035296135,0.899964220660942,0.9000341530054646
2019-01-07,negative,-0.013493977895886314,-0.018722737746303602,-0.005228759850417288,0.10013709992193598,0.09980305100182149
2019-01-08,positive,0.04273293268309143,0.04313158490266985,0.0003986522195784173,0.9001030094848309,0.8999644724874944
2019-01-08,negative,-0.017925143624092286,-0.017924259573256683,8.840508356026955e-07,0.09991749496524395,0.10007503410641201
2019-01-09,positive,0.03853521988481291,0.03898980802977744,0.0004545881449645253,0.9003205346985211,0.8997195676905575
2019-01-09,negative,-0.017885310967832434,-0.020148577806573018,-0.002263266838740584,0.10014025678530798,0.09989874857792946
2019-01-10,positive,0.02796012480186024,0.029753636596564752,0.0017935117947045116,0.8998962503661752,0.900099111414901
2019-01-10,negative,-0.023813749140672726,-0.025301456653776488,-0.0014877075131037622,0.10004658561989388,0.09997949419002049
2019-01-11,positive,0.024846417317226567,0.02888405777651624,0.004037640459289674,0.8998925558595531,0.9001214090287277
2019-01-11,negative,-0.022162749970515285,-0.022346415621918973,-0.00018366565140368746,0.10001917627516124,0.09998461012311902
2019-01-14,positive,0.014626603391492498,0.021073492133423615,0.006446888741931117,0.8999640079092723,0.900091348825048
2019-01-14,negative,-0.036858006695910245,-0.0399391817272824,-0.0030811750313721534,0.09990587312481616,0.10009036833676506
2019-01-15,positive,0.03579581694910078,0.03928740003765552,0.0034915830885547394,0.899924479548752,0.9000850165468446
2019-01-15,negative,-0.019883200881622085,-0.020206358559838454,-0.0003231576782163695,0.09999922564027323,0.09999372361063563
2019-01-16,positive,0.03094389981795499,0.033298287627241595,0.002354387809286606,0.9001792035759149,0.899834418179742
2019-01-16,negative,-0.020296019800835643,-0.02383196063036428,-0.003535940829528638,0.09987589520220558,0.10013417837158844
2019-01-17,positive,0.02998858216128229,0.031180084828521852,0.0011915026672395627,0.8999157358416617,0.9000880201188843
2019-01-17,negative,-0.015498595162222248,-0.017439003238075443,-0.0019404080758531946,0.10017473381670912,0.09985025148605396
2019-01-18,positive,0.03737211728493708,0.038471967281171845,0.0010998499962347683,0.8997988646573549,0.900192681532304
2019-01-18,negative,-0.015467778912984686,-0.01786579499427053,-0.0023980160812858455,0.10010601976639713,0.0999165237278445
2019-01-22,positive,0.008012089407937092,0.00824792110551608,0.0002358316975789882,0.8999769122254483,0.8999064186473763
2019-01-22,negative,-0.04982761733178453,-0.0503250565802847,-0.0004974392485001741,0.09984621819792334,0.10027672522677691
2019-01-23,positive,0.022114639264192958,0.023049595608663258,0.0009349563444703002,0.8998671277608217,0.899944291293361
2019-01-23,negative,-0.029570684871079465,-0.02986526404426639,-0.0002945791731869263,0.09989354632273309,0.10029921892947394
2019-01-24,positive,0.03683070151491439,0.038284087827203085,0.0014533863122886959,0.9,0.9000347084817308
2019-01-24,negative,-0.017765829689680806,-0.018723611328631953,-0.0009577816389511468,0.09998948852394143,0.09999307479224377
2019-01-25,positive,0.04223228144621563,0.04236227720531181,0.00012999575909618255,0.8997850415148829,0.9000183781300255
2019-01-25,negative,-0.012398952765977187,-0.012426386325164938,-2.7433559187750242e-05,0.0999782580158183,0.10013898460831609
2019-01-28,positive,0.01902154504501035,0.02025807644363868,0.0012365313986283308,0.9002290802212999,0.8998343542119477
2019-01-28,negative,-0.03366945387682342,-0.03399439774679914,-0.0003249438699757176,0.10006923862214319,0.0998635809787262
2019-01-29,positive,0.022958750478251425,0.025002075405467304,0.0020433249272158796,0.8999276563118324,0.900100497955415
2019-01-29,negative,-0.02571414936902138,-0.026687861411429488,-0.0009737120424081064,0.09993074792243767,0.10004377720617333
2019-01-30,positive,0.039308466653577935,0.04040214319003079,0.0010936765364528561,0.9000346500346501,0.8999677837177839
2019-01-30,negative,-0.014933575111032544,-0.016205600618035238,-0.0012720255070026946,0.10030504405504406,0.09970308220308219
2019-01-31,positive,0.038791508156087874,0.040676312811256235,0.0018848046551683609,0.8998884703083176,0.9001259872443079
2019-01-31,negative,-0.0218896237723235,-0.024665874445507656,-0.002776250673184155,0.1002280162585506,0.09978065827302468
2019-02-01,positive,0.030600716025599682,0.03139425831850242,0.000793542292902738,0.8999250012396489,0.9000933868861672
2019-02-01,negative,-0.022052825496731644,-0.02393481253295831,-0.0018819870362266657,0.10016983190360491,0.09983124245880234
2019-02-04,positive,0.03294431922807002,0.03431473591013034,0.0013704166820603172,0.9000223059383364,0.9000450249496049
2019-02-04,negative,-0.014028960438936713,-0.013785240282245795,0.00024372015669091827,0.09987112124516703,0.10011954330656622
2019-02-05,positive,0.028908089448320674,0.03157556292685957,0.002667473478538896,0.8998556785466099,0.9001725735464443
2019-02-05,negative,-0.020729332136505817,-0.022462772645371488,-0.0017334405088656711,0.10005149905688474,0.0999644263542804
2019-02-06,positive,0.023033987783441113,0.02793188395556842,0.004897896172127308,0.8999359038019101,0.9000942615489018
2019-02-06,negative,-0.029674546217056015,-0.030584620695560588,-0.0009100744785045731,0.10029544664581162,0.09973964281576378
2019-02-07,positive,0.02029982790186448,0.023116364048256708,0.0028165361463922296,0.8999228471876555,0.9000886012941762
2019-02-07,negative,-0.04351489847562236,-0.048758240027256136,-0.005243341551633779,0.10013688402190146,0.09989057574249213
2019-02-08,positive,0.028761573661769763,0.03094189275925694,0.002180319097487178,0.8998598095902703,0.9002012926594224
2019-02-08,negative,-0.026215383744757355,-0.0308853733825525,-0.004669989637795146,0.1000741451500349,0.09988032931246468
2019-02-11,positive,0.03058876546999107,0.03199980230973652,0.0014110368397454512,0.8999314624663542,0.9001659439072209
2019-02-11,negative,-0.017343461747434404,-0.017004392573008446,0.0003390691744259572,0.09989843983650683,0.10004901472103149
2019-02-12,positive,0.03998545957693655,0.042939396368350015,0.0029539367914134668,0.8998737436871844,0.9001560911378903
2019-02-12,negative,-0.014173517771458293,-0.015170437544140908,-0.0009969197726826147,0.10012438121906095,0.09986224311215562
2019-02-13,positive,0.029191544054248557,0.0319461363403221,0.00275459228607354,0.9000131256562828,0.9000291264563227
2019-02-13,negative,-0.01873020052562622,-0.02070162832344547,-0.001971427797819253,0.10017750887544379,0.09980757371201895
2019-02-14,positive,0.026582516506222738,0.030117952458481985,0.003535435952259247,0.8998339741349181,0.9001779264659377
2019-02-14,negative,-0.025043305963080974,-0.027519963005416204,-0.0024766570423352292,0.09994132920557247,0.10006333116958774
2019-02-15,positive,0.03996941396554439,0.04068770969079525,0.0007182957252508601,0.9003080107741418,0.899725034916201
2019-02-15,negative,-0.009779228406966007,-0.015705715194568443,-0.005926486787602436,0.10022570830007982,0.09981735501463154
2019-02-19,positive,0.03124045827763287,0.032669755183230696,0.001429296905597826,0.8998067138866718,0.9002025971002926
2019-02-19,negative,-0.021668577633051356,-0.023081668805902008,-0.0014130911728506522,0.09983601855546688,0.10015911811652034
2019-02-20,positive,0.03214827670353771,0.03472666211955251,0.0025783854160148015,0.8998927199241555,0.9001293598123846
2019-02-20,negative,-0.023527437704882893,-0.02501558098101165,-0.001488143276128756,0.10030998952148096,0.09970506295427707
2019-02-21,positive,0.020498335978619688,0.023126654956355266,0.0026283189777355775,0.8998990276738968,0.9000865120917478
2019-02-21,negative,-0.03236790723126551,-0.03498020386078471,-0.0026122966295192007,0.10013836948391923,0.09987816837031498
2019-02-22,positive,0.039037608958454616,0.04217284042017854,0.003135231461723925,0.89982859636001,0.9001583977395496
2019-02-22,negative,-0.01712133097409545,-0.02291461260807255,-0.005793281633977101,0.10012341062079284,0.09989412449098314
2019-02-25,positive,0.030625734100265534,0.03645173222893815,0.005825998128672613,0.900032965119172,0.8999902141281453
2019-02-25,negative,-0.023964959726108053,-0.024018595114432984,-5.363538832493103e-05,0.10002052545155993,0.09994087011328391
2019-02-26,positive,0.01927754473890466,0.02126029723623198,0.001982752497327319,0.8999017950375414,0.9001079011486249
2019-02-26,negative,-0.031990925638363386,-0.0354855283055637,-0.0034946026672003153,0.10007209984585552,0.09993138083635819
2019-02-27,positive,0.031084499212047412,0.03334860104750825,0.0022641018354608404,0.8999608831710709,0.9000308795284455
2019-02-27,negative,-0.027902941422771936,-0.031149956236558595,-0.003247014813786659,0.10014839558911186,0.09986795483144578
2019-02-28,positive,0.02359563556881773,0.025856694669602488,0.0022610591007847583,0.9000192546583851,0.900048115942029
2019-02-28,negative,-0.034689316528371386,-0.038613467714362706,-0.00392415118599132,0.10006459627329192,0.1000230227743271
2019-03-01,positive,0.040688497172625196,0.043698400387103785,0.003009903214478589,0.8996299423802903,0.9003403371084179
2019-03-01,negative,-0.021626057151720897,-0.024360522363478694,-0.0027344652117577972,0.10035143055831511,0.0996849129081396
2019-03-04,positive,0.020857213593313308,0.021042434613078198,0.00018522101976489042,0.899887655792244,0.9001090752602744
2019-03-04,negative,-0.03796583963927013,-0.038708759819952414,-0.0007429201806822827,0.09979082874025523,0.10021724018074385
2019-03-05,positive,0.017245939831360194,0.018764674343839396,0.0015187345124792022,0.8999497767857143,0.9000950727513228
2019-03-05,negative,-0.028969597545710785,-0.032162404247498985,-0.0031928067017882,0.09994171626984126,0.10012070105820106
2019-03-06,positive,0.00804655658266191,0.014652866681353311,0.006606310098691401,0.899632321321063,0.9001452444577227
2019-03-06,negative,-0.04925105459781239,-0.04893473571367801,0.00031631888413437975,0.09984501817457551,0.10016435957443277
2019-03-07,positive,0.018884880632358242,0.03396551654871634,0.015080635916358096,0.8998485525597101,0.9001350199447176
2019-03-07,negative,-0.03331604485130586,-0.03509881280153588,-0.0017827679502300173,0.09991682804508664,0.10009343396726086
2019-03-08,positive,0.020486150242471173,0.025126552933850722,0.004640402691379549,0.8999473149204146,0.9000657013933655
2019-03-08,negative,-0.031570591504928344,-0.0323541015898019,-0.0007835100848735538,0.10016363365894779,0.09984529181335847
2019-03-11,positive,0.04446465559800183,0.04422314159872157,-0.00024151399928025452,0.9000241229155328,0.9000074224355485
2019-03-11,negative,-0.009886071675646344,-0.009469269863193148,0.00041680181245319636,0.10020119357972346,0.1000940956478484
2019-03-12,positive,0.02962419653533944,0.03132576040817075,0.001701563872831307,0.9000643987808473,0.8999093828859829
2019-03-12,negative,-0.020359378375212865,-0.02203076258863002,-0.0016713842134171535,0.1002260511912955,0.099839412709337
2019-03-13,positive,0.029426222872132805,0.03295063048089049,0.0035244076087576834,0.8999019223865007,0.900100525474069
2019-03-13,negative,-0.020765990372666708,-0.023862402295247196,-0.003096411922580488,0.10021598289761416,0.09980923006625542
2019-03-14,positive,0.020146476276565968,0.023087298845340474,0.002940822568774506,0.9000081243059638,0.8999954275262917
2019-03-14,negative,-0.0305731777403772,-0.03234357358299107,-0.001770395842613872,0.10015530080344895,0.09987197073616826
2019-03-15,positive,0.03298189903411079,0.03352621278960966,0.0005443137554988695,0.9001327901379131,0.899874772313297
2019-03-15,negative,-0.023049923426177368,-0.027207990112280766,-0.004158066686103398,0.10004346376528753,0.09997552367941712
2019-03-18,positive,0.03617022414894432,0.04047623868589487,0.00430601453695055,0.9001848824349665,0.8998373162795916
2019-03-18,negative,-0.019203186575972756,-0.02256919277474805,-0.0033660061987752926,0.10009668862496195,0.09991136542129474
2019-03-19,positive,0.02444137727657269,0.025052247201630618,0.0006108699250579296,0.8997863381160325,0.9002428339491658
2019-03-19,negative,-0.03215153651670848,-0.03192944044579303,0.00022209607091545208,0.10015135883039812,0.09986787593774493
2019-03-20,positive,0.021195960372674176,0.024303919111842355,0.003107958739168179,0.8997136227855786,0.9003007939170299
2019-03-20,negative,-0.03359808824965299,-0.03446333075589056,-0.0008652425062375679,0.09995000079870929,0.10004920049200491
2019-03-21,positive,0.037625315676722976,0.04105646327216718,0.0034311475954442033,0.8999567099567101,0.9000883372470089
2019-03-21,negative,-0.01691300670633974,-0.019276013543071478,-0.002363006836731737,0.10020694557594927,0.0997981661634798
2019-03-22,positive,0.0012935856657250028,0.00145140731272031,0.0001578216469953072,0.8999459528606607,0.9000520483546005
2019-03-22,negative,-0.06445791512854764,-0.06697986724216645,-0.0025219521136188167,0.10010961335508013,0.09990877546451757
2019-03-25,positive,0.025634246811259642,0.028076971478944213,0.002442724667684571,0.8999618201838377,0.9000552949061662
2019-03-25,negative,-0.024495292156243742,-0.028272644913084295,-0.003777352756840553,0.10022768256096004,0.09977658623771225
2019-03-26,positive,0.033021907288931944,0.035710580760087055,0.0026886734711551105,0.8998303870043001,0.9002173913043479
2019-03-26,negative,-0.015132576800340244,-0.016650317278540112,-0.0015177404781998687,0.10017681955725433,0.0998634336677815
2019-03-27,positive,0.020899745471481407,0.023866845769789098,0.0029671002983076913,0.8999900893556483,0.9000451773525793
2019-03-27,negative,-0.031067350985979854,-0.034838013744041434,-0.00377066275806158,0.10014286513531226,0.09988083249412556
2019-03-28,positive,0.02915999662221731,0.0323239217867954,0.0031639251645780887,0.9001052420968388,0.9000005602240897
2019-03-28,negative,-0.01758683656977863,-0.025121320621189845,-0.007534484051411217,0.10016506602641058,0.09996134453781512
2019-03-29,positive,0.029457012194867925,0.03142779072615952,0.0019707785312915935,0.8998639341373952,0.9001536046642
2019-03-29,negative,-0.020000301436634553,-0.022978225503375856,-0.0029779240667413033,0.10000920987298385,0.09998990918264379
2019-04-01,positive,0.04167060494654129,0.04500066296859827,0.003330058022056978,0.9000651309803169,0.8999854732372332
2019-04-01,negative,-0.01856388617336727,-0.01912303643004231,-0.0005591502566750402,0.10010400204332486,0.09986199575371549
2019-04-02,positive,0.025970939466037755,0.02847044824120004,0.002499508775162286,0.8999047300418997,0.9000959072153452
2019-04-02,negative,-0.02288140363354999,-0.026336130106223172,-0.0034547264726731836,0.09997243862416161,0.10005074160811864
2019-04-03,positive,0.028530490736710924,0.031503887024761604,0.00297339628805068,0.9000505195384714,0.8999888442659525
2019-04-03,negative,-0.021226250078488263,-0.023315801324943014,-0.002089551246454751,0.09993147191942373,0.10004964301651047
2019-04-04,positive,0.029996070003147385,0.032912648462135374,0.0029165784589879895,0.8998722610276528,0.9001261442286225
2019-04-04,negative,-0.023419486976377156,-0.025397013203104342,-0.001977526226727186,0.10006267342838007,0.09992122962714892
2019-04-05,positive,0.032703827809489515,0.03451898949658315,0.0018151616870936346,0.8998454973279093,0.9001529871580123
2019-04-05,negative,-0.01128992006515862,-0.012955149136309282,-0.0016652290711506625,0.0999481534657414,0.10007035175879397
2019-04-08,positive,0.021573679257018537,0.025411941041337628,0.0038382617843190914,0.9000560224089634,0.8999966577540107
2019-04-08,negative,-0.02196173392977445,-0.022308442424282336,-0.00034670849450788715,0.09999363381716321,0.09996991978609623
2019-04-09,positive,0.008628972532691351,0.011095028098207421,0.0024660555655160697,0.9002226054741145,0.9001982263954094
2019-04-09,negative,-0.035707233429502695,-0.03807795076013045,-0.0023707173306277557,0.1000986075181246,0.09990833892242343
2019-04-10,positive,0.0328828779130183,0.032982582025771576,9.970411275327801e-05,0.9000753395076538,0.8999210614712799
2019-04-10,negative,-0.01133999259521646,-0.011678376578245126,-0.00033838398302866654,0.0996424172625046,0.10000207943439385
2019-04-11,positive,0.02968436313721249,0.022426016491541845,-0.007258346645670644,0.9001229757896425,0.8998894500561168
2019-04-11,negative,-0.0267635710020931,-0.029725986236575953,-0.0029624152344828528,0.10009920634920635,0.09994388327721661
2019-04-12,positive,0.028525399292596027,0.030819666274246205,0.0022942669816501775,0.8999407571524902,0.9001314902225219
2019-04-12,negative,-0.022175611804828146,-0.02319254200341905,-0.0010169301985909034,0.1001650049770414,0.09978534502135313
2019-04-15,positive,0.01801100495508888,0.02129875566312582,0.0032877507080369406,0.8999754699567688,0.9000362688427972
2019-04-15,negative,-0.02868185102583203,-0.03208950354990433,-0.0034076525240723,0.10010087271902982,0.09990649438966337
2019-04-16,positive,0.028900171973330325,0.030134285430489138,0.0012341134571588128,0.8997907635607941,0.900282418456643
2019-04-16,negative,-0.02757511158712402,-0.029564038524585758,-0.0019889269374617387,0.10017749581933011,0.09976758722582112
2019-04-17,positive,0.018749898815078627,0.01964224217655987,0.0008923433614812445,0.8998417180013687,0.9001694045174536
2019-04-17,negative,-0.045232757430979695,-0.04485578366851462,0.0003769737624650729,0.10012381441282878,0.0999153384831003
2019-04-18,positive,0.02295966616298449,0.022850155168640387,-0.00010951099434410375,0.8999605072640604,0.9000364423186425
2019-04-18,negative,-0.026149757987270077,-0.028071380175129272,-0.0019216221878591948,0.10008935689068932,0.09993337888623163
2019-04-22,positive,0.03004989322536747,0.03861390675037949,0.008564013525012022,0.8998932859593237,0.9001012006861064
2019-04-22,negative,-0.03044521858164448,-0.03012923736429196,0.00031598121735251783,0.0997824471126358,0.10022241280731847
2019-04-23,positive,0.03906047233801656,0.04029538412265713,0.001234911784640573,0.8998836133490535,0.9000767996331958
2019-04-23,negative,-0.011394656127028762,-0.014639673023894639,-0.0032450168968658766,0.10006717921006089,0.09985680786969323
2019-04-24,positive,0.02778489347515512,0.028580930547973542,0.0007960370728184209,0.8999064450763145,0.9001429878746284
2019-04-24,negative,-0.025395201884412875,-0.026801398866481575,-0.0014061969820686991,0.10019523972938524,0.0998141157629833
2019-04-25,positive,0.019679839699424755,0.023000907896841793,0.0033210681974170375,0.8999079065588498,0.9000840480274442
2019-04-25,negative,-0.040778386008653904,-0.04333323194664557,-0.0025548459379916635,0.10015253614310218,0.09987135506003432
2019-04-26,positive,0.09509190724840944,0.03693546398646586,-0.05815644326194357,0.9000652723418133,0.8999920091324203
2019-04-26,negative,-0.01670681071129492,-0.018998122414182788,-0.0022913117028878667,0.10009923352902805,0.09997260273972602
2019-04-29,positive,0.02799228930837655,0.03026574296485125,0.002273453656474699,0.8999769901106432,0.9000239890335846
2019-04-29,negative,-0.01996867916528666,-0.020432098226451263,-0.00046341906116460427,0.1000135040308104,0.1000034270047978
2019-04-30,positive,0.02163024754508456,0.023859910293247983,0.002229662748163424,0.8996934183850073,0.9002855659397715
2019-04-30,negative,-0.03692434482621341,-0.037937753080484256,-0.0010134082542708478,0.1002837116154873,0.09974921294235936
2019-05-01,positive,0.020063750136396007,0.021331535659542926,0.0012677855231469186,0.8999613416094958,0.9000500925623436
2019-05-01,negative,-0.03738511267305483,-0.03967405090187879,-0.002288938228823957,0.10019274746814766,0.09981371828378525
2019-05-02,positive,0.0287480722551141,0.031030832705122753,0.0022827604500086536,0.8998551198257081,0.9001872276688452
2019-05-02,negative,-0.031243810831824752,-0.0339955286204328,-0.0027517177886080477,0.10031753812636164,0.09975602532679737
2019-05-03,positive,0.049862419012464805,0.05201449963580558,0.0021520806233407755,0.8999448689658929,0.900079716955432
2019-05-03,negative,-0.013567432186757952,-0.013574073201320877,-6.641014562925457e-06,0.10011652399033896,0.0998416595118949
2019-05-06,positive,0.027148044281987506,0.030213494067887165,0.003065449785899659,0.8998084040931854,0.9001991821794034
2019-05-06,negative,-0.022944840081507593,-0.023640647466402456,-0.0006958073848948622,0.10007511430437621,0.09992053124319615
2019-05-07,positive,0.009138855388580228,0.011987539910669292,0.0028486845220890636,0.8998071924224809,0.9000231737938366
2019-05-07,negative,-0.047643780195549004,-0.04935718727156693,-0.0017134070760179282,0.1001189307146754,0.0999041871249318
2019-05-08,positive,0.052834108386445575,0.029719176430923745,-0.02311493195552183,0.8998617912721733,0.9001467787572098
2019-05-08,negative,-0.03241864586338612,-0.03440399918346533,-0.0019853533200792084,0.10012841440853196,0.09987403417129177
2019-05-09,positive,0.026654160152736927,0.029505725383829246,0.0028515652310923192,0.8999051667756705,0.9000914268585131
2019-05-09,negative,-0.03798595961739083,-0.04214263337667511,-0.004156673759284274,0.10018748637453674,0.09983077174623936
2019-05-10,positive,0.031243862597540528,0.03197303887867821,0.0007291762811376806,0.8998591625883632,0.9001325788471997
2019-05-10,negative,-0.026187881196852947,-0.029246587357271307,-0.0030587061604183605,0.1002805872756933,0.09974775693311581
2019-05-13,positive,0.004933413188046271,0.0050219649492443865,8.85517611981159e-05,0.8999801944158958,0.8999217904133531
2019-05-13,negative,-0.0635313346186567,-0.06431131225053742,-0.0007799776318807156,0.1000474166121648,0.09996637916939177
2019-05-14,positive,0.038483447206078235,0.03992724979585187,0.0014438025897736337,0.8997901099198613,0.9002280634069745
2019-05-14,negative,-0.012798131476790889,-0.01433589647535429,-0.0015377649985634009,0.10006443578081006,0.09995329759584146
2019-05-15,positive,0.027576142517134743,0.028470590252344812,0.0008944477352100695,0.8998397748186641,0.900147504601061
2019-05-15,negative,-0.019978615739554194,-0.020087670939278816,-0.00010905519972462252,0.10004709321208186,0.09996823238064305
2019-05-16,positive,0.02822786484550288,0.0325088696600916,0.004281004814588721,0.9000156824572789,0.8999981748864373
2019-05-16,negative,-0.0248243594516676,-0.027360081994917573,-0.0025357225432499735,0.10011464417045209,0.0998892426454683
2019-05-17,positive,0.012004128563400149,0.013953512842512217,0.0019493842791120687,0.8999218241042346,0.9000920874049948
2019-05-17,negative,-0.03991444674261766,-0.040185870952766656,-0.0002714242101489947,0.10006514657980455,0.09996878393051031
2019-05-20,positive,0.015291018806744472,0.018816313472245903,0.0035252946655014317,0.9000261096605744,0.8999933365970408
2019-05-20,negative,-0.03501368633769039,-0.03504148595128343,-2.779961359303945e-05,0.09969538729329852,0.10028356859225414
2019-05-21,positive,0.037340042532794444,0.03896901321702617,0.0016289706842317273,0.8999802284111945,0.8999958823369271
2019-05-21,negative,-0.009432002789327504,-0.010403794844622439,-0.0009717920552949344,0.09963052546930365,0.09964656158118261
2019-05-22,positive,0.013253119535605682,0.013913017862761634,0.0006598983271559524,0.8999710761842392,0.9000116309211961
2019-05-22,negative,-0.038311327944653605,-0.039928710430099656,-0.001617382485446052,0.10001691770355818,0.10001640607945864
2019-05-23,positive,0.008487743667226877,0.009318534516590838,0.0008307908493639608,0.900164159883832,0.9000803383774695
2019-05-23,negative,-0.04948693530084975,-0.05061203856862047,-0.0011251032677707176,0.10011420765027323,0.10005344945355192
2019-05-24,positive,0.02712946728607086,0.02985812897385916,0.0027286616877883023,0.8996464148877941,0.9003388752052544
2019-05-24,negative,-0.015722506980984437,-0.0160540098896591,-0.00033150290867466417,0.10020689655172413,0.09978229337712097
2019-05-28,positive,0.018242481158613606,0.023301869550816784,0.005059388392203178,0.8999304185842647,0.9000814979180364
2019-05-28,negative,-0.031197086754860028,-0.032865566472475405,-0.0016684797176153773,0.10013916283147051,0.09986785694718389
2019-05-29,positive,0.01537590911038943,0.017234243054656345,0.0018583339442669149,0.9000688524590164,0.9000707991803278
2019-05-29,negative,-0.03485497505079531,-0.03717575121865857,-0.0023207761678632616,0.10027759562841532,0.09988753415300546
2019-05-30,positive,0.021091620327038322,0.022303874138342013,0.0012122538113036908,0.8997408017572761,0.9002510982976387
2019-05-30,negative,-0.029534290438344046,-0.03263277982352805,-0.0030984893851840056,0.09998846787479407,0.1000299629324547
2019-05-31,positive,0.013313175859951714,0.014567822351867557,0.001254646491915843,0.8999917464509739,0.9000428840651482
2019-05-31,negative,-0.044453704979083325,-0.045695540509214656,-0.0012418355301313314,0.10026026191262245,0.09976006245185431
2019-06-03,positive,0.03231605406202036,0.034732258271612554,0.002416204209592196,0.8999742324561403,0.9000777138157895
2019-06-03,negative,-0.03434137743754191,-0.03355334146999315,0.0007880359675487628,0.10006962719298244,0.09999958881578948
2019-06-04,positive,0.055917467592659545,0.05690104182613194,0.0009835742334723951,0.899875,0.9001746847587719
2019-06-04,negative,-0.006981138652063927,-0.00801963741409752,-0.001038498762033593,0.09981222587719298,0.09985456806077694
2019-06-05,positive,0.02730341898434388,0.03207559457895214,0.004772175594608262,0.8997472094550231,0.9002776523856424
2019-06-05,negative,-0.036180318477811196,-0.037925433326473794,-0.0017451148486625975,0.10011764062158021,0.09986539724228496
2019-06-06,positive,0.021406920458109383,0.026978583426925523,0.00557166296881614,0.8999217296113848,0.9001058429118773
2019-06-06,negative,-0.032273767958403185,-0.03621325863439404,-0.003939490675990857,0.100128078817734,0.09989278872468528
2019-06-07,positive,0.03498214158867214,0.03762451972484602,0.0026423781361738785,0.9000486338797813,0.9001284494535516
2019-06-07,negative,-0.015255045569849643,-0.015867514341792767,-0.0006124687719431237,0.10010601092896174,0.10006489071038252
2019-06-10,positive,0.03391810482690946,0.03417767205325922,0.0002595672263497606,0.9002659225213396,0.899779081855986
2019-06-10,negative,-0.023355793552247314,-0.024084958460939845,-0.0007291649086925318,0.10001203764499891,0.09997982326548478
2019-06-11,positive,0.02010693044555878,0.023178502144177084,0.003071571698618304,0.8998808743169399,0.9002582650273224
2019-06-11,negative,-0.029468621379496303,-0.03341070082154153,-0.003942079442045228,0.10020218579234971,0.09996304644808743
2019-06-12,positive,0.025113929392549583,0.025859708089437272,0.0007457786968876889,0.8999983601180714,0.9001023901279108
2019-06-12,negative,-0.03026972037836243,-0.03193624967231952,-0.0016665292939570878,0.09998086804416748,0.09993204739258774
2019-06-13,positive,0.03868794363086349,0.040053208383162106,0.0013652647522986172,0.9000858479026427,0.8999510525741709
2019-06-13,negative,-0.012244517503118118,-0.01373087580354348,-0.0014863583004253618,0.10003217713787085,0.09998469540794067
2019-06-14,positive,0.013964712126820617,0.015622019461559907,0.0016573073347392903,0.9001425762045232,0.8997803315852726
2019-06-14,negative,-0.03573782006362412,-0.035573720853560364,0.00016409921006375894,0.09999945373101715,0.10010191330711242
2019-06-17,positive,0.0382513748068076,0.04207767161433233,0.0038262968075247344,0.9000893346486901,0.899928614490847
2019-06-17,negative,-0.02124649964314216,-0.02227843811793878,-0.0010319384747966218,0.10017099638276883,0.09983009974788995
2019-06-18,positive,0.03806156897322582,0.03966167168972577,0.0016001027164999487,0.8999747972824895,0.9000484878369492
2019-06-18,negative,-0.013447830908674602,-0.015637085855958736,-0.0021892549472841347,0.10024216524216525,0.09976091661187814
2019-06-19,positive,0.026751461608860085,0.027420449584166208,0.0006689879753061234,0.8998099606815204,0.9001688100698996
2019-06-19,negative,-0.0198668973992947,-0.021126231775425604,-0.001259334376130905,0.09990388816076888,0.1001248498252512
2019-06-20,positive,0.032624100359349505,0.03321569038643733,0.000591590027087828,0.8999181669394435,0.9000762411347518
2019-06-20,negative,-0.019120155361194022,-0.01996377210285779,-0.000843616741663767,0.09983360611020187,0.10017699809056191
2019-06-21,positive,0.020210799564595677,0.021462298481332198,0.0012514989167365202,0.8999831209844278,0.9000350511815309
2019-06-21,negative,-0.03029508991721388,-0.031416980204329134,-0.0011218902871152556,0.1002510072960906,0.09976434035718174
2019-06-24,positive,0.013661237501381845,0.01689915044797717,0.0032379129465953255,0.9000527288540987,0.9000072706023049
2019-06-24,negative,-0.039073472068493,-0.040930416474339884,-0.0018569444058468831,0.10000706675364208,0.09994159735812133
2019-06-25,positive,0.019484501731306916,0.021483282801423108,0.001998781070116192,0.8999055682188214,0.9001075925322913
2019-06-25,negative,-0.03343393590504872,-0.034955497072876165,-0.001521561167827444,0.09999185932920873,0.09999569222837294
2019-06-26,positive,0.02846197393847074,0.03192838537862151,0.0034664114401507726,0.8998429716265972,0.9001493461663419
2019-06-26,negative,-0.029133248896869877,-0.03054026602005912,-0.0014070171231892435,0.10003519601472818,0.09997573505523066
2019-06-27,positive,0.04152870264507113,0.044675645395863134,0.0031469427507920048,0.899883620223016,0.9001100871495075
2019-06-27,negative,-0.010014161871554017,-0.011592233867224402,-0.001578071995670385,0.10045685828732272,0.09995913175273358
2019-06-28,positive,0.044053384443107316,0.04440901394356807,0.00035562950046075237,0.9001025142980467,0.8999024090860039
2019-06-28,negative,-0.011466904449214346,-0.012708957176708396,-0.0012420527274940498,0.10011969092739567,0.09984472070634663
2019-07-01,positive,0.031822722310804644,0.03264052432407646,0.0008178020132718136,0.89996581466288,0.9000039444619754
2019-07-01,negative,-0.022142964680137822,-0.02306097408240933,-0.0009180094022715087,0.10004871410539604,0.09996943041969075
2019-07-02,positive,0.019540965789998328,0.024941219832359633,0.005400254042361306,0.9000380406118144,0.9000257120253166
2019-07-02,negative,-0.03390025684827618,-0.03452888153485998,-0.000628624686583798,0.10005594013713079,0.10001335047468356
2019-07-03,positive,0.02592863609997465,0.03028675042919522,0.004358114329220567,0.89997157592065,0.9000276986388098
2019-07-03,negative,-0.013315809594588118,-0.015067447673292484,-0.0017516380787043657,0.09998018228342301,0.10003709639126308
2019-07-05,positive,0.022920486509771347,0.024176258396138135,0.0012557718863667883,0.9000187202852616,0.9000173335974644
2019-07-05,negative,-0.01808457161642222,-0.018226268273029707,-0.00014169665660748731,0.09986469889064975,0.1001446117274168
2019-07-08,positive,0.013581026517460631,0.016867181838464248,0.0032861553210036167,0.9000480285457048,0.8999801398156976
2019-07-08,negative,-0.031922277058487096,-0.03294892793466546,-0.001026650876178363,0.10007232417116832,0.09992403479504289
2019-07-09,positive,0.022905690241019197,0.02447490714828048,0.0015692169072612817,0.8998862250848176,0.9001321962468195
2019-07-09,negative,-0.02218901139979989,-0.022896434442110522,-0.0007074230423106329,0.09988307755513148,0.10011877783078882
2019-07-10,positive,0.027553315390057963,0.03301388178566812,0.005460566395610159,0.8997774862171329,0.900230100986005
2019-07-10,negative,-0.01969010848619135,-0.021618136170949136,-0.0019280276847577875,0.10001033715012723,0.09998359971374046
2019-07-11,positive,0.01909828748688335,0.020924189330383675,0.001825901843500323,0.9000559953851053,0.900030334977721
2019-07-11,negative,-0.02877613452148097,-0.03067277385791149,-0.0018966393364305174,0.10008931413112668,0.09991446530872057
2019-07-12,positive,0.030439430636759336,0.033511347674497594,0.0030719170377382574,0.8998697833705002,0.9001269313475628
2019-07-12,negative,-0.017792829071060393,-0.018752123712725312,-0.0009592946416649185,0.10006155755548476,0.09995868509079324
2019-07-15,positive,0.017834562840591837,0.018293819613968504,0.00045925677337666643,0.8999494123590726,0.8999970086151883
2019-07-15,negative,-0.029544864786939278,-0.03113384861766861,-0.0015889838307293312,0.10022395500957244,0.09984644224633057
2019-07-16,positive,0.021996628041201047,0.023879120043961928,0.0018824920027608813,0.8999568381180225,0.9000164473684211
2019-07-16,negative,-0.025155197557019015,-0.026948834130145594,-0.0017936365731265787,0.10024478335991494,0.09978219696969697
2019-07-17,positive,0.015769400919580016,0.017020296955813776,0.0012508960362337604,0.8999355649537184,0.9001391437918927
2019-07-17,negative,-0.03503602315616765,-0.03717811732712242,-0.0021420941709547753,0.10009189807426325,0.0998523779125439
2019-07-18,positive,0.023152316807974152,0.025065557489773384,0.0019132406817992317,0.8997951921030225,0.9002105284163473
2019-07-18,negative,-0.027098578971035812,-0.02806004472214091,-0.0009614657511050964,0.09996993401447425,0.10003093071519795
2019-07-19,positive,0.020120749607479973,0.02135324153999294,0.0012324919325129684,0.8999743241805023,0.9000468949553001
2019-07-19,negative,-0.027396119448522983,-0.028960304270902633,-0.0015641848223796502,0.09999973392933162,0.1000019955300128
2019-07-22,positive,0.02241732970757089,0.024228583983249532,0.0018112542756786414,0.8999622971385864,0.9000485466047404
2019-07-22,negative,-0.026102271663145733,-0.031139496736434114,-0.005037225073288382,0.10011484358317317,0.09989239670083279
2019-07-23,positive,0.030411872194683193,0.03168765045523782,0.0012757782605546247,0.8998451422436929,0.9001484500805151
2019-07-23,negative,-0.022018873677478255,-0.02348187727599186,-0.0014630035985136042,0.09995397208803006,0.10005787037037037
2019-07-24,positive,0.04316037691560718,0.044729992727681925,0.0015696158120747442,0.8998692282854375,0.9002477195673233
2019-07-24,negative,-0.013683977447327023,-0.014690171537832041,-0.0010061940905050186,0.10018082014853084,0.09971780486492304
2019-07-25,positive,0.04234481544158962,0.01848220154142149,-0.02386261390016813,0.8999763821792808,0.9000251610305959
2019-07-25,negative,-0.04464174598057745,-0.04802853217660493,-0.0033867861960274817,0.10018266908212561,0.09984349838969406
2019-07-26,positive,0.036323925725467714,0.04030859055774923,0.003984664832281513,0.8997925380737882,0.9001689189189189
2019-07-26,negative,-0.016872886076394415,-0.01971173291931593,-0.0028388468429215163,0.10019620066495068,0.09986325611325612
2019-07-29,positive,0.01762923875941466,0.018324232247248204,0.0006949934878335423,0.8998369389731998,0.900277990797546
2019-07-29,negative,-0.03163606847954681,-0.03269374785692079,-0.001057679377373985,0.09995533311807124,0.0999293334947799
2019-07-30,positive,0.04225374387857525,0.043599692764118084,0.001345948885542833,0.8997610415293341,0.9001768842012746
2019-07-30,negative,-0.021802442098315507,-0.023919014176037794,-0.0021165720777222875,0.09999780268072951,0.10006413425620742
2019-07-31,positive,0.021216089954107367,0.024054425406757608,0.002838335452650241,0.8998534435261707,0.9001977272727272
2019-07-31,negative,-0.037000255161562814,-0.04183273505230785,-0.004832479890745034,0.10012727272727273,0.09996150137741047
2019-08-01,positive,0.028234197287012507,0.03008701074536385,0.0018528134583513448,0.8999752475247524,0.9000372318481846
2019-08-01,negative,-0.06170238135201857,-0.06556271801984495,-0.0038603366678263834,0.10016886688668866,0.09987496562156216
2019-08-02,positive,0.02260525552186036,0.024409561681034957,0.0018043061591745957,0.9001002629848784,0.8999103522901599
2019-08-02,negative,-0.045756621820033976,-0.04966028147467415,-0.0039036596546401722,0.10007506026736794,0.09992606974578128
2019-08-05,positive,0.00038794848606542656,0.004473463445999477,0.004085514959934051,0.8999242922975641,0.9000387453368444
2019-08-05,negative,-0.05960938869734987,-0.06416582918132872,-0.004556440483978852,0.10013440860215055,0.09988208388193986
2019-08-06,positive,0.041612250484669114,0.04669086102287412,0.005078610538205006,0.8997624508519004,0.9002405867737003
2019-08-06,negative,-0.02589674703928322,-0.02885927034418382,-0.0029625233049005995,0.09995139799038881,0.10007607716251639
2019-08-07,positive,0.0367891846914596,0.0398570009513504,0.0030678162598907974,0.8996518227461255,0.9003211293931456
2019-08-07,negative,-0.03606395750247173,-0.03774802533930634,-0.001684067836834606,0.10023848504693297,0.09979998908535255
2019-08-08,positive,0.056004459741137394,0.059169619388912964,0.00316515964777557,0.899748252512014,0.9002282656181739
2019-08-08,negative,-0.01732744300319668,-0.022252675488890476,-0.004925232485693796,0.10007837366598016,0.10005558702838935
2019-08-09,positive,0.01999945988543315,0.022062835125388036,0.002063375239954885,0.8998784893267651,0.9001510331143953
2019-08-09,negative,-0.0457523170395029,-0.053233267910922824,-0.007480950871419922,0.10028352490421455,0.09972543787629995
2019-08-12,positive,0.014748412983274362,0.01782600133946987,0.003077588356195508,0.8997650489710575,0.9002317527786948
2019-08-12,negative,-0.042977372206799744,-0.04361603743357925,-0.0006386652267795084,0.10024100363156156,0.09978657697810057
2019-08-13,positive,0.03667319478105149,0.03940900805927876,0.0027358132782272712,0.8998767470012103,0.900119779630241
2019-08-13,negative,-0.01590458598134755,-0.01854216040988072,-0.002637574428533171,0.09999779905359304,0.10002259409045888
2019-08-14,positive,-0.001358452191034137,0.001989398061275624,0.003347850252309761,0.8999338624338623,0.9000799506723984
2019-08-14,negative,-0.06098104088334949,-0.06257319974545625,-0.0015921588621067573,0.0999152021919879,0.1000488109016755
2019-08-15,positive,0.021387668079413356,0.02564160414508267,0.0042539360656693136,0.9000005507821107,0.8999918071161049
2019-08-15,negative,-0.03620028083802858,-0.039466620538796814,-0.003266339700768235,0.1001492619519718,0.09986760575016523
2019-08-16,positive,0.0472914024638453,0.049356500355257446,0.0020650978914121473,0.8999226719315565,0.9000764025995392
2019-08-16,negative,-0.004890808342252922,-0.0056220366245434295,-0.0007312282822905074,0.10018155787626355,0.10013220183074574
2019-08-19,positive,0.0366304761968526,0.03704757371997326,0.00041709752312066306,0.8998482358097742,0.9001657010190666
2019-08-19,negative,-0.012199947451465087,-0.012673326349174072,-0.00047337889770898527,0.09981207538899847,0.0998925068876992
2019-08-20,positive,0.01760744855486795,0.018537723182070396,0.0009302746272024445,0.899865264541571,0.9001076925183481
2019-08-20,negative,-0.027049528428312784,-0.03016222402903045,-0.0031126956007176652,0.10031876437725931,0.099723443148209
2019-08-21,positive,0.03300760508751588,0.033933134634329176,0.0009255295468132974,0.899931536860554,0.9000447748931976
2019-08-21,negative,-0.012218486207752946,-0.012998469821420175,-0.0007799836136672296,0.10011877376648985,0.09988422883119728
2019-08-22,positive,0.02147154110373693,0.02325090987607303,0.0017793687723361012,0.9000913167104111,0.8999703015638669
2019-08-22,negative,-0.028270982015771867,-0.02878515806327414,-0.0005141760475022746,0.09979221347331585,0.10019244176509186
2019-08-23,positive,-0.0002874427600676736,0.0002694438708858507,0.0005568866309535244,0.9000072197633173,0.8998798768024019
2019-08-23,negative,-0.055299753499103,-0.05636677308595445,-0.0010670195868514448,0.10019830806416172,0.0999048972753241
2019-08-26,positive,0.03222124515427661,0.03373390201037131,0.0015126568560947032,0.8998894024430504,0.9000929555959063
2019-08-26,negative,-0.013973019846075532,-0.014462069317476966,-0.0004890494714014336,0.09996973698690437,0.10004302162429846
2019-08-27,positive,0.014040323951323302,0.015088129538440107,0.0010478055871168054,0.9000241944352799,0.8999858407566259
2019-08-27,negative,-0.039645020992715725,-0.03921712835929096,0.0004278926334247632,0.09996095897943472,0.10003697899483119
2019-08-28,positive,0.03571835509524528,0.03918250597375683,0.0034641508785115543,0.9001022090339598,0.8999801489174637
2019-08-28,negative,-0.011356071428094866,-0.012834772584582942,-0.0014787011564880766,0.10016320474777447,0.09977051049565885
2019-08-29,positive,0.041200200191178656,0.044299810098097026,0.00309960990691837,0.899915846325342,0.9001873488844929
2019-08-29,negative,-0.008981833360023261,-0.010246252761440432,-0.0012644194014171713,0.10013099862861183,0.10036105812255662
2019-08-30,positive,0.020561740674123953,0.021740937821672322,0.0011791971475483692,0.8998464258093029,0.9001143520053034
2019-08-30,negative,-0.02308990768818079,-0.02568934743331871,-0.0025994397451379186,0.10007678709534858,0.0999700309358082
2019-09-03,positive,0.016657685933838977,0.022366930821283375,0.005709244887444398,0.8998570620098635,0.9001736599563424
2019-09-03,negative,-0.04292171233621135,-0.04616325751538594,-0.0032415451791745903,0.10016116905166142,0.09985908319185059
2019-09-04,positive,0.038238712340091144,0.039326852178581555,0.001088139838490411,0.8998679044064183,0.900093476820657
2019-09-04,negative,-0.015324601904726554,-0.016621801732290026,-0.0012971998275634715,0.10013581204453277,0.09985635109150548
2019-09-05,positive,0.05317747173132126,0.05567034052804661,0.0024928687967253546,0.8998602905569004,0.9002887005649718
2019-09-05,negative,-0.017066576006317318,-0.0206297743013394,-0.003563198295022083,0.10032017756255045,0.09985536723163843
2019-09-06,positive,0.023382843076539477,0.025058752736019756,0.0016759096594802791,0.900035262920334,0.8999407582938389
2019-09-06,negative,-0.02753747029187837,-0.02931421724876223,-0.0017767469568838595,0.10022407067092239,0.0998059128864816
2019-09-09,positive,0.056902242221640996,0.06084868314648202,0.003946440924841026,0.899907667473769,0.9002418079096044
2019-09-09,negative,-0.03544884819514515,-0.03609461382387997,-0.0006457656287348207,0.10028490718321226,0.09988813559322034
2019-09-10,positive,0.05534876311721985,0.05655621377325891,0.0012074506560390622,0.8998877711461942,0.9001404565363881
2019-09-10,negative,-0.026826881487766734,-0.027270370327698516,-0.0004434888399317827,0.10002703439866512,0.09998989218328841
2019-09-11,positive,0.049172104261993935,0.05393078412626821,0.004758679864274272,0.9001444636263367,0.89985565626049
2019-09-11,negative,-0.011602131664351702,-0.014889084324539167,-0.0032869526601874647,0.0999554021004172,0.09991440080563949
2019-09-12,positive,0.023927055264134568,0.02635216895373608,0.002425113689601511,0.9000928181369504,0.8999258887774435
2019-09-12,negative,-0.032592647557912025,-0.037684574837683144,-0.005091927279771119,0.09992947095254016,0.10007243954084474
2019-09-13,positive,0.029028019847816743,0.030211196109673304,0.0011831762618565618,0.899811862600035,0.9002377770353046
2019-09-13,negative,-0.024914927469010934,-0.02495139672915747,-3.6469260146537036e-05,0.10000290360046457,0.09996269072279763
2019-09-16,positive,0.0464305357182713,0.05398706003769351,0.007556524319422213,0.90009,0.9002290972222223
2019-09-16,negative,-0.0253704568545616,-0.026342137815589257,-0.0009716809610276558,0.10049333333333335,0.09984000000000001
2019-09-17,positive,0.023896063357920834,0.024869006625629263,0.0009729432677084288,0.8999326655537006,0.9000673344462994
2019-09-17,negative,-0.03489166883734836,-0.03585547677529115,-0.00096380793794279,0.0999316320852214,0.10008959376739009
2019-09-18,positive,0.01444577100350696,0.01608893218162708,0.0016431611781201217,0.8997803666921314,0.9002673796791443
2019-09-18,negative,-0.03040500326389875,-0.03146281005233676,-0.0010578067884380107,0.10001567672523555,0.09998899844028519
2019-09-19,positive,0.018045148244140996,0.01717029909590768,-0.000874849148233315,0.9003018849870823,0.8997052913596784
2019-09-19,negative,-0.026741994031999793,-0.02802847459271431,-0.001286480560714516,0.09988653398398877,0.10012726054922974
2019-09-20,positive,0.023565934995707093,0.02376702186502384,0.00020108686931674669,0.8999684686833984,0.9001035404141616
2019-09-20,negative,-0.026688741998861492,-0.026257364220053214,0.00043137777880827843,0.09983204504246589,0.10013527054108215
2019-09-23,positive,0.023386246379397953,0.025615214382587875,0.002228968003189922,0.8996634615384617,0.9003270405061894
2019-09-23,negative,-0.024117999304558158,-0.026989596223313476,-0.002871596918755319,0.10015362511052169,0.09986481819186561
2019-09-24,positive,0.008982810506362293,0.010909773764541214,0.0019269632581789212,0.899838424081452,0.899897610644379
2019-09-24,negative,-0.04909508650354767,-0.05154423875228237,-0.0024491522487346956,0.10006252766710932,0.09997247122620628
2019-09-25,positive,0.032337060876213984,0.0341357450236756,0.0017986841474616141,0.9001523683338852,0.8998509095175002
2019-09-25,negative,-0.02119929685079808,-0.021569936751253526,-0.0003706399004554453,0.09999723970409628,0.10005289417025506
2019-09-26,positive,0.013803439238849979,0.01504580583707496,0.0012423665982249817,0.8998791708236336,0.9000828622103981
2019-09-26,negative,-0.04054822336526402,-0.04117162004010757,-0.0006233966748435474,0.10003103868750693,0.10001981487639951
2019-09-27,positive,0.016555777512778796,0.01735250201954104,0.0007967245067622454,0.8999069148936168,0.9000579704122341
2019-09-27,negative,-0.037163104245983444,-0.039246196839990026,-0.0020830925940065817,0.10011081560283688,0.09993995179521277
2019-09-30,positive,0.025852138814481528,0.02713623548858627,0.0012840966741047427,0.8998848464619493,0.9001819092122829
2019-09-30,negative,-0.024405275564370856,-0.026319398388444798,-0.0019141228240739418,0.10013263716701634,0.09982087227414331
2019-10-01,positive,0.00628004820775639,0.007254487020737915,0.0009744388129815252,0.8998373249542284,0.900190014350042
2019-10-01,negative,-0.05072441902424981,-0.05204407367445611,-0.001319654650206302,0.09990103419268644,0.10007278110412851
2019-10-02,positive,0.01630161117248355,0.017768712214033228,0.0014671010415496788,0.9001536430052326,0.8999037417316614
2019-10-02,negative,-0.03951649778009429,-0.04057030590331182,-0.0010538081232175298,0.10018453615032744,0.09982040017112581
2019-10-03,positive,0.035022702314667996,0.0343804158823182,-0.0006422864323497937,0.8998838760685871,0.9001234537398494
2019-10-03,negative,-0.01741942865882176,-0.018830448627074246,-0.0014110199682524846,0.10012044769481643,0.09988362899639275
2019-10-04,positive,0.03143787416673076,0.03387734984661847,0.002439475679887712,0.8997328848436881,0.9002853350481468
2019-10-04,negative,-0.0165113328630622,-0.016550543625261538,-3.9210762199336224e-05,0.10003338939453896,0.09995267774699908
2019-10-07,positive,0.01969521001569303,0.021776113503790665,0.0020809034880976338,0.8998978353477313,0.9001155802126677
2019-10-07,negative,-0.023928244789801392,-0.024453940289152428,-0.0005256954993510358,0.10020775543226998,0.09983505052506439
2019-10-08,positive,0.005785640606387511,0.006436221807647219,0.0006505812012597076,0.900160029865605,0.9002769481776449
2019-10-08,negative,-0.04454784259234402,-0.04540030719484812,-0.0008524646025040994,0.09997448979591839,0.10005757424921188
2019-10-09,positive,0.02615648203083131,0.02641938256361462,0.000262900532783307,0.9000548491647968,0.8999404138618798
2019-10-09,negative,-0.020504824034149376,-0.022299367321518607,-0.0017945432873692317,0.10041386187983045,0.09962004487658939
2019-10-10,positive,0.026346911915005673,0.030766991485752303,0.004420079570746631,0.8997685185185187,0.9002350587334863
2019-10-10,negative,-0.020917678815933878,-0.02406861691166051,-0.0031509380957266304,0.0998502545672357,0.10013593557618716
2019-10-11,positive,0.044400601780476084,0.04610333710208853,0.0017027353216124488,0.899800339422981,0.9002088948787061
2019-10-11,negative,-0.011064693863810742,-0.0118708538416157,-0.0008061599778049575,0.10020636072522864,0.09985807460650228
2019-10-14,positive,0.016624311352853176,0.02771875229858032,0.011094440945727143,0.8999051943515791,0.9001133093824325
2019-10-14,negative,-0.027266527953999354,-0.02864698268072118,-0.0013804547267218248,0.10005871297174125,0.0999787103105301
2019-10-15,positive,0.03816033516523906,0.03987014493624652,0.001709809771007459,0.899891793845384,0.9001125427403884
2019-10-15,negative,-0.011848783628175513,-0.015179517891678313,-0.0033307342635027996,0.10012009006755067,0.09989892419314486
2019-10-16,positive,0.02456203544517463,0.028920307078858433,0.004358271633683804,0.8998695054945054,0.9001787379287378
2019-10-16,negative,-0.025258917915694824,-0.025026533677418073,0.00023238423827675117,0.10028783716283715,0.09979491341991341
2019-10-17,positive,0.0330745237399528,0.03563843086372433,0.002563907123771525,0.8998101234197773,0.9001869618081578
2019-10-17,negative,-0.01441632335141782,-0.017693538549537775,-0.0032772151981199545,0.10025858192175088,0.09976265427472142
2019-10-18,positive,0.01935593064111827,0.02039829591057599,0.00104236526945772,0.9002136111527508,0.8998006295907663
2019-10-18,negative,-0.03493517605315427,-0.035768149631959886,-0.0008329735788056153,0.10010743017038926,0.09987916187811255
2019-10-21,positive,0.03512915465506037,0.038009176586749654,0.0028800219316892847,0.9002483651911468,0.8998112005365526
2019-10-21,negative,-0.014526007665716874,-0.017242807203361986,-0.0027167995376451114,0.09996478873239438,0.10009737592219985
2019-10-22,positive,0.029233218900593334,0.03206626432064195,0.0028330454200486133,0.8998708287125716,0.9000679672009948
2019-10-22,negative,-0.031700882059817144,-0.031860938290767395,-0.00016005623095025068,0.099966604496421,0.1000982541922909
2019-10-23,positive,0.02969707616473862,0.03044169936886007,0.0007446232041214487,0.9000518147811143,0.8999546725979846
2019-10-23,negative,-0.022524243775358534,-0.02458680961348256,-0.0020625658381240274,0.09987172682236377,0.100144028241162
2019-10-24,positive,0.03192075597541079,0.032790617770041684,0.0008698617946308954,0.899994315023498,0.9000086327420957
2019-10-24,negative,-0.032342724180099494,-0.03595957593538266,-0.0036168517552831667,0.09976448648627637,0.10021783987737296
2019-10-25,positive,0.03656634119709874,0.038411329908648595,0.0018449887115498526,0.8998051604116222,0.9002071142722625
2019-10-25,negative,-0.02227206809855018,-0.023451449389606086,-0.0011793812910559053,0.10011854317998385,0.09989028450363195
2019-10-28,positive,0.034256503292523784,0.036990794771766054,0.0027342914792422707,0.8999494131930392,0.9000655099150142
2019-10-28,negative,-0.0219332007714184,-0.02502749855096768,-0.0030942977795492786,0.0999525748684743,0.10004413698907325
2019-10-29,positive,0.03108712508953531,0.032175319259629964,0.0010881941700946543,0.8999677051671732,0.9000844731509627
2019-10-29,negative,-0.02769885932305865,-0.03143844604642601,-0.003739586723367362,0.09990374873353598,0.1001599121918271
2019-10-30,positive,0.029394449472151706,0.03096038623458645,0.0015659367624347442,0.899931440759738,0.9000456215191374
2019-10-30,negative,-0.03651935574997854,-0.038942127719112096,-0.0024227719691335553,0.1000615763546798,0.0999765967531698
2019-10-31,positive,0.02735658169020682,0.028931541528496595,0.0015749598382897752,0.8998173701298701,0.9001475412608224
2019-10-31,negative,-0.040661325198697654,-0.04252354869473192,-0.0018622234960342654,0.10043120941558441,0.09959221117424243
2019-11-01,positive,0.05587875138331967,0.058256218497075976,0.002377467113756304,0.8999302950420767,0.9000683531041942
2019-11-01,negative,-0.014837886597051398,-0.01628558580369454,-0.001447699206643142,0.10008871540099362,0.09992835175234037
2019-11-04,positive,0.04330311894879201,0.045270736220888466,0.0019676172720964544,0.8998820108841317,0.9001517446851487
2019-11-04,negative,-0.027447404453002117,-0.029152500011872296,-0.0017050955588701795,0.1000631217492299,0.09994950260061607
2019-11-05,positive,0.035421624286665,0.046220919343937426,0.010799295057272423,0.8995792753696321,0.9004213974533652
2019-11-05,negative,-0.03223558095765332,-0.0348719318046319,-0.00263635084697858,0.10015895443306252,0.0998420127499958
2019-11-06,positive,0.02839266547576803,0.034281203967675845,0.005888538491907815,0.8999136453028088,0.9001774578521843
2019-11-06,negative,-0.04571369963995084,-0.04965967149526869,-0.003945971855317851,0.10004664414300843,0.0998794395979359
2019-11-07,positive,0.04258791417864997,0.04583795163512186,0.0032500374564718923,0.8997357293868922,0.9002563844424311
2019-11-07,negative,-0.03842670332001089,-0.04215609882916281,-0.0037293955091519185,0.10024036041477902,0.09977641867176751
2019-11-08,positive,0.04090584206692312,0.04499745857818824,0.00409161651126512,0.8998606088004821,0.9001554651396424
2019-11-08,negative,-0.027929642493350886,-0.03410743206295918,-0.006177789569608294,0.10034659433393611,0.09966420534458509
2019-11-11,positive,0.022557572216658984,0.02334999708167023,0.0007924248650112466,0.8999327686739722,0.9000763630575381
2019-11-11,negative,-0.030826135483824697,-0.03383094378690098,-0.0030048083030762805,0.0999698401528099,0.10002936396233371
2019-11-12,positive,0.02793162909196285,0.028192610286991104,0.00026098119502825437,0.8999429424157303,0.9000955975789193
2019-11-12,negative,-0.027067347846086536,-0.03104884558762544,-0.003981497741538904,0.10001316713483147,0.09996497124130552
2019-11-13,positive,0.025502976595510696,0.02944141341053087,0.003938436815020173,0.900020071252948,0.9000229983106698
2019-11-13,negative,-0.03256484285010617,-0.037330264767466266,-0.0047654219173600965,0.1001154097044508,0.09986882599896299
2019-11-14,positive,0.025513563405491508,0.027528449225019326,0.002014885819527818,0.9000281954887217,0.9001243943191313
2019-11-14,negative,-0.026107337356484645,-0.03126722901051337,-0.005159891654028723,0.10026441102756893,0.09991127819548871
2019-11-15,positive,0.03355085870227288,0.034672670637333286,0.0011218119350604044,0.8998799939997001,0.9001470906878678
2019-11-15,negative,-0.018938528974249812,-0.022463952819565647,-0.0035254238453158344,0.10020751037551881,0.09978848942447124
2019-11-18,positive,0.02281410630940323,0.03872832873539087,0.015914222425987643,0.8998711533650237,0.9001254274038863
2019-11-18,negative,-0.033784294308685965,-0.035563520118723026,-0.0017792258100370606,0.10008131098323744,0.09994224835293138
2019-11-19,positive,0.03050987417141387,0.03611777166067527,0.005607897489261403,0.8998141054529066,0.9001924874401215
2019-11-19,negative,-0.027280843492643682,-0.03031532752097605,-0.003034484028332368,0.10016523959741626,0.09987465157812161
2019-11-20,positive,0.025640075650442178,0.02696889873923643,0.001328823088794253,0.8998212404034321,0.9002014652014652
2019-11-20,negative,-0.02998741822417632,-0.032266052577319355,-0.0022786343531430338,0.10021137538260827,0.09977771087360128
2019-11-21,positive,0.025159569079468102,0.028101551161402744,0.0029419820819346423,0.8998867900925696,0.9001059127679092
2019-11-21,negative,-0.027685878546759374,-0.02970683226649546,-0.0020209537197360856,0.10007505629221916,0.09993953798682347
2019-11-22,positive,0.030297678023220122,0.03282156284387473,0.002523884820654611,0.8999424971248564,0.900085212593963
2019-11-22,negative,-0.019167735278707385,-0.021337676755979355,-0.00216994147727197,0.10023688684434225,0.09975177925562947
2019-11-25,positive,0.0458956422267667,0.048566034074005594,0.0026703918472388913,0.9000074690036349,0.8999895848893757
2019-11-25,negative,-0.010244473588775893,-0.012977601341499043,-0.0027331277527231496,0.10047223976637305,0.09987013106135852
2019-11-26,positive,0.02861626136629474,0.038622154296694,0.01000589293039926,0.8996993662990869,0.9003061224489797
2019-11-26,negative,-0.026975226240819567,-0.028913506041891128,-0.0019382798010715609,0.099953844618532,0.10004133193619746
2019-11-27,positive,0.029856835298291372,0.03209283086343513,0.0022359955651437592,0.9000143205817892,0.8999816115428041
2019-11-27,negative,-0.013003841772219402,-0.015371240822935377,-0.0023673990507159758,0.10016188483761705,0.0998651789865179
2019-11-29,positive,0.021133823713340938,0.023893609935409118,0.00275978622206818,0.899822050771528,0.9001858304297328
2019-11-29,negative,-0.022414458418939878,-0.022545490561144042,-0.0001310321422041648,0.10002986560477849,0.09999991703998673
2019-12-02,positive,0.015771789795180874,0.018888950361779153,0.0031171605665982795,0.9000000000000001,0.9000188713753658
2019-12-02,negative,-0.0368105915560657,-0.03750580559171781,-0.0006952140356521128,0.10003803371907423,0.099959804801809
2019-12-03,positive,0.024845014664769183,0.029479308618768352,0.004634293953999169,0.8997616143006523,0.9002283025444408
2019-12-03,negative,-0.031407314275069785,-0.033040459355742804,-0.0016331450806730194,0.09999875516606084,0.10001917044266295
2019-12-04,positive,0.03523546437231792,0.04047103961338901,0.005235575241071086,0.9002155279503107,0.8998588819875776
2019-12-04,negative,-0.01802769824281763,-0.019289823501398063,-0.0012621252585804342,0.10003975155279503,0.10004231884057972
2019-12-05,positive,0.023751638717563656,0.03014526788528643,0.0063936291677227745,0.8998173277661795,0.9001852404148855
2019-12-05,negative,-0.029602871580021284,-0.034095582434507894,-0.00449271085448661,0.10015409086390296,0.09985137687642906
2019-12-06,positive,0.043320729979379205,0.045900738837854005,0.0025800088584748,0.8998032820767197,0.900169642857143
2019-12-06,negative,-0.013049071482937566,-0.013626707322700748,-0.0005776358397631826,0.09996437156593406,0.10006456679894178
2019-12-09,positive,0.029389516401780325,0.04573812026643172,0.016348603864651392,0.9001365194745257,0.8999005258039526
2019-12-09,negative,-0.02688033107472589,-0.029534372611013722,-0.002654041536287833,0.10005637145824062,0.09992372546110864
2019-12-10,positive,0.02927035059828744,0.029816964873436696,0.0005466142751492549,0.9000851809787174,0.8999698780307146
2019-12-10,negative,-0.023321032661535786,-0.026011865572088344,-0.0026908329105525576,0.10000370352081378,0.09995959047289846
2019-12-11,positive,0.027700350209891762,0.031964056689911265,0.004263706480019502,0.8997430343605395,0.9000597289225821
2019-12-11,negative,-0.025807825607863343,-0.028560284285485134,-0.0027524586776217913,0.10027181582488268,0.09991573955564306
2019-12-12,positive,0.04486029851548872,0.04846587272022301,0.0036055742047342923,0.8998332268213547,0.9001233080981879
2019-12-12,negative,-0.022094654208123673,-0.023611462181924593,-0.0015168079738009203,0.10006972437977255,0.09998738242716218
2019-12-13,positive,0.02324926423094159,0.024021473281019372,0.0007722090500777816,0.8996513429752067,0.9002749081726356
2019-12-13,negative,-0.030851393175821074,-0.03300452368902242,-0.002153130513201349,0.10008731798504525,0.09998507805325987
2019-12-16,positive,0.03626602760429586,0.03909572838718213,0.002829700782886267,0.8997266859960357,0.9002270381836943
2019-12-16,negative,-0.020652520713390066,-0.024275940043145202,-0.0036234193297551356,0.10008993070912575,0.0999678935901846
2019-12-17,positive,0.03169087135719789,0.03269428107673946,0.001003409719541569,0.8997909527073338,0.9001981951108065
2019-12-17,negative,-0.022844515954686135,-0.025535902364131308,-0.0026913864094451727,0.1001850174614054,0.0998400731094357
2019-12-18,positive,0.029844109025138073,0.03198333887306305,0.0021392298479249797,0.9001009237085187,0.8998996464819248
2019-12-18,negative,-0.02132282011826294,-0.021961386592583315,-0.0006385664743203748,0.10007534659433395,0.09992701562321815
2019-12-19,positive,0.03366334206818529,0.03556203494448177,0.0018986928762964803,0.8999846416382253,0.9000329920364049
2019-12-19,negative,-0.019467681494285488,-0.02103338393395706,-0.0015657024396715721,0.09994153258573055,0.1000932878270762
2019-12-20,positive,0.031065160764649657,0.03411903297840778,0.0030538722137581215,0.8999288235964015,0.9000677599362259
2019-12-20,negative,-0.02060803152604388,-0.022548925455077227,-0.0019408939290333459,0.10015740153252965,0.09985764719280266
2019-12-23,positive,0.041262200488493536,0.048806688924136685,0.0075444884356431485,0.8998851323108582,0.9001288543776729
2019-12-23,negative,-0.021315798346814324,-0.023704152852933022,-0.002388354506118698,0.09987685283431402,0.10012379023182534
2019-12-24,positive,0.022969181441889995,0.02665000420999536,0.0036808227681053643,0.8999591011884714,0.9000421017177501
2019-12-24,negative,-0.012743772534048823,-0.013151168882316502,-0.0004073963482676794,0.10034872251359284,0.09971219967441339
2019-12-26,positive,0.024471134886194443,0.02914297604170113,0.004671841155506687,0.8997277418732516,0.9002830294845825
2019-12-26,negative,-0.018974708152271626,-0.02130460842459981,-0.0023299002723281836,0.10036092087071155,0.09965113661940131
2019-12-27,positive,0.011316448682163915,0.015316246169558633,0.003999797487394718,0.8999461364918219,0.9000490693739425
2019-12-27,negative,-0.03001611646859569,-0.030429179127878497,-0.00041306265928280766,0.09992913544436388,0.1000817822899041
2019-12-30,positive,0.016693508844029793,0.018924954918473187,0.002231446074443394,0.8998212474032561,0.9002119265020854
2019-12-30,negative,-0.026798843419781053,-0.028873046651833323,-0.00207420323205227,0.09987579915293812,0.10010483598241462
2019-12-31,positive,0.028593891778195733,0.03410748423851817,0.005513592460322438,0.8998176445149202,0.9001928467316965
2019-12-31,negative,-0.012471524826923751,-0.014284963482544096,-0.001813438655620345,0.10003179408325727,0.09997757596143066
2020-01-02,positive,0.03006627688977646,0.04042037259804908,0.010354095708272618,0.8999838172146382,0.9000291610587705
2020-01-02,negative,-0.03132924830624909,-0.03410776671591691,-0.002778518409667814,0.10009473338460553,0.09990354419021982
2020-01-03,positive,0.020820127698175116,0.0242911634345645,0.0034710357363893843,0.8998416040944681,0.9001544249775384
2020-01-03,negative,-0.0290310988525578,-0.029623503671839125,-0.0005924048192813246,0.0999006064690027,0.1000831087151842
2020-01-06,positive,0.03386948561645593,0.03483949990151018,0.0009700142850542492,0.899978984532616,0.9000046934543826
2020-01-06,negative,-0.023521516277823305,-0.0249289942991475,-0.001407478021324196,0.09979673039356966,0.10020118807442277
2020-01-07,positive,0.0257891485500893,0.028629889872038745,0.002840741321949447,0.9000672964721301,0.8999635993622022
2020-01-07,negative,-0.025447067503194903,-0.02678925338886872,-0.0013421858856738182,0.10033919979539314,0.09968221998433477
2020-01-08,positive,0.026645004166338925,0.030061098765115653,0.0034160945987767276,0.8998269926666026,0.9002230441605021
2020-01-08,negative,-0.030309740229087202,-0.030822328785701604,-0.0005125885566144017,0.09993507221314887,0.1000633266083838
2020-01-09,positive,0.0292443829885921,0.03560623328752405,0.006361850298931947,0.8999960744728577,0.9000286002691791
2020-01-09,negative,-0.025814435966311177,-0.026234621225979582,-0.00042018525966840484,0.10013322758443888,0.09987101839389861
2020-01-10,positive,0.022128072380692546,0.02376013101943796,0.001632058638745413,0.900024611191278,0.9000117845117845
2020-01-10,negative,-0.03202215033794994,-0.03379432735406864,-0.0017721770161187034,0.10006172839506174,0.09997811447811447
2020-01-13,positive,0.03667623271049686,0.040537312658172786,0.003861079947675927,0.8999018196936263,0.9000957018132976
2020-01-13,negative,-0.028033951527456347,-0.03105968812798345,-0.0030257366005271014,0.10019612075857878,0.09982706514439221
2020-01-14,positive,0.037757285904360935,0.04271373441554521,0.004956448511184278,0.9000634814567325,0.8999877491925604
2020-01-14,negative,-0.01963443757001837,-0.021891389826928117,-0.0022569522569097465,0.0999710435460519,0.09999777258046552
2020-01-15,positive,0.03539231874594841,0.03659328565266233,0.001200966906713917,0.8999505390685785,0.9003162165166166
2020-01-15,negative,-0.023741484807807668,-0.023869493826604696,-0.00012800901879702828,0.10005533590561932,0.09969767700344559
2020-01-16,positive,0.0432377198770819,0.04886802941372553,0.005630309536643632,0.8998631051752921,0.9001368948247078
2020-01-16,negative,-0.011941505521599853,-0.01301877888822282,-0.0010772733666229665,0.1001238572223547,0.10026218300341841
2020-01-17,positive,0.023597706630405526,0.024784762587191755,0.0011870559567862295,0.9000391258707893,0.9000100200400801
2020-01-17,negative,-0.030766881518567872,-0.031096460715325985,-0.00032957919675811326,0.09985590228075199,0.10007831635493207
2020-01-21,positive,0.02612174423593322,0.0288480310827136,0.00272628684678038,0.9001344892742026,0.9001322663109926
2020-01-21,negative,-0.040285133056686524,-0.04079136428182599,-0.0005062312251394654,0.10007637466457073,0.0997433519506502
2020-01-22,positive,0.024627907873635273,0.02764822252055436,0.0030203146469190874,0.8999333555481505,0.8998140203265578
2020-01-22,negative,-0.02977327057599371,-0.031141320974568083,-0.001368050398574374,0.10016391361609622,0.10007136510052206
2020-01-23,positive,0.02614710451472556,0.02767420619284757,0.0015271016781220094,0.8998455825802729,0.9001676760879318
2020-01-23,negative,-0.030274192590467864,-0.030590244429604903,-0.00031605183913703885,0.09995729987822856,0.10004318079856438
2020-01-24,positive,0.011832781221815854,0.01645672372518357,0.0046239425033677145,0.8999226692363287,0.9000719505340079
2020-01-24,negative,-0.04559641512101314,-0.04694441564806224,-0.0013480005270491008,0.10002935035734362,0.09999100618324903
2020-01-27,positive,0.014165753739058595,0.025606908916422234,0.011441155177363639,0.8999325570578518,0.9000684854608736
2020-01-27,negative,-0.046034891079833065,-0.046177691610616925,-0.0001428005307838598,0.10004322443022343,0.09996856405074661
2020-01-28,positive,0.03744675357380201,0.04054038665105384,0.0030936330772518283,0.9000674937766,0.8999359190556492
2020-01-28,negative,-0.021658231630136658,-0.02296792921776875,-0.0013096975876320908,0.09990733156669077,0.10010680157391794
2020-01-29,positive,0.023991184849649867,0.025192717278151023,0.0012015324285011564,0.9000604444871424,0.8999607711275498
2020-01-29,negative,-0.03351753834778233,-0.03520618688574409,-0.0016886485379617594,0.10002657956255803,0.09997982515131136
2020-01-30,positive,0.025333176449430096,0.026234855955635378,0.0009016795062052815,0.9001289147734564,0.8998708445642407
2020-01-30,negative,-0.034104639283454134,-0.035447817402987705,-0.001343178119533571,0.10004215601334873,0.09998483827493261
2020-01-31,positive,0.008135052607400444,0.012718202471983056,0.004583149864582612,0.8998643130445967,0.9001592392527573
2020-01-31,negative,-0.04815318202872728,-0.04940705614043617,-0.0012538741117088872,0.10005546445451914,0.09994541976142249
2020-02-03,positive,0.037434334133714206,0.04438476752134382,0.006950433387629615,0.8998477672530445,0.9001465944970681
2020-02-03,negative,-0.024689058473191555,-0.025819786242443087,-0.001130727769251532,0.10005606031316452,0.0999329048263419
2020-02-04,positive,0.04761444820572115,0.051196835340050414,0.0035823871343292624,0.9001568200161421,0.9000045197740114
2020-02-04,negative,-0.020918683481269393,-0.020982022319464153,-6.333883819475972e-05,0.10015286521388216,0.10002655367231639
2020-02-05,positive,0.0527650199422464,0.05857414563664054,0.005809125694394138,0.8998694692042077,0.9001326587970772
2020-02-05,negative,-0.022240676595911484,-0.021573660328512084,0.0006670162673994007,0.1003138199630611,0.09971557054525014
2020-02-06,positive,0.03197890658330671,0.0348099498825786,0.0028310432992718904,0.8998780605359553,0.9001405757984706
2020-02-06,negative,-0.03781341586744801,-0.04252052373364927,-0.004707107866201259,0.10018294936058095,0.09982287449392713
2020-02-07,positive,0.018940460229494974,0.02016744679974748,0.0012269865702525043,0.8998522501574385,0.9002498021928338
2020-02-07,negative,-0.046035411368477656,-0.04816329061864992,-0.002127879250172264,0.10010362673384036,0.09982140838702386
2020-02-10,positive,0.036668404301611786,0.04161732161734807,0.0049489173157362815,0.8998306016228623,0.9002008372935053
2020-02-10,negative,-0.026069949242532316,-0.027609878378902036,-0.00153992913636972,0.10012224000258625,0.09986535415252319
2020-02-11,positive,0.038095641433709436,0.0406711269217106,0.0025754854880011627,0.8999945298064767,0.9000164511005219
2020-02-11,negative,-0.022973576355279,-0.026423618692983448,-0.003450042337704448,0.10002848552627312,0.09998581801679148
2020-02-12,positive,0.03803540494773969,0.039340872250133774,0.0013054673023940866,0.8999603039720305,0.9000549512803081
2020-02-12,negative,-0.020185765761667022,-0.023548904649268048,-0.0033631388876010256,0.10018565277912661,0.09981928393383185
2020-02-13,positive,0.02606848388635182,0.02961174240477113,0.003543258518419308,0.899869986403807,0.9001427600271924
2020-02-13,negative,-0.031379127665597716,-0.032125792303155945,-0.0007466646375582295,0.09978153021915767,0.1002101744844777
2020-02-14,positive,0.02771290950915925,0.03425688917499643,0.006543979665837182,0.8999702887624235,0.9000380206559984
2020-02-14,negative,-0.030648335901413203,-0.033602975530344456,-0.002954639628931253,0.10009197107511714,0.09993360572012258
2020-02-18,positive,0.034843102743506923,0.034604388762558606,-0.00023871398094831714,0.8999965916837083,0.8999500113610542
2020-02-18,negative,-0.029881530599414168,-0.030445526723880244,-0.000563996124466077,0.10022202746129125,0.0998574187684617
2020-02-19,positive,0.04409550182261819,0.048794622933900626,0.004699121111282435,0.899910744769058,0.9000887674974395
2020-02-19,negative,-0.02440117639676787,-0.026022936954146897,-0.0016217605573790282,0.10007096522460127,0.09994309775805166
2020-02-20,positive,0.03837848707148764,0.04407508872599107,0.005696601654503433,0.9000251309240074,0.8999460901146297
2020-02-20,negative,-0.029502565489238426,-0.0321949370214586,-0.002692371532220173,0.10015832482124616,0.09987175122006584
2020-02-21,positive,0.02197739394756189,0.026502593764508548,0.004525199816946657,0.8995194109118161,0.9004652754019842
2020-02-21,negative,-0.04285531714978135,-0.04474678363058896,-0.0018914664808076104,0.10007331019989248,0.09993499828942867
2020-02-24,positive,0.005233195505582784,0.00583119472265807,0.0005979992170752858,0.9001456116260442,0.8998495251172901
2020-02-24,negative,-0.06884031401205612,-0.06890142828395343,-6.111427189731122e-05,0.09983338237457703,0.10018938093603388
2020-02-25,positive,-0.0001013305194063771,0.004981128801660202,0.00508245932106658,0.8998013006372141,0.9001213818860878
2020-02-25,negative,-0.07386112873788489,-0.07435195605974179,-0.0004908273218569015,0.10003730732058905,0.10001834651989452
2020-02-26,positive,0.025054480008971824,0.03464945855561354,0.009594978546641719,0.9000333333333334,0.9002839080459768
2020-02-26,negative,-0.05613473663993165,-0.057751025825929836,-0.001616289185998189,0.10022229064039408,0.10012586206896552
2020-02-27,positive,0.014018986401958838,0.036964523565231555,0.022945537163272717,0.8998684795494961,0.9001716557992492
2020-02-27,negative,-0.08108855701552896,-0.0811205084577693,-3.195144224034385e-05,0.10005186721991702,0.09991849436870184
2020-02-28,positive,0.049757593549390425,0.07078557166846221,0.021027978119071783,0.9001042537496927,0.8999070567986232
2020-02-28,negative,-0.058654652032728447,-0.0610032640864047,-0.002348612053676251,0.099899967215802,0.10007253503811162
2020-03-02,positive,0.07588982755968181,0.088180072738144,0.012290245178462195,0.8997784810126583,0.9002252252252252
2020-03-02,negative,-0.025542619493184104,-0.029741231345552704,-0.004198611852368601,0.10041108335225983,0.09974170372904549
2020-03-03,positive,0.017244248687639317,0.022779131781776214,0.005534883094136897,0.899805113432933,0.8999228197723539
2020-03-03,negative,-0.0621591138373198,-0.06229007064219143,-0.0001309568048716292,0.10025546821599454,0.09977500569605832
2020-03-04,positive,0.0722266060053791,0.07461602834474533,0.0023894223393662317,0.9000186964509259,0.8999840673722546
2020-03-04,negative,-0.013499628518656132,-0.015505833017606921,-0.0020062044989507897,0.10007897218293257,0.09993911460111529
2020-03-05,positive,0.010661728866672682,0.012589472945702345,0.0019277440790296634,0.8997961166634006,0.9002613454503885
2020-03-05,negative,-0.08292468253386501,-0.08381168185961332,-0.0008869993257483166,0.10039519237050103,0.09964220393232738
2020-03-06,positive,0.020682478718670856,0.02217591291681956,0.0014934341981487041,0.8999894188972775,0.8999999642530314
2020-03-06,negative,-0.0737078834056973,-0.07538893883941541,-0.0016810554337181177,0.10000792561362223,0.09999313658201785
2020-03-09,positive,-0.03145986792304476,-0.021481433282845085,0.009978434640199676,0.8999726708074535,0.9000891925465838
2020-03-09,negative,-0.18846174798448617,-0.1897290093086503,-0.0012672613241641317,0.09989316770186334,0.10018501035196689
2020-03-10,positive,0.09730874106606933,0.09817734630527862,0.0008686052392092858,0.9001674107142856,0.8998892609126983
2020-03-10,negative,-0.03341515398960269,-0.03395733927326443,-0.0005421852836617405,0.10020833333333332,0.09987433862433863
2020-03-11,positive,-0.00944033953682823,-0.0024006911737239067,0.007039648363104323,0.9000498977096949,0.899970726676979
2020-03-11,negative,-0.1204070899094477,-0.12021117796680798,0.00019591194263972322,0.09988648271044359,0.10010732165726925
2020-03-12,positive,-0.04013872370670611,-0.03400536747353275,0.006133356233173362,0.8998398006407973,0.9001546898574311
2020-03-12,negative,-0.20130960315200513,-0.20194848856687964,-0.0006388854148745016,0.10011188526674467,0.09990498228483276
2020-03-13,positive,0.17239720689024735,0.1686778798994129,-0.0037193269908344373,0.9001014825273561,0.8999874775183635
2020-03-13,negative,-0.021326634717388646,-0.021955888775622524,-0.0006292540582338788,0.09996155009833091,0.09996087775032357
2020-03-16,positive,-0.027876761693483087,-0.018200094951407543,0.009676666742075544,0.8995983108456072,0.9004107014110619
2020-03-16,negative,-0.242248425634354,-0.24392338254725926,-0.0016749569129052566,0.0998393639525579,0.1001570707590895
2020-03-17,positive,0.1793942209028088,0.17955757994754498,0.00016335904473618879,0.899794327562088,0.9002189480191645
2020-03-17,negative,-0.08064109444722573,-0.08419875025902326,-0.0035576558117975388,0.10021211208553438,0.09979393127608059
2020-03-18,positive,0.018231921728171115,0.028536835094546555,0.01030491336637544,0.899872390922687,0.9000653793322062
2020-03-18,negative,-0.24844407359611348,-0.24855135380844512,-0.00010728021233163965,0.1001258818843878,0.09995443258664412
2020-03-19,positive,0.24768378817524667,0.250217865299136,0.002534077123889311,0.9000310334126409,0.8999870694113996
2020-03-19,negative,-0.04609409291622666,-0.04642156211828634,-0.0003274692020596784,0.10014701084577986,0.0998642288196959
2020-03-20,positive,0.08240065360281648,0.08581259976078762,0.003411946157971135,0.8998888985968856,0.9000425938355106
2020-03-20,negative,-0.12130561128911785,-0.12331813977534437,-0.002012528486226517,0.10000238287191665,0.10008905983788527
2020-03-23,positive,0.07845186785279114,0.08117785042464895,0.002725982571857813,0.9001047833577844,0.9000097438029415
2020-03-23,negative,-0.11589466173511083,-0.11640827581892152,-0.0005136140838106901,0.10006166078374154,0.09984799667411526
2020-03-24,positive,0.21665269602587287,0.2195208928498503,0.0028681968239774314,0.8999995057119923,0.9000025702976403
2020-03-24,negative,0.0028261132434624315,-0.0022692807132984353,-0.005095393956760867,0.10000573374089028,0.10002184752994396
2020-03-25,positive,0.13938549925416202,0.14526422218098295,0.0058787229268209285,0.8999822127356811,0.9000373532550693
2020-03-25,negative,-0.05015743706633358,-0.0501561023953044,1.3346710291753383e-06,0.09984372617777101,0.10015161525300267
2020-03-26,positive,0.1472284763503145,0.1620705899696099,0.01484211361929541,0.8998389159103445,0.900257233114376
2020-03-26,negative,-0.016235719042468066,-0.017010431091349747,-0.0007747120488816803,0.10003315539029825,0.0999534088819803
2020-03-27,positive,0.028325949141794177,0.03883140886057755,0.010505459718783375,0.8998155097723153,0.9001739119484181
2020-03-27,negative,-0.10546213058323854,-0.10653712046750599,-0.0010749898842674493,0.09998488817247633,0.09999848881724763
2020-03-30,positive,0.0810572197752134,0.0866173174188846,0.0055600976436712135,0.8999116360677414,0.9000853972774584
2020-03-30,negative,-0.06532073242693712,-0.06713302192288992,-0.0018122894959528013,0.10008645679702996,0.09992998694671888
2020-03-31,positive,0.06068137728560937,0.06128579615617463,0.0006044188705652612,0.9001407771915584,0.899853600175866
2020-03-31,negative,-0.06111377813424451,-0.06308707952722561,-0.0019733013929811027,0.10013443587662338,0.09988551812770564
2020-04-01,positive,-0.00190856274483283,0.006734544023444336,0.008643106768277165,0.8997001147335324,0.900291597853014
2020-04-01,negative,-0.1316567124641962,-0.1339855272102865,-0.002328814746090313,0.09985678158546656,0.10016063687035508
2020-04-02,positive,0.06861787678696135,0.06864329148121318,2.5414694251824077e-05,0.9000126727469346,0.900004522431259
2020-04-02,negative,-0.05541323219808605,-0.056970995817100537,-0.0015577636190144892,0.09997629450867511,0.10003359520363861
2020-04-03,positive,0.026949944643698643,0.030170035732852252,0.0032200910891536094,0.9001138519164739,0.8999297679741962
2020-04-03,negative,-0.08288426689509867,-0.08427083176236458,-0.0013865648672659048,0.09986974060171439,0.10015086879617105
2020-04-06,positive,0.16058867240213476,0.16564981159365486,0.005061139191520098,0.8999746872312686,0.9000495852866932
2020-04-06,negative,0.010213946681722357,0.00988538040872793,-0.00032856627299442803,0.0999725076582271,0.10002640255525216
2020-04-07,positive,0.07902787104716173,0.08180735102058287,0.0027794799734211367,0.9000642932085862,0.8999333401702388
2020-04-07,negative,-0.04559407030515137,-0.04667239338716366,-0.0010783230820122919,0.10025722213895223,0.09976669059583632
2020-04-08,positive,0.1179621568755093,0.1251269444258873,0.007164787550377985,0.9000021493442546,0.9000123196504776
2020-04-08,negative,-0.004639520191188156,-0.0062340762660224504,-0.0015945560748342946,0.10035015137569317,0.09986656824892119
2020-04-09,positive,0.11431019875174293,0.11592572273685572,0.0016155239851127906,0.8999160777385157,0.9000941443715295
2020-04-09,negative,-0.017884859310590813,-0.01975887537211183,-0.0018740160615210166,0.10012678264367103,0.099703430135305
2020-04-13,positive,0.04299579957857959,0.04965078105738613,0.00665498147880654,0.8999816427811819,0.9000314815752605
2020-04-13,negative,-0.07251259107483451,-0.07336195152412957,-0.0008493604492950529,0.10015445384108979,0.09985769990378286
2020-04-14,positive,0.07224494371897514,0.07453822859755349,0.0022932848785783555,0.8997382895670689,0.9002594291797626
2020-04-14,negative,-0.02899150242158885,-0.0322463314150999,-0.0032548289935110525,0.10019200547500759,0.0998320744195478
2020-04-15,positive,0.011930501509645326,0.014584745424489776,0.0026542439148444508,0.8998383443901053,0.9002481355949872
2020-04-15,negative,-0.08723486035889268,-0.0889390537222335,-0.0017041933633408224,0.09995870813640291,0.10004323999254627
2020-04-16,positive,0.044253390065722396,0.05167215149498604,0.007418761429263641,0.899806669342115,0.9002487085059588
2020-04-16,negative,-0.06348120676179787,-0.06549293123378921,-0.0020117244719913413,0.10004219733005984,0.09992839240959542
2020-04-17,positive,0.10608142894369968,0.10935114173591394,0.0032697127922142605,0.8997804449648713,0.9001795048026338
2020-04-17,negative,-0.010778688932042698,-0.012523300244195328,-0.0017446113121526302,0.09991726911719785,0.10009477989342566
2020-04-20,positive,0.03984441335381968,0.041803904376319465,0.0019594910224997875,0.9001233018949554,0.8999309745372738
2020-04-20,negative,-0.06089175729611931,-0.06158272936787144,-0.00069097207175213,0.09999464118558607,0.09997123939053074
2020-04-21,positive,0.021668236531106923,0.0237294731820775,0.002061236650970577,0.8997270930508339,0.8998627526550187
2020-04-21,negative,-0.06006938743019573,-0.06284002177252,-0.002770634342324274,0.0999902660289351,0.10008543165467627
2020-04-22,positive,0.06058791164852913,0.06421320315350484,0.0036252915049757167,0.8998363928789308,0.9002181824424074
2020-04-22,negative,-0.028833681690495005,-0.030793512495337082,-0.0019598308048420776,0.10012102173241322,0.09989120918735193
2020-04-23,positive,0.061748050945773694,0.06761027153599954,0.005862220590225842,0.8997736133384947,0.9002394217931602
2020-04-23,negative,-0.029278469771520033,-0.030311923372009802,-0.0010334536004897692,0.10009287531304065,0.09991077847386258
2020-04-24,positive,0.05903958173384829,0.06277011192367565,0.003730530189827365,0.8996619108295377,0.9003337363033076
2020-04-24,negative,-0.022789334496838017,-0.023143740817489024,-0.0003544063206510073,0.10013573031217973,0.09988553937959771
2020-04-27,positive,0.09417784732549768,0.09907252821105794,0.0048946808855602625,0.8999980221362511,0.9000051424457473
2020-04-27,negative,-0.010313859290846793,-0.013652220074888036,-0.0033383607840412437,0.1002883230879991,0.09973709246117454
2020-04-28,positive,0.07784782299771285,0.08076352456513614,0.0029157015674232817,0.8999292344570817,0.8998017289743461
2020-04-28,negative,-0.03877304664210588,-0.0398619775334079,-0.0010889308913020201,0.10001593818534196,0.10026967409598612
2020-04-29,positive,0.12259774449096039,0.13996451978981017,0.01736677529884978,0.899786626800761,0.9002555106848392
2020-04-29,negative,-0.015888132524774445,-0.017726798808251128,-0.0018386662834766823,0.10017730943967693,0.09986442032643447
2020-04-30,positive,0.022476221167284684,0.024956189015345607,0.002479967848060923,0.8997918363100086,0.9000775641671902
2020-04-30,negative,-0.07880839944477348,-0.07998194071707783,-0.001173541272304346,0.10019659239842726,0.09988380885169876
2020-05-01,positive,0.012547023117987412,0.014468219235188245,0.0019211961172008324,0.9000806191474755,0.9001475659983506
2020-05-01,negative,-0.08613489836447884,-0.08639661958653111,-0.0002617212220522719,0.1000866605940995,0.09991426715921933
2020-05-04,positive,0.05311493647343457,0.06667888477983738,0.013563948306402812,0.8999914026920746,0.900034476661952
2020-05-04,negative,-0.03926853226598105,-0.04090301102400522,-0.001634478758024166,0.09994948474439282,0.10006920590018184
2020-05-05,positive,0.05266271702390261,0.06345782143740188,0.01079510441349927,0.8999765787208183,0.9000639759625934
2020-05-05,negative,-0.04692012004569234,-0.048879240357236946,-0.0019591203115446043,0.10014812376563528,0.09985643388869196
2020-05-06,positive,0.04150668216026573,0.05330062675051458,0.01179394459024885,0.9000539586613174,0.8999230612970391
2020-05-06,negative,-0.06101808411469985,-0.062164418272833234,-0.0011463341581333872,0.10009268193590981,0.09993643458094223
2020-05-07,positive,0.07193497147768957,0.07886610336258333,0.0069311318848937625,0.89966202582728,0.9003414632095778
2020-05-07,negative,-0.03121960917431387,-0.03210485223133912,-0.0008852430570252465,0.1000372023809524,0.09996910310734462
2020-05-08,positive,0.09184761171410813,0.09563200369591907,0.003784391981810936,0.8999937453089817,0.899971478608957
2020-05-08,negative,-0.016179680379792193,-0.018993941886203857,-0.0028142615064116645,0.10013835376532398,0.09964237572118484
2020-05-11,positive,0.06134208911477017,0.06552061962167537,0.004178530506905198,0.8998607067563495,0.9001269952815983
2020-05-11,negative,-0.059067570843541105,-0.06079175444663467,-0.0017241836030935653,0.10009286216243347,0.09988831442626242
2020-05-12,positive,0.023772079950041186,0.026720279141888015,0.0029481991918468287,0.8999566477903922,0.9000732987805901
2020-05-12,negative,-0.07363984590048812,-0.07515447506370078,-0.0015146291632126552,0.09997484023549541,0.10003480434089804
2020-05-13,positive,0.009656443066309474,0.018615395856981187,0.008958952790671713,0.8999077212329691,0.9002127848102088
2020-05-13,negative,-0.08454892990766635,-0.08550819998731085,-0.0009592700796444975,0.09976856535815459,0.10022907392418723
2020-05-14,positive,0.055052346428777224,0.05915789234101646,0.004105545912239238,0.8995891722955942,0.9003398360049737
2020-05-14,negative,-0.03624930326032167,-0.03880725993559147,-0.0025579566752697985,0.10008506401855029,0.09998853211009176
2020-05-15,positive,0.05913939178300851,0.06749208168241341,0.008352689899404901,0.8997157947686116,0.9003275486250839
2020-05-15,negative,-0.03221585508568065,-0.033144383628750954,-0.0009285285430703019,0.10002389336016096,0.10008823775989269
2020-05-18,positive,0.13283036684943822,0.13769944448135224,0.0048690776319140205,0.899778424127428,0.9002241973335996
2020-05-18,negative,-0.008669782850389036,-0.00918150482421649,-0.0005117219738274541,0.10005555000748989,0.09994852782077528
2020-05-19,positive,0.03208793507493658,0.03488760619817575,0.0027996711232391655,0.900113212547676,0.8999078743696011
2020-05-19,negative,-0.05725651702591865,-0.05916717568896539,-0.0019106586630467381,0.10012483147750537,0.09987533496446464
2020-05-20,positive,0.0713746278832354,0.07829982362144253,0.006925195738207129,0.8998583061083061,0.9001321651321653
2020-05-20,negative,-0.015816193746013226,-0.016092433295495062,-0.00027623954948183607,0.09996349371349371,0.1000469837969838
2020-05-21,positive,0.043269416968998345,0.04863392800341125,0.0053645110344129054,0.899701253995574,0.9002839931153185
2020-05-21,negative,-0.032570740374502215,-0.033741184873296186,-0.001170444498793971,0.10003356282271944,0.09998450946643718
2020-05-22,positive,0.04249373540124814,0.044600919677712084,0.002107184276463947,0.899976459740853,0.9000268448709161
2020-05-22,negative,-0.027632998123151363,-0.029508860889625243,-0.0018758627664738799,0.10015629589738569,0.09987377198994744
2020-05-26,positive,0.09417946318743695,0.09495109001075834,0.0007716268233213947,0.8999786865052352,0.9000181529385068
2020-05-26,negative,-0.027794094723196838,-0.029168413116018903,-0.001374318392822066,0.10011758890077474,0.09990696619015203
2020-05-27,positive,0.08441871165385749,0.08870843192678995,0.004289720272932465,0.899800926824534,0.9002055027173913
2020-05-27,negative,-0.025169282573019192,-0.027806442437676486,-0.0026371598646572937,0.10006765172101448,0.09993772644927537
2020-05-28,positive,0.0261588022278322,0.029902044405297968,0.0037432421774657686,0.9000016977928691,0.8999977362761742
2020-05-28,negative,-0.06424040404009804,-0.06422903209879557,1.1371941302462663e-05,0.09998455816961759,0.1000288624787776
2020-05-29,positive,0.043384422104154295,0.047858616164786136,0.004474194060631841,0.8998010059219601,0.9001976149914821
2020-05-29,negative,-0.04888363664387725,-0.05159308534912428,-0.0027094487052470306,0.10017417051999675,0.09984327086882452
2020-06-01,positive,0.062282001088221184,0.07188950767974736,0.009607506591526177,0.8997848078728433,0.9002458644912759
2020-06-01,negative,-0.025597927770760993,-0.02892555911206387,-0.003327631341302876,0.10008469295263993,0.09992352141400407
2020-06-02,positive,0.05436354040720396,0.05569293840508581,0.0013293979978818496,0.899983707575171,0.8999943541102077
2020-06-02,negative,-0.026411938343758885,-0.02827695308365481,-0.001865014739895924,0.10011622467415152,0.09992095754290878
2020-06-03,positive,0.08663295935717873,0.0920824262169984,0.005449466859819674,0.8998714173063614,0.9001295482708122
2020-06-03,negative,-0.028563999140611356,-0.030665991351320095,-0.002101992210708739,0.10025499283863595,0.0997696293792948
2020-06-04,positive,0.06549499185625829,0.07489936494538225,0.009404373089123966,0.8998056528624216,0.9001909080730041
2020-06-04,negative,-0.03981157534470395,-0.042724030163347804,-0.002912454818643856,0.1001266855415327,0.09989922741014445
2020-06-05,positive,0.10666201479066532,0.11200497897790782,0.005342964187242491,0.8996075823079481,0.9003530650703911
2020-06-05,negative,-0.021063449623211432,-0.02250397036094919,-0.001440520737737757,0.10009588737390533,0.0999544812105088
2020-06-08,positive,0.11582055175108971,0.13021459743447555,0.014394045683385842,0.8998285119438967,0.9001813157462196
2020-06-08,negative,-0.01946013897455103,-0.019550435339939533,-9.02963653885043e-05,0.1000290379136533,0.09997243452772299
2020-06-09,positive,0.031023405221896956,0.04243706537958917,0.011413660157692213,0.8998874685895336,0.9000275865836338
2020-06-09,negative,-0.07231440150550386,-0.07649670439915322,-0.004182302893649362,0.10026002403583523,0.09981966295203759
2020-06-10,positive,0.02646492207896352,0.03091012218683887,0.004445200107875347,0.9000191256830602,0.900126331967213
2020-06-10,negative,-0.08361470973178543,-0.08640818671412856,-0.0027934769823431266,0.10039890710382512,0.09981079234972677
2020-06-11,positive,-0.025768666782579663,-0.02331828116934686,0.002450385613232804,0.8999828235815605,0.8999829274711878
2020-06-11,negative,-0.13334931004231174,-0.13480179233951134,-0.0014524822971996032,0.1001845079787234,0.09986466644503546
2020-06-12,positive,0.07654059973511548,0.07914179784626253,0.002601198111147049,0.8999961470717744,0.8999998279942757
2020-06-12,negative,-0.013626665401835667,-0.015006052118770314,-0.0013793867169346469,0.10002034704269983,0.10021959156063871
2020-06-15,positive,0.06800199105880883,0.0702130368960795,0.0022110458372706643,0.8999814024723772,0.9000452631003174
2020-06-15,negative,-0.017204687772710725,-0.017984230166586516,-0.0007795423938757907,0.10019089815118695,0.09979597418225576
2020-06-16,positive,0.06235677634600728,0.07438286171108921,0.012026085365081929,0.8998655123597953,0.9001481337798104
2020-06-16,negative,-0.015933810997629864,-0.01579351771305912,0.0001402932845707451,0.10036015166364724,0.09990933407086218
2020-06-17,positive,0.024385507377556386,0.030805798437923138,0.006420291060366751,0.8996560759908286,0.9003121246861012
2020-06-17,negative,-0.060264442318129774,-0.06316170183090666,-0.0028972595127768896,0.10016868653783165,0.09987044846598972
2020-06-18,positive,0.04233805559515823,0.04996024237788609,0.007622186782727865,0.9000462660570434,0.8999681240474635
2020-06-18,negative,-0.030618016393087467,-0.0337025042846128,-0.003084487891525333,0.10001197474417592,0.10002075168735032
2020-06-19,positive,0.04046262782897947,0.04642346053543447,0.005960832706454998,0.9000906032986112,0.8999288940429686
2020-06-19,negative,-0.045834552097862455,-0.04675861151070214,-0.000924059412839684,0.09998046875,0.10001739501953125
2020-06-22,positive,0.04911304664373749,0.058980518613238206,0.009867471969500718,0.899853849681666,0.9001754882917881
2020-06-22,negative,-0.03515948457996178,-0.03491242291273795,0.0002470616672238246,0.10025790439192835,0.09977042192726879
2020-06-23,positive,0.04556420459003262,0.05008406191022374,0.004519857320191126,0.8998507864684336,0.9001877626050421
2020-06-23,negative,-0.031152851240211256,-0.032212195052181404,-0.0010593438119701482,0.1000495582848524,0.09992094914889034
2020-06-24,positive,0.012352963071340758,0.018131043311849636,0.005778080240508878,0.8999977896933622,0.8999303222993189
2020-06-24,negative,-0.0739335678030039,-0.07535268602871881,-0.001419118225714902,0.09995834685708103,0.10000263713080171
2020-06-25,positive,0.05332547123673977,0.06338432715224548,0.010058855915505711,0.8998738910526883,0.900103422860543
2020-06-25,negative,-0.02552971922919763,-0.025686770278208725,-0.0001570510490110956,0.0998496159255653,0.10014017364492049
2020-06-26,positive,0.019076219987343584,0.02217816583054852,0.0031019458432049347,0.9,0.9000099367293964
2020-06-26,negative,-0.07717476474255251,-0.07657227275322954,0.0006024919893229674,0.10005083279255893,0.09995095852260436
2020-06-29,positive,0.07476132779453645,0.07912058281346898,0.0043592550189325285,0.9000096752314075,0.9000773021066072
2020-06-29,negative,-0.029353013072425143,-0.030426595052346878,-0.0010735819799217346,0.09993662889669114,0.09997207149696777
2020-06-30,positive,0.04952380185708467,0.052539496409864425,0.003015694552779752,0.8998639177316294,0.9001492611821087
2020-06-30,negative,-0.025318911591622417,-0.02787983294456108,-0.0025609213529386617,0.10032621139510116,0.09972394169329073
2020-07-01,positive,0.039423733002778655,0.041937246362729386,0.002513513359950731,0.9000489843250161,0.8999570137555983
2020-07-01,negative,-0.04841302946213969,-0.05222300556170648,-0.003809976099566792,0.09979796465131156,0.10024355539560673
2020-07-02,positive,0.037862907645752175,0.04080797431532125,0.002945066669569077,0.8997547257720981,0.9002510982428117
2020-07-02,negative,-0.031654690369285324,-0.03255176912064731,-0.0008970787513619891,0.1000545793397231,0.09997753594249201
2020-07-06,positive,0.051481283682571946,0.05846101807404561,0.006979734391473667,0.8998881984278733,0.9001090463671128
2020-07-06,negative,-0.027148479519251124,-0.02728639017388356,-0.00013791065463243657,0.09993360951773954,0.100085643722116
2020-07-07,positive,0.026009842310283842,0.029250926043090923,0.003241083732807081,0.9001079619438371,0.9000012284106823
2020-07-07,negative,-0.058728648999176646,-0.05923366711553015,-0.0005050181163535061,0.09995598450974129,0.10004042238901309
2020-07-08,positive,0.04690506683997062,0.05207415081923694,0.005169083979266319,0.899747549807198,0.9002274461760926
2020-07-08,negative,-0.02593848968778814,-0.0262708605393449,-0.00033237085155675763,0.09993312178663241,0.10009690311696658
2020-07-09,positive,0.023973048597028555,0.02881427755370113,0.004841228956672574,0.9000780241935482,0.9002227822580645
2020-07-09,negative,-0.05761105052323565,-0.05846025856612663,-0.0008492080428909796,0.10017526881720429,0.10014818548387097
2020-07-10,positive,0.05782307597222112,0.060852621250896265,0.003029545278675147,0.8999291237113403,0.9000236589884022
2020-07-10,negative,-0.026920818781771,-0.028116952673964045,-0.0011961338921930437,0.10005315721649485,0.10001258456829895
2020-07-13,positive,0.02268830354215296,0.02930684959125284,0.00661854604909988,0.8996750863557859,0.9003339540155441
2020-07-13,negative,-0.06614909299067782,-0.06835443139249844,-0.0022053384018206196,0.0998639896373057,0.10011425275259067
2020-07-14,positive,0.053601038619146515,0.059836975047570594,0.006235936428424078,0.8998469716494848,0.9001001731636598
2020-07-14,negative,-0.024511350784457517,-0.026335961419272837,-0.0018246106348153192,0.10019544673539518,0.0998791881443299
2020-07-15,positive,0.08204146253538973,0.08555321383966911,0.003511751304279387,0.8998223078569898,0.9001856535003213
2020-07-15,negative,-0.00969077353754035,-0.010805298341349441,-0.0011145248038090909,0.10000841211441347,0.09987312482796587
2020-07-16,positive,0.034152929253538876,0.03871207212676393,0.004559142873225057,0.8997866538338146,0.9001439017217411
2020-07-16,negative,-0.034216274895625405,-0.03652633933859457,-0.002310064442969162,0.10013073468078282,0.09992530879050368
2020-07-17,positive,0.048342178252907056,0.053669889007695315,0.005327710754788259,0.8998035676080445,0.9001910502246471
2020-07-17,negative,-0.030756184244863184,-0.0322740534048787,-0.0015178691600155128,0.1001354233525888,0.09989018372913991
2020-07-20,positive,0.05270383029726674,0.05996836496549603,0.0072645346682292875,0.899873201486949,0.9001228538189988
2020-07-20,negative,-0.039369568438831146,-0.04041388191365085,-0.0010443134748197025,0.10010817821994009,0.09991475449293966
2020-07-21,positive,0.07258801538281989,0.0724407835141205,-0.00014723186869938787,0.8998695489124611,0.900140630022501
2020-07-21,negative,-0.030972965877489607,-0.03317141726724252,-0.0021984513897529145,0.10012090833601199,0.09988699373191899
2020-07-22,positive,0.03738466803863912,0.039599571772433624,0.0022149037337945016,0.8998219258783205,0.9001546433161953
2020-07-22,negative,-0.0341248653878254,-0.036112509550989956,-0.001987644163164555,0.10012873553984576,0.09991263656812341
2020-07-23,positive,0.034220680289359116,0.044102460532128115,0.009881780242768999,0.8999427567596452,0.9000556067649889
2020-07-23,negative,-0.039194849806674696,-0.03980109405985075,-0.0006062442531760553,0.09987195415197178,0.10013826546970184
2020-07-24,positive,0.0182240996555423,0.021452418590656785,0.0032283189351144832,0.8996500346202104,0.9003505583226221
2020-07-24,negative,-0.04274806417196715,-0.0435770068237706,-0.0008289426518034507,0.1001083172664953,0.0999282013174807
2020-07-27,positive,0.050511938573399265,0.05317042472244654,0.002658486149047276,0.8999285733376094,0.9000726627645926
2020-07-27,negative,-0.0338267417445883,-0.034198214167430414,-0.0003714724228421132,0.0998966017211888,0.10011776379089159
2020-07-28,positive,0.03142884493231968,0.03366117668431284,0.0022323317519931593,0.8999110821947516,0.9000979654630233
2020-07-28,negative,-0.04327942232054723,-0.04461188462977267,-0.0013324623092254365,0.10010626762090653,0.09990142458252006
2020-07-29,positive,0.06240969510888492,0.07919335392572652,0.016783658816841594,0.9001553166069295,0.8998822227652875
2020-07-29,negative,-0.030681800770684286,-0.03099392905220163,-0.0003121282815173425,0.09999565547952645,0.1000176496144238
2020-07-30,positive,0.04261889617126104,0.06261150160290814,0.019992605431647097,0.8997787948131197,0.9002094230140569
2020-07-30,negative,-0.04188257245750281,-0.04300012260772053,-0.0011175501502177151,0.10017380407540591,0.0998481257491555
2020-07-31,positive,0.029568656420490103,0.03276740373007357,0.0031987473095834683,0.8999171842650103,0.9000764819657838
2020-07-31,negative,-0.05116440183848714,-0.052839713924325335,-0.001675312085838196,0.10017925247902364,0.09987243925029965
2020-08-03,positive,0.06257312692632086,0.06735293462885505,0.0047798077025341945,0.8997599238716696,0.9002692699836865
2020-08-03,negative,-0.026552038838224844,-0.02641531459554359,0.00013672424268125483,0.10013322457857529,0.09985253534529635
2020-08-04,positive,0.05342949079285677,0.05720321073599695,0.003773719943140179,0.8996796959826275,0.9003180646036917
2020-08-04,negative,-0.02824614450338874,-0.028686749618845077,-0.00044060511545633563,0.10015200868621063,0.09988429695982629
2020-08-05,positive,0.06050157173424814,0.06323630644324638,0.0027347347089982377,0.8998665586169639,0.9001308414370612
2020-08-05,negative,-0.027208870967728012,-0.0291669265236519,-0.001958055555923887,0.1003349540788763,0.09969955429497569
2020-08-06,positive,0.043107700153523665,0.049302838182537376,0.006195138029013711,0.9000555915371328,0.8999781749244388
2020-08-06,negative,-0.0483990226438464,-0.04897773937438962,-0.0005787167305432231,0.10011351063255614,0.09990446891191711
2020-08-07,positive,0.0590464809841262,0.06309891709248915,0.004052436108362943,0.8999569197630587,0.9000403877221326
2020-08-07,negative,-0.03640831078981545,-0.038003295675938506,-0.0015949848861230576,0.1000430802369413,0.09997206515885836
2020-08-10,positive,0.061558972696219724,0.07579613688359102,0.014237164187371296,0.8998317746963345,0.899925427281522
2020-08-10,negative,-0.03244822976753222,-0.03353437269695117,-0.0010861429294189498,0.10024024508223153,0.10002468961625281
2020-08-11,positive,0.03355753714061185,0.03661828168983071,0.003060744549218862,0.9000350479887846,0.8999831837053813
2020-08-11,negative,-0.059155176591475456,-0.05996759123473143,-0.0008124146432559737,0.09997735360724685,0.10002261269276394
2020-08-12,positive,0.03819672347039671,0.04164068194747259,0.0034439584770758827,0.899897376046362,0.900066403734707
2020-08-12,negative,-0.03774966669512532,-0.039692412015259505,-0.0019427453201341857,0.10017580221077485,0.09984908242112041
2020-08-13,positive,0.03828956066213388,0.04098012995887447,0.0026905692967405873,0.8998395686148575,0.9001660846178549
2020-08-13,negative,-0.034842495645923344,-0.03587334624904816,-0.0010308506031248138,0.1001600299721687,0.09984997190109185
2020-08-14,positive,0.030752013532654138,0.03206636316737378,0.0013143496347196443,0.900016631933312,0.8999854721064444
2020-08-14,negative,-0.03247096204658812,-0.0341477127052745,-0.001676750658686381,0.10004866009404725,0.09997344902212248
2020-08-17,positive,0.04831932740895295,0.05039766143996671,0.002078334031013762,0.9000633189517415,0.8999430728667305
2020-08-17,negative,-0.03301989035243881,-0.03609701016069174,-0.003077119808252933,0.10003195909236177,0.09998252237136465
2020-08-18,positive,0.023971204121844517,0.024660556326525487,0.0006893522046809708,0.8999526121589941,0.9000716978367433
2020-08-18,negative,-0.04430621847254128,-0.04602334623739444,-0.0017171277648531588,0.10001834905157714,0.09999600383631713
2020-08-19,positive,0.02978897847248263,0.03463032220362815,0.004841343731145517,0.8997955370489,0.9002142056374118
2020-08-19,negative,-0.034772325261058556,-0.03589716926718459,-0.00112484400612603,0.10041419762972455,0.09960962524023062
2020-08-20,positive,0.028003429897164124,0.031445911135332585,0.0034424812381684614,0.8999078268655121,0.9000881975625401
2020-08-20,negative,-0.03755148207529639,-0.03752070062235953,3.0781452936862186e-05,0.0998168564250588,0.10013540330339961
2020-08-21,positive,0.020232280451032533,0.024151815531416303,0.003919535080383771,0.8998541867695936,0.9001387101962045
2020-08-21,negative,-0.04316828582916263,-0.043927316348393336,-0.0007590305192307079,0.10008356116650582,0.09993617320681891
2020-08-24,positive,0.05393649713217076,0.05722758017239005,0.0032910830402192864,0.8997120275190064,0.9002544771924189
2020-08-24,negative,-0.042652314966763055,-0.04630073068462191,-0.0036484157178588578,0.1000839222614841,0.09995482653389012
2020-08-25,positive,0.03564204882153329,0.03752848189227276,0.0018864330707394697,0.8999391859344895,0.9000717525690431
2020-08-25,negative,-0.02330048101414692,-0.02404111112983387,-0.0007406301156869487,0.10000642260757868,0.09999799293513166
2020-08-26,positive,0.03339464631202434,0.035500154876853506,0.0021055085648291685,0.8999197635135137,0.9000477598133848
2020-08-26,negative,-0.037879885580334095,-0.040503053192308854,-0.0026231676119747582,0.09976297726297727,0.10024127922565425
2020-08-27,positive,0.03559485210609461,0.03751103632709627,0.0019161842210016627,0.8999301972481994,0.8998332191228637
2020-08-27,negative,-0.04003724181539408,-0.042526250869194114,-0.0024890090538000342,0.10024024508223155,0.10002468961625281
2020-08-28,positive,0.04738254026100108,0.05152476733967828,0.004142227078677195,0.8999595746108427,0.9000432769726249
2020-08-28,negative,-0.01692583151062952,-0.018131416257780777,-0.0012055847471512567,0.09986406333870101,0.10014341787439614
2020-08-31,positive,0.03041304124721596,0.03756636139588039,0.007153320148664429,0.9002680012915725,0.8998738698740716
2020-08-31,negative,-0.04339840258809285,-0.04561659746104628,-0.0022181948729534315,0.09974921967495426,0.10012404477451298
2020-09-01,positive,0.04844736460317535,0.05162236443105113,0.0031749998278757796,0.9000253588000433,0.8999764284558109
2020-09-01,negative,-0.036265900584764844,-0.03689973210788723,-0.000633831523122387,0.10005179669796052,0.09996782939462609
2020-09-02,positive,0.15677572722893418,0.05136703032059281,-0.10540869690834137,0.8998687196110213,0.900121488384657
2020-09-02,negative,-0.028082561970485403,-0.028824063665951055,-0.0007415016954656524,0.10000108049702863,0.10001289843327932
2020-09-03,positive,0.03564333480735802,0.0113477058681263,-0.02429562893923172,0.9001407146387654,0.9000275155431711
2020-09-03,negative,-0.07341148535403474,-0.0753059113552596,-0.0018944260012248582,0.10028969027507037,0.0997346761966645
2020-09-04,positive,0.03206915537158679,0.033877855911373524,0.0018087005397867326,0.8998298543161557,0.9002259322678844
2020-09-04,negative,-0.042492120729305985,-0.0432541495286879,-0.0007620287993819128,0.10011850402261362,0.09984313845401174
2020-09-08,positive,0.028872354639275268,0.03295349497185669,0.004081140332581425,0.8997548859045746,0.9002136900862538
2020-09-08,negative,-0.0566041230488724,-0.05895142330730422,-0.002347300258431821,0.09999836226662298,0.10003432416202644
2020-09-09,positive,0.0537110236926225,0.057483632051032095,0.0037726083584095974,0.8999988504403399,0.900035597381342
2020-09-09,negative,-0.02256372971155906,-0.023433891235760985,-0.0008701615242019262,0.10010856519367158,0.09990711947626843
2020-09-10,positive,0.02368659852085103,0.026021216403945658,0.0023346178830946293,0.8999053714035664,0.9001164396674323
2020-09-10,negative,-0.045296690664228124,-0.048071670950400186,-0.0027749802861720615,0.09980417897385405,0.10017288179630238
2020-09-11,positive,0.028546128953309814,0.02942667820003921,0.0008805492467293952,0.8998893635666558,0.9000863320188414
2020-09-11,negative,-0.03653589955565315,-0.03803558041931589,-0.0014996808636627348,0.10022565450761309,0.09981501259721767
2020-09-14,positive,0.07321903961348,0.08123417628251586,0.00801513666903586,0.900053974484789,0.899977953603751
2020-09-14,negative,-0.013095415337405584,-0.012946550026587683,0.0001488653108179007,0.10018918329516957,0.09981044188201942
2020-09-15,positive,0.03849007468661404,0.04288175017623659,0.0043916754896225485,0.8997625286603341,0.9002155325363033
2020-09-15,negative,-0.032920080783379754,-0.034579836790355443,-0.0016597560069756892,0.10015067147068457,0.09988938475816136
2020-09-16,positive,0.0484888326668151,0.0524451218345223,0.003956289167707204,0.8999950964367439,0.9000033371472158
2020-09-16,negative,-0.025906647089927775,-0.026282813999418654,-0.00037616690949087914,0.10003214558134468,0.09998164569031273
2020-09-17,positive,0.03280797208429156,0.03560741708902452,0.0027994450047329617,0.8997727521031356,0.9001339383262318
2020-09-17,negative,-0.03340855833614322,-0.03585554027851753,-0.0024469819423743044,0.10029334644378891,0.09981047880476347
2020-09-18,positive,0.04192409987038052,0.043772304939834826,0.001848205069454309,0.8999868852459016,0.9001557035519128
2020-09-18,negative,-0.03652291759987848,-0.03707255172253557,-0.0005496341226570861,0.10008633879781421,0.10007988387978142
2020-09-21,positive,0.016215577362898977,0.02100661734065202,0.004791039977753042,0.8998406742794998,0.9001490280043501
2020-09-21,negative,-0.07746754011671522,-0.07850008015189577,-0.0010325400351805514,0.09997009244154433,0.1000372145187602
2020-09-22,positive,0.0406109049035811,0.041586501514368775,0.0009755966107876726,0.899786142935079,0.9002032528641571
2020-09-22,negative,-0.03348861923837297,-0.03671723201153372,-0.0032286127731607495,0.10016421167484997,0.09985505319148938
2020-09-23,positive,0.002898083895118321,0.004942918965513665,0.0020448350703953437,0.9002334651724896,0.8997224167765326
2020-09-23,negative,-0.07397502451903627,-0.07662319832087247,-0.0026481738018361983,0.09995440562513733,0.10010608932102834
2020-09-24,positive,0.028875751509002484,0.03824538975216586,0.009369638243163378,0.8998527310693483,0.9002230327508517
2020-09-24,negative,-0.03829938069704115,-0.03945870054303828,-0.0011593198459971324,0.09983514671941972,0.1000609270249478
2020-09-25,positive,0.051102075566952086,0.05591533164005684,0.004813256073104753,0.8997069116360455,0.9003191642060366
2020-09-25,negative,-0.015557121016323106,-0.016707878260861397,-0.0011507572445382912,0.09993875765529309,0.10004036116579178
2020-09-28,positive,0.05723707389028164,0.060317067294335204,0.0030799934040535645,0.8999634598603838,0.9000341882089877
2020-09-28,negative,-0.011597614411573292,-0.01526772064093918,-0.0036701062293658885,0.09992240015197443,0.0998618124553784
2020-09-29,positive,0.03578599397779082,0.03978343714856984,0.003997443170779019,0.8999160671462828,0.9000807649335079
2020-09-29,negative,-0.03556928895334635,-0.03667235063735092,-0.0011030616840045707,0.10011499890996294,0.09990935660562458
2020-09-30,positive,0.03191494022499008,0.03323936390131547,0.0013244236763253897,0.8998219536099314,0.9001808368724818
2020-09-30,negative,-0.03198972778910185,-0.03218774543926577,-0.00019801765016392442,0.10001851246869213,0.09998608161820757
2020-10-01,positive,0.04974529898173764,0.054805735256887554,0.005060436275149911,0.899804593947311,0.9002092178314827
2020-10-01,negative,-0.024919881427065006,-0.02668944984059311,-0.0017695684135281033,0.09986610058785109,0.10012627912040059
2020-10-02,positive,0.05284868054086296,0.042457699437334975,-0.010390981103527985,0.8998080907207502,0.9002126608330607
2020-10-02,negative,-0.03494949340072953,-0.03492725183422028,2.2241566509248467e-05,0.10006215243702979,0.0999190382728165
2020-10-05,positive,0.06623208571813846,0.07431793452198307,0.008085848803844609,0.8998942735460067,0.9001099310980901
2020-10-05,negative,-0.01144644526486825,-0.011986610735097434,-0.0005401654702291842,0.10007125700363007,0.10021489615392203
2020-10-06,positive,0.02504332758348829,0.02822173507093882,0.003178407487450529,0.899818745917701,0.9001857105922056
2020-10-06,negative,-0.03884986038229403,-0.04077039079104377,-0.001920530408749739,0.1002258872196821,0.09978302580013063
2020-10-07,positive,0.058186807737612256,0.061556655127486815,0.0033698473898745585,0.8999739921976595,0.9000186253792803
2020-10-07,negative,-0.010981314143800217,-0.012288373839759541,-0.0013070596959593242,0.10032184655396618,0.10002676513181227
2020-10-08,positive,0.049401948016274205,0.05317429680510053,0.0037723487888263255,0.8997995883436246,0.9001931670458239
2020-10-08,negative,-0.021699753928517265,-0.021310616615762452,0.00038913731275481284,0.10014570469071607,0.09987890667316651
2020-10-09,positive,0.04121063623572888,0.04462716769493223,0.0034165314592033494,0.8998960700757574,0.9001762040043289
2020-10-09,negative,-0.026886150396716636,-0.02709289244247286,-0.00020674204575622454,0.0999491341991342,0.10010511363636362
2020-10-12,positive,0.03513116176253428,0.03716394459495097,0.002032782832416688,0.8999475278589202,0.9000342488910527
2020-10-12,negative,-0.029184080768497066,-0.030481352388468812,-0.0012972716199717467,0.10010278048252733,0.09990073569187494
2020-10-13,positive,0.030988297333625424,0.032603561852488534,0.0016152645188631104,0.9000389863547756,0.8999632472384667
2020-10-13,negative,-0.040531290001626495,-0.04185644318364422,-0.0013251531820177229,0.10024095733160059,0.09978953460038985
2020-10-14,positive,0.022715533858114045,0.026868212350839395,0.00415267849272535,0.8999929699329441,0.9000220365563487
2020-10-14,negative,-0.03614339325473144,-0.03803483009698967,-0.0018914368422582317,0.10007678996322733,0.09992378460956089
2020-10-15,positive,0.03722363954330026,0.03832649699530157,0.0011028574520013101,0.9000377928949359,0.8999962881978189
2020-10-15,negative,-0.02679009716106573,-0.028250351530288625,-0.0014602543692228964,0.10003725299643669,0.09994908082280532
2020-10-16,positive,0.028805193522629467,0.03193172875324179,0.0031265352306123206,0.8998866213151929,0.900137876579203
2020-10-16,negative,-0.03339955922343057,-0.03338426345599542,1.5295767435148655e-05,0.09988986070618724,0.10009110787172011
2020-10-19,positive,0.019418306308008358,0.032997998681441945,0.013579692373433587,0.899631992149166,0.900387021589794
2020-10-19,negative,-0.04137845322949528,-0.04228717170416927,-0.0009087184746739904,0.0999040453603751,0.10007458973939591
2020-10-20,positive,0.03339629059529027,0.03503974828023705,0.0016434576849467808,0.8997953503601834,0.9001788296769263
2020-10-20,negative,-0.03385979942121918,-0.035016905046044315,-0.0011571056248251346,0.10004638725169179,0.09998506057629339
2020-10-21,positive,0.02599537082765731,0.02927348618721768,0.003278115359560369,0.89975,0.9002850285947714
2020-10-21,negative,-0.04690824637107639,-0.047262376609254336,-0.00035413023817794376,0.10025980392156861,0.09981008306100218
2020-10-22,positive,0.054147164918676174,0.0556091158713327,0.0014619509526565266,0.9000956729723854,0.8999678938356162
2020-10-22,negative,-0.02469259543572331,-0.02490350911154044,-0.0002109136758171315,0.10017537779952164,0.09981932213524679
2020-10-23,positive,0.0362396919496513,0.039833126040004004,0.003593434090352704,0.8997563225876479,0.9002396409964181
2020-10-23,negative,-0.025026256043519064,-0.027620201360979545,-0.002593945317460482,0.10012482361879951,0.09991187723868447
2020-10-26,positive,0.006074308051254208,0.007969365442995695,0.0018950573917414868,0.8998694508071553,0.9000946907722513
2020-10-26,negative,-0.059420497093705074,-0.06093753637959298,-0.0015170392858879084,0.10001145287958113,0.10000132935209423
2020-10-27,positive,0.031516390278776917,0.03613233309265703,0.004615942813880114,0.8999045280960176,0.9000959151663939
2020-10-27,negative,-0.04525535448928524,-0.048400951723571416,-0.0031455972342861738,0.10001854882705945,0.09999427168576105
2020-10-28,positive,0.004697978811927323,0.009651583911416543,0.00495360509948922,0.8999493619977332,0.9002344002680255
2020-10-28,negative,-0.06955859608457257,-0.07125365227887694,-0.0016950561943043646,0.10015136558078315,0.09986933750137106
2020-10-29,positive,0.052512351866607666,0.0562846173927005,0.003772265526092833,0.9000536398467431,0.8999440339354132
2020-10-29,negative,-0.027349911633940637,-0.02875838941106823,-0.0014084777771275932,0.10000711548987411,0.10000396825396825
2020-10-30,positive,0.02380016915800743,0.02684590645033898,0.003045737292331551,0.8997979297434204,0.9001991451932607
2020-10-30,negative,-0.05689312581924608,-0.05824348109873082,-0.0013503552794847384,0.10019381125426714,0.09981981609954851
2020-11-02,positive,0.05615346106118422,0.05898304369859177,0.0028295826374075475,0.8998127402526084,0.9001839305326744
2020-11-02,negative,-0.02280373816347276,-0.023300383772142295,-0.0004966456086695353,0.10013234486545852,0.09988714991762768
2020-11-03,positive,0.06540761518971352,0.0666124362252853,0.0012048210355717764,0.8998937801138851,0.9001213794897065
2020-11-03,negative,-0.010247047662186573,-0.012339397724016985,-0.002092350061830412,0.10024865571418093,0.09989069884688434
2020-11-04,positive,0.06100181394965245,0.06484765870154456,0.003845844751892112,0.8999934167215274,0.9000065147026552
2020-11-04,negative,-0.05690817934578603,-0.05731617716363015,-0.00040799781784411904,0.09991935483870966,0.10009192588325652
2020-11-05,positive,0.07987171715655453,0.08227955363350392,0.002407836476949393,0.899894667544437,0.900102829438227
2020-11-05,negative,-0.01735667995624729,-0.01865888889213875,-0.0013022089358914607,0.1001113829526848,0.09980907685654906
2020-11-06,positive,0.03884767101493079,0.04320758729958978,0.004359916284658989,0.9000412541254125,0.8999744911991199
2020-11-06,negative,-0.05206262803479768,-0.05586449487017668,-0.003801866835379003,0.1001094609460946,0.09993000550055005
2020-11-09,positive,0.17358590962354678,0.18212135652106984,0.008535446897523058,0.8998610655289354,0.9001633437260695
2020-11-09,negative,-0.06999995152543273,-0.07187001988296152,-0.0018700683575287869,0.10004649381905699,0.09993945547533094
2020-11-10,positive,0.0674592322513577,0.07338687220964403,0.005927639958286324,0.8999183806725432,0.9000915836870169
2020-11-10,negative,-0.04253726314502847,-0.04254787807766793,-1.0614932639464725e-05,0.09998258787680922,0.10001999673522691
2020-11-11,positive,0.04957524114310695,0.05927972142427977,0.009704480281172823,0.900071211132855,0.8999933069689062
2020-11-11,negative,-0.042244207987686765,-0.04284031057768712,-0.0005961025900003553,0.10010708849749946,0.09984507501630788
2020-11-12,positive,0.02259378822023502,0.026005469786067086,0.003411681565832065,0.8998550488599347,0.9001544177524428
2020-11-12,negative,-0.04898043097997133,-0.050109525915134775,-0.0011290949351634438,0.10004560260586319,0.09999077090119436
2020-11-13,positive,0.06019710961551082,0.06292501185337683,0.002727902237866009,0.8999859626390239,0.9000460263470467
2020-11-13,negative,-0.016746795118547965,-0.019342625630241594,-0.002595830511693629,0.10018018766318086,0.09964923815476537
2020-11-16,positive,0.06933715854187444,0.07679071129353174,0.007453552751657294,0.8999445521102498,0.9001145631459948
2020-11-16,negative,-0.021621528971247944,-0.025692696576482703,-0.004071167605234759,0.09996070198105082,0.099986642711025
2020-11-17,positive,0.04226023195340843,0.044853893004250904,0.002593661050842473,0.8999930084973649,0.9002240642142626
2020-11-17,negative,-0.027488004882755095,-0.030779584103654507,-0.0032915792208994127,0.09991126169732172,0.09984501048725394
2020-11-18,positive,0.028805681367356922,0.030871611966229624,0.002065930598872702,0.8998171206748333,0.900004029658285
2020-11-18,negative,-0.04257268509555988,-0.04326855159289823,-0.0006958664973383544,0.10015366430260046,0.1000433188265635
2020-11-19,positive,0.05157474493353833,0.05670761448474289,0.005132869551204559,0.9000231481481482,0.8999979929351316
2020-11-19,negative,-0.020750482500959393,-0.022769279935530958,-0.0020187974345715655,0.1000831593877114,0.09992172447013488
2020-11-20,positive,0.03938274974012692,0.04595659928623289,0.006573849546105973,0.8999322365608634,0.9000951827508817
2020-11-20,negative,-0.026850528919968076,-0.02952812374583087,-0.0026775948258627932,0.10001385994442664,0.09999999999999999
2020-11-23,positive,0.07787394076486112,0.09009630668871933,0.012222365923858211,0.8999904245132463,0.9000867778487072
2020-11-23,negative,-0.022489148687226863,-0.0235261775864217,-0.001037028899194839,0.10012062453452497,0.09982345196297479
2020-11-24,positive,0.06637775265595906,0.07424663820915446,0.007868885553195398,0.8999325960927573,0.9001022474587039
2020-11-24,negative,-0.03355152512938571,-0.03312348992400053,0.0004280352053851813,0.09992333095086828,0.10005757623888183
2020-11-25,positive,0.040447228904443064,0.04407393909235659,0.0036267101879135233,0.9000068721064816,0.89999358822601
2020-11-25,negative,-0.03390337006767229,-0.03465210031816014,-0.0007487302504878557,0.10002495659722221,0.09998914930555557
2020-11-27,positive,0.0476976206522511,0.04916728644225355,0.0014696657900024473,0.8999361242138365,0.9001139937106919
2020-11-27,negative,-0.02371636965139287,-0.024036051531836224,-0.0003196818804433524,0.09997356525157233,0.10008598663522014
2020-11-30,positive,0.0389788559050944,0.044818908334253185,0.005840052429158783,0.8999267035931281,0.9000888788497801
2020-11-30,negative,-0.055467382796496545,-0.05715319398051667,-0.0016858111840201279,0.09991403467420909,0.1000810221558768
2020-12-01,positive,0.04505132082023396,0.048889228077459185,0.003837907257225222,0.8999042070691272,0.9002209102283393
2020-12-01,negative,-0.04099055691523974,-0.04411330016690897,-0.0031227432516692244,0.10014150636012928,0.0997522091022834
2020-12-02,positive,0.0418241647036589,0.04460015132223277,0.002775986618573874,0.9000107120598317,0.8999869965904719
2020-12-02,negative,-0.03326654858708208,-0.03406967636748374,-0.0008031277804016607,0.10000535602991585,0.10000867848697596
2020-12-03,positive,0.04860953142314029,0.05575847547175809,0.007148944048617802,0.8998942815021727,0.9001182700733924
2020-12-03,negative,-0.025855055465704553,-0.028328130290627758,-0.002473074824923205,0.09988167287399133,0.10014830827582429
2020-12-04,positive,0.06808212938245199,0.07277217595528065,0.004690046572828663,0.899909055727554,0.9001000216262975
2020-12-04,negative,-0.0173781415901935,-0.019182488059132658,-0.0018043464689391567,0.10035833249771249,0.09989546049129344
2020-12-07,positive,0.04219913014084098,0.051901317633925526,0.009702187493084546,0.8998406201848995,0.9001517039789722
2020-12-07,negative,-0.040032130771413335,-0.042213518781737916,-0.002181388010324581,0.09999566640986132,0.10000240755007703
2020-12-08,positive,0.05036296834435039,0.06294312123512645,0.012580152890776061,0.8998696718797914,0.9001684626242401
2020-12-08,negative,-0.0236744824809374,-0.02462082364258188,-0.0009463411616444789,0.0999640639374425,0.10003114458754984
2020-12-09,positive,0.0290140702195266,0.037305984263731384,0.008291914044204783,0.8998896268427516,0.900103570105868
2020-12-09,negative,-0.05207788070671667,-0.05428980513999006,-0.0022119244332733864,0.1000806203931204,0.0999308968058968
2020-12-10,positive,0.057106057908875796,0.06724062841012649,0.01013457050125069,0.899909461726136,0.9000835867283783
2020-12-10,negative,-0.02548787086701701,-0.027243945649267038,-0.0017560747822500285,0.09999428179322964,0.100017799320094
2020-12-11,positive,0.02646840664405939,0.029532289445825206,0.0030638828017658173,0.8999548822188451,0.9000572143751118
2020-12-11,negative,-0.041490022859615755,-0.04546573519789805,-0.003975712338282297,0.09997463347040944,0.1000801783479349
2020-12-14,positive,0.043290436979296174,0.048578017746800935,0.005287580767504761,0.8998845525770987,0.9001346328883493
2020-12-14,negative,-0.0436187363643158,-0.046158110121985375,-0.0025393737576695774,0.09997108237257282,0.09997992218732155
2020-12-15,positive,0.05714221734907967,0.061532117011618724,0.004389899662539054,0.8997565392778488,0.9001914550920006
2020-12-15,negative,-0.01960475655925728,-0.02363219066381034,-0.0040274341045530605,0.09997915132785658,0.099723578495957
2020-12-16,positive,0.03364914230825986,0.03568504018616718,0.002035897877907318,0.8998661970428964,0.9001429001203369
2020-12-16,negative,-0.034085409809661654,-0.03465873659570493,-0.0005733267860432781,0.10031538675939691,0.09972503893254052
2020-12-17,positive,0.05233284431207117,0.053542486608737214,0.0012096422966660428,0.9000477610459475,0.899958991092689
2020-12-17,negative,-0.021834433340969406,-0.02269421077384453,-0.0008597774328751237,0.10000534659141017,0.1000119058118
2020-12-18,positive,0.04104337011478345,0.04567376789967148,0.004630397784888031,0.8997283014639977,0.9002965781472433
2020-12-18,negative,-0.04370946468701085,-0.042474860251185055,0.0012346044358257924,0.09997484577936341,0.10000878750065907
2020-12-21,positive,0.04905187311925808,0.0542868548548604,0.005234981735602322,0.9000155572073083,0.8998764066308274
2020-12-21,negative,-0.0351867046104099,-0.03619682095442923,-0.0010101163440193253,0.10034760635079773,0.09974047313116646
2020-12-22,positive,0.06285443638032284,0.06640204169304985,0.0035476053127270063,0.9000202453564905,0.8999937780228281
2020-12-22,negative,-0.02997800503717718,-0.03234309997505374,-0.0023650949378765593,0.10001399944863709,0.10001502846793861
2020-12-23,positive,0.05958662785272288,0.06854532913768462,0.008958701284961734,0.8998934294323083,0.9001319173381418
2020-12-23,negative,-0.02744161213451482,-0.028815590222504794,-0.0013739780879899743,0.1000029959597343,0.09995594036993918
2020-12-24,positive,0.024442347300657197,0.0291148203448059,0.004672473044148702,0.8998797416162725,0.9001314729552256
2020-12-24,negative,-0.03240766252632511,-0.03521068280121601,-0.002803020274890898,0.10034617234744365,0.09966005531885651
2020-12-28,positive,0.03943268595258648,0.04923505160939166,0.00980236565680518,0.8997528315141959,0.9003091390940297
2020-12-28,negative,-0.04464510342838608,-0.04756460150409553,-0.002919498075709445,0.10018676856119668,0.0997573293809222
2020-12-29,positive,0.013808299307694985,0.019328073266487823,0.005519773958792837,0.899945391559583,0.9000774567635776
2020-12-29,negative,-0.05160472985194139,-0.05429716458899386,-0.002692434737052475,0.09993216607791942,0.10005015254336916
2020-12-30,positive,0.051566592910664136,0.059680346372218376,0.00811375346155424,0.8997755574862438,0.9002014919299123
2020-12-30,negative,-0.0181179983323874,-0.018870594498856218,-0.0007525961664688191,0.1000055365325974,0.1000195434868609
2020-12-31,positive,0.028659972072850665,0.03230683700045067,0.003646864927600007,0.9000341203766888,0.899996540572919
2020-12-31,negative,-0.036510893366316674,-0.03850552553961917,-0.0019946321733024935,0.09978035007506483,0.10019552871419254
2021-01-04,positive,0.051189482449889565,0.06480431882532474,0.013614836375435174,0.9000865551067513,0.8999716668740971
2021-01-04,negative,-0.05189627806335145,-0.05325584184905444,-0.00135956378570299,0.09999024133600354,0.09997138401427122
2021-01-05,positive,0.0648619623607963,0.07578391033357107,0.010921947972774765,0.8998467668795348,0.9002022339899263
2021-01-05,negative,-0.020641831918927565,-0.022322240585098286,-0.0016804086661707206,0.09995193604964922,0.10002927872219222
2021-01-06,positive,0.08511793555994437,0.0895815396847072,0.004463604124762821,0.8998716618121353,0.9001391260355405
2021-01-06,negative,-0.029995122287274557,-0.030961643608435452,-0.0009665213211608945,0.10007449194817371,0.09993280844874468
2021-01-07,positive,0.0799285002557242,0.09122922085749162,0.011300720601767414,0.8998950935042196,0.9001463230435194
2021-01-07,negative,-0.021985326065944215,-0.023110510943249427,-0.0011251848773052124,0.0999821839431515,0.10001888039271219
2021-01-08,positive,0.04686859376964574,0.05416873012454728,0.0073001363549015374,0.8998143953693217,0.9001938624638226
2021-01-08,negative,-0.03996293597598195,-0.040508703771419116,-0.0005457677954371631,0.09994742281586096,0.10004876053856804
2021-01-11,positive,0.052605674641342734,0.055685582545950865,0.0030799079046081312,0.8998607880063514,0.9001781230382925
2021-01-11,negative,-0.03591771353973058,-0.037124934130135595,-0.0012072205904050184,0.10000276946936966,0.10005649717514124
2021-01-12,positive,0.06764544132223846,0.08029809913125566,0.012652657809017198,0.8998659075053241,0.9001763420724096
2021-01-12,negative,-0.022787545364045435,-0.02387117062200358,-0.0010836252579581457,0.10012539472717925,0.09993133583021224
2021-01-13,positive,0.0420545836372159,0.048289411489602384,0.006234827852386486,0.8998656815117675,0.9001339063278525
2021-01-13,negative,-0.04027647975237366,-0.04057693494471798,-0.0003004551923443191,0.10003546869046573,0.09998326170901845
2021-01-14,positive,0.0728871036655255,0.07637292879022288,0.0034858251246973754,0.8999851455733807,0.9000185908161369
2021-01-14,negative,-0.023498692106269238,-0.023883322267158492,-0.0003846301608892537,0.10001913760484674,0.09999380306128773
2021-01-15,positive,0.028119261787974525,0.03154388052837135,0.0034246187403968245,0.8998337111074699,0.9001802847415659
2021-01-15,negative,-0.053668208738702795,-0.05535034772375076,-0.0016821389850479665,0.0998040581134961,0.10022438873413804
2021-01-19,positive,0.07485203110566194,0.09292254213387423,0.01807051102821229,0.8998907429749432,0.9001046448114005
2021-01-19,negative,-0.024722123819019115,-0.025952298974978426,-0.0012301751559593115,0.10028316250742722,0.09979020386794778
2021-01-20,positive,0.05019925036712449,0.06669635870789672,0.016497108340772233,0.8997890149418927,0.9002196825535524
2021-01-20,negative,-0.03415616193873252,-0.03623587243389963,-0.002079710495167107,0.10009184959724526,0.09990523775311735
2021-01-21,positive,0.04114322845090147,0.04482478424393912,0.0036815557930376455,0.8999590708306305,0.9001521329502982
2021-01-21,negative,-0.0435651035863974,-0.04427125174386354,-0.000706148157466141,0.09993072476882515,0.09997451580020386
2021-01-22,positive,0.05387877821664283,0.05990761732195833,0.0060288391053155005,0.8997408698033412,0.9002119964172364
2021-01-22,negative,-0.02570446586449381,-0.026779930515557177,-0.001075464651063368,0.10004855715871255,0.10000693673695893
2021-01-25,positive,0.06671229621122746,0.07557819823238024,0.008865902021152783,0.899992710251688,0.90004799925689
2021-01-25,negative,-0.03947586637112518,-0.038977681229928396,0.0004981851411967816,0.10009169736034378,0.09999190252334333
2021-01-26,positive,0.05636927782404298,0.06488027377313468,0.008510995949091701,0.8999532438067206,0.9000574467810439
2021-01-26,negative,-0.05087660377934651,-0.051663125871564776,-0.0007865220922182656,0.1000551876379691,0.09994721270154784
2021-01-27,positive,0.04522395820834023,0.0768011080886579,0.031577149880317665,0.8997548119587503,0.9002513685756668
2021-01-27,negative,-0.08441759357036022,-0.08463056070301894,-0.0002129671326587257,0.09985617674959453,0.10014450773955912
2021-01-28,positive,0.06391495288985949,0.09729341668873101,0.03337846379887152,0.8999249146237347,0.9000830693409337
2021-01-28,negative,-0.057378296422090413,-0.059799398163247065,-0.002421101741156652,0.10015321990486645,0.09985207599129547
2021-01-29,positive,0.03484480611682024,0.03628577937897365,0.0014409732621534083,0.8998280096406127,0.9001778110157327
2021-01-29,negative,-0.054717175704810474,-0.058024703199585206,-0.0033075274947747327,0.1000194490206846,0.09998370216223333
2021-02-01,positive,0.07925776078250334,0.08179113265173625,0.0025333718692329144,0.8998572383208796,0.9001353678071615
2021-02-01,negative,-0.020407523156176208,-0.02190049433250206,-0.0014929711763258524,0.10007166560354779,0.10024122087613785
2021-02-02,positive,0.06553312488181076,0.07370671348083883,0.008173588599028073,0.8998351973086013,0.9002388791582521
2021-02-02,negative,-0.03895595120829953,-0.0384261061951645,0.0005298450131350357,0.1,0.09995784720028841
2021-02-03,positive,0.0661721118789362,0.07324979840118129,0.007077686522245094,0.8997661256196349,0.9002251446079835
2021-02-03,negative,-0.024974606399165038,-0.027582336900678385,-0.0026077305015133473,0.10014206262846088,0.09987316973063778
2021-02-04,positive,0.06811334187618263,0.07496736555204477,0.006854023675862131,0.8998620907939955,0.9001294609285015
2021-02-04,negative,-0.025860076436225298,-0.02544342061778308,0.00041665581844221866,0.09999623198890698,0.10001598429968936
2021-02-05,positive,0.06256354106472663,0.06529746908723671,0.0027339280225100876,0.8998458040698724,0.9000039096931957
2021-02-05,negative,-0.02759940268103086,-0.028272401672273954,-0.0006729989912430956,0.10014331592532563,0.10002203645255765
2021-02-08,positive,0.10156583322725939,0.11708279025941663,0.015516957032157247,0.8999283135130893,0.9000994544526865
2021-02-08,negative,-0.014250648264414184,-0.014430090907123386,-0.00017944264270920197,0.10010294752541307,0.09994455041406648
2021-02-09,positive,0.06496139134358439,0.07951430783660993,0.014552916493025536,0.8997233588887321,0.9002874982362072
2021-02-09,negative,-0.03387240485472588,-0.0365962229612786,-0.002723818106552721,0.100183552043648,0.09982326795541131
2021-02-10,positive,0.05826035771124595,0.06143134287821859,0.0031709851669726383,0.9000298583295209,0.8999740903616145
2021-02-10,negative,-0.047519998210810405,-0.04812536558103349,-0.0006053673702230838,0.1001099214463336,0.0999065152236632
2021-02-11,positive,0.04785706826964471,0.052189374909237404,0.004332306639592692,0.8998025326123908,0.900141114666145
2021-02-11,negative,-0.05153118919832291,-0.05423642587559768,-0.0027052366772747707,0.10000586037254892,0.10006182498987046
2021-02-12,positive,0.051158590941445356,0.060043673989618296,0.00888508304817294,0.8999243665749006,0.9000745114970543
2021-02-12,negative,-0.034181547181843505,-0.03519027543326956,-0.001008728251426054,0.09987736165853463,0.10013439924235039
2021-02-16,positive,0.06691444412548712,0.07158174911534092,0.004667304989853793,0.9000532542919414,0.8999857808728462
2021-02-16,negative,-0.04285324181625609,-0.04754297164025697,-0.004689729824000878,0.1001337522773724,0.09984185556141276
2021-02-17,positive,0.03970160966175017,0.04911345254449998,0.009411842882749814,0.8999788947783605,0.8999260279280902
2021-02-17,negative,-0.05446058055698895,-0.053834446880382414,0.0006261336766065356,0.099962633378081,0.1001425467428761
2021-02-18,positive,0.025047756143760237,0.031641686350233886,0.0065939302064736485,0.8999117865520241,0.9001157005267325
2021-02-18,negative,-0.07038969391080352,-0.07126167825044857,-0.0008719843396450544,0.10001115697438297,0.09997984795630481
2021-02-19,positive,0.06291272462075789,0.06853768314609879,0.005624958525340895,0.8998498020432459,0.900003322351117
2021-02-19,negative,-0.025144908859774738,-0.026615113284899822,-0.0014702044251250837,0.10032012237326612,0.09983768930479803
2021-02-22,positive,0.0491171120158654,0.05562876814072669,0.0065116561248612925,0.8997434124074971,0.9002532678608478
2021-02-22,negative,-0.07129994291471028,-0.07318619273152559,-0.0018862498168153025,0.1000729649353344,0.09993823915900132
2021-02-23,positive,0.026788230913037548,0.02867017685933674,0.0018819459462991912,0.8999882284468652,0.9000371672317014
2021-02-23,negative,-0.09126716749783151,-0.09325198522320702,-0.0019848177253755095,0.10004901597534846,0.09994464861334963
2021-02-24,positive,0.07678872195497582,0.0825012379507009,0.005712515995725073,0.9001190213341429,0.8998955027185165
2021-02-24,negative,-0.019463665599482267,-0.02091916839374071,-0.0014555027942584411,0.10009176717357104,0.09990911254933349
2021-02-25,positive,0.010129437115664493,0.01676169746053565,0.006632260344871157,0.8998551502228637,0.9001848973871537
2021-02-25,negative,-0.08688404739275299,-0.0883927265460014,-0.0015086791532484128,0.09997783698194426,0.0999993062011739
2021-02-26,positive,0.03850884058836892,0.040249357484031786,0.0017405168956628678,0.8999559590967218,0.9000576156825723
2021-02-26,negative,-0.05509188388606717,-0.055996068950349684,-0.0009041850642825117,0.09999421529291443,0.10000798289577809
2021-03-01,positive,0.08368930407988409,0.08971434351973788,0.006025039439853788,0.8998724313410957,0.900097629781232
2021-03-01,negative,-0.011760829808685685,-0.0151850976478166,-0.0034242678391309157,0.1002155745160765,0.10019124794432828
2021-03-02,positive,0.029842138638518884,0.03418828244542106,0.004346143806902177,0.9000364920885152,0.8999105463672319
2021-03-02,negative,-0.05428598874470695,-0.05568225837446835,-0.0013962696297614013,0.100107862931106,0.09993168681029951
2021-03-03,positive,0.033955671077684726,0.03769917954030315,0.0037435084626184223,0.8999302206684996,0.9000650813171021
2021-03-03,negative,-0.072483689495059,-0.0741293656739543,-0.0016456761788953,0.10008221525196556,0.09993073883185254
2021-03-04,positive,0.013566479236831358,0.018570784389734796,0.005004305152903439,0.8999164531308057,0.9001761882846671
2021-03-04,negative,-0.10458346888103798,-0.10691192817812649,-0.0023284592970885115,0.10027651737657703,0.09967460835056267
2021-03-05,positive,0.06145231222284562,0.06843884354713685,0.00698653132429123,0.9000825809293106,0.8999326105208103
2021-03-05,negative,-0.033174008695247226,-0.03348065867203167,-0.0003066499767844441,0.10012215095793879,0.09988356088967189
2021-03-08,positive,0.058807879366125304,0.06392270265538696,0.005114823289261661,0.8999962308114036,0.9000388740405704
2021-03-08,negative,-0.054665979693547875,-0.05599470696288298,-0.0013287272693351046,0.10008429276315789,0.09996636855811405
2021-03-09,positive,0.10164816080300787,0.11254858979521203,0.010900428992204156,0.8999730706299427,0.9000679710935369
2021-03-09,negative,-0.027310204762892747,-0.031104542654166022,-0.0037943378912732757,0.10004942732478865,0.10000047722934277
2021-03-10,positive,0.05740103664745444,0.06480026524088758,0.007399228593433144,0.8996675540992559,0.9003469008123421
2021-03-10,negative,-0.027125218705127,-0.0294473978700713,-0.0023221791649442984,0.10002389241586455,0.09998569868250391
2021-03-11,positive,0.08598347294407245,0.09171959229387436,0.0057361193498019075,0.8998961666780145,0.9000965820113025
2021-03-11,negative,-0.01683213180318454,-0.017839776027129682,-0.0010076442239451422,0.10004868250834069,0.09996210934840336
2021-03-12,positive,0.047552144193955724,0.05258842804787276,0.005036283853917037,0.8999105807153542,0.9000994662042704
2021-03-12,negative,-0.027527798890725364,-0.029192870998610593,-0.0016650721078852286,0.10015225078199377,0.09990306677546579
2021-03-15,positive,0.061326882242434363,0.07433682399344106,0.013009941751006698,0.8999208828522921,0.9001243972835313
2021-03-15,negative,-0.030705149129045945,-0.029971729517353895,0.0007334196116920502,0.1000584040747029,0.10000702886247877
2021-03-16,positive,0.01932726848079759,0.021972796938826044,0.002645528458028453,0.9000676419801765,0.8999461923343622
2021-03-16,negative,-0.058934760698402644,-0.06127003250656027,-0.002335271808157624,0.10013630368869733,0.09987192211994725
2021-03-17,positive,0.04906783173490505,0.061884403241430255,0.012816571506525203,0.8999268441373705,0.9000684481473955
2021-03-17,negative,-0.022749025568086494,-0.024822040675397554,-0.0020730151073110603,0.10010397615660774,0.0999107735555104
2021-03-18,positive,0.015200746633522843,0.018466264221313748,0.0032655175877909053,0.8999148486936006,0.900107433874654
2021-03-18,negative,-0.07176060183985013,-0.07351738878789535,-0.001756786948045222,0.10015503151916963,0.09981913838545771
2021-03-19,positive,0.05286668324457113,0.05691395602463746,0.004047272780066329,0.9000871990445427,0.8999125973779215
2021-03-19,negative,-0.027409392862800273,-0.029309929490703157,-0.0019005366279028837,0.10011502130778209,0.09990243546592112
2021-03-22,positive,0.036275655140298596,0.04088733932861384,0.004611684188315243,0.8999807453667484,0.8998840338288059
2021-03-22,negative,-0.045533316056539486,-0.04549159481219445,4.1721244345038766e-05,0.10011768593703634,0.10001345463864683
2021-03-23,positive,0.005377899139437193,0.011716365722823061,0.006338466583385868,0.9000293735844023,0.9002749552232852
2021-03-23,negative,-0.07878833657414594,-0.08170091116543976,-0.0029125745912938206,0.10016929869707722,0.0998485115258553
2021-03-24,positive,0.017852147505355163,0.02383626448657864,0.005984116981223479,0.8998992550983027,0.9000964199943013
2021-03-24,negative,-0.08101261708400284,-0.08165496243581437,-0.0006423453518115269,0.10005267906812662,0.09993760261054803
2021-03-25,positive,0.05898470193173842,0.06039831312230977,0.0014136111905713455,0.8998779618158625,0.9001304098838391
2021-03-25,negative,-0.02050558833578093,-0.02361572354456356,-0.00311013520878263,0.10007522669666699,0.09989810510050559
2021-03-26,positive,0.04789463943520831,0.05021193352486449,0.0023172940896561828,0.8997569496161294,0.9002587741865599
2021-03-26,negative,-0.03516492322673467,-0.037941929177999864,-0.0027770059512651907,0.10009816798234332,0.09989279379307545
2021-03-29,positive,0.012535032320600936,0.018184303921003352,0.005649271600402416,0.8997716531697499,0.9001289456727453
2021-03-29,negative,-0.06495432684415922,-0.06633925849537088,-0.00138493165121166,0.10009515006524579,0.099906294176816
2021-03-30,positive,0.048732639771544344,0.05010787046842048,0.0013752306968761382,0.8998312393887948,0.900215806451613
2021-03-30,negative,-0.025480783059622075,-0.027757484047862914,-0.0022767009882408394,0.0999684210526316,0.1000920713073005
2021-03-31,positive,0.06376205355820223,0.06753944874194921,0.003777395183746979,0.8997616619067047,0.9002407520739834
2021-03-31,negative,-0.02396466303596734,-0.025020177015784385,-0.0010555139798170445,0.09997790017679858,0.10004591663266696
2021-04-01,positive,0.05599302714533092,0.05761506561012034,0.0016220384647894215,0.9000212022146415,0.8999807606400259
2021-04-01,negative,-0.017160346056793174,-0.017861748601174798,-0.0007014025443816234,0.10019256281134936,0.09980156554580896
2021-04-05,positive,0.04173173519636073,0.043388163982340786,0.0016564287859800533,0.9000234295415961,0.9000298471986417
2021-04-05,negative,-0.03316529015860605,-0.03467890169152676,-0.0015136115329207056,0.1000685908319185,0.09999432937181665
2021-04-06,positive,0.030252632997102284,0.03410970109527379,0.003857068098171504,0.899744549944067,0.9002506411830511
2021-04-06,negative,-0.03350639121942649,-0.03528403119253813,-0.0017776399731116443,0.10004945294807784,0.09996313197457096
2021-04-07,positive,0.017280047144521242,0.017239272915152353,-4.077422936888883e-05,0.9000780031201249,0.8999778135862275
2021-04-07,negative,-0.048625285797282085,-0.050257069577051026,-0.0016317837797689416,0.09996407751046883,0.10002127979856035
2021-04-08,positive,0.0406299617657873,0.04397117820500306,0.003341216439215762,0.8999555592019798,0.90011993887681
2021-04-08,negative,-0.021234050953774418,-0.022263869364114893,-0.0010298184103404752,0.10015622649765488,0.09977841134402646
2021-04-09,positive,0.02579717715595069,0.027481213646135167,0.0016840364901844762,0.8997410832774685,0.9002793701175216
2021-04-09,negative,-0.03459596109327842,-0.03557308178454425,-0.0009771206912658273,0.09992235918624219,0.1000607103279384
2021-04-12,positive,0.021038639698923216,0.024809994867032004,0.003771355168108788,0.8998147307924984,0.9001816944398616
2021-04-12,negative,-0.05922871089335306,-0.06282508099359316,-0.0035963701002400955,0.10013680360776551,0.09987752983556068
2021-04-13,positive,0.033206928541897204,0.03663676746674842,0.003429838924851214,0.8998893164515062,0.9001074768288646
2021-04-13,negative,-0.03547415051788701,-0.036701152801994305,-0.001227002284107298,0.09997965629482511,0.10003318782412005
2021-04-14,positive,0.039058441705947036,0.039382518829569425,0.0003240771236223891,0.899766319655382,0.9002159385872865
2021-04-14,negative,-0.030179625110301776,-0.031605127834498314,-0.0014255027241965382,0.09990680399845363,0.10012156900646159
2021-04-15,positive,0.030902125237609924,0.032891325546971086,0.0019892003093611617,0.8996915631620487,0.900108177903322
2021-04-15,negative,-0.0436519902616148,-0.0456662943892157,-0.0020143041276008966,0.10031812957808887,0.0998923413506141
2021-04-16,positive,0.027366696135955087,0.030069109401268623,0.0027024132653135358,0.9000449753465611,0.8999822800995094
2021-04-16,negative,-0.039503089359251405,-0.04002634037390834,-0.0005232510146569377,0.09993118578948912,0.10002883826942585
2021-04-19,positive,0.017787235266427455,0.018984511260267446,0.0011972759938399906,0.8999947979516694,0.900044903926483
2021-04-19,negative,-0.05121892523367896,-0.05222687879232546,-0.001007953558646503,0.1001718609796095,0.09988721804511277
2021-04-20,positive,0.01566835723253493,0.01696173623429799,0.0012933790017630592,0.9000143885681846,0.8999865915795118
2021-04-20,negative,-0.05744244945180449,-0.05890371280478379,-0.0014612633529793029,0.10014263109279412,0.0998775599497537
2021-04-21,positive,0.06896185297982037,0.07175278041393231,0.0027909274341119394,0.899960225606476,0.9000161724369921
2021-04-21,negative,-0.006128719496035091,-0.006196388841033088,-6.766934499799742e-05,0.09968807400294696,0.0996792434593868
2021-04-22,positive,0.03136926197857172,0.03511135546362406,0.0037420934850523405,0.8998148410505852,0.9001806332790252
2021-04-22,negative,-0.02890211181781287,-0.029545142139036223,-0.0006430303212233528,0.10004622086845646,0.09997166536799604
2021-04-23,positive,0.05258159922543569,0.056082205225519974,0.003500606000084283,0.9001009280413219,0.899906699209604
2021-04-23,negative,-0.01408960396418527,-0.0141262991394444,-3.669517525912991e-05,0.099752636624364,0.10009291874562695
2021-04-26,positive,0.06052719495552304,0.06442802697417907,0.003900832018656028,0.8998570162814843,0.9001118385548329
2021-04-26,negative,-0.01611669636639454,-0.016919507311901158,-0.0008028109455066185,0.09997806623051603,0.10006035731530663
2021-04-27,positive,0.030389200318789118,0.03479768841824248,0.004408488099453364,0.8999605001805706,0.9000882657619129
2021-04-27,negative,-0.029632869327557525,-0.030602325140165542,-0.0009694558126080166,0.10013843746238112,0.09984287189624477
2021-04-28,positive,0.04224657496582916,0.045489522999505025,0.003242948033675863,0.9000586854460094,0.899982675517794
2021-04-28,negative,-0.023397595399188485,-0.02517206333507534,-0.001774467935886856,0.10010240253939288,0.09989704307717652
2021-04-29,positive,0.029657953071800892,0.03138060981421289,0.001722656742411996,0.8999231168481276,0.9001141856447804
2021-04-29,negative,-0.04153516327891264,-0.046344699406189085,-0.0048095361272764425,0.10001392652815418,0.10000962772785624
2021-04-30,positive,0.02010853327277496,0.023358919217307466,0.0032503859445325058,0.899978899137879,0.9000187408972785
2021-04-30,negative,-0.0421544981454096,-0.04318096948367007,-0.0010264713382604693,0.10016353168143728,0.09985633961916911
2021-05-03,positive,0.045956806440443705,0.050333629951889336,0.004376823511445631,0.8998890699990942,0.9001182180979933
2021-05-03,negative,-0.038023052658995894,-0.039989761710268974,-0.00196670905127308,0.0999007666998702,0.10008952245687117
2021-05-04,positive,0.02289482149809774,0.028800974410847353,0.005906152912749613,0.8998807691146726,0.9001253671850549
2021-05-04,negative,-0.05669007326416675,-0.0577666072281471,-0.0010765339639803514,0.10005848350387878,0.0999413973446702
2021-05-05,positive,0.035177080801606427,0.0397205819882996,0.004543501186693173,0.8997676369241929,0.9002199345843753
2021-05-05,negative,-0.0433271140709118,-0.04452362302902217,-0.0011965089581103747,0.10018097872083183,0.09983351787157412
2021-05-06,positive,0.034079353396590455,0.03915906411928106,0.005079710722690603,0.8999583371208679,0.8999826969478054
2021-05-06,negative,-0.05943983457596469,-0.06289754869264287,-0.0034577141166781816,0.10018786170954157,0.09987905804416505
2021-05-07,positive,0.05457023327546743,0.056324198699781544,0.0017539654243141148,0.8997287856841091,0.9002698642995322
2021-05-07,negative,-0.020712935541232498,-0.02206561432870211,-0.0013526787874696133,0.10023651095419155,0.09977137075896332
2021-05-10,positive,0.017682175721835815,0.022832691887423626,0.005150516165587812,0.8999134307143288,0.9001224027224657
2021-05-10,negative,-0.07494576690168675,-0.07617975261746338,-0.0012339857157766254,0.10015196878969335,0.09985324407007357
2021-05-11,positive,0.03993380433390255,0.04300854771912819,0.003074743385225641,0.8999245579093487,0.9000836811610776
2021-05-11,negative,-0.03799059852652519,-0.0407820076479904,-0.0027914091214652076,0.09999094694912186,0.10000698831997612
2021-05-12,positive,0.013365365183558329,0.018474999723883563,0.005109634540325234,0.899691306398292,0.9000026539802437
2021-05-12,negative,-0.06908897911014195,-0.07131273414564111,-0.002223755035499167,0.10015478239859865,0.09986290134142096
2021-05-13,positive,0.04408248802315536,0.045957833891796245,0.001875345868640882,0.8999056461352657,0.9001287582634123
2021-05-13,negative,-0.054043798766742854,-0.054256991120780605,-0.00021319235403775144,0.10002679649758454,0.10002566425120774
2021-05-14,positive,0.07326306109586309,0.07483910341345909,0.0015760423175960048,0.9000086359676789,0.9002024017871116
2021-05-14,negative,-0.007473312769020258,-0.009223813111161222,-0.0017505003421409635,0.10042845438142531,0.09991595670486479
2021-05-17,positive,0.04711751535437736,0.04935258553288751,0.00223507017851015,0.8997254921474405,0.9001476600288765
2021-05-17,negative,-0.026515578750450436,-0.02598922112776878,0.0005263576226816544,0.10002851311603336,0.10013079700872929
2021-05-18,positive,0.04538847232391695,0.048512062494036765,0.0031235901701198165,0.8997980256654037,0.9001951157213606
2021-05-18,negative,-0.029316615578620097,-0.03158819904017333,-0.0022715834615532303,0.10010313541109897,0.09991592286188644
2021-05-19,positive,0.02344191160470344,0.026232509659803598,0.002790598055100159,0.899993723091938,0.8999807167087749
2021-05-19,negative,-0.03955186546526497,-0.040557575600811115,-0.0010057101355461437,0.10005165167292389,0.09998902033009847
2021-05-20,positive,0.048135242344037515,0.05114410043386801,0.0030088580898304934,0.8999404666408717,0.9000562696412897
2021-05-20,negative,-0.018034861334776407,-0.0204185429839971,-0.002383681649220693,0.10011450537766327,0.09988057938462798
2021-05-21,positive,0.03400691732686793,0.038322072155568654,0.004315154828700721,0.8998923252096918,0.9001142166084385
2021-05-21,negative,-0.022428115082317786,-0.02334102629902661,-0.0009129112167088234,0.09996399053263365,0.10003253228475648
2021-05-24,positive,0.0328496615252689,0.0353660413377019,0.002516379812433002,0.8997803870098642,0.9002407795592319
2021-05-24,negative,-0.030917299411778627,-0.03368018962247526,-0.0027628902106966308,0.10020916740631629,0.09981268766642118
2021-05-25,positive,0.020204336222041364,0.024142068592395476,0.003937732370354111,0.8999298016684982,0.9000294844833465
2021-05-25,negative,-0.04137554681240117,-0.04283809940349905,-0.0014625525910978779,0.10016948644108473,0.09989200863930886
2021-05-26,positive,0.05585056321659473,0.059365775610316994,0.003515212393722267,0.8998268780866162,0.9001419509225039
2021-05-26,negative,-0.010994316440467512,-0.012161239930266935,-0.0011669234897994235,0.1002358375537085,0.09980919813658438
2021-05-27,positive,0.04584535839738495,0.04783374993622515,0.0019883915388402007,0.8998443373183609,0.9001643411510243
2021-05-27,negative,-0.018240280129172327,-0.018644983736085814,-0.00040470360691348753,0.10006481363674206,0.0999388580233824
2021-05-28,positive,0.02921809272546479,0.03171507928894861,0.0024969865634838183,0.8998484074644173,0.9001422761357378
2021-05-28,negative,-0.027928383543441827,-0.030603907602925046,-0.002675524059483219,0.09997454171158153,0.10004448335757558
2021-06-01,positive,0.05420336406465461,0.05754933135373115,0.003345967289076539,0.9000645812674379,0.9000028198006401
2021-06-01,negative,-0.02381516619108417,-0.024796702880035375,-0.0009815366889512032,0.09996469374615213,0.09998660594695954
2021-06-02,positive,0.046448094656420566,0.05522209245409977,0.008773997797679206,0.8997924995688505,0.9002169465218005
2021-06-02,negative,-0.031353694279046884,-0.03396999581924347,-0.0026163015401965833,0.09986344323722621,0.10015979963313108
2021-06-03,positive,0.026788606887947698,0.030168759228458734,0.003380152340511037,0.8998321022264799,0.9001634171080808
2021-06-03,negative,-0.03900276211831274,-0.04201712013515556,-0.0030143580168428205,0.10013434169828568,0.09989046827454075
2021-06-04,positive,0.03796302766494864,0.03989630222831205,0.0019332745633634102,0.9001631324552818,0.8998690180214346
2021-06-04,negative,-0.0259062350847691,-0.02619511884617049,-0.00028888376140139005,0.10004654795961525,0.099944165859003
2021-06-07,positive,0.06202414134678798,0.06680416218429032,0.004780020837502341,0.8999633624090505,0.9000239042704274
2021-06-07,negative,-0.022119705102649607,-0.023390329399349635,-0.001270624296700027,0.10025443205484545,0.09977888549854466
2021-06-08,positive,0.05056867604514936,0.05628235848477947,0.005713682439630108,0.9000267985546777,0.8999795783276763
2021-06-08,negative,-0.020445663193156334,-0.02099819080962468,-0.0005525276164683457,0.09991819594477229,0.10008943284086588
2021-06-09,positive,0.031144275630129625,0.044097349217144866,0.012953073587015241,0.8999656060392269,0.9000476224072245
2021-06-09,negative,-0.03742179495773448,-0.038393352599594505,-0.0009715576418600214,0.10010043820453726,0.09992980104416539
2021-06-10,positive,0.03303882542116142,0.03729455167498934,0.004255726253827918,0.8998360806939049,0.9002144118685976
2021-06-10,negative,-0.040591081563916206,-0.04242094935556469,-0.0018298677916484818,0.10001369755484908,0.10005369127516779
2021-06-11,positive,0.03721286034668997,0.04065413013737444,0.003441269790684473,0.8999415987536892,0.900032332057274
2021-06-11,negative,-0.02214817870490742,-0.025791191527536488,-0.0036430128226290666,0.10005550466975115,0.09996054393010641
2021-06-14,positive,0.03418973066248765,0.039704298819715364,0.005514568157227714,0.8999458849041388,0.900055308955119
2021-06-14,negative,-0.035087499882591036,-0.03592455169318928,-0.0008370518105982466,0.10007022241010825,0.09994856619460298
2021-06-15,positive,0.02363601941203341,0.028404179402027684,0.004768159989994275,0.8998922272258186,0.9001231353785533
2021-06-15,negative,-0.04595258054370012,-0.049158094465497834,-0.0032055139217977147,0.10002535025174344,0.10002955249085281
2021-06-16,positive,0.029864520539824718,0.03143953892842786,0.0015750183886031402,0.8998836894927502,0.9001283439759206
2021-06-16,negative,-0.02871817910246908,-0.0293194913594997,-0.0006013122570306222,0.09994645497138535,0.10008228079552169
2021-06-17,positive,0.03013193086225765,0.03219918245083779,0.002067251588580142,0.9001331947267192,0.8998699978975402
2021-06-17,negative,-0.05025318849697132,-0.052476885297467704,-0.0022236968004963817,0.10009134020136894,0.09992571308430864
2021-06-18,positive,0.01708590279334749,0.019816373276458608,0.0027304704831111193,0.9003860465658828,0.9001890864128406
2021-06-18,negative,-0.05165091590645456,-0.05179588360821387,-0.00014496770175930623,0.09997064358591515,0.10007943729003359
2021-06-21,positive,0.0479203431256032,0.0564938784620677,0.008573535336464502,0.8998405086078527,0.9001521969295926
2021-06-21,negative,-0.024260401070168892,-0.025935336547950986,-0.001674935477782094,0.10011222250084359,0.09990701011395615
2021-06-22,positive,0.030892543677763045,0.03583219450283322,0.004939650825070172,0.8999419606861844,0.9000556065282066
2021-06-22,negative,-0.027063369080459226,-0.02789374014025512,-0.0008303710597958938,0.10003004297148929,0.09998297050073679
2021-06-23,positive,0.03876280391570853,0.04061524766636717,0.0018524437506586416,0.8999799432879175,0.9000182239435646
2021-06-23,negative,-0.01876163750330158,-0.021124528587690948,-0.0023628910843893694,0.10008022684832978,0.0999328445950619
2021-06-24,positive,0.04373539697118913,0.04806952669583845,0.004334129724649319,0.8999842619907549,0.9000382364699069
2021-06-24,negative,-0.015170744110126052,-0.016074571547678794,-0.0009038274375527417,0.09997932232361942,0.10000577251798959
2021-06-25,positive,0.03468366379952029,0.035191130378673274,0.0005074665791529875,0.8999429113819574,0.9000551283462184
2021-06-25,negative,-0.030298485739917797,-0.030752156802053787,-0.00045367106213599004,0.10000928549811539,0.1000029576031034
2021-06-28,positive,0.03412982534647459,0.03959932973783622,0.005469504391361631,0.8998468195355173,0.9001332149200711
2021-06-28,negative,-0.04232695177065382,-0.044165560180312716,-0.0018386084096588956,0.09999006730859118,0.10000919817305251
2021-06-29,positive,0.023076399588012265,0.03731433263127547,0.014237933043263203,0.8999028440293422,0.9000967885250063
2021-06-29,negative,-0.03684987331658699,-0.038021604662634365,-0.0011717313460473736,0.10016120842853515,0.0998575145976136
2021-06-30,positive,0.03352788435439882,0.03871434021322396,0.0051864558588251425,0.8998731835621566,0.9001504953009907
2021-06-30,negative,-0.0345644986594814,-0.03583276563560435,-0.0012682669761229504,0.10006587302648288,0.09995015240030482
2021-07-01,positive,0.03643515457639103,0.04056235269046402,0.004127198114072993,0.8998449046027668,0.9001388186187705
2021-07-01,negative,-0.02843619149421095,-0.030096457944254675,-0.001660266450043725,0.10004824783309145,0.09995636225651404
2021-07-02,positive,0.01943794072533598,0.025872118611328997,0.006434177885993018,0.8998542602391011,0.9002171435806533
2021-07-02,negative,-0.038991194296586665,-0.0403219991348339,-0.0013308048382472334,0.09995920019725182,0.10000569764497343
2021-07-06,positive,0.020503515257718808,0.028241046967038906,0.007737531709320098,0.9000942949077411,0.8999242135971588
2021-07-06,negative,-0.04705054773019739,-0.04811392181734123,-0.0010633740871438466,0.09995755894683436,0.10003868594622019
2021-07-07,positive,0.019975099877010388,0.027233030705865267,0.00725793082885488,0.8999487578679523,0.9000626590330787
2021-07-07,negative,-0.051050558230941956,-0.05122554217665252,-0.00017498394571056203,0.10009754586848803,0.09995260814249364
2021-07-08,positive,0.021549994248130706,0.02972645039993633,0.008176456151805622,0.8998503017096884,0.9001968152866242
2021-07-08,negative,-0.0351859016004052,-0.03600344945498157,-0.0008175478545763698,0.100106486758297,0.09996050955414013
2021-07-09,positive,0.05154865065530554,0.06205252250571619,0.01050387185041065,0.9000506111407962,0.8999890629174457
2021-07-09,negative,-0.008635393629911638,-0.010390607363164,-0.0017552137332523619,0.10048156744441476,0.10031264126899313
2021-07-12,positive,0.02860752619138926,0.04172880083670115,0.01312127464531189,0.8998824877709766,0.9000914169629255
2021-07-12,negative,-0.031262307977537096,-0.03209476421518629,-0.0008324562376491942,0.09995784996391435,0.10007649822244795
2021-07-13,positive,0.010029570296801153,0.014154218922754924,0.004124648625953771,0.899925794230357,0.9000984915987779
2021-07-13,negative,-0.05024970629060267,-0.05278635780124981,-0.0025366515106471366,0.10013665384821527,0.09988225560081467
2021-07-14,positive,0.013454966456241137,0.017949614429269418,0.00449464797302828,0.9000417897422128,0.9000003188775508
2021-07-14,negative,-0.059623563475889374,-0.059739751472258865,-0.00011618799636949062,0.10025624328678842,0.0998029336734694
2021-07-15,positive,0.022203121763702493,0.025047381932671253,0.0028442601689687604,0.9000607416879796,0.8999539641943732
2021-07-15,negative,-0.03990046619879622,-0.039769027373822194,0.0001314388249740242,0.10006476309059091,0.09996451406649616
2021-07-16,positive,0.017314354159938927,0.01988015509145439,0.002565800931515462,0.899705313064825,0.9001467196309585
2021-07-16,negative,-0.04658935867200876,-0.047512937488046296,-0.0009235788160375374,0.10025543580889693,0.09988192627262672
2021-07-19,positive,0.023115607692874858,0.029686861954804123,0.006571254261929265,0.8998116429074747,0.9001938451948615
2021-07-19,negative,-0.05004803739216805,-0.05033219902203111,-0.0002841616298630556,0.09993000975662639,0.10003856916364032
2021-07-20,positive,0.05864194540763307,0.06130891158160704,0.002666966173973974,0.9001595614938479,0.8998585966719063
2021-07-20,negative,-0.009693317147883313,-0.011090162819253253,-0.0013968456713699395,0.0997055226570546,0.09975321419107329
2021-07-21,positive,0.05563493802292931,0.06327750853914152,0.007642570516212206,0.8999509323694348,0.9000217721775554
2021-07-21,negative,-0.011281360436429138,-0.012314063638559986,-0.001032703202130848,0.1003025977974461,0.10010032945006934
2021-07-22,positive,0.01814582567990721,0.02115117622296043,0.0030053505430532174,0.9000142247510666,0.8999852333536547
2021-07-22,negative,-0.04366566912818032,-0.04558565694956881,-0.00191998782138849,0.10009410350199825,0.09989759872654609
2021-07-23,positive,0.026896574541090457,0.031911881758029684,0.005015307216939227,0.9000875835098581,0.8999152680462768
2021-07-23,negative,-0.037111276093005664,-0.03994194083285589,-0.0028306647398502263,0.10014904472869479,0.09989921106946935
2021-07-26,positive,0.03566975054744668,0.03976987503852057,0.0041001244910738935,0.8999979657982886,0.9000382090888133
2021-07-26,negative,-0.034405728160052794,-0.03786852226148159,-0.003462794101428794,0.10019291012896839,0.09981163292152051
2021-07-27,positive,0.024723686181980932,0.020152519370062478,-0.004571166811918454,0.8998278651988713,0.9001656213803431
2021-07-27,negative,-0.04580643218647742,-0.04827299423802496,-0.0024665620515475425,0.10020744852828081,0.09981460293245191
2021-07-28,positive,0.05416720638281376,0.05784363621840767,0.0036764298355939085,0.8997808785127784,0.90022872535988
2021-07-28,negative,-0.015706473048109855,-0.017578721649335986,-0.0018722486012261313,0.10016627072786748,0.09983985689640543
2021-07-29,positive,0.03790912384773428,0.04223936591673933,0.00433024206900505,0.8999283161732554,0.900070779423006
2021-07-29,negative,-0.031214044643489907,-0.03266684947041254,-0.001452804826922633,0.09992314534318583,0.1000884742787577
2021-07-30,positive,0.023211946100963762,0.02532181488755138,0.002109868786587619,0.8999686011961149,0.8999932505399567
2021-07-30,negative,-0.038419264142801585,-0.03991638409864692,-0.0014971199558453385,0.10019648428125749,0.09986643173809254
2021-08-02,positive,0.032772084546431345,0.03766175622914549,0.004889671682714147,0.8998652611696538,0.9001033175220836
2021-08-02,negative,-0.027495648985955252,-0.02985926358463002,-0.002363614598674766,0.10005495277138703,0.09998721845087624
2021-08-03,positive,0.0322512709108449,0.038637734247120366,0.006386463336275468,0.8996760762385762,0.9003595636819322
2021-08-03,negative,-0.03995253365491237,-0.04357792995297031,-0.0036253962980579355,0.10007628367003367,0.09988552504999873
2021-08-04,positive,0.02879232756307503,0.03430462933353083,0.0055123017704558006,0.9001365501840788,0.8998823897513113
2021-08-04,negative,-0.05358200788609402,-0.056803118135892325,-0.0032211102497983063,0.10001169352405093,0.0999880483845863
2021-08-05,positive,0.06295876263937092,0.06624920748852584,0.0032904448491549165,0.8997361148862917,0.9002566725321047
2021-08-05,negative,-0.0226870020972381,-0.025467995023394786,-0.0027809929261566856,0.10014496692941924,0.09987589590992976
2021-08-06,positive,0.04348848236065543,0.04613373923448705,0.002645256873831617,0.8998087679516249,0.9002344352945858
2021-08-06,negative,-0.03491441107343891,-0.036504602462490585,-0.0015901913890516775,0.10019349962207105,0.09987778971237618
2021-08-09,positive,0.03859020104014514,0.0408254797904476,0.0022352787503024593,0.8998929003935814,0.9001169590643275
2021-08-09,negative,-0.03200930614138362,-0.03473343943410258,-0.002724133292718957,0.10000605510142295,0.10002075465685101
2021-08-10,positive,0.04139593385679467,0.04936613912585325,0.007970205269058575,0.8997166303953573,0.9002679383896812
2021-08-10,negative,-0.041387200663384104,-0.04407783106145186,-0.0026906303980677587,0.10021725003022608,0.09980134299295572
2021-08-11,positive,0.03436974807100858,0.03747164609381447,0.003101898022805888,0.8998212882360053,0.9001688286276082
2021-08-11,negative,-0.0346340156967559,-0.03853761579123748,-0.0039036000944815824,0.10022140611776084,0.09980611553366552
2021-08-12,positive,0.03124965850503572,0.035564943740656677,0.004315285235620955,0.8995210467470462,0.9004586754712001
2021-08-12,negative,-0.03706504234597989,-0.04160840475643306,-0.004543362410453167,0.10014580122684558,0.0999006388694063
2021-08-13,positive,0.022089556050365885,0.02317408647354758,0.0010845304231816948,0.8998882677332363,0.900055497347131
2021-08-13,negative,-0.049503017584436655,-0.05161886070026961,-0.0021158431158329535,0.10022573705420719,0.09984744209856519
2021-08-16,positive,0.01727291924080019,0.019253529686802377,0.0019806104460021873,0.8998036411513665,0.9002020737852077
2021-08-16,negative,-0.05412517784791695,-0.055777026277225285,-0.0016518484293083363,0.100094585187203,0.09990768485728987
2021-08-17,positive,0.02277875788598535,0.03218745020649685,0.009408692320511496,0.8998959662231941,0.9000946015941986
2021-08-17,negative,-0.05128415018874564,-0.0516626111934785,-0.0003784610047328635,0.09989368811129336,0.10014130288816628
2021-08-18,positive,0.029325477722147237,0.0319561215039874,0.0026306437818401605,0.8999862976157852,0.9000916897844318
2021-08-18,negative,-0.032495478005988454,-0.03325767568106892,-0.0007621976750804629,0.10010048415090891,0.09983234612062267
2021-08-19,positive,0.017269404495844857,0.01998803427334931,0.0027186297775044534,0.8999641232328784,0.9000310155254401
2021-08-19,negative,-0.05425963564406092,-0.055743871686591305,-0.0014842360425303819,0.10007099019877255,0.09994355335072132
2021-08-20,positive,0.04788740484909428,0.05098451900674691,0.003097114157652625,0.8999673649058895,0.9000741180136134
2021-08-20,negative,-0.01313869943836839,-0.014622383594454696,-0.001483684156086306,0.10008879781420765,0.09979590882945068
2021-08-23,positive,0.06761263580466131,0.07547073794659205,0.007858102141930737,0.8999440512913568,0.9000621165961539
2021-08-23,negative,-0.010520010826124446,-0.01101673852998613,-0.0004967277038616831,0.10013382326256579,0.09986920099195548
2021-08-24,positive,0.04858692482689443,0.052009804811200745,0.0034228799843063137,0.8998425321732826,0.9001771041024711
2021-08-24,negative,-0.016019363088484055,-0.017173588033877665,-0.0011542249453936095,0.0999962237931243,0.10001601906706226
2021-08-25,positive,0.035731456574731625,0.03751091820496623,0.0017794616302346036,0.8999935926428464,0.9000073595340681
2021-08-25,negative,-0.021912349111258823,-0.023229931675929044,-0.0013175825646702215,0.10004711292024726,0.09996758631086988
2021-08-26,positive,0.020793196537866203,0.023859446605295504,0.0030662500674293013,0.8999416749450615,0.9000785259228626
2021-08-26,negative,-0.035206147826631284,-0.03668113810385994,-0.0014749902772286522,0.10003348987025498,0.09996601501043316
2021-08-27,positive,0.05981547781990184,0.06745193374835769,0.007636455928455847,0.9000149085634472,0.9000639446872526
2021-08-27,negative,-0.0076339149000871475,-0.008289661258527958,-0.0006557463584408105,0.09986251719891077,0.09972055711296211
2021-08-30,positive,0.02886600161448602,0.03394474370696833,0.005078742092482311,0.8998484025703684,0.900185338674771
2021-08-30,negative,-0.034449282202167926,-0.034899822942673346,-0.00045054074050542015,0.10014744924125865,0.09983065864498335
2021-08-31,positive,0.03895571613703781,0.04162095449787663,0.0026652383608388175,0.8998492473703301,0.9001446278690924
2021-08-31,negative,-0.025196081363648155,-0.027631927016794768,-0.002435845653146612,0.10013941784548422,0.09987595371271848
2021-09-01,positive,0.03778459541326802,0.040946340067146716,0.0031617446538786953,0.8998934520044577,0.9001003457410128
2021-09-01,negative,-0.023400843679495627,-0.022808790723603218,0.0005920529558924095,0.09985247353044217,0.10012745335825331
2021-09-02,positive,0.04241494214543083,0.04404940748433188,0.0016344653389010477,0.8999578668592753,0.9000900675080624
2021-09-02,negative,-0.021379394973050504,-0.02335384726457412,-0.001974452291523616,0.10020427049476346,0.09977868221474596
2021-09-03,positive,0.0256409914246003,0.026915575439182594,0.0012745840145822925,0.8999962299432983,0.9000177589513054
2021-09-03,negative,-0.03251150328347485,-0.0353714161181126,-0.002859912834637747,0.10000617098754849,0.10002327513953177
2021-09-07,positive,0.029058959471740968,0.03036437122811153,0.0013054117563705628,0.8997781399981889,0.900219874144294
2021-09-07,negative,-0.04052365957733869,-0.042636649097896884,-0.0021129895205581964,0.10022714238280661,0.09977742508948273
2021-09-08,positive,0.019030658246332,0.022701069509427914,0.003670411263095915,0.8999614512471655,0.9000885547201337
2021-09-08,negative,-0.04839034142003539,-0.04917862449311406,-0.0007882830730786689,0.10002569916855633,0.10007003620161514
2021-09-09,positive,0.03504691056410929,0.03825039672581961,0.003203486161710324,0.8997709750566892,0.9002733420853722
2021-09-09,negative,-0.02510289906590781,-0.029696473436059145,-0.004593574370151336,0.10010997732426304,0.09995960138441343
2021-09-10,positive,0.02221599167981335,0.027511421928360546,0.005295430248547197,0.8998351781285912,0.900170432659402
2021-09-10,negative,-0.03996947365591449,-0.04133243798716295,-0.0013629643312484604,0.09998525675920886,0.10001663339986692
2021-09-13,positive,0.03854547234084375,0.042089828523090865,0.0035443561822471117,0.8997792894935751,0.9002625014918246
2021-09-13,negative,-0.038371977410955486,-0.04158776479120704,-0.00321578738025155,0.10023809523809524,0.09983562079802681
2021-09-14,positive,0.017481058453004506,0.01806629570137152,0.0005852372483670133,0.8998981153228494,0.9000458491014374
2021-09-14,negative,-0.05015548710091997,-0.049335814402373605,0.000819672698546367,0.09995189831227462,0.10011400478744356
2021-09-15,positive,0.0439849231817613,0.04800959557798315,0.004024672396221847,0.8998343769852072,0.9001668967318013
2021-09-15,negative,-0.019522340881803667,-0.02220886678485225,-0.0026865259030485825,0.09996710227788366,0.1000297134295945
2021-09-16,positive,0.03500534128024661,0.036932518023824336,0.001927176743577723,0.8999724261928504,0.9000248303425593
2021-09-16,negative,-0.02813999520125105,-0.030093106538100028,-0.0019531113368489762,0.10011218384552625,0.09990497274825173
2021-09-17,positive,0.040197225181968325,0.046442316032412695,0.0062450908504443695,0.8999132056088271,0.9000955671149093
2021-09-17,negative,-0.036863370769912536,-0.038608881674390166,-0.0017455109044776304,0.09998378435454189,0.09998787299954112
2021-09-20,positive,0.006365179877414794,0.007553594475493494,0.0011884145980787,0.9001692595378085,0.9002128898994277
2021-09-20,negative,-0.07002644858392612,-0.07141597743564297,-0.0013895288517168508,0.10012310028238565,0.09989712080146443
2021-09-21,positive,0.03845193728767848,0.04334083056216778,0.004888893274489305,0.9000044009637126,0.8999577270660453
2021-09-21,negative,-0.023987621684290014,-0.024890487248324877,-0.0009028655640348632,0.100016873650108,0.10000990710216866
2021-09-22,positive,0.045699365482115714,0.04845824140603825,0.0027588759239225366,0.8998141720384405,0.900202710679795
2021-09-22,negative,-0.018436553446058254,-0.019882932278031,-0.0014463788319727458,0.100110190235571,0.09989657859318553
2021-09-23,positive,0.05247924563665961,0.055066267462958965,0.002587021826299357,0.8998964164068273,0.9001035444607235
2021-09-23,negative,-0.013791157502940821,-0.018249745524395046,-0.004458588021454225,0.10008172812026499,0.09980735095232729
2021-09-24,positive,0.023336929017552403,0.027770746761672238,0.004433817744119835,0.9000725132129977,0.8999504072932932
2021-09-24,negative,-0.038055027828149963,-0.03852279611744657,-0.00046776828929660785,0.10007694880969686,0.0999261385219263
2021-09-27,positive,0.05501963069249503,0.056881926774480174,0.0018622960819851403,0.9000375817451639,0.8999495275215208
2021-09-27,negative,-0.024968576801516346,-0.024863084721984778,0.00010549207953156753,0.0999996105518636,0.10002804026582171
2021-09-28,positive,0.009979550785339148,0.012706794854679232,0.0027272440693400842,0.9001373704600895,0.9004093409207359
2021-09-28,negative,-0.05716365980807566,-0.0580108524768261,-0.0008471926687504405,0.09994682619584738,0.10005418367917669
2021-09-29,positive,0.023521766143716507,0.026544790090989527,0.00302302394727302,0.8998201466807192,0.9001878200285403
2021-09-29,negative,-0.046520306004885444,-0.04623603396947422,0.00028427203541122464,0.09992149876729747,0.10007589747894456
2021-09-30,positive,0.031520691651108435,0.033783189050758736,0.002262497399650301,0.9000785156298707,0.899909171249018
2021-09-30,negative,-0.040682543523778036,-0.04186215573573877,-0.0011796122119607302,0.10007383976109427,0.09995581304006285
2021-10-01,positive,0.047430111816194956,0.04788597562214102,0.0004558638059460607,0.9000242168644605,0.9000042150223395
2021-10-01,negative,-0.024781410807873612,-0.02840808216243192,-0.0036266713545583078,0.10003748637923338,0.09995609351729565
2021-10-04,positive,0.021268668167614392,0.025344984351649318,0.004076316184034926,0.89986107785743,0.9001383744348832
2021-10-04,negative,-0.058341593658695234,-0.05962531032081636,-0.001283716662121126,0.10003047602057502,0.0999612692421447
2021-10-05,positive,0.035014431779411145,0.037220604132782636,0.002206172353371491,0.8999151835524947,0.9000816866892947
2021-10-05,negative,-0.027159220843235465,-0.029816293826960612,-0.0026570729837251464,0.10015697693524687,0.09988556821542752
2021-10-06,positive,0.0251300001065628,0.02612195516489349,0.0009919550583306902,0.9000802936992969,0.8999191966239009
2021-10-06,negative,-0.041603441967809865,-0.04247843963373655,-0.0008749976659266842,0.10037459284664688,0.09967855076145714
2021-10-07,positive,0.04540317475817357,0.04857348930119082,0.0031703145430172497,0.8998897526662557,0.9001362744128902
2021-10-07,negative,-0.01394256270860154,-0.01665936063884118,-0.0027167979302396388,0.10021347304402675,0.09980971008148222
2021-10-08,positive,0.02422082587796226,0.029636344193181008,0.005415518315218748,0.89993846533246,0.9000742185843335
2021-10-08,negative,-0.038506804094434396,-0.040254865643308546,-0.0017480615488741497,0.10000936567849923,0.09998833707960472
2021-10-11,positive,0.026360487186702412,0.031126329631454654,0.004765842444752241,0.9001079095965243,0.8999002278484596
2021-10-11,negative,-0.036051469282963745,-0.03649700216708948,-0.0004455328841257364,0.10005538966174961,0.0999576223879588
2021-10-12,positive,0.04094685974094521,0.043857478125279396,0.0029106183843341862,0.9000511892410238,0.8999883276740237
2021-10-12,negative,-0.021223239762351104,-0.02227630633671889,-0.0010530665743677878,0.10035193831352576,0.09971420486700622
2021-10-13,positive,0.04116663316043188,0.04418546369187774,0.0030188305314458597,0.8998010486093435,0.9001816683478353
2021-10-13,negative,-0.022376177909704968,-0.02345120412444127,-0.0010750262147363014,0.10014358673416479,0.09986318900421394
2021-10-14,positive,0.039810423916360894,0.04216393286018767,0.002353508943826778,0.8999724501666353,0.9000657894736843
2021-10-14,negative,-0.01887186836057001,-0.02112007285868594,-0.002248204498115927,0.10019937275985664,0.0998641765704584
2021-10-15,positive,0.025439774271716332,0.02884107403372707,0.0034012997620107392,0.8998686845093726,0.9001323575210215
2021-10-15,negative,-0.03312320040473226,-0.034235828166127975,-0.0011126277613957153,0.10012297924747318,0.09989560035106596
2021-10-18,positive,0.030132373070613207,0.032157316289996685,0.002024943219383478,0.8998500438159127,0.9001384455609152
2021-10-18,negative,-0.03320119418845026,-0.03625603746108645,-0.003054843272636193,0.09988252802707523,0.10014782900502092
2021-10-19,positive,0.03998472210950701,0.041234092223974485,0.0012493701144674768,0.8999268407326539,0.9000795035943208
2021-10-19,negative,-0.020936773202766275,-0.023828990265106244,-0.002892217062339969,0.09992305009704028,0.10007030631527872
2021-10-20,positive,0.0359780089941084,0.037726708110293744,0.0017486991161853455,0.8998599344083082,0.9001387670232337
2021-10-20,negative,-0.023083856507049857,-0.024247937877614107,-0.0011640813705642503,0.09996659682366159,0.10004580949960762
2021-10-21,positive,0.03268169744639711,0.03536081767258113,0.002679120226184023,0.9000414310040746,0.8999453054731337
2021-10-21,negative,-0.028744135705342167,-0.02928063231643771,-0.0005364966110955431,0.09992055890044395,0.10013543597179411
2021-10-22,positive,0.02356991359038141,0.04126626581658408,0.017696352226202673,0.899782641738866,0.9002358781129752
2021-10-22,negative,-0.04302300944562036,-0.04592219823999045,-0.0028991887943700875,0.10012995896032831,0.0998859409124727
2021-10-25,positive,0.044689725136669786,0.054357156862222665,0.009667431725552879,0.8997364263360982,0.9002786652850338
2021-10-25,negative,-0.021252270509549635,-0.023515331329535982,-0.002263060819986347,0.10008469297845837,0.09990353355816851
2021-10-26,positive,0.02675453226209188,0.03177922344588091,0.00502469118378903,0.9000261625261625,0.8999869885834798
2021-10-26,negative,-0.04046531146282624,-0.041422419179596104,-0.0009571077167698644,0.10008796675463343,0.0999123924562521
2021-10-27,positive,0.018073944272601294,0.024460719073494196,0.006386774800892902,0.9000007022502257,0.9000382791764782
2021-10-27,negative,-0.05304018702129988,-0.05762408118369884,-0.00458389416239896,0.0999058444504946,0.10009325996723364
2021-10-28,positive,0.05743141342628745,0.06252919987172192,0.005097786445434474,0.8999056839252603,0.9001281121729348
2021-10-28,negative,-0.01851886588908847,-0.021557283254705528,-0.003038417365617059,0.10011216140869543,0.09969171820904812
2021-10-29,positive,0.03790902221211555,0.03823390533662003,0.00032488312450448115,0.8998436699514812,0.9001756209980696
2021-10-29,negative,-0.034504829433539205,-0.03854469662642861,-0.0040398671928894014,0.10000113009673628,0.0999827511550778
2021-11-01,positive,0.06571738377493931,0.07125690683728038,0.005539523062341067,0.8999265045966306,0.9001338044008541
2021-11-01,negative,-0.014075926250989301,-0.015096547563642582,-0.001020621312653281,0.09958417831115557,0.09994866913417692
2021-11-02,positive,0.039148702743797816,0.04475754798478142,0.005608845240983602,0.9001512960328748,0.9001066856330014
2021-11-02,negative,-0.04070474141159428,-0.041885093799774564,-0.0011803523881802822,0.10037424924924927,0.09990860597439544
2021-11-03,positive,0.05766140947156599,0.06077141713542874,0.0031100076638627475,0.9000801335098754,0.8999393530997304
2021-11-03,negative,-0.024791408254602194,-0.029604424163813307,-0.004813015909211113,0.10016948818587348,0.09986735707192511
2021-11-04,positive,0.039068676467911435,0.043063910409913905,0.00399523394200247,0.8999182324368776,0.9001031529257849
2021-11-04,negative,-0.04245579190075968,-0.044406801630940726,-0.0019510097301810442,0.10013825794206768,0.09988183014675706
2021-11-05,positive,0.05520960741495634,0.05798826328766384,0.0027786558727075014,0.8997844126836025,0.9002244228621514
2021-11-05,negative,-0.04304497908137966,-0.04956914288179408,-0.006524163800414422,0.10006347848760588,0.09993813154517595
2021-11-08,positive,0.04811270182858833,0.052376773519075236,0.004264071690486905,0.899862458710191,0.9001501946183786
2021-11-08,negative,-0.0313834906123321,-0.0340598994255687,-0.0026764088132366012,0.10008432287847165,0.09991855643932984
2021-11-09,positive,0.03230899659403218,0.03614824903351278,0.003839252439480606,0.8998583894074574,0.9001205437471885
2021-11-09,negative,-0.04533227421157466,-0.046532651439554026,-0.001200377227979367,0.09999531414005097,0.10000281151596942
2021-11-10,positive,0.023499430698663455,0.025799676585713326,0.0023002458870498704,0.8999537991439206,0.9000343584781298
2021-11-10,negative,-0.06129430073914051,-0.06313556940453446,-0.0018412686653939553,0.10021641556150791,0.09981313195057988
2021-11-11,positive,0.04931676978509007,0.050765636128989065,0.0014488663438989927,0.9000656458370214,0.8999874220868154
2021-11-11,negative,-0.02864215041464673,-0.03240880358140008,-0.0037666531667533525,0.09999675846990462,0.09996855521703887
2021-11-12,positive,0.040343674920409286,0.04275407061749698,0.002410395697087696,0.8998388213053152,0.9001651268759667
2021-11-12,negative,-0.029291581037983294,-0.03344251561647969,-0.004150934578496399,0.09988217388409688,0.10013028998230286
2021-11-15,positive,0.030120082937679003,0.0332974748744398,0.0031773919367607956,0.8999657358596987,0.9000505536496248
2021-11-15,negative,-0.04275616788735702,-0.04446865198065561,-0.0017124840932985913,0.10014172454187935,0.09986193623964522
2021-11-16,positive,0.03449917788835975,0.039999748165272644,0.005500570276912892,0.8998869684346597,0.9001266386484454
2021-11-16,negative,-0.04069390499595732,-0.04294809686660549,-0.0022541918706481673,0.10009453443674407,0.09990919591416406
2021-11-17,positive,0.020628473807631185,0.024060948090476025,0.003432474282844839,0.899979839950754,0.9002446849030472
2021-11-17,negative,-0.04764352590418959,-0.04990415458686373,-0.00226062868267414,0.10024030470914128,0.10002285318559559
2021-11-18,positive,0.02092017452553893,0.02501702386558958,0.004096849340050647,0.8998862300297393,0.9001121446849712
2021-11-18,negative,-0.05966751802360648,-0.060731054694718886,-0.0010635366711124056,0.10014247181686145,0.09987094543191093
2021-11-19,positive,0.026031780428056712,0.027638063355411534,0.001606282927354822,0.8998609524071755,0.9001465506560018
2021-11-19,negative,-0.045276872711800434,-0.047929667622959984,-0.0026527949111595506,0.10003648278425596,0.09996176191197323
2021-11-22,positive,0.030527290476341555,0.037195003067314505,0.00666771259097295,0.8998564029807573,0.9001489173404593
2021-11-22,negative,-0.06528366494015311,-0.0673828675132343,-0.002099202573081188,0.10016460281822064,0.09983579319274369
2021-11-23,positive,0.030237613045266842,0.04405807891276752,0.01382046586750068,0.899999311825589,0.9000145892975115
2021-11-23,negative,-0.048553548501780903,-0.04807235138087261,0.000481197120908293,0.10013109722528077,0.09987079525434925
2021-11-24,positive,0.04522211248088533,0.04932619002322507,0.004104077542339733,0.8998105098383841,0.9002476245073943
2021-11-24,negative,-0.021403288476455756,-0.026451735524382836,-0.00504844704792708,0.10005458140524806,0.0998936864075137
2021-11-26,positive,0.014481696076576882,0.01901286683426047,0.004531170757683587,0.8999440869676805,0.8997965285034251
2021-11-26,negative,-0.06298001497575818,-0.06327651131961423,-0.00029649634385604806,0.10003643513171645,0.09997769207501513
2021-11-29,positive,0.034810563675295135,0.04298732364054862,0.008176759965253487,0.8999427022575996,0.9000544671653057
2021-11-29,negative,-0.042876442747746754,-0.043517247755176784,-0.00064080500743003,0.10000240170177725,0.1000083888012077
2021-11-30,positive,0.023025815655126552,0.027951975636953313,0.004926159981826762,0.8998273719866384,0.9001535345245941
2021-11-30,negative,-0.05234047473335186,-0.05504090512069613,-0.0027004303873442645,0.10017031095484012,0.0998314058894627
2021-12-01,positive,0.01340276278971283,0.015421361710628972,0.002018598920916142,0.9002424225754305,0.900173989502583
2021-12-01,negative,-0.07926407422016178,-0.078258236900388,0.0010058373197737863,0.09997937095154924,0.10005777852653583
2021-12-02,positive,0.05897821682795146,0.05915009448380717,0.00017187765585571085,0.9001149086219199,0.8998848169694309
2021-12-02,negative,-0.022138021975404678,-0.024317288082306078,-0.0021792661069014,0.09999247520031831,0.09990231926424045
2021-12-03,positive,0.013410746287600375,0.014394627579930925,0.0009838812923305493,0.9000124131082423,0.8999838974401413
2021-12-03,negative,-0.07377715240064758,-0.07584304178221334,-0.0020658893815657525,0.09993827926735077,0.10007415108131965
2021-12-06,positive,0.05723261408870921,0.06183522712425238,0.004602613035543171,0.899904092953937,0.9001044972814837
2021-12-06,negative,-0.029393821928477747,-0.03269713110536804,-0.0033033091768902914,0.10004289367887469,0.09998456172549886
2021-12-07,positive,0.07947177538214001,0.08251490557878509,0.0030431301966450802,0.8999274165806673,0.9001226350189198
2021-12-07,negative,-0.009756104912395721,-0.012343724455797516,-0.002587619543401795,0.10060062902353924,0.10007344674145831
2021-12-08,positive,0.048734661151743554,0.05271717195259388,0.003982510800850325,0.9000683660849254,0.8999397931840043
2021-12-08,negative,-0.018600680484211964,-0.021332592984221955,-0.0027319125000099913,0.10024117081214785,0.0997896111034767
2021-12-09,positive,0.011086306964602468,0.014748507395258997,0.0036622004306565287,0.9001541698282404,0.9001920835079936
2021-12-09,negative,-0.061702876809715326,-0.06299810272830643,-0.001295225918591103,0.09992274263640753,0.10009003586949024
2021-12-10,positive,0.02498081509176199,0.025930397260113775,0.0009495821683517848,0.8999325324882019,0.8999735319761408
2021-12-10,negative,-0.04148425559050386,-0.044188683066463,-0.0027044274759591425,0.10011763566159679,0.09998754445936034
2021-12-13,positive,0.025156736744664888,0.030689801656709065,0.005533064912044177,0.8999482598021071,0.9000912586053742
2021-12-13,negative,-0.05866328736897251,-0.06197718528650965,-0.0033138979175371466,0.10020279690083153,0.09977306795469687
2021-12-14,positive,0.019261062821987206,0.023201370554684693,0.0039403077326974865,0.8998637903905244,0.9001358998661908
2021-12-14,negative,-0.052235440396192136,-0.05521626330805398,-0.002980822911861844,0.10010649361309346,0.09990870316681534
2021-12-15,positive,0.054438825198334,0.057080442276694024,0.0026416170783600257,0.900037726862916,0.8999902739954425
2021-12-15,negative,-0.019081170050340258,-0.020656330498727744,-0.001575160448387486,0.0999783480612831,0.10001007336186296
2021-12-16,positive,0.02276836563184662,0.026765667524575248,0.003997301892728629,0.9000078764231881,0.8999891747681303
2021-12-16,negative,-0.060530199037386725,-0.062421780481136925,-0.0018915814437501996,0.10010010429470703,0.09991339814504414
2021-12-17,positive,0.06079139465270818,0.06337616887848381,0.0025847742257756323,0.8999002079582408,0.9001123532777846
2021-12-17,negative,-0.033917420321161594,-0.03454809595482276,-0.0006306756336611694,0.0999741990661264,0.10002686708816591
2021-12-20,positive,0.020853319096648996,0.031352791892931664,0.010499472796282668,0.8998719793310437,0.9001698691172375
2021-12-20,negative,-0.05424246173759073,-0.054082732588602314,0.00015972914898841617,0.10011162164670936,0.09996623503202451
2021-12-21,positive,0.06951534089090299,0.07309729349805848,0.003581952607155492,0.8997857703402545,0.9002255886883039
2021-12-21,negative,-0.009333533109277491,-0.01021075969029649,-0.0008772265810189986,0.09991990863440349,0.10021159418781596
2021-12-22,positive,0.03874922794347136,0.03999057820923081,0.0012413502657594513,0.8999326217447374,0.9000834980099641
2021-12-22,negative,-0.02054825516217971,-0.023799105010278394,-0.003250849848098685,0.10023530203085715,0.09977177210609814
2021-12-23,positive,0.04428293325709886,0.04771833225658427,0.0034353989994854103,0.8999501039791203,0.9000638529497971
2021-12-23,negative,-0.01444561485775222,-0.01641080701621573,-0.001965192158463509,0.10007447572347292,0.09993370458764253
2021-12-27,positive,0.03742135382214637,0.04216972464494906,0.004748370822802689,0.8999224203606213,0.900052715364958
2021-12-27,negative,-0.03544316029511856,-0.03719441374322212,-0.0017512534481035555,0.09996730018200184,0.10006793649020403
2021-12-28,positive,0.016138154336451528,0.018031441870842324,0.001893287534390796,0.900116014466726,0.8999006423263689
2021-12-28,negative,-0.045492816518944976,-0.04568458457892258,-0.00019176805997760116,0.0999363854331388,0.10008810996515485
2021-12-29,positive,0.021018585325957233,0.025004525685143008,0.003985940359185775,0.9000567728400604,0.8999312647289868
2021-12-29,negative,-0.03533148030483975,-0.036363402470806466,-0.0010319221659667172,0.10011457826780885,0.09991583436202447
2021-12-30,positive,0.043517116306449236,0.045079063675951866,0.001561947369502631,0.8998359715665784,0.9001599379976047
2021-12-30,negative,-0.01927953601672234,-0.020907745482668508,-0.001628209465946169,0.10018219075130934,0.09984217572042556
2021-12-31,positive,0.021051065252176253,0.02345193014861691,0.002400864896440657,0.8999469636232156,0.9000866581777023
2021-12-31,negative,-0.030273739143991694,-0.029610396582914016,0.0006633425610776782,0.09983098707790983,0.10018813274224989
2022-01-03,positive,0.06430465936112509,0.06615945382760238,0.0018547944664772942,0.8997882819992101,0.9002150674112934
2022-01-03,negative,-0.026937173891919207,-0.028693250735176423,-0.0017560768432572163,0.09995992459713056,0.1000423083432053
2022-01-04,positive,0.03587920841010639,0.0368934739929257,0.001014265582819314,0.9000052003610819,0.9000490992582127
2022-01-04,negative,-0.055784771260164935,-0.05796377838511929,-0.002179007124954356,0.10016800109894423,0.09990533380430944
2022-01-05,positive,0.005785504113709329,0.007222386238740486,0.0014368821250311569,0.9002629686746687,0.9003157974229653
2022-01-05,negative,-0.08554031090249062,-0.08607701393435449,-0.0005367030318638721,0.10001197963462113,0.10004315032865183
2022-01-06,positive,0.03651540217790773,0.03927789655049185,0.0027624943725841206,0.8999020609776871,0.9000702606029636
2022-01-06,negative,-0.03912879516357482,-0.04341306077931798,-0.00428426561574316,0.10007242914009222,0.09997019247146993
2022-01-07,positive,0.025872641958309767,0.02752999442498466,0.001657352466674894,0.8997801499119419,0.9002117892466405
2022-01-07,negative,-0.04655829295630128,-0.04804018711343442,-0.0014818941571331373,0.09989105053457766,0.10011919796795846
2022-01-10,positive,0.029160904405808163,0.030347175951700313,0.00118627154589215,0.8999380235498657,0.9003090327169273
2022-01-10,negative,-0.04480219128511919,-0.04809991896466211,-0.0032977276795429222,0.10035285285285285,0.09992887624466573
2022-01-11,positive,0.054959892260007005,0.05635481137763028,0.0013949191176232736,0.8999090637762374,0.9000761903411911
2022-01-11,negative,-0.016991875858328804,-0.018363959453150894,-0.0013720835948220905,0.09993930366359385,0.10008292344111018
2022-01-12,positive,0.02485206668019172,0.026156152120082016,0.0013040854398902943,0.9000241434676868,0.8999748530140966
2022-01-12,negative,-0.046771176664782234,-0.04667971067521458,9.146598956765589e-05,0.099963420777156,0.10004923142310689
2022-01-13,positive,0.02165713308155328,0.023284730623559048,0.0016275975420057681,0.9000340854608654,0.8999453528643617
2022-01-13,negative,-0.06263082825122432,-0.06290976932097062,-0.00027894106974629684,0.10011625330406204,0.09992796513938568
2022-01-14,positive,0.03651266381514163,0.03966999115928338,0.0031573273441417513,0.8998136123136122,0.9002292663476874
2022-01-14,negative,-0.03656420095045111,-0.036680398475638636,-0.00011619752518752385,0.09988688973063972,0.100068115364168
2022-01-18,positive,0.009847919671355825,0.010845416120554185,0.0009974964491983596,0.900077897825797,0.9000892263338084
2022-01-18,negative,-0.07757240139517851,-0.07751116857128676,6.123282389175477e-05,0.10005744520030233,0.10000962724270994
2022-01-19,positive,0.022392564273514198,0.025656973933532928,0.00326440966001873,0.899958757217487,0.9000400569520217
2022-01-19,negative,-0.04801491003104998,-0.04860277512819226,-0.0005878650971422802,0.10006911984847096,0.09994207519532035
2022-01-20,positive,0.01630892750782565,0.01708936327626829,0.0007804357684426388,0.8999795751633988,0.9000426345870205
2022-01-20,negative,-0.049920940889205095,-0.049914325893358716,6.61499584637959e-06,0.0999650164026564,0.10007590937613206
2022-01-21,positive,0.008597959783476822,0.008598439568477195,4.797850003731424e-07,0.9001331543083408,0.9001717606049539
2022-01-21,negative,-0.06983442398599615,-0.07043372350396684,-0.0005992995179706917,0.1000430761848677,0.09994875316303364
2022-01-24,positive,0.05927597402986965,0.06182079822403156,0.00254482419416191,0.8998745072678,0.9000903207297624
2022-01-24,negative,-0.028615340956751962,-0.028813334639796857,-0.00019799368304489542,0.1000804539295393,0.09995929691653375
2022-01-25,positive,0.033872367401274875,0.036331031843746184,0.002458664442471309,0.900096594932422,0.8999046406077076
2022-01-25,negative,-0.05082525383227933,-0.050624869179951036,0.00020038465232829344,0.09992995905298482,0.10008391545502715
2022-01-26,positive,0.02008894948421876,0.021917413272915583,0.001828463788696822,0.9000868368122615,0.8999520806282074
2022-01-26,negative,-0.049489334543084275,-0.04980875916670621,-0.0003194246236219375,0.10003907656551769,0.09990047984457527
2022-01-27,positive,0.014250954053800145,0.014794969748137096,0.0005440156943369509,0.9000952574770039,0.9002565710039937
2022-01-27,negative,-0.07014568286680518,-0.07223603018800508,-0.0020903473211998924,0.0998530140206914,0.10013279693149468
2022-01-28,positive,0.05740497563559936,0.05907694285311584,0.0016719672175164804,0.8998101490967583,0.9002308370452857
2022-01-28,negative,-0.015075489731675246,-0.015398181320499336,-0.00032269158882409013,0.0996430771176325,0.09974074331848551
2022-01-31,positive,0.0987778497477012,0.09994763073234113,0.0011697809846399343,0.8999261128139354,0.9000730183737244
2022-01-31,negative,-0.0058954125739719265,-0.007271101516715103,-0.0013756889427431768,0.09999836397511701,0.09998931771988175
2022-02-01,positive,0.0539650820690139,0.05585341022209076,0.0018883281530768584,0.8997940986261469,0.9001994025622073
2022-02-01,negative,-0.015842460817933366,-0.01747326892916882,-0.0016308081112354524,0.10008862839296842,0.09992580652481166
2022-02-02,positive,0.02168444432940663,0.023080230812625488,0.0013957864832188568,0.9000560730832827,0.8999884033769365
2022-02-02,negative,-0.06074871518204492,-0.06176281630314549,-0.0010141011211005704,0.10000400197188068,0.09997062188823948
2022-02-03,positive,0.01082417319628536,0.013764408496950969,0.002940235300665608,0.8998407726744025,0.8999771433902415
2022-02-03,negative,-0.06254457859163251,-0.06406883975552838,-0.001524261163895868,0.09997162359672854,0.10002759896756538
2022-02-04,positive,0.05391808835414347,0.05749989902975792,0.003581810675614451,0.9000331417561425,0.8999801698394924
2022-02-04,negative,-0.024487073000523725,-0.0254005519093335,-0.0009134789088097763,0.10013931431101741,0.09989462797063582
2022-02-07,positive,0.04213767083528784,0.045701351995498504,0.0035636811602106633,0.8998688281770344,0.9001185921363692
2022-02-07,negative,-0.023053450347119316,-0.024572889262219327,-0.001519438915100011,0.10011799746027564,0.09988412965036705
2022-02-08,positive,0.0507091634979011,0.05277454114601169,0.002065377648110593,0.899755909181642,0.9002443884063384
2022-02-08,negative,-0.022450319354272295,-0.023876464283800896,-0.0014261449295286006,0.1000766403507326,0.09993734628436227
2022-02-09,positive,0.06726298743596895,0.06988145556989266,0.0026184681339237043,0.9000638190180673,0.8999512875670284
2022-02-09,negative,-0.01427441625817242,-0.018082051367452976,-0.0038076351092805553,0.10027260623665853,0.09976743146211957
2022-02-10,positive,0.01947427821621984,0.020379827700016086,0.0009055494837962481,0.8998675344493166,0.9001277543366151
2022-02-10,negative,-0.048784608587583836,-0.052856134162738044,-0.004071525575154208,0.1000226138275282,0.09999374902328488
2022-02-11,positive,0.02767804112716301,0.02981297060723086,0.0021349294800678507,0.8999095306672574,0.9001333961079723
2022-02-11,negative,-0.0581978170042449,-0.061909957937128265,-0.0037121409328833635,0.10024352867323953,0.09981324544883867
2022-02-14,positive,0.021715650398362953,0.02519593223903872,0.003480281840675767,0.8997416977924295,0.9003180331477815
2022-02-14,negative,-0.03898198333449464,-0.04119625587135926,-0.0022142725368646185,0.09990019406196295,0.1000424568355505
2022-02-15,positive,0.07539915021881324,0.07789934113951406,0.0025001909207008205,0.8998027827571962,0.9002096657888135
2022-02-15,negative,-0.007146917313049303,-0.009069214207873997,-0.001922296894824694,0.10030914937115143,0.09995043245254871
2022-02-16,positive,0.031159550971280602,0.034444224177371516,0.0032846732060909135,0.8998134731833909,0.9001806812468578
2022-02-16,negative,-0.03462235275877856,-0.03857626386865694,-0.003953911109878375,0.10016630992517672,0.09985820449974862
2022-02-17,positive,0.012175356713271291,0.013227196196347397,0.0010518394830761058,0.8995165437104301,0.9000385892703232
2022-02-17,negative,-0.06988789985827328,-0.07334147771134876,-0.0034535778530754846,0.10022508623690622,0.09978440773442196
2022-02-18,positive,0.018700810816997742,0.0207020825711988,0.002001271754201058,0.9000111577964519,0.9002519841269843
2022-02-18,negative,-0.052364744738368364,-0.054165453456587,-0.0018007087182186354,0.10024747899159665,0.10004404761904762
2022-02-22,positive,0.017317767731334185,0.02190582406558255,0.004588056334248365,0.8998879833623592,0.9001116174169196
2022-02-22,negative,-0.05836844955770128,-0.06001444327544876,-0.0016459937177474848,0.10024855012427507,0.0997739001703968
2022-02-23,positive,0.016014066064371408,0.02188107982602356,0.005867013761652152,0.8997609318691296,0.9001137406240837
2022-02-23,negative,-0.06083018831861363,-0.06594943943615254,-0.005119251117538914,0.1001936664680344,0.09982579476556665
2022-02-24,positive,0.09646148521510395,0.0999769188213949,0.0035154336062909464,0.9000237533721306,0.8999184420427145
2022-02-24,negative,-0.026090118109477263,-0.028902235105106283,-0.00281211699562902,0.10027606225645724,0.0997722456928161
2022-02-25,positive,0.06183553808868183,0.06516244416931986,0.0033269060806380354,0.8999079676045968,0.9000750617158415
2022-02-25,negative,-0.0173576197746054,-0.02143876749959297,-0.00408114772498757,0.10016629801609256,0.09949898834978146
2022-02-28,positive,0.05147440144059169,0.053153114215052824,0.001678712774461133,0.8999019607843138,0.900088937932075
2022-02-28,negative,-0.03316660957055759,-0.03607378298174242,-0.002907173411184835,0.10013835837365248,0.09987927831065085
2022-03-01,positive,0.030688301181809548,0.031049126579886267,0.00036082539807671954,0.9000110474701295,0.900004319844089
2022-03-01,negative,-0.0648703942128651,-0.06642326689542612,-0.0015528726825610184,0.09989717354725766,0.10009786925460737
2022-03-02,positive,0.059805218644150705,0.06274623611518118,0.0029410174710304757,0.899901451048357,0.9001104427906345
2022-03-02,negative,-0.02318429238207016,-0.024085482614395092,-0.0009011902323249332,0.0998095428234841,0.09978640364291295
2022-03-03,positive,0.02518867470113382,0.028660230524312047,0.003471555823178228,0.8998837547224644,0.9001242703804374
2022-03-03,negative,-0.061850306554234444,-0.06331196556840513,-0.0014616590141706826,0.10004701095782689,0.09992516235400485
2022-03-04,positive,0.02925111635464426,0.03658094873069199,0.007329832376047729,0.8997069977349165,0.9002890459956834
2022-03-04,negative,-0.06811386321659711,-0.0695339859373395,-0.0014201227207423922,0.10002745555631823,0.09998934667215778
2022-03-07,positive,0.037653781473796874,0.059140122269110876,0.021486340795314002,0.8997395743803074,0.9002747743359958
2022-03-07,negative,-0.08211854029556417,-0.08271759302927174,-0.0005990527337075696,0.10011812622477397,0.09986816370810939
2022-03-08,positive,0.06029251183406389,0.06390541046848995,0.0036128986344260636,0.9000255828628928,0.9000621568816953
2022-03-08,negative,-0.03879095013684014,-0.039007868316714725,-0.00021691817987458395,0.10018931318540754,0.09973898373498429
2022-03-09,positive,0.08637209034369306,0.09190901276879829,0.0055369224251052285,0.8997198677741991,0.9002795671582753
2022-03-09,negative,-0.018980762507284026,-0.021097253907055823,-0.002116491399771797,0.10017291066282422,0.09985859185172627
2022-03-10,positive,0.03636813662512588,0.04380441409209572,0.007436277466969843,0.8998473437818033,0.900140688724548
2022-03-10,negative,-0.04295900183175121,-0.0452050728291306,-0.00224607099737939,0.09996438021575413,0.10004779930041989
2022-03-11,positive,0.015527957147399973,0.0204469660993551,0.004919008951955128,0.8998414985590779,0.9001413610593131
2022-03-11,negative,-0.07039798049654798,-0.07146551769172929,-0.001067537195181309,0.1001161213765045,0.0999208199129796
2022-03-14,positive,0.023793446695248188,0.026181856547956926,0.002388409852708738,0.8998237337783985,0.9001590227868798
2022-03-14,negative,-0.08753471148814704,-0.08942396484078241,-0.0018892533526353728,0.10016179025171157,0.09987132471208904
2022-03-15,positive,0.060919849964291506,0.06343174583833394,0.0025118958740424358,0.8998715717255014,0.9001359386999077
2022-03-15,negative,-0.024965003946550463,-0.024642680660423917,0.00032232328612654543,0.0998027105125302,0.10018541362729139
2022-03-16,positive,0.09671243528874449,0.09659409379398365,-0.00011834149476083744,0.9002736858036524,0.8999082809224319
2022-03-16,negative,-0.010842044112154548,-0.010958551739403685,-0.00011650762724913638,0.10009930553644611,0.10003033423206661
2022-03-17,positive,0.07420946646278427,0.07538355093225477,0.001174084469470496,0.900038199210627,0.9000120200802766
2022-03-17,negative,-0.012919212852577935,-0.013574461193102095,-0.0006552483405241599,0.09997312337949789,0.10005552021605454
2022-03-18,positive,0.05800336039522649,0.061181425575490965,0.0031780651802644777,0.8998048254762898,0.9002466509062256
2022-03-18,negative,-0.02413828676822356,-0.024037724662929083,0.00010056210529447648,0.0996141704908914,0.10043735224586288
2022-03-21,positive,0.03728696501759492,0.04892985552868177,0.011642890511086856,0.8999703894511901,0.8999636252698769
2022-03-21,negative,-0.05148781846912011,-0.05295121732448395,-0.00146339885536384,0.09996033520889817,0.10009230576676367
2022-03-22,positive,0.053202538475838945,0.05597479204559981,0.002772253569760866,0.8998464299722505,0.9002107091668226
2022-03-22,negative,-0.017906554072913104,-0.017251450934721864,0.0006551031381912403,0.09997580636292654,0.0999801364741073
2022-03-23,positive,0.026590395531666183,0.026860546657884787,0.00027015112621860474,0.8999191478721531,0.9000786310413554
2022-03-23,negative,-0.0473121342023967,-0.04996279663130521,-0.002650662428908511,0.10029719053166856,0.09972518061783756
2022-03-24,positive,0.04755537347173157,0.04739763322002495,-0.00015774025170661732,0.9000424836601308,0.9000143745143745
2022-03-24,negative,-0.02129041558484982,-0.02125004141209192,4.0374172757901006e-05,0.0999232140408611,0.10014180264180264
2022-03-25,positive,0.033604519630626536,0.03597521568225638,0.0023706960516298448,0.8999290179554968,0.900111579275905
2022-03-25,negative,-0.05098640577598618,-0.05192691194890153,-0.0009405061729153563,0.10003235844899758,0.10005171433347634
2022-03-28,positive,0.03267994538772367,0.04076814530486995,0.00808819991714628,0.8998462925084036,0.9002048669533247
2022-03-28,negative,-0.03995910163987297,-0.042419739986219986,-0.0024606383463470147,0.09992904574430259,0.1000296005483891
2022-03-29,positive,0.07209203721810498,0.07658158046983485,0.004489543251729872,0.8999990167724894,0.8999172440149724
2022-03-29,negative,-0.013681974511134818,-0.014922857229244307,-0.001240882718109489,0.10001378629200035,0.09974178028334199
2022-03-30,positive,0.020683116426221858,0.0236079734553613,0.002924857029139444,0.9000411471778256,0.8999766573295988
2022-03-30,negative,-0.05355068827371508,-0.054397595258864936,-0.000846906985149859,0.09997784734808957,0.10005213196389666
2022-03-31,positive,0.020955967907548244,0.02744506893462247,0.006489101027074225,0.9000140016802017,0.9000019446778058
2022-03-31,negative,-0.04706640522430771,-0.046954134127442565,0.00011227109686514497,0.10016236915750151,0.09983936961324247
2022-04-01,positive,0.048661793391998706,0.049734586803790996,0.0010727934117922902,0.9001163873370578,0.8999216325263811
2022-04-01,negative,-0.02909129667379783,-0.030646728378979103,-0.001555431705181274,0.10009790228940738,0.09996042830540038
2022-04-04,positive,0.05445893495762201,0.05745676966410422,0.002997834706482211,0.8998955874630455,0.9002442540648723
2022-04-04,negative,-0.026549263441433924,-0.027587312426596566,-0.0010380489851626422,0.09995882098553442,0.09994478423377505
2022-04-05,positive,0.012190298528654765,0.01937875879172506,0.007188460263070295,0.8994508799235424,0.9000831616994507
2022-04-05,negative,-0.06209385283122347,-0.06364595314546519,-0.0015521003142417167,0.10027022750512651,0.0997383928849084
2022-04-06,positive,0.020257354128547515,0.025075456062746353,0.004818101934198838,0.8999262679517506,0.90010060440937
2022-04-06,negative,-0.05808609177105384,-0.058068499077867396,1.7592693186442576e-05,0.10006217255786194,0.09992679756983588
2022-04-07,positive,0.02970278886779487,0.034133877196197884,0.004431088328403013,0.9000356715456135,0.9000958528951488
2022-04-07,negative,-0.03894191727159521,-0.043023430361834016,-0.004081513090238804,0.10023950566141948,0.09990649452269171
2022-04-08,positive,0.02599425647156866,0.02775427324252159,0.0017600167709529296,0.8998524296915609,0.9001723381588018
2022-04-08,negative,-0.044495618886982495,-0.0497777262234516,-0.005282107336469104,0.10018945677537794,0.0998041611831798
2022-04-11,positive,0.02112065234073257,0.028687513008164023,0.007566860667431452,0.9000681444718317,0.8999457342393355
2022-04-11,negative,-0.05171132158744078,-0.054160328076163666,-0.002449006488722885,0.10002165078942112,0.09997955203221343
2022-04-12,positive,0.029934677782869373,0.031096618636587293,0.0011619408537179195,0.9000048208408661,0.9000527974783296
2022-04-12,negative,-0.03583829229046769,-0.03801901396269175,-0.0021807216722240577,0.10001868075835534,0.10005516154452325
2022-04-13,positive,0.056461229169134416,0.061293168757553175,0.0048319395884187585,0.8999672511223578,0.9000336937784047
2022-04-13,negative,-0.010872564208018212,-0.0128796676700537,-0.0020071034620354877,0.10014577531855388,0.0997614570040522
2022-04-14,positive,0.023289640983700472,0.028012321540362865,0.004722680556662393,0.8999407875577378,0.900083819013599
2022-04-14,negative,-0.05016130215579473,-0.05015125233949578,1.0049816298950132e-05,0.10012904626035413,0.09986252115059222
2022-04-18,positive,0.021872993507919845,0.02461073690685192,0.0027377433989320757,0.8997402888818709,0.9002558789362969
2022-04-18,negative,-0.05672700026009966,-0.057057004231810614,-0.0003300039717109571,0.100045686071358,0.09996703400207214
2022-04-19,positive,0.05501718409692084,0.0579316952593303,0.0029145111624094555,0.8999355849970968,0.900022285869549
2022-04-19,negative,-0.019532720334098023,-0.018495412017699813,0.0010373083163982104,0.10030123769798376,0.10004671804880687
2022-04-20,positive,0.03267055711703668,0.03400112343446255,0.0013305663174258686,0.9000197591901251,0.9001481005018739
2022-04-20,negative,-0.04425082252221077,-0.044677152795253486,-0.000426330273042716,0.10001985261419225,0.09985664076951535
2022-04-21,positive,0.009610853229959552,0.01021507954237286,0.0006042263124133081,0.8996763521288837,0.8996919499946852
2022-04-21,negative,-0.07030613660628979,-0.07071537992124874,-0.0004092433149589514,0.10017007378325322,0.09985122069541282
2022-04-22,positive,0.0076298088080672425,0.009389202478870087,0.0017593936708028444,0.9001688516053072,0.8999666917142145
2022-04-22,negative,-0.05681949355996644,-0.05809984816011897,-0.0012803546001525293,0.1000815106643119,0.09986521022958837
2022-04-25,positive,0.0497626365321148,0.053013136352578094,0.0032504998204632915,0.8999151945724526,0.9000688279343996
2022-04-25,negative,-0.032364844557967135,-0.03481215458648104,-0.0024473100285139077,0.10007539306044999,0.09992512461974036
2022-04-26,positive,0.003357903723138088,0.007302115146927697,0.003944211423789609,0.8997945472950402,0.9002669081643873
2022-04-26,negative,-0.07251642755399515,-0.07341416447892866,-0.0008977369249335149,0.09998552403011,0.1000428129174851
2022-04-27,positive,0.03140420825887068,0.032478699354037695,0.001074491095167017,0.8999786623877641,0.9000497877618836
2022-04-27,negative,-0.03643081621283599,-0.03780386081949741,-0.0013730446066614194,0.10016942064115257,0.09981799016762827
2022-04-28,positive,0.058278845637615304,0.06057955146432257,0.0023007058267072653,0.8998295464230317,0.9001239339549205
2022-04-28,negative,-0.023044490468962956,-0.02409399322733883,-0.0010495027583758733,0.10019687388139839,0.1000397488271847
2022-04-29,positive,0.008491282531117606,0.010384821160347881,0.0018935386292302757,0.9001659023440182,0.9002683725380999
2022-04-29,negative,-0.06104133075426699,-0.06306195662737815,-0.002020625873111165,0.10013084288557897,0.09988224140297892
2022-05-02,positive,0.059657004181434145,0.062222684361498005,0.0025656801800638604,0.9000141526426845,0.8999848704914065
2022-05-02,negative,-0.029226716140176995,-0.02859289499024678,0.0006338211499302138,0.09991722848369444,0.10010064101464441
2022-05-03,positive,0.0469375931299168,0.049527021208388686,0.0025894280784718865,0.8998811342453527,0.9001477597166676
2022-05-03,negative,-0.03470562495567628,-0.03601317593059542,-0.001307550974919143,0.09998197703359138,0.10003018131676364
2022-05-04,positive,0.06549003965478314,0.07059259760290389,0.005102557948120742,0.8997105006585363,0.900282799947545
2022-05-04,negative,-0.015173114572793281,-0.01853323538828804,-0.003360120815494758,0.10006026560851608,0.10009638812392263
2022-05-05,positive,0.004788085854304321,0.005196859230796774,0.00040877337649245296,0.8998663688478026,0.8998150108741184
2022-05-05,negative,-0.09201061723237389,-0.09407110632830926,-0.0020604890959353694,0.10005250563790044,0.09998754306131778
2022-05-06,positive,0.024544665682567312,0.02567496682983921,0.0011303011472718998,0.8998032311516153,0.9001633028015588
2022-05-06,negative,-0.07286839199740422,-0.07432493120945191,-0.0014565392120476917,0.10015663835956919,0.09988799901807358
2022-05-09,positive,0.009749710687424322,0.01203654742175476,0.002286836734330437,0.9000614349590013,0.9001351430515842
2022-05-09,negative,-0.1229864638531449,-0.12490088216478548,-0.0019144183116405755,0.10011012507198074,0.09992365679585391
2022-05-10,positive,0.05112924244343244,0.0548786579967863,0.003749415553353855,0.8999391162946935,0.900073725722861
2022-05-10,negative,-0.060160436114198024,-0.06635053437924429,-0.006190098265046268,0.1002031819847488,0.09980107142233932
2022-05-11,positive,0.020985032865919424,0.021508103301963677,0.0005230704360442533,0.9001782224854866,0.8998430614814295
2022-05-11,negative,-0.09968274367973895,-0.10237215607021974,-0.0026894123904807887,0.09992726839546758,0.1000730048261873
2022-05-12,positive,0.07361635886595785,0.07715779509590001,0.0035414362299421576,0.8998409724166289,0.9001701543199078
2022-05-12,negative,-0.029445449888914454,-0.031280288296906884,-0.0018348384079924299,0.10013611798824229,0.0998727123210974
2022-05-13,positive,0.11399051370257618,0.11675478081497134,0.0027642671123951634,0.8998029688907365,0.90025592392434
2022-05-13,negative,-0.009089462024517478,-0.008477885980088825,0.0006115760444286526,0.09963161245063397,0.09982015336411512
2022-05-16,positive,0.039443127320681344,0.04253082839563296,0.0030877010749516126,0.9001422082262659,0.899889749288145
2022-05-16,negative,-0.05387006381472407,-0.053433230265709196,0.0004368335490148728,0.10008719138481839,0.09990190290992432
2022-05-17,positive,0.07742414077836506,0.07715800403384117,-0.00026613674452388714,0.9001134540058322,0.8998564689393896
2022-05-17,negative,-0.006281127506071925,-0.009632411273005154,-0.0033512837669332288,0.10013822777570987,0.10002018877366141
2022-05-18,positive,0.005161606868480323,0.006299908434266649,0.0011383015657863253,0.8999333576705236,0.9003466534320841
2022-05-18,negative,-0.07844421196119246,-0.07951556638165005,-0.0010713544204575959,0.1001238444446377,0.09988303127282847
2022-05-19,positive,0.0515211678277034,0.052379121682751814,0.0008579538550484156,0.8997973492082784,0.9002300506979651
2022-05-19,negative,-0.03167986791056738,-0.03237234308823472,-0.0006924751776673441,0.09983565481977916,0.1001454094034308
2022-05-20,positive,0.030263011931611322,0.03613165947462642,0.005868647543015096,0.9000176670019423,0.9000234114872363
2022-05-20,negative,-0.04015266745464664,-0.04338104680820593,-0.0032283793535592895,0.100074840888596,0.09989811667591565
2022-05-23,positive,0.04731962568026367,0.05060534005520738,0.00328571437494371,0.9001205578243117,0.8998792249543834
2022-05-23,negative,-0.02783151325468684,-0.02895953026658719,-0.0011280170119003508,0.10005028673212268,0.09997089234512122
2022-05-24,positive,0.01951908758793427,0.02067095516513088,0.0011518675771966073,0.8999201668208071,0.9000889943636905
2022-05-24,negative,-0.07466402567423763,-0.07816454311461792,-0.0035005174403802825,0.09999304731533669,0.10006776368215634
2022-05-25,positive,0.06535496413772833,0.06678434422900777,0.0014293800912794363,0.8997701254977308,0.9002734259532957
2022-05-25,negative,-0.015453478010704158,-0.019724555929038493,-0.0042710779183343355,0.10003966632470311,0.09990627396884462
2022-05-26,positive,0.06388251593441771,0.06569860161115598,0.0018160856767382716,0.899858041042504,0.9001509299371924
2022-05-26,negative,-0.013640525395679337,-0.014384695603879356,-0.0007441702082000186,0.09978766289124347,0.09971184125824242
2022-05-27,positive,0.07515831574964728,0.07700783855083473,0.001849522801187456,0.8999843969418008,0.900058511468248
2022-05-27,negative,-0.004255520505458869,-0.010216792054965274,-0.005961271549506405,0.09997985688528285,0.09958428685355662
2022-05-31,positive,0.02411624972316298,0.03652398396386471,0.012407734240701733,0.8998348786580396,0.9001795409995317
2022-05-31,negative,-0.04718517055422844,-0.049316399031667,-0.00213122847743856,0.09999452486686213,0.10000650510867867
2022-06-01,positive,0.02928583503169486,0.03158170355071251,0.0022958685190176513,0.8998588769185358,0.9001731891103549
2022-06-01,negative,-0.04762601821888672,-0.04842080609310334,-0.0007947878742166209,0.09994520018751303,0.10007248767275505
2022-06-02,positive,0.0743513542297533,0.07830974116267363,0.0039583869329203325,0.8998594290657438,0.9004194300269125
2022-06-02,negative,-0.009918165740620604,-0.011628241135838475,-0.0017100753952178707,0.10004834309289326,0.10003657933761738
2022-06-03,positive,0.03010882898583942,0.035534736661083546,0.005425907675244125,0.900033746949795,0.9002016163923645
2022-06-03,negative,-0.0468481687596956,-0.04850416012889689,-0.00165599136920129,0.10009594084765416,0.09968546112178323
2022-06-06,positive,0.037098046099553986,0.038652579862120576,0.00155453376256659,0.9000551198659938,0.8999908632091891
2022-06-06,negative,-0.043818437671395094,-0.05091783137977467,-0.007099393708379573,0.10028022211103375,0.09975504698920991
2022-06-07,positive,0.05649644895038937,0.06565604744916426,0.009159598498774887,0.8998845468763577,0.9000835577953487
2022-06-07,negative,-0.02165117964330754,-0.022240291620630254,-0.0005891119773227156,0.10014252432878616,0.09987574941350247
2022-06-08,positive,0.0287893166332135,0.030332574168116876,0.0015432575349033743,0.8998192718741853,0.9002076394319423
2022-06-08,negative,-0.04051131503687539,-0.04654540672479272,-0.006034091687917333,0.10008992962029717,0.099930489182379
2022-06-09,positive,0.009042396980535366,0.012598816281265513,0.0035564193007301473,0.9001308632408224,0.9000430183992549
2022-06-09,negative,-0.06698990063889303,-0.06969316542041504,-0.0027032647815220107,0.10028600553004277,0.09973532917338568
2022-06-10,positive,0.00721203160780135,0.012812890331781226,0.005600858723979876,0.8996444899110341,0.900034585853
2022-06-10,negative,-0.07303935164178799,-0.07364688065641044,-0.0006075290146224516,0.10021065182829889,0.09982600247306131
2022-06-13,positive,-0.008190915713098703,-0.001924405281674163,0.0062665104314245405,0.9000014039306636,0.9002640446054387
2022-06-13,negative,-0.10524391652034792,-0.10506255791625634,0.00018135860409158877,0.10001421747042767,0.09988285919463326
2022-06-14,positive,0.0341871235977967,0.03765033574920027,0.0034632121514035705,0.9000251099151001,0.9001529447436949
2022-06-14,negative,-0.04285204012858217,-0.04416300625143514,-0.0013109661228529745,0.10012554957550032,0.09971824501480399
2022-06-15,positive,0.06256917924923315,0.06460187724924192,0.00203269800000877,0.9000787338528878,0.8998961891925555
2022-06-15,negative,-0.015185742063602731,-0.014952757640597641,0.0002329844230050896,0.10013264096473436,0.0999185972029465
2022-06-16,positive,0.0020834447512714056,0.011319081015517929,0.009235636264246522,0.899931113402808,0.8998160035290713
2022-06-16,negative,-0.08828344480414496,-0.09088609307115911,-0.002602648267014146,0.10016099924012159,0.09987350259252636
2022-06-17,positive,0.07123374082816931,0.0713413189051524,0.00010757807698308364,0.9000910769621198,0.8998116685366245
2022-06-17,negative,-0.03328139497916337,-0.03513667838543057,-0.0018552834062671997,0.1002431501665153,0.09988869298854874
2022-06-21,positive,0.059764423879729814,0.06255402478475483,0.0027896009050250165,0.8999944471702118,0.9000145865379515
2022-06-21,negative,-0.02117304496279867,-0.02165266159927977,-0.00047961663648109915,0.10006199278629395,0.09995756643505013
2022-06-22,positive,0.03814011796614256,0.04122130552324889,0.0030811875571063255,0.8997995759110387,0.9002133725254098
2022-06-22,negative,-0.04548093223741195,-0.04721381363947888,-0.001732881402066927,0.1001508437511067,0.09986011261819598
2022-06-23,positive,0.07900215985116263,0.0815425599323655,0.002540400081202876,0.8996933066900109,0.9002494237300065
2022-06-23,negative,-0.03827315774156575,-0.039253220185070624,-0.0009800624435048755,0.10016185598528973,0.09987638788689271
2022-06-24,positive,0.07113015106463513,0.0765125790163636,0.005382427951728469,0.899817467520481,0.9002074469955345
2022-06-24,negative,-0.026261036014595934,-0.025656621243565332,0.0006044147710306015,0.10016983780960083,0.10017121911526117
2022-06-27,positive,0.044869278712156305,0.05152580112895042,0.006656522416794118,0.9001142204454599,0.9001211428966996
2022-06-27,negative,-0.04464100863731958,-0.04357067614983644,0.0010703324874831444,0.09978724278767111,0.09999004897634253
2022-06-28,positive,0.013360507442165057,0.017279510022274906,0.003919002580109849,0.8998127704590869,0.8999431573727417
2022-06-28,negative,-0.06051097531930166,-0.06038053333494512,0.0001304419843565427,0.09996023598216308,0.10005443397376716
2022-06-29,positive,0.01995505791053073,0.021428564560155974,0.0014735066496252454,0.8999981393271806,0.9000030646375846
2022-06-29,negative,-0.05473224934619895,-0.056686621849999376,-0.001954372503800428,0.10003346474791167,0.09997986095301473
2022-06-30,positive,0.029531573217983092,0.029840549493577867,0.00030897627559477517,0.9000215666543898,0.8999658002735978
2022-06-30,negative,-0.04737652761149196,-0.0493349420977036,-0.001958414486211639,0.10002400557718616,0.10000569995440037
2022-07-01,positive,0.04704634598198896,0.049889023191441284,0.0028426772094523253,0.8999074285814805,0.9001029059949339
2022-07-01,negative,-0.029080949889699236,-0.030163610915263622,-0.001082661025564386,0.10001058194659443,0.09998856600056291
2022-07-05,positive,0.07216973681682297,0.07504182834420964,0.0028720915273866693,0.89995445541731,0.9000329039730453
2022-07-05,negative,-0.04330245293563585,-0.042918067732606556,0.00038438520302929574,0.0998614194335252,0.10013424821002388
2022-07-06,positive,0.02847631892782491,0.032068880643472075,0.003592561715647164,0.8998565386775235,0.9001294222939771
2022-07-06,negative,-0.04328035769405393,-0.04435156018181375,-0.001071202487759819,0.10017984763266882,0.09986092587392952
2022-07-07,positive,0.07641710790625016,0.07933281851433022,0.0029157106080800604,0.9000147647233167,0.9000074096028451
2022-07-07,negative,-0.009255478415487104,-0.0113236705771366,-0.002068192161649496,0.10021978932557558,0.10007627532340739
2022-07-08,positive,0.033458184818900547,0.03933101780336341,0.005872832984462867,0.8997960299344856,0.900169448703652
2022-07-08,negative,-0.02554701969497697,-0.026945701683341833,-0.0013986819883648645,0.10015115347086703,0.09986539935879565
2022-07-11,positive,0.009968230893288871,0.015578889863301503,0.005610658970012632,0.9002031712058306,0.9003255462743122
2022-07-11,negative,-0.06817528658576495,-0.06840425706523726,-0.0002289704794723041,0.10010781430648497,0.09990628175034158
2022-07-12,positive,0.03339105089188388,0.0383240241352104,0.004932973243326519,0.8997193623799342,0.9002743111547362
2022-07-12,negative,-0.03795763779463683,-0.039903369273999026,-0.001945731479362195,0.10026020669739885,0.0997949239290472
2022-07-13,positive,0.032042545398903007,0.03462780260133356,0.002585257202430552,0.8998684696732416,0.9001082155865637
2022-07-13,negative,-0.03189085605675997,-0.033943720790762015,-0.002052864734002048,0.10015517499252169,0.09987946719220145
2022-07-14,positive,0.01932915333378398,0.021109687465893805,0.0017805341321098234,0.8998485152842284,0.9001889557984708
2022-07-14,negative,-0.0467008904891618,-0.05065545136719525,-0.003954560878033447,0.10002753765871404,0.09997615978243594
2022-07-15,positive,0.05211313568091086,0.05247518187435416,0.00036204619344330086,0.9001214252237275,0.8998863676559017
2022-07-15,negative,-0.012654099803363624,-0.01543009619251734,-0.0027759963891537155,0.09962002291479162,0.09978698263397026
2022-07-18,positive,0.035785770305441736,0.03723237336515717,0.0014466030597154317,0.9000879794144231,0.8999162575545435
2022-07-18,negative,-0.03490670540886153,-0.037625784634350665,-0.0027190792254891336,0.09995441796785001,0.10005760062385907
2022-07-19,positive,0.06928896079842288,0.07215119267039702,0.0028622318719741385,0.9001776905532275,0.8998276136423913
2022-07-19,negative,-0.0007397216589341219,-0.0014440054723137354,-0.0007042838133796134,0.10019827193726905,0.09982054138156615
2022-07-20,positive,0.06253038449962259,0.06509086313140885,0.002560478631786267,0.8998381193693694,0.900169581346052
2022-07-20,negative,-0.016768346639554888,-0.02034341440529623,-0.003575067765741343,0.10002252252252253,0.10000529941706413
2022-07-21,positive,0.037368904575568324,0.042794233149155855,0.005425328573587532,0.8999629642332406,0.9000482377723884
2022-07-21,negative,-0.029817509355430354,-0.030619585419241722,-0.0008020760638113682,0.09989461816926588,0.10010355631870564
2022-07-22,positive,0.011005598061965943,0.017220289548917356,0.006214691486951413,0.8999895732700015,0.900012020090883
2022-07-22,negative,-0.06642537170023748,-0.06880168267413476,-0.0023763109738972887,0.09996103254257907,0.10001590565514529
2022-07-25,positive,0.039644094250789345,0.0492577016242615,0.009613607373472152,0.9001318746191347,0.8998876447288238
2022-07-25,negative,-0.03345291687983159,-0.0340857327755175,-0.0006328158956859092,0.10006189061547836,0.09993799736530809
2022-07-26,positive,0.02373268490770833,0.026089029847598238,0.0023563449398899088,0.9000516426407605,0.900001699402732
2022-07-26,negative,-0.056695930022703,-0.05978916432342503,-0.003093234300722031,0.10014751775827849,0.09985750940144156
2022-07-27,positive,0.06395063605765654,0.06562826659504206,0.0016776305373855244,0.8997238554405771,0.900273400752587
2022-07-27,negative,-0.010596803635232422,-0.009876636689059002,0.0007201669461734204,0.10037842947450701,0.10010289275634995
2022-07-28,positive,0.05927422773901235,0.0619094460295677,0.0026352182905553523,0.8997159685179374,0.9003422105428303
2022-07-28,negative,-0.030593643829082223,-0.03242706164027277,-0.0018334178111905491,0.09998185989959209,0.10000441245685598
2022-07-29,positive,0.041756308506861343,0.0452775224463978,0.0035212139395364578,0.899861143775478,0.9001347405142678
2022-07-29,negative,-0.030056519604803274,-0.0320216340160497,-0.0019651144112464297,0.09990056966656213,0.10011710175603636
2022-08-01,positive,0.03317888144782586,0.03937100652578399,0.006192125077958133,0.8999995089566311,0.900020132778127
2022-08-01,negative,-0.037061784790506626,-0.0370280682088016,3.3716581705027504e-05,0.10007539152524618,0.0999268345380264
2022-08-02,positive,0.0527123696557393,0.05700610476620534,0.004293735110466039,0.900020533479349,0.9000420447434292
2022-08-02,negative,-0.035564783198122465,-0.0385367775291908,-0.002971994331068331,0.09983472178765122,0.10012271198372964
2022-08-03,positive,0.06962523512942873,0.08333564363942546,0.013710408509996733,0.8998519326683292,0.9001127408959219
2022-08-03,negative,-0.02652400997680946,-0.028772940437387557,-0.002248930460578096,0.10020310551745637,0.09984359528568285
2022-08-04,positive,0.05395652233129118,0.059918194316968834,0.005961671985677652,0.8998165782079299,0.9000703614258689
2022-08-04,negative,-0.04964547962934755,-0.04953563751632621,0.00010984211302134117,0.10016976272244771,0.09995512019981266
2022-08-05,positive,0.058908944122789186,0.06174803408460838,0.0028390899618191967,0.899946926612652,0.900050151916485
2022-08-05,negative,-0.03439018844425659,-0.03705064784648613,-0.0026604594022295383,0.10012513633530695,0.09988878361410006
2022-08-08,positive,0.05643548492052799,0.06744016449478171,0.011004679574253724,0.89979623651732,0.9002407893773563
2022-08-08,negative,-0.024991697772987473,-0.026277402974708174,-0.0012857052017207007,0.0999781230553827,0.10002067585746184
2022-08-09,positive,0.026461883876026555,0.03141335038755659,0.004951466511530035,0.8997123247663552,0.9002982694245925
2022-08-09,negative,-0.07536868258543543,-0.07707044353609602,-0.0017017609506605885,0.10015771028037383,0.09987160985889684
2022-08-10,positive,0.08459026009778332,0.0959034187081847,0.011313158610401372,0.8999510410787652,0.9000861370546364
2022-08-10,negative,-0.013866461516264311,-0.015002680454737002,-0.0011362189384726915,0.09998619063585405,0.09961492766662014
2022-08-11,positive,0.047230222017456795,0.049608357307250606,0.0023781352897938104,0.8998093923718343,0.9001903521600114
2022-08-11,negative,-0.03965607537803696,-0.0437714369004015,-0.0041153615223645384,0.10020894456454602,0.09981356501834829
2022-08-12,positive,0.06307226567969652,0.06614974335815418,0.00307747767845766,0.8998576485072329,0.9002331599768254
2022-08-12,negative,-0.014914237387864137,-0.019032005362448902,-0.004117767974584765,0.10015110841374693,0.09974965228473662
2022-08-15,positive,0.03863888664877548,0.04221717082230038,0.003578284173524897,0.8998413535276073,0.9001950446589678
2022-08-15,negative,-0.031276804612720886,-0.03352134887971282,-0.0022445442669919366,0.10006230828220859,0.0999975189462288
2022-08-16,positive,0.03749542476669336,0.04481624810530288,0.0073208233386095195,0.8999583779853031,0.9000962737743597
2022-08-16,negative,-0.04021376398450371,-0.0417873585281959,-0.001573594543692193,0.1000043057256583,0.09994985095997982
2022-08-17,positive,0.01598133133521789,0.02315569253047394,0.0071743611952560515,0.8998470017482516,0.8999256941587822
2022-08-17,negative,-0.059329632965368154,-0.0593757178192158,-4.6084853847647156e-05,0.10013653846153844,0.10000395927601809
2022-08-18,positive,0.04029877700699023,0.045375330753203554,0.005076553746213325,0.899685961064943,0.900370815454529
2022-08-18,negative,-0.03071970340662153,-0.03418076976832613,-0.0034610663617046025,0.10012634732255474,0.09976655713070084
2022-08-19,positive,0.006608049309991149,0.009614851768269627,0.003006802458278479,0.9000521406559541,0.9000950761863418
2022-08-19,negative,-0.06864522088117707,-0.07082239912794375,-0.0021771782467666784,0.10009774653312789,0.09991706698087556
2022-08-22,positive,0.010157834831470295,0.014069527011326226,0.003911692179855932,0.8998388699837012,0.9000194504258688
2022-08-22,negative,-0.05711457761367705,-0.05958115383564202,-0.0024665762219649653,0.09997976410730805,0.10004336262719704
2022-08-23,positive,0.04074182226420029,0.04469024651479212,0.003948424250591831,0.8999567174515235,0.9000996913077326
2022-08-23,negative,-0.027070060036339022,-0.030026378434708352,-0.00295631839836933,0.10003895429362882,0.09988143976427137
2022-08-24,positive,0.046902909230622236,0.05259298389873951,0.005690074668117273,0.8998244166410807,0.9002072177120771
2022-08-24,negative,-0.017501770148888977,-0.020098271969577593,-0.0025965018206886153,0.10009546745471291,0.0998872338312052
2022-08-25,positive,0.04662765144567586,0.05179877852003363,0.0051711270743577675,0.8998847022351502,0.9001675293127048
2022-08-25,negative,-0.017567925673017185,-0.018893915178101635,-0.0013259895050844496,0.09978450868252997,0.09958894004396238
2022-08-26,positive,-0.002962508176187065,0.0024176021899248506,0.0053801103661119155,0.8997612125179707,0.9000546408667265
2022-08-26,negative,-0.07125985871031451,-0.0710822288085469,0.0001776299017676175,0.09979445856438693,0.10018489951433437
2022-08-29,positive,0.02095932575128013,0.026888383582720044,0.005929057831439915,0.9002165984871875,0.8997881971559849
2022-08-29,negative,-0.03727316095791068,-0.03848719554319259,-0.001214034585281909,0.10009455078728002,0.09992207789259575
2022-08-30,positive,0.01263904512054162,0.016014208343451068,0.0033751632229094483,0.9000878514056225,0.9003093413119547
2022-08-30,negative,-0.053251945754700804,-0.05399108481276584,-0.0007391390580650387,0.09994159329626195,0.10006982113976266
2022-08-31,positive,0.028520502647746387,0.03165308980854157,0.003132587160795182,0.9001114004629629,0.8999389240649964
2022-08-31,negative,-0.03305192906064586,-0.033252251538596164,-0.0002003224779503071,0.0999122299382716,0.10013942787763253
2022-09-01,positive,0.02307689070693116,0.027366819321525536,0.004289928614594377,0.9000968091697648,0.8999028491508128
2022-09-01,negative,-0.054371007685434215,-0.05575781758504191,-0.0013868098996076966,0.10017887107600165,0.09980999776769445
2022-09-02,positive,0.02483370961189814,0.025129058928066085,0.0002953493161679463,0.8999340266997826,0.9000845211571123
2022-09-02,negative,-0.034537056754949405,-0.036628081373752466,-0.0020910246188030612,0.1001896732381248,0.09981041236736854
2022-09-06,positive,0.02631758815903375,0.031124894557365827,0.004807306398332076,0.8998519532463499,0.900142536045173
2022-09-06,negative,-0.05033587069065528,-0.05145389766517601,-0.0011180269745207291,0.10009271124572852,0.0999238494325969
2022-09-07,positive,0.06122365386004118,0.06269501687225007,0.00147136301220889,0.900025734151647,0.899969410348042
2022-09-07,negative,-0.015849997060881527,-0.016005501448668982,-0.00015550438778745568,0.10019267508051302,0.10013067267841654
2022-09-08,positive,0.04617297458670503,0.054170441905312575,0.007997467318607544,0.899923650015562,0.9000566116969664
2022-09-08,negative,-0.022731232539487316,-0.02407606110162328,-0.001344828562135962,0.09996060924369747,0.10007160135295949
2022-09-09,positive,0.05776766163959031,0.06071394774906956,0.0029462861094792514,0.899964576863354,0.900077211591158
2022-09-09,negative,-0.010898658824860828,-0.011427794622501625,-0.0005291357976407972,0.10045661878881987,0.10013651808549509
2022-09-12,positive,0.04312864392995589,0.049420520667757636,0.006291876737801745,0.8997397454856786,0.9002362750439529
2022-09-12,negative,-0.015679998970599275,-0.017861027249930807,-0.0021810282793315316,0.10000583748443337,0.10002243425390081
2022-09-13,positive,-0.0018921020960565387,0.006458984633096432,0.008351086729152971,0.9002938452976565,0.9002388300216042
2022-09-13,negative,-0.07730739986520765,-0.07770757102302736,-0.00040017115781970647,0.09999315978736709,0.09983583489681051
2022-09-14,positive,0.03942132864876551,0.041875587822609424,0.002454259173843912,0.899925199468085,0.9001373787546936
2022-09-14,negative,-0.03215006304706821,-0.03296652736163638,-0.000816464314568173,0.099975718345849,0.09997702205882353
2022-09-15,positive,0.026335652329653673,0.02950073883033267,0.0031650865006789958,0.899909066551652,0.9001190989648682
2022-09-15,negative,-0.042414418669142626,-0.04320757527842938,-0.0007931566092867562,0.09994246000627352,0.09994695180456122
2022-09-16,positive,0.016445820258301,0.015972711458936133,-0.00047310879936486583,0.8999774907991588,0.9000384463722397
2022-09-16,negative,-0.0656282209901643,-0.06694198389561304,-0.0013137629054487399,0.10002944269190325,0.1000029574132492
2022-09-19,positive,0.03517503645111447,0.03737865928937559,0.0022036228382611156,0.8999172410192144,0.9001311873433584
2022-09-19,negative,-0.0358878248118701,-0.036971389546914715,-0.0010835647350446176,0.09982746579991646,0.10013950892857142
2022-09-20,positive,0.01235626400067901,0.016950548591845194,0.004594284591166184,0.9001060987110971,0.9002564588036923
2022-09-20,negative,-0.04896414142884735,-0.05347240700003079,-0.004508265571183438,0.10026311825421774,0.09974605077019805
2022-09-21,positive,0.008728766334973024,0.010181776938378453,0.0014530106034054292,0.8995554110165038,0.8995870782087669
2022-09-21,negative,-0.049317196055281134,-0.052045524853290205,-0.0027283287980090706,0.10010728739619468,0.0999004651529486
2022-09-22,positive,0.00883566103322228,0.01600638845060786,0.007170727417385579,0.8996353508217446,0.9001246444374209
2022-09-22,negative,-0.060520083303089035,-0.06092236444323686,-0.0004022811401478213,0.10003055204382638,0.09997185129582806
2022-09-23,positive,0.007637039394376324,0.01051870712906395,0.002881667734687625,0.8998199182031998,0.9000137835307452
2022-09-23,negative,-0.06850239309434399,-0.0701013968641987,-0.0015990037698547094,0.0999776241923525,0.10001092310136636
2022-09-26,positive,0.01705503218666237,0.017493641307659815,0.00043860912099744423,0.8998419707900134,0.9003947414951552
2022-09-26,negative,-0.051989241949547196,-0.05510750693414505,-0.0031182649845978502,0.10009730399957564,0.09991098424570337
2022-09-27,positive,0.04374155797875628,0.05077521717127405,0.00703365919251777,0.8999102273930536,0.9001216049872933
2022-09-27,negative,-0.027879002392864477,-0.02788284725787566,-3.844865011183585e-06,0.09992015433079203,0.1000635324015248
2022-09-28,positive,0.0713906211767806,0.07977792571423503,0.008387304537454426,0.8999817980373537,0.9000232470718581
2022-09-28,negative,-0.0018295090727862128,-0.0025712920209006993,-0.0007417829481144865,0.10003677634396588,0.10007018087650806
2022-09-29,positive,0.007015503851319711,0.0101822737254822,0.0031667698741624896,0.9000260529508622,0.8995658534928594
2022-09-29,negative,-0.06913669226578614,-0.07284810303374865,-0.0037114107679625113,0.10005137167672917,0.09993297187797903
2022-09-30,positive,0.027536864320828074,0.03042097901894828,0.0028841146981202076,0.89988095711408,0.9001326932251906
2022-09-30,negative,-0.036918318391658336,-0.039448766016282576,-0.0025304476246242394,0.10002584287531806,0.09997763597328244
2022-10-03,positive,0.06307592186375789,0.06712701355706371,0.004051091693305822,0.8999108557844693,0.9000569532488114
2022-10-03,negative,-0.01354086011258937,-0.014717762079060837,-0.0011769019664714664,0.10019389822615174,0.10001635513643917
2022-10-04,positive,0.08859865373942381,0.09581899239083357,0.007220338651409752,0.8999504280911859,0.900063524267255
2022-10-04,negative,0.00308382753695763,-0.0029763084827441355,-0.006060136019701765,0.09997823432083203,0.09998914902393355
2022-10-05,positive,0.024026531456496393,0.029679707085381903,0.0056531756288855095,0.8997552099799769,0.9002603343344925
2022-10-05,negative,-0.041226953900015476,-0.04046372687755589,0.000763227022459588,0.10017635551691431,0.09982710243439771
2022-10-06,positive,0.026523903838173647,0.03298358192900616,0.006459678090832515,0.8999801241415742,0.9000242670364502
2022-10-06,negative,-0.039368059430103505,-0.04085201923473131,-0.0014839598046278019,0.10006448098256737,0.09995493264659269
2022-10-07,positive,0.0027418365525804346,0.004813030555043266,0.0020711940024628313,0.8997905618183749,0.8999622781851025
2022-10-07,negative,-0.07154714291092087,-0.07319491855400911,-0.0016477756430882395,0.09994434704069706,0.10010310408033152
2022-10-10,positive,0.023674259174346797,0.02731626405969102,0.0036420048853442223,0.9002217333333334,0.8998600000000001
2022-10-10,negative,-0.05255820398713175,-0.05302440396740925,-0.00046619998027749854,0.10010853333333333,0.099974
2022-10-11,positive,0.032033568648076514,0.03790229961120204,0.005868730963125526,0.8999060568520886,0.9000889146419437
2022-10-11,negative,-0.03965747916417135,-0.04025557969366545,-0.0005981005294940986,0.10000119884910486,0.10001398657289003
2022-10-12,positive,0.028746552613326988,0.034906952215681006,0.006160399602354018,0.8997820904318011,0.9002250080360013
2022-10-12,negative,-0.03448678430901257,-0.03659634737331325,-0.0021095630643006777,0.10005126299153541,0.09991763098682097
2022-10-13,positive,0.05489783438441005,0.05739484942505235,0.0024970150406423003,0.9000493509280121,0.8999255712906342
2022-10-13,negative,-0.012185554704369876,-0.014981028373672827,-0.0027954736693029513,0.09978963679277487,0.09983854829907221
2022-10-14,positive,0.005008000843610582,0.010730003446061627,0.005722002602451045,0.9003270255003228,0.9002895622039153
2022-10-14,negative,-0.06547393940053009,-0.06736093355330067,-0.001886994152770577,0.09990716456853883,0.09994462153001937
2022-10-17,positive,0.06675015209975124,0.06868777051267291,0.0019376184129216711,0.8998012229295898,0.90023839645228
2022-10-17,negative,-0.005089579923652143,-0.006746737833327995,-0.0016571579096758523,0.10006039830231798,0.09994531505060397
2022-10-18,positive,0.04211878579447705,0.04465029479868796,0.0025315090042109106,0.9000582408012194,0.8999236950250381
2022-10-18,negative,-0.01753986949811175,-0.021911026611294272,-0.004371157113182523,0.09984215109949923,0.10015172545177445
2022-10-19,positive,0.019174429100610686,0.023395699797609606,0.00422127069699892,0.9000596606458675,0.899908285440613
2022-10-19,negative,-0.06333154607994271,-0.06528849434530729,-0.0019569482653645776,0.09998084291187738,0.10003783524904215
2022-10-20,positive,0.024192301669714072,0.023832960820498784,-0.00035934084921528803,0.8998675678646005,0.9002061696340258
2022-10-20,negative,-0.04207754005805543,-0.04186809201700141,0.00020944804105402226,0.10008352566216068,0.09988618254753269
2022-10-21,positive,0.052235967281187665,0.053399740364948364,0.0011637730837606997,0.8999315899812423,0.900080685203575
2022-10-21,negative,-0.015680269306931456,-0.019641384343056963,-0.0039611150361255065,0.0998854089196691,0.09985277301315038
2022-10-24,positive,0.03182548451750512,0.0346260145980597,0.0028005300805545794,0.8998303492484526,0.900168338306808
2022-10-24,negative,-0.034825811657237034,-0.03625260522699905,-0.001426793569762018,0.10024314765694076,0.0997782313770999
2022-10-25,positive,0.07846636297050476,0.08073186097681266,0.0022654980063079033,0.8999504888047936,0.9000662941501105
2022-10-25,negative,-0.008268948959867913,-0.009119327540205873,-0.0008503785803379606,0.10023675496688741,0.09983288493377483
2022-10-26,positive,0.03760859698781278,0.03878021931594297,0.0011716223281301938,0.9001947553214833,0.8998084677419357
2022-10-26,negative,-0.03133107985259516,-0.032527224339132035,-0.0011961444865368764,0.0999890278692122,0.10002084704849683
2022-10-27,positive,0.033111765267800214,0.03528171423967096,0.0021699489718707485,0.8999835146719419,0.9000941724365316
2022-10-27,negative,-0.04112420748237321,-0.04455103575442258,-0.003426828272049376,0.10019397736014946,0.09974382487086494
2022-10-28,positive,0.056363322095124534,0.057753878233513946,0.0013905561383894122,0.9000531099430573,0.8999970570521244
2022-10-28,negative,-0.016052250621599182,-0.01773988052178786,-0.0016876299001886766,0.10023954226894438,0.10006022777047743
2022-10-31,positive,0.0323061742828734,0.03566772311697211,0.0033615488340987126,0.8997731755424063,0.9002399394586895
2022-10-31,negative,-0.030529651769164057,-0.031111087037457415,-0.000581435268293358,0.09994466359850976,0.10004848783694938
2022-11-01,positive,0.03563628702784018,0.038793768840792345,0.0031574818129521676,0.8999007417102967,0.9000865783158813
2022-11-01,negative,-0.03128450889662343,-0.03328292654456913,-0.0019984176479456994,0.10004090314136127,0.09998036649214659
2022-11-02,positive,0.007401802293282976,0.010234839780738508,0.0028330374874555317,0.8999078644290884,0.9000861028847208
2022-11-02,negative,-0.07858991782507022,-0.08383496951820864,-0.005245051693138422,0.10030406305332269,0.0996899336404519
2022-11-03,positive,0.04277221549119414,0.05237424030670612,0.009602024815511978,0.9000366480691389,0.8999971625095723
2022-11-03,negative,-0.053746395739672125,-0.05682075122509965,-0.0030743554854275254,0.10008259490208948,0.09989757685154799
2022-11-04,positive,0.0626240583596109,0.06590781315602862,0.0032837547964177094,0.899937281849913,0.9000535149432809
2022-11-04,negative,-0.04863386614980163,-0.05361345806769753,-0.004979591917895904,0.10002236038394416,0.09999158077006981
2022-11-07,positive,0.046219962129370754,0.05122013069793648,0.0050001685685657285,0.8998402050610821,0.900152909576789
2022-11-07,negative,-0.03608673506523648,-0.03986255404457406,-0.0037758189793375835,0.1000185427574171,0.09996168739092495
2022-11-08,positive,0.041787558385254074,0.044217497932040425,0.0024299395467863513,0.8999357088373106,0.9000607497003379
2022-11-08,negative,-0.040679809896618783,-0.04331245938791545,-0.002632649491296664,0.10007082924703063,0.09994251934183285
2022-11-09,positive,0.014534471189120088,0.017709111033432905,0.0031746398443128175,0.8999329331207203,0.8998354679012713
2022-11-09,negative,-0.08637411300350482,-0.08747141140178102,-0.0010972983982762002,0.09991354782228058,0.10007072116436859
2022-11-10,positive,0.14578509087023134,0.15039294848749535,0.004607857617264011,0.8999658758531037,0.9000279289892752
2022-11-10,negative,0.0012562445789798889,-0.0007135103813871453,-0.001969754960367034,0.10019121090600187,0.0999921167280692
2022-11-11,positive,0.08110683256725956,0.08235471620946336,0.0012478836422037953,0.9001357466063349,0.8999195014544281
2022-11-11,negative,-0.03178739087330988,-0.035777717861806835,-0.003990326988496953,0.10019230769230769,0.0997842261904762
2022-11-14,positive,0.023989886025162006,0.027636241442575815,0.003646355417413809,0.8996830673758867,0.9001294527724049
2022-11-14,negative,-0.05246902302662569,-0.053885642370985476,-0.0014166193443597846,0.10021437782076079,0.0999863999032882
2022-11-15,positive,0.052820340543455434,0.054650698184829885,0.0018303576413744513,0.9000433553125335,0.8999592915728531
2022-11-15,negative,-0.024401371004918796,-0.025829177904028094,-0.0014278068991092976,0.10000341749758763,0.10001407204889032
2022-11-16,positive,0.012713472844934862,0.014531670010558434,0.0018181971656235727,0.8999149440137811,0.9001423207364342
2022-11-16,negative,-0.06598453972206599,-0.06716974578976807,-0.0011852060677020881,0.10006729112833763,0.09988893599267873
2022-11-17,positive,0.021642203256189846,0.023321981703834916,0.0016797784476450701,0.8998744070720136,0.9001680074924536
2022-11-17,negative,-0.044928501334829424,-0.05019947905988035,-0.005270977725050925,0.10018380767572228,0.0997957430465718
2022-11-18,positive,0.03343469223527444,0.03445445591567902,0.0010197636804045798,0.9000485594043381,0.8999566337541814
2022-11-18,negative,-0.03396813338718206,-0.03542240616494104,-0.0014542727777589748,0.10026815582173303,0.09976367756555518
2022-11-21,positive,0.023480431622518803,0.02770849842912308,0.0042280668066042755,0.8999600475110681,0.9000690395205702
2022-11-21,negative,-0.04483864804354489,-0.04493863878019061,-9.999073664571784e-05,0.09994671876687182,0.09999834656084657
2022-11-22,positive,0.04351965042028541,0.04717082441029036,0.0036511739900049467,0.8998357565966615,0.90015397819063
2022-11-22,negative,-0.020528980708541672,-0.020954565930823125,-0.0004255852222814528,0.1002137856758212,0.09981492326332794
2022-11-23,positive,0.03729916527075453,0.041849467671978044,0.004550302401223512,0.9000334412081985,0.8999874595469256
2022-11-23,negative,-0.021349553599347683,-0.021705530435126862,-0.0003559768357791794,0.10009115426105716,0.09994292745415319
2022-11-25,positive,0.02441982473716228,0.025867482059354973,0.0014476573221926942,0.9001009937351478,0.8999040019442642
2022-11-25,negative,-0.017402265455736515,-0.01835729619324023,-0.0009550307375037169,0.10016040181464678,0.09985961465759344
2022-11-28,positive,0.00825979224260566,0.011356537647164636,0.0030967454045589763,0.8996956384541808,0.900019657402203
2022-11-28,negative,-0.051471457278690194,-0.05328181355211814,-0.001810356273427946,0.0999452218244929,0.10005481207289293
2022-11-29,positive,0.032820439133110564,0.03711080085069398,0.004290361717583416,0.8996214339950104,0.9003422619047619
2022-11-29,negative,-0.025595629859505697,-0.026353876426463207,-0.0007582465669575093,0.10006454062262718,0.09994579808005208
2022-11-30,positive,0.06853129007904081,0.07168427535076312,0.0031529852717223084,0.8999663956639565,0.9000917344173441
2022-11-30,negative,-0.008561470345993732,-0.012213562273837509,-0.003652091927843777,0.10006529080675422,0.09992193819053577
2022-12-01,positive,0.038460173976006054,0.04064192263571048,0.0021817486597044272,0.8998794073112698,0.9001298196517414
2022-12-01,negative,-0.03492004697601718,-0.03669889307050804,-0.0017788460944908602,0.09992321003677265,0.10006992888816786
2022-12-02,positive,0.03969532189402851,0.043427970891422266,0.003732648997393756,0.8998220852260435,0.900182511356262
2022-12-02,negative,-0.023689161504403693,-0.024881210820449955,-0.0011920493160462627,0.10010545100584037,0.0999016804564136
2022-12-05,positive,0.008092777708507956,0.009492622752670663,0.0013998450441627067,0.8999066861408632,0.9004172800652231
2022-12-05,negative,-0.062280027721925,-0.06407469100161475,-0.0017946632796897524,0.10007356918749322,0.09992872984961593
2022-12-06,positive,0.013725712698873913,0.01584854883631648,0.0021228361374425655,0.8998892508143322,0.9001237106406081
2022-12-06,negative,-0.05514608379348655,-0.05537796190200134,-0.0002318781085147853,0.10001900108577633,0.10001387757871878
2022-12-07,positive,0.02578269147549936,0.03164777511279122,0.005865083637291858,0.8998991715718334,0.9000944244604318
2022-12-07,negative,-0.04235415714376782,-0.042332980925935945,2.1176217831875288e-05,0.10004741661216483,0.09996913832570306
2022-12-08,positive,0.04407480927547002,0.047021209927358185,0.0029464006518881633,0.9002029600609422,0.8998264569049951
2022-12-08,negative,-0.02473573525410975,-0.027705779314985517,-0.0029700440608757678,0.10007291326586135,0.09993041952334311
2022-12-09,positive,0.01839135179412398,0.018727148498516713,0.00033579670439273443,0.8999852066972076,0.8999839455170158
2022-12-09,negative,-0.04277571233524313,-0.04411494453698724,-0.0013392322017441102,0.10015106893542758,0.09986822371291447
2022-12-12,positive,0.04774338544822757,0.052561616785165355,0.0048182313369377824,0.899744305738064,0.900266028799825
2022-12-12,negative,-0.02324966529538527,-0.023969966993223228,-0.0007203016978379571,0.10006625054752519,0.09994319426193604
2022-12-13,positive,0.04203792907564047,0.0434911838534653,0.0014532547778248334,0.9001051593821886,0.8998783752327746
2022-12-13,negative,-0.028379537085662522,-0.028797358881756073,-0.00041782179609355097,0.10009913462591742,0.0999356104173513
2022-12-14,positive,0.024753428463459105,0.02789503119242439,0.0031416027289652843,0.9000103723113877,0.8999736256687412
2022-12-14,negative,-0.03476915805255225,-0.036218446120407796,-0.0014492880678555475,0.10017687520471667,0.0998626351130036
2022-12-15,positive,0.06720776663198413,0.010374210361834151,-0.05683355627014998,0.8998894337161474,0.9000124588057009
2022-12-15,negative,-0.05811846911824771,-0.0592118776569013,-0.001093408538653591,0.10018482064741907,0.0998050634295713
2022-12-16,positive,0.02409420949181215,0.032836901253735076,0.008742691761922928,0.9000224559097381,0.8999610444736554
2022-12-16,negative,-0.03954550947356559,-0.03845122969405383,0.0010942797795117573,0.09997316244933728,0.10005952869974806
2022-12-19,positive,0.018137433248443892,0.028827797680555066,0.010690364432111174,0.8999487682581208,0.9000462925114453
2022-12-19,negative,-0.06199388184201774,-0.0638135291516004,-0.0018196473095826657,0.10018748637453674,0.09982709287115762
2022-12-20,positive,0.03711835998132051,0.03715094595998377,3.258597866326318e-05,0.9000413402959093,0.8999439390230635
2022-12-20,negative,-0.027022118212723316,-0.030043699925630118,-0.003021581712906802,0.10018820713664056,0.09982104003481289
2022-12-21,positive,0.045917969336166306,0.049476944312235614,0.003558974976069308,0.8997579416884248,0.9002775511314185
2022-12-21,negative,-0.013850659912272884,-0.017026014348676254,-0.00317535443640337,0.09997084421235856,0.09935320533741715
2022-12-22,positive,0.015228370420215987,0.015957599172579266,0.0007292287523632795,0.9000437158469945,0.9000925546448088
2022-12-22,negative,-0.04608090817046363,-0.046767861065733836,-0.0006869528952702028,0.10001366120218577,0.10014655054644808
2022-12-23,positive,0.031520550971635274,0.032509455237161665,0.0009889042655263913,0.8998876320374605,0.9000883085592942
2022-12-23,negative,-0.027927450400470132,-0.03326015363575634,-0.005332703235286205,0.10019819231188065,0.09981000898399214
2022-12-27,positive,0.01968770366013331,0.021892410571126113,0.0022047069109928027,0.9000874116367591,0.8999470500271889
2022-12-27,negative,-0.04962767745052663,-0.05113917566581957,-0.0015114982152929363,0.09997281131049485,0.10003534529635671
2022-12-28,positive,0.019665621495106374,0.019145251348703395,-0.0005203701464029792,0.9000733557130424,0.9003240686777323
2022-12-28,negative,-0.041310502984575934,-0.04284492847530931,-0.0015344254907333765,0.10012021322889468,0.09988668815274152
2022-12-29,positive,0.0692805464991177,0.07427728506925994,0.0049967385701422395,0.8999284552845529,0.9001302168021681
2022-12-29,negative,-0.001696105838318452,-0.0021057439059894412,-0.0004096380676709892,0.09994037940379405,0.10013871951219513
2022-12-30,positive,0.029919657549537227,0.03591319138574122,0.005993533836203994,0.8999929470486112,0.9000216674804689
2022-12-30,negative,-0.01947482948996686,-0.020209857966458154,-0.000735028476491293,0.09999782986111112,0.1000063747829861
2023-01-03,positive,0.03388624504061074,0.03561785656395206,0.0017316115233413226,0.8998525745257453,0.900209620596206
2023-01-03,negative,-0.05048921718793372,-0.04972756433646972,0.0007616528514639981,0.09989268292682926,0.10018401084010839
2023-01-04,positive,0.06084989399709038,0.06339969943924315,0.002549805442152768,0.8997835007018681,0.9002354969765684
2023-01-04,negative,-0.018426196289422984,-0.02341750500503076,-0.004991308715607774,0.09997192527804773,0.10001113540654358
2023-01-05,positive,0.024248200654720213,0.02671480068860647,0.0024666000338862577,0.8998352775977534,0.900159017876431
2023-01-05,negative,-0.052557832939608085,-0.05225901725461888,0.00029881568498920513,0.0999713085979693,0.1000785469323828
2023-01-06,positive,0.0529687233361816,0.05821170964220716,0.005242986306025564,0.8999433255300829,0.9001464118501776
2023-01-06,negative,-0.018631976016280943,-0.01822629189424989,0.00040568412203105184,0.10011662389748992,0.10000052576347229
2023-01-09,positive,0.049174601420827906,0.05912534740168805,0.009950745980860147,0.8999137584432294,0.9000874477323899
2023-01-09,negative,-0.034479186634381084,-0.03521040117730465,-0.0007312145429235681,0.09999798970730138,0.10002010292698618
2023-01-10,positive,0.05464944961087731,0.0588937763004308,0.00424432668955349,0.8999041333333333,0.9001265
2023-01-10,negative,-0.017484143749389804,-0.01903556581002159,-0.0015514220606317845,0.09982669999999999,0.10024549999999999
2023-01-11,positive,0.04978039481872337,0.05906313746098148,0.009282742642258104,0.900002829711303,0.8999990012783636
2023-01-11,negative,-0.02178819997080568,-0.021512172812524107,0.0002760271582815735,0.10012597208905934,0.09989663231064237
2023-01-12,positive,0.053763062393788565,0.061043140639927926,0.007280078246139361,0.8999975388463175,0.9000199553001279
2023-01-12,negative,-0.017180017428084636,-0.01845070291277423,-0.0012706854846895946,0.09972494944657302,0.1002644077266922
2023-01-13,positive,0.03904663631020801,0.041096461514977575,0.0020498252047695675,0.8999590916347383,0.9000553759578546
2023-01-13,negative,-0.021559857559170614,-0.02153416601397386,2.5691545196753623e-05,0.09990045631119625,0.10009428879310345
2023-01-17,positive,0.03466200168383596,0.03673283574765734,0.0020708340638213793,0.8996222669964892,0.9004518432812001
2023-01-17,negative,-0.03154604108436245,-0.032667613707136986,-0.0011215726227745346,0.09999527875305883,0.0999376595914459
2023-01-18,positive,0.013568265857373429,0.016374001150711526,0.002805735293338097,0.899868182303341,0.9002672094756028
2023-01-18,negative,-0.052445711038764366,-0.053511936168124816,-0.00106622512936045,0.1002022627815135,0.09981338056356068
2023-01-19,positive,0.020803380377998476,0.022186468616343605,0.0013830882383451294,0.8998446601941748,0.900162216828479
2023-01-19,negative,-0.04373895668826937,-0.045016164368697806,-0.0012772076804284382,0.1002076591154261,0.09983262540453072
2023-01-20,positive,0.055943089005594304,0.061007391505149874,0.00506430249955557,0.9001164117015567,0.8999084138486312
2023-01-20,negative,-0.00992207449113684,-0.010214680278102758,-0.0002926057869659174,0.09959359903381643,0.0997720023535241
2023-01-23,positive,0.052088303920324784,0.0582741454160141,0.0061858414956893135,0.899972092836492,0.9000135520398329
2023-01-23,negative,-0.01734508684507956,-0.018837869347527996,-0.001492782502448435,0.10003459952885749,0.10000100385480244
2023-01-24,positive,0.028167886120552005,0.030138238051727783,0.0019703519311757775,0.9000842312640721,0.8999506808191272
2023-01-24,negative,-0.034085358675924535,-0.03666315130246269,-0.002577792626538157,0.09998666505843251,0.10002663637825668
2023-01-25,positive,0.032396548189442806,0.03506825061493229,0.002671702425489482,0.8998561763129691,0.9001512258842445
2023-01-25,negative,-0.02819525127338292,-0.02846381136014261,-0.00026856008675968726,0.10028131698821008,0.09976587620578778
2023-01-26,positive,0.03894290126460908,0.04126259815322529,0.0023196968886162114,0.8997887163394488,0.900168973286128
2023-01-26,negative,-0.02745547877111413,-0.02860927262425139,-0.0011537938531372624,0.10001458400386225,0.10003218538783391
2023-01-27,positive,0.04691371947524995,0.05028674523783927,0.00337302576258932,0.900117559046703,0.8998937960884899
2023-01-27,negative,-0.027101234305593164,-0.026919061597789007,0.00018217270780415684,0.09991370097253392,0.10009568371272844
2023-01-30,positive,0.014238086565245101,0.01770487303555769,0.0034667864703125904,0.9000159124946512,0.8999899711168163
2023-01-30,negative,-0.04745116004854422,-0.050164391362846464,-0.0027132313143022405,0.09990017918271289,0.10010881338254174
2023-01-31,positive,0.05480407100016001,0.07750321009079424,0.02269913909063423,0.9000326621477936,0.8999681020733652
2023-01-31,negative,-0.007684446243796094,-0.008992607664930943,-0.0013081614211348496,0.09961703110271222,0.10026251708817498
2023-02-01,positive,0.05359853674709871,0.06014116434532073,0.006542627598222016,0.8998313176320814,0.9001815125716105
2023-02-01,negative,-0.01945156358794128,-0.019344180427535405,0.00010738316040587517,0.09978523498833015,0.10021234484404837
2023-02-02,positive,0.071983826770747,0.07370366967949192,0.0017198429087449257,0.8998563672780941,0.9001507155281467
2023-02-02,negative,-0.027991445715897744,-0.02858135679496963,-0.0005899110790718864,0.09988021821631879,0.1000884527197976
2023-02-03,positive,0.026612927672819496,0.034422132577513066,0.00780920490469357,0.8998365536277604,0.9001749802839116
2023-02-03,negative,-0.0469428496922451,-0.04987821409232386,-0.0029353644000787577,0.10006792192429022,0.09997190457413249
2023-02-06,positive,0.01774610560688082,0.023648197276595565,0.005902091669714744,0.8996734376646642,0.9003339392981348
2023-02-06,negative,-0.04528256038534352,-0.04827691212184096,-0.0029943517364974387,0.10020082463905573,0.09980289677521341
2023-02-07,positive,0.04002187758553815,0.043048736734956766,0.003026859149418616,0.9000287174623247,0.8999896261460639
2023-02-07,negative,-0.027983255553150205,-0.02911545856638596,-0.0011322030132357545,0.10007189245442091,0.0999308409737591
2023-02-08,positive,0.015281071814282367,0.019037415190656836,0.0037563433763744686,0.9001999088369462,0.900072639943074
2023-02-08,negative,-0.050270138870066525,-0.05232260705860119,-0.002052468188534662,0.10027020082226439,0.0997381008855155
2023-02-09,positive,0.015938441647422717,0.019336122185221922,0.0033976805377992046,0.8997805907172994,0.900426945483314
2023-02-09,negative,-0.058258539471491955,-0.05757046688091551,0.0006880725905764468,0.10002709651898734,0.10003461234177213
2023-02-10,positive,0.034641454373610894,0.038722617871359354,0.004081163497748459,0.8997272643204397,0.9002467105263158
2023-02-10,negative,-0.0395297725820699,-0.043089948250256985,-0.0035601756681870877,0.1001230249947157,0.09991033211794545
2023-02-13,positive,0.03866029396406551,0.04471570924956586,0.006055415285500347,0.8998167432161335,0.9002068815331011
2023-02-13,negative,-0.02269043698501947,-0.025020968760066025,-0.002330531775046555,0.09997729912364059,0.10000395945517897
2023-02-14,positive,0.03699410866237568,0.03946479247604469,0.0024706838136690085,0.8999417048929663,0.9000687084783296
2023-02-14,negative,-0.02805303562295174,-0.02972361060304,-0.0016705749800882616,0.09995294210692819,0.10004943055994939
2023-02-15,positive,0.05428936617958531,0.05836633344971674,0.004076967270131432,0.8996893500898615,0.9002859379955599
2023-02-15,negative,-0.019913012880136575,-0.022697399487059122,-0.0027843866069225467,0.09992593033090177,0.10009861639708215
2023-02-16,positive,0.022257540613541613,0.02649061493916307,0.004233074325621457,0.8997821216459856,0.9001943803690743
2023-02-16,negative,-0.04834391816329318,-0.04950227766055412,-0.0011583594972609454,0.10007099109131405,0.09993331157630089
2023-02-17,positive,0.03377848818879793,0.03762649458716095,0.0038480063983630172,0.899871251326964,0.9001706807324841
2023-02-17,negative,-0.03804597913426764,-0.040476450555045417,-0.0024304714207777772,0.10010678742038218,0.09993182722929936
2023-02-21,positive,0.004399283973626629,0.006224226516778305,0.001824942543151676,0.8998429522973836,0.9001381022654755
2023-02-21,negative,-0.07206555961786479,-0.07360516826325336,-0.0015396086453885738,0.10006311821952778,0.10000299138481175
2023-02-22,positive,0.03361455790891233,0.03486951582001305,0.0012549579111007167,0.8997917333546734,0.9002180697823304
2023-02-22,negative,-0.029742826830418827,-0.02851618796772289,0.0012266388626959376,0.09976952624839949,0.10021756962227912
2023-02-23,positive,0.04200229469262344,0.04402694090698995,0.0020246462143665087,0.8997150559105431,0.9002885383386584
2023-02-23,negative,-0.031824491532578894,-0.03286328151743911,-0.0010387899848602125,0.09998429179978702,0.10004892172523963
2023-02-24,positive,0.02002182101162666,0.02398595838899546,0.003964137377368799,0.8996300448430496,0.900366852178091
2023-02-24,negative,-0.050308077757620986,-0.054741707226989386,-0.0044336294693684,0.10003049594277172,0.09997547645739908
2023-02-27,positive,0.033190326140063106,0.03442857402590176,0.0012382478858386572,0.8999118846976992,0.9000536048689138
2023-02-27,negative,-0.02508403649078521,-0.025919230382900487,-0.0008351938921152754,0.09989031567683253,0.10011888041733548
2023-02-28,positive,0.03326442148424598,0.03949179296484613,0.006227371480600152,0.8997026296058269,0.900269621625964
2023-02-28,negative,-0.030243306516911744,-0.03218110136842397,-0.001937794851512225,0.10005881132176522,0.09997740600899743
2023-03-01,positive,0.039321349427209704,0.04821935784739321,0.008898008420183505,0.8998153363373028,0.9001438284518828
2023-03-01,negative,-0.04194208327907596,-0.04571709668745591,-0.0037750134083799486,0.1001143587061474,0.09990864043557558
2023-03-02,positive,0.0382112679483904,0.04029083640093041,0.0020795684525400093,0.8998535271943995,0.9001373182552503
2023-03-02,negative,-0.03016961893238567,-0.03425383824951238,-0.004084219317126707,0.0998099084544965,0.10018999057619818
2023-03-03,positive,0.04842446010710642,0.0539490223869122,0.0055245622798057795,0.8996760531135533,0.9003237112152552
2023-03-03,negative,-0.012322480691033585,-0.015477568450919216,-0.003155087759885631,0.10004440237633516,0.09989354395604397
2023-03-06,positive,0.021265748698263958,0.025000288397405635,0.003734539699141677,0.8998576705780096,0.900139715069535
2023-03-06,negative,-0.04920965770795801,-0.05036710567149252,-0.001157447963534508,0.09997847403302912,0.10005439211212516
2023-03-07,positive,0.01846899774079957,0.024515445089014744,0.006046447348215175,0.8999705978438419,0.9000403599041708
2023-03-07,negative,-0.04357446579354174,-0.044903856636462666,-0.0013293908429209272,0.09971741261025809,0.10026880512904279
2023-03-08,positive,0.029244107268222463,0.03412494135617709,0.004880834087954623,0.9000757575757575,0.899927274089819
2023-03-08,negative,-0.030418313388815073,-0.031866311495090956,-0.0014479981062758829,0.10000981033355134,0.10000504142140834
2023-03-09,positive,0.0037434710927389584,0.0061793392141176766,0.002435868121378718,0.8998752559953725,0.9002168388284403
2023-03-09,negative,-0.0690414570799038,-0.07078555561234123,-0.001744098532437427,0.09997811337272929,0.10000574523965858
2023-03-10,positive,0.0025726531148724903,0.005469438043652072,0.0028967849287795814,0.8999581968921172,0.900218991873065
2023-03-10,negative,-0.07380855304053793,-0.07554183572325367,-0.0017332826827157338,0.10014747807017543,0.09992029879385964
2023-03-13,positive,0.03881577162408122,0.04788279249784335,0.009067020873762127,0.9000852738602821,0.9000152714004592
2023-03-13,negative,-0.07009138070139845,-0.07423732326996536,-0.0041459425685669155,0.09997212200721547,0.09993993932436865
2023-03-14,positive,0.05344841262286685,0.055044963977291306,0.0015965513544244567,0.8999058042034195,0.9001041666666667
2023-03-14,negative,-0.02117394532977892,-0.022109793273522325,-0.0009358479437434064,0.0999346618752042,0.10006612082108243
2023-03-15,positive,0.021077648667890435,0.0214392734730428,0.0003616248051523663,0.9000360537528678,0.8998837129902764
2023-03-15,negative,-0.0607308123541334,-0.06267945402718271,-0.0019486416730493117,0.09995957609526931,0.10014175680104882
2023-03-16,positive,0.049350500346895664,0.050741738887016066,0.0013912385401204028,0.8999438447279469,0.9000835854868606
2023-03-16,negative,-0.022853360134491317,-0.024804321192312427,-0.00195096105782111,0.10010740377276198,0.0998792048304438
2023-03-17,positive,0.011243375388481597,0.012935256511814052,0.0016918811233324546,0.9000539738495703,0.9001905329170775
2023-03-17,negative,-0.061828402194292434,-0.06131748777802467,0.0005109144162677645,0.099970971628875,0.10006658040311096
2023-03-20,positive,0.03850568688329207,0.03817338919665826,-0.0003322976866338076,0.9001538040503558,0.8998469143404486
2023-03-20,negative,-0.030326030379599234,-0.03184413288195799,-0.0015181025023587556,0.10010016420361248,0.09991495621237001
2023-03-21,positive,0.06208649561078171,0.06357577271691117,0.0014892771061294635,0.9001288934426228,0.8999961748633879
2023-03-21,negative,-0.013765883788180583,-0.014707748802749826,-0.0009418650145692434,0.10052245641425969,0.10007145326212949
2023-03-22,positive,0.0040017535539716865,0.005749739055823747,0.0017479855018520604,0.9001746219801605,0.9000874816655191
2023-03-22,negative,-0.06049099297699303,-0.059573425844482344,0.0009175671325106841,0.10006530567445945,0.09995692020634397
2023-03-23,positive,0.0273339350135418,0.031571230719267006,0.004237295705725206,0.8998082054179616,0.9001703609096902
2023-03-23,negative,-0.037847159478626914,-0.03871424625754377,-0.0008670867789168576,0.10013238848604702,0.09993459541858932
2023-03-24,positive,0.0371907959565671,0.037194550438658915,3.754482091812561e-06,0.8999830378638652,0.9000477402057342
2023-03-24,negative,-0.025109083137819933,-0.02806426348631024,-0.0029551803484903078,0.09978441672138323,0.10019479098270956
2023-03-27,positive,0.037515148455268,0.04043195266810794,0.002916804212839935,0.8998619749045282,0.9001318876159303
2023-03-27,negative,-0.01829499151112767,-0.01898894151268854,-0.0006939500015608682,0.10025804691762137,0.09976415030005456
2023-03-28,positive,0.02547216043727668,0.03225633801545184,0.006784177578175156,0.8996159729050583,0.9002928001748061
2023-03-28,negative,-0.031439621218320175,-0.03181892235261901,-0.0003793011342988345,0.10016388069485416,0.09997688599366328
2023-03-29,positive,0.04759825923085524,0.048563331001706324,0.0009650717708510823,0.8997940565934666,0.9001173454058777
2023-03-29,negative,-0.012389479891873412,-0.013458014444478356,-0.001068534552604944,0.09999828315462533,0.10006220638042171
2023-03-30,positive,0.02615630235828993,0.03014717759753819,0.0039908752392482615,0.9000120100447649,0.8999738645048586
2023-03-30,negative,-0.030314430509608598,-0.03295581181493016,-0.0026413813053215614,0.10010918222513374,0.09991828392837646
2023-03-31,positive,0.05015561295991566,0.05404145472855948,0.0038858417686438163,0.899896276886123,0.9000788159187684
2023-03-31,negative,-0.008199553189250457,-0.0103334639630017,-0.002133910773751243,0.10026312916257234,0.09977191150780654
2023-04-03,positive,0.03662206589562398,0.04494447709474304,0.008322411199119063,0.8998229847494553,0.900216333061002
2023-04-03,negative,-0.032527568501185114,-0.03356588165666337,-0.0010383131554782543,0.09989596949891068,0.1001653390522876
2023-04-04,positive,0.014391782476103376,0.017801745266480283,0.003409962790376907,0.9001197474417593,0.8999056308512954
2023-04-04,negative,-0.05233131924134367,-0.05565728404227248,-0.00332596480092881,0.09997387328543436,0.1000208197256695
2023-04-05,positive,0.019882322552607974,0.023306149116871296,0.0034238265642633214,0.9000016404199476,0.9000303819444445
2023-04-05,negative,-0.04780185228403079,-0.04813868275477489,-0.0003368304707440997,0.1000191382327209,0.09996623468941383
2023-04-06,positive,0.030174752801415395,0.03395902842864363,0.0037842756272282348,0.8999061647572286,0.9000910733769777
2023-04-06,negative,-0.023247668620391532,-0.023501007410329715,-0.0002533387899381831,0.10014129841789417,0.09987438625204584
2023-04-10,positive,0.04067765025125747,0.04890873387574382,0.008231083624486352,0.8999699945444627,0.9000288802509548
2023-04-10,negative,-0.01881932293306596,-0.019905759836335614,-0.0010864369032696532,0.10001036552100381,0.10000433033278777
2023-04-11,positive,0.04008153466507123,0.04271393603121667,0.00263240136614544,0.8998205715532286,0.9001702593259162
2023-04-11,negative,-0.017085073384519,-0.02021881843363408,-0.0031337450491150803,0.10024432809773125,0.09977550992582898
2023-04-12,positive,0.018947724143054213,0.024510045065648738,0.005562320922594524,0.8999928938449765,0.9001023217994973
2023-04-12,negative,-0.04110059337093589,-0.04197546023417532,-0.0008748668632394263,0.09998414780802449,0.09993208155679459
2023-04-13,positive,0.04857700385873013,0.06482006479666104,0.01624306093793091,0.8997941240716472,0.9001788103429446
2023-04-13,negative,-0.01562116903867736,-0.015301494085147065,0.00031967495353029535,0.10015126692878988,0.09988255652031455
2023-04-14,positive,0.017350185595818166,0.022073028808911745,0.004722843213093578,0.9001184600197434,0.8998807858944827
2023-04-14,negative,-0.03812031334284369,-0.04211034596022117,-0.00399003261737748,0.10010584622134475,0.09984962844137327
2023-04-17,positive,0.04552141217404485,0.04864166998271322,0.0031202578086683697,0.8998780085723708,0.9001675664908232
2023-04-17,negative,-0.02167201173367046,-0.023737154880942347,-0.0020651431472718876,0.10011924387295308,0.09982089377953621
2023-04-18,positive,0.026291916070364962,0.03255484589324927,0.00626292982288431,0.899898839137645,0.900113633222775
2023-04-18,negative,-0.03531398868660808,-0.036848113019249784,-0.0015341243326417037,0.0998700939745716,0.10011349502487563
2023-04-19,positive,0.031412239680221936,0.03486218284497705,0.0034499431647551163,0.8999387214309374,0.9000610025394723
2023-04-19,negative,-0.0315130825842259,-0.03373187998514548,-0.002218797400919577,0.10018549188473003,0.09983693551948768
2023-04-20,positive,0.019618383937319205,0.02085340760759686,0.0012350236702776546,0.8998624972277668,0.9001013251275225
2023-04-20,negative,-0.040136550061605006,-0.042507574865993034,-0.0023710248043880278,0.09981592370813928,0.10023286759813706
2023-04-21,positive,0.0318140922905767,0.03480665384578151,0.0029925615552048104,0.8996151282905698,0.9001312062645785
2023-04-21,negative,-0.03161273580316534,-0.032039655507095234,-0.00042691970392989137,0.10003665444851714,0.10022992335888037
2023-04-24,positive,0.02579708586361864,0.02938130862466099,0.003584222761042352,0.8999070983533599,0.9001596573208721
2023-04-24,negative,-0.03738198113870928,-0.03693495663921759,0.00044702449949169526,0.0998312829804819,0.10008351412995105
2023-04-25,positive,0.00787824677054288,0.012662697993392766,0.0047844512228498864,0.9000863834073953,0.9002341123891313
2023-04-25,negative,-0.06368603229528211,-0.06623355768392095,-0.0025475253886388383,0.0999947320530626,0.10000841574477597
2023-04-26,positive,0.024810525149098806,0.027431939190288097,0.0026214140411892906,0.8998992950654582,0.9001057401812689
2023-04-26,negative,-0.042231548860446014,-0.04285876658860807,-0.0006272177281620578,0.09999684298022667,0.09998468445787176
2023-04-27,positive,0.04865458756045367,0.056304097658503936,0.0076495100980502675,0.8998428889950627,0.9001722408026754
2023-04-27,negative,-0.023910100707038633,-0.026484013742763202,-0.0025739130357245697,0.1001716833890747,0.0998623188405797
2023-04-28,positive,0.04331788690915666,0.05920568131142081,0.01588779440226415,0.8999073543913223,0.9001441772433756
2023-04-28,negative,-0.023082661889477933,-0.023971985002292397,-0.0008893231128144635,0.10007037885294398,0.09989924293030505
2023-05-01,positive,0.037685371582544556,0.04298863289250386,0.005303261309959305,0.8999223774672878,0.900041722111333
2023-05-01,negative,-0.03516798008396589,-0.038802587102188764,-0.0036346070182228726,0.10007928587269906,0.0999677727877578
2023-05-02,positive,0.018228517673477426,0.018836047934975748,0.0006075302614983215,0.899962922208401,0.9000379549006474
2023-05-02,negative,-0.06773461765534046,-0.07010628481279273,-0.0023716671574522674,0.10003835358657864,0.09997767358785445
2023-05-03,positive,0.05019659504447051,0.055366307886921484,0.005169712842450977,0.8998557408912043,0.9001472064235531
2023-05-03,negative,-0.040686057940105956,-0.039753606122526715,0.0009324518175792412,0.1002576908983734,0.09976190476190476
2023-05-04,positive,0.03725300922869037,0.03910868373923523,0.001855674510544858,0.8997339170095364,0.9002651261442288
2023-05-04,negative,-0.06479993623574595,-0.0683929338892466,-0.003592997653500643,0.10015465027270118,0.0998312262781871
2023-05-05,positive,0.0706144658574834,0.07896224386041809,0.00834777800293468,0.899982263607139,0.8999810857998005
2023-05-05,negative,-0.019430828062806278,-0.021617204107878974,-0.002186376045072696,0.10008757343975169,0.099963418689724
2023-05-08,positive,0.03798747271189631,0.04979975241120908,0.011812279699312776,0.8999468438538207,0.9000690753045404
2023-05-08,negative,-0.034928637098656734,-0.034374110007521615,0.0005545270911351194,0.10006755260243631,0.09996362818383166
2023-05-09,positive,0.034373738624514615,0.037200315352557564,0.0028265767280429496,0.8996966180371354,0.9002964052829355
2023-05-09,negative,-0.04237759573529493,-0.044630440358822965,-0.0022528446235280317,0.10006133952254644,0.0999542025862069
2023-05-10,positive,0.046337200080625945,0.051522250900341404,0.005185050819715459,0.900039827414537,0.8999409848987721
2023-05-10,negative,-0.03923630316451033,-0.03852547707425154,0.0007108260902587912,0.10005144374377697,0.09998005172032302
2023-05-11,positive,0.02842395740527117,0.03254865520619935,0.0041246978009281815,0.8999225578050669,0.9000570099015379
2023-05-11,negative,-0.04410396963220646,-0.04600288182540314,-0.0018989121931966765,0.10008629273149687,0.09994337039495521
2023-05-12,positive,0.024355861323796444,0.0290091772466206,0.0046533159228241555,0.899769409422694,0.90024175376023
2023-05-12,negative,-0.04027991172933362,-0.04012706617997547,0.00015284554935815486,0.10006746295067463,0.09993008322273833
2023-05-15,positive,0.05276943260403745,0.058414331925954396,0.005644899321916946,0.8999623602346951,0.9000489178567476
2023-05-15,negative,-0.019626515357621836,-0.020506714144962,-0.000880198787340164,0.10016937894387248,0.09983318111369424
2023-05-16,positive,0.017441409175423722,0.023522387322791605,0.0060809781473678826,0.899796930563354,0.9003447001599374
2023-05-16,negative,-0.05119261209616562,-0.05323600732073745,-0.00204339522457183,0.10007022782570227,0.09993146566025217
2023-05-17,positive,0.06470279438694986,0.0693139195708404,0.004611125183890549,0.8999266247379453,0.9000850987531722
2023-05-17,negative,-0.015084401366032707,-0.016244374436379595,-0.001159973070346888,0.1003095001655081,0.10002510206333441
2023-05-18,positive,0.04184663584283388,0.04365140527284372,0.001804769430009838,0.9000319348089416,0.8999700955291269
2023-05-18,negative,-0.02642903563413316,-0.027666110246737326,-0.0012370746126041665,0.09998898799691662,0.10002911298315162
2023-05-19,positive,0.026952375599153866,0.02785566657247701,0.0009032909733231453,0.8997251539138083,0.9002820607959542
2023-05-19,negative,-0.03704764414485861,-0.03818181727046575,-0.001134173125607138,0.09998405892700088,0.1000152883135444
2023-05-22,positive,0.05493087354191214,0.05627854218326237,0.0013476686413502331,0.8999417326297273,0.9000439410180299
2023-05-22,negative,-0.02101368411748327,-0.020270887321516023,0.0007427967959672474,0.09991534740545294,0.10008334707563767
2023-05-23,positive,0.027001175349161206,0.027233061258204745,0.00023188590904353948,0.9000582097748488,0.8999361614497529
2023-05-23,negative,-0.036434856790722926,-0.036888419802729236,-0.0004535630120063097,0.10006150466776495,0.09995637699066448
2023-05-24,positive,0.0153500992012295,0.018724110638537655,0.0033740114373081546,0.9001134347573517,0.9002201527247893
2023-05-24,negative,-0.043647169656779373,-0.045274998307172985,-0.0016278286503936118,0.09988130563798218,0.1000501772172766
2023-05-25,positive,0.025418802863382172,0.029495303491879836,0.004076500628497664,0.8997022428460942,0.9002533214561927
2023-05-25,negative,-0.05054569739756816,-0.05111861831640152,-0.0005729209188333612,0.09990024780213709,0.10011832256104299
2023-05-26,positive,0.044966515985386306,0.048713289261512464,0.0037467732761261585,0.8999045885726892,0.9001109916170306
2023-05-26,negative,-0.02192478894464841,-0.023398369265847246,-0.001473580321198837,0.1000490844915067,0.09995043293624531
2023-05-30,positive,0.03416467184173329,0.03686915863046058,0.002704486788727291,0.9001017474010176,0.8999143579960185
2023-05-30,negative,-0.035010014456251695,-0.0346719074314151,0.00033810702483659527,0.09994359654943596,0.10005350033178499
2023-05-31,positive,0.029123791753068708,0.02972802977619743,0.0006042380231287212,0.9000188386524822,0.899946254432624
2023-05-31,negative,-0.04542119341887703,-0.04638570711483109,-0.0009645136959540584,0.09989306294326242,0.1001565270390071
2023-06-01,positive,0.04545759454497837,0.052167142334155356,0.006709547789176984,0.8999745293466225,0.9000433970099667
2023-06-01,negative,-0.023144330073103993,-0.023491775164074184,-0.0003474450909701915,0.10010354374307864,0.09992697951273533
2023-06-02,positive,0.07216267469437344,0.07607130455292954,0.003908629858556098,0.8999432694426085,0.9000537012557832
2023-06-02,negative,-0.008349983186387838,-0.009895749132378607,-0.0015457659459907694,0.09998312014825758,0.1001593940478813
2023-06-05,positive,0.025235330890570007,0.028345762316463206,0.0031104314258931995,0.8998448332783099,0.9001483575437437
2023-06-05,negative,-0.04045724328401053,-0.044104243730092106,-0.003647000446081579,0.10004566963794433,0.09996973698690437
2023-06-06,positive,0.0625060329857989,0.06496345475198795,0.002457421766189044,0.899848684934522,0.9001428895675142
2023-06-06,negative,-0.01241978752683797,-0.013920422525342962,-0.0015006349985049912,0.09985019808517662,0.09983295406310429
2023-06-07,positive,0.05036521051643204,0.05345925192296537,0.0030940414065333335,0.8999835092348285,0.9000335655782761
2023-06-07,negative,-0.027625842046519307,-0.03000847968112949,-0.002382637634610184,0.09997196569920845,0.10002569810905892
2023-06-08,positive,0.02719421622722746,0.029201475555031463,0.0020072593278040035,0.8999802241265655,0.8999710915183476
2023-06-08,negative,-0.03293931165956961,-0.03423317684557962,-0.0012938651860100042,0.1001345858053175,0.09997081685343881
2023-06-09,positive,0.02036376703884942,0.02258442152537979,0.002220654486530367,0.9000922874093605,0.899857792243463
2023-06-09,negative,-0.03604739573163794,-0.037499136993717735,-0.0014517412620797948,0.10011535926170072,0.09995272330257085
2023-06-12,positive,0.042274617629624645,0.04443390745201861,0.002159289822393967,0.8997743284896522,0.9002201673271687
2023-06-12,negative,-0.026301080906604008,-0.026581024734884013,-0.00027994382828000486,0.09999449581682078,0.10002328957507707
2023-06-13,positive,0.04861397334980123,0.05099341051231403,0.0023794371625128,0.8997610435163873,0.9002532746903432
2023-06-13,negative,-0.015523898723022067,-0.018081197676403878,-0.0025572989533818105,0.09993697248712045,0.10005439548394168
2023-06-14,positive,0.02204938604383233,0.027374410103409585,0.005325024059577254,0.8997915291529154,0.9002216721672169
2023-06-14,negative,-0.0426684741929043,-0.04384530701053765,-0.0011768328176333456,0.10026017601760176,0.09978320957095708
2023-06-15,positive,0.03996713013334265,0.040080919601600005,0.00011378946825735259,0.900169631093544,0.8998355841018885
2023-06-15,negative,-0.01847099715706937,-0.020798353194927947,-0.0023273560378585766,0.1000532498902064,0.09996589536671058
2023-06-16,positive,0.02112530671139332,0.024213008206242188,0.0030877014948488685,0.8998406943528895,0.9001033083388267
2023-06-16,negative,-0.03791114157443097,-0.03998780704051329,-0.002076665466082317,0.10009668204790154,0.0999756921555702
2023-06-20,positive,0.031299812064245126,0.03645685200901686,0.005157039944771735,0.900231451083388,0.8998058929743925
2023-06-20,negative,-0.03923441528892318,-0.04295608969335193,-0.0037216744044287486,0.10016907419566642,0.09981854618078355
2023-06-21,positive,0.02637006958784341,0.029435506177601305,0.0030654365897578965,0.8999005790451218,0.9000163880694853
2023-06-21,negative,-0.036494552885911274,-0.038270983613244595,-0.001776430727333321,0.10007265377471868,0.10003031792854802
2023-06-22,positive,0.021264515209193344,0.024224697761351534,0.0029601825521581894,0.8999120218579236,0.9002252049180328
2023-06-22,negative,-0.03765436595031757,-0.04003322156495142,-0.00237885561463385,0.0999983606557377,0.10016215846994539
2023-06-23,positive,0.014239453220194534,0.015874078455308385,0.001634625235113851,0.9000741591049888,0.9002166466236654
2023-06-23,negative,-0.04473127069159101,-0.04561890276590961,-0.0008876320743185992,0.09996993549797747,0.09991421367661528
2023-06-26,positive,0.03214661366078433,0.040199740823300176,0.008053127162515848,0.8997816608354536,0.9002236402671754
2023-06-26,negative,-0.041331909151083736,-0.043374479156556935,-0.0020425700054731988,0.09980727178753182,0.10017841523536897
2023-06-27,positive,0.04646205694814222,0.047567610917340165,0.0011055539691979463,0.8998640615091947,0.9001193920418518
2023-06-27,negative,-0.021336341390204384,-0.024820914692188938,-0.003484573301984553,0.10016011414077361,0.09984543436905516
2023-06-28,positive,0.039058574109113495,0.04161282323164571,0.002554249122532215,0.8999571194849061,0.9000489827422419
2023-06-28,negative,-0.02434137570037101,-0.02531380289271663,-0.00097242719234562,0.09988616872493139,0.10012765199493352
2023-06-29,positive,0.03851084463342857,0.04126571903608596,0.002754874402657391,0.8996575874973646,0.9003508459835547
2023-06-29,negative,-0.02373056733862547,-0.02673595079623168,-0.0030053834576062102,0.1001810233502003,0.09983149509803921
2023-06-30,positive,0.03186282123946301,0.032815592243471255,0.0009527710040082432,0.8998472727033292,0.9001609908343868
2023-06-30,negative,-0.021781712199972537,-0.02254974295606043,-0.0007680307560878931,0.0998163255899705,0.10018123814791405
2023-07-03,positive,0.03406039510783108,0.03739300274016303,0.003332607632331952,0.8998574734406228,0.9001444659198483
2023-07-03,negative,-0.02126104014127584,-0.022907957383081812,-0.0016469172418059723,0.10012599268959714,0.09989497869990532
2023-07-05,positive,0.021012011934529902,0.026263092585708726,0.005251080651178824,0.9000749326892621,0.8999589206525183
2023-07-05,negative,-0.03927920309149602,-0.04022750067545813,-0.0009482975839621155,0.10007760532150775,0.09990992239467847
2023-07-06,positive,0.01093848536168075,0.012928017762171378,0.0019895324004906272,0.8999158359597887,0.8998159566459302
2023-07-06,negative,-0.04439990593326256,-0.046580622529053026,-0.002180716595790465,0.09981462706743002,0.10018586991094147
2023-07-07,positive,0.04794913066581517,0.05037036867883297,0.0024212380130177943,0.8997991000634314,0.9001784015223597
2023-07-07,negative,-0.016131434733303484,-0.01613579084317229,-4.356109868805524e-06,0.09989404931810975,0.10013974785918174
2023-07-10,positive,0.0517907317181497,0.05452015425150274,0.0027294225333530375,0.9000250753250872,0.8999563907389788
2023-07-10,negative,-0.014179882449265348,-0.016022601525084463,-0.0018427190758191145,0.09979649011523417,0.10023439977798923
2023-07-11,positive,0.043720803417622855,0.054181249949468255,0.0104604465318454,0.8999520119953497,0.9000331919784401
2023-07-11,negative,-0.0191881736424035,-0.021233032650231038,-0.002044859007827537,0.1000485494610019,0.09998563332276474
2023-07-12,positive,0.04120192843435965,0.0462968059770726,0.005094877542712949,0.8998905723905724,0.9001109730113637
2023-07-12,negative,-0.023127627984439257,-0.025706374610529565,-0.002578746626090308,0.10015865030513468,0.0998663391729798
2023-07-13,positive,0.040787610465170474,0.04249442184996981,0.0017068113847993338,0.8999126650424394,0.900101677931468
2023-07-13,negative,-0.0256864853936574,-0.02638754556224269,-0.000701060168585288,0.09997449046421461,0.10002603348003773
2023-07-14,positive,0.01673939919011278,0.023534359528674293,0.006794960338561511,0.899913090157024,0.9001076904837181
2023-07-14,negative,-0.046975700671027444,-0.04958510225768743,-0.0026094015866599887,0.10000065865739276,0.10000246996522288
2023-07-17,positive,0.04314043170504785,0.0491939559529733,0.006053524247925449,0.8998196861814345,0.9001903678797467
2023-07-17,negative,-0.022939657132936754,-0.02431565274629243,-0.0013759956133556767,0.09990034941983124,0.10015971123417722
2023-07-18,positive,0.043331848276224535,0.04577121490368363,0.002439366627459097,0.9000036226156602,0.9000148197913372
2023-07-18,negative,-0.019726999924375137,-0.02303267299158799,-0.003305673067212852,0.10017668484561071,0.09982413847613025
2023-07-19,positive,0.03894280248157378,0.04345112167634711,0.004508319194773333,0.8998720841249735,0.9001316101963269
2023-07-19,negative,-0.02553255759392754,-0.02624447241294229,-0.0007119148190147494,0.1001177564914503,0.09990698226725776
2023-07-20,positive,0.02288192845445292,0.03127521124433498,0.008393282789882061,0.899840441020754,0.9001866264294792
2023-07-20,negative,-0.045831124310499106,-0.04840405736781829,-0.0025729330573191836,0.10022428261329944,0.09976721331003811
2023-07-21,positive,0.02527726139327526,0.029070706447642057,0.0037934450543667987,0.9000205226840101,0.8999707526967005
2023-07-21,negative,-0.03122977191199052,-0.03017552559983643,0.0010542463121540925,0.09988783576565144,0.10014276649746193
2023-07-24,positive,0.03102683844246367,0.0348185129110429,0.003791674468579226,0.9000376046967771,0.8999716722328246
2023-07-24,negative,-0.03190872437260399,-0.035304076473862286,-0.0033953521012582977,0.10000086142917726,0.0999965211513995
2023-07-25,positive,0.027537435072257345,0.029722206900601744,0.0021847718283443986,0.8997977132805628,0.9002147922163587
2023-07-25,negative,-0.032833909429672944,-0.034827406493517746,-0.0019934970638448013,0.0999736147757256,0.10001999505277044
2023-07-26,positive,0.042876182473413425,0.045347019448714866,0.002470836975301441,0.8999175461741424,0.9000951654573438
2023-07-26,negative,-0.02251638135615669,-0.024094170760146923,-0.0015777894039902332,0.10009619613016711,0.09990325417766052
2023-07-27,positive,0.01974833527012864,0.024282942823075443,0.0045346075529468025,0.899986750579662,0.9000102821022414
2023-07-27,negative,-0.05321487450840695,-0.05748804961237704,-0.004273175103970087,0.09996190791652866,0.10005134150380923
2023-07-28,positive,0.05432722124702612,0.05945716420189888,0.005129942954872763,0.8996910729991205,0.9003051135114337
2023-07-28,negative,-0.01657747677755283,-0.01688130434137825,-0.00030382756382541995,0.10011103781882147,0.09988858426781003
2023-07-31,positive,0.04750708300643186,0.04949219587457907,0.001985112868147211,0.9000729406603047,0.8999257568279038
2023-07-31,negative,-0.018227004070897668,-0.01933553197764696,-0.0011085279067492917,0.10012120214982997,0.09989836980366348
2023-08-01,positive,0.027693474393797914,0.03077814264890505,0.0030846682551071355,0.9001331572576208,0.8998660861670519
2023-08-01,negative,-0.03847803121189622,-0.0420238676757458,-0.0035458364638495804,0.1001870804445912,0.09983654533949597
2023-08-02,positive,0.02063323453120337,0.02626575469010677,0.005632520158903399,0.8998599208965062,0.9000862791144802
2023-08-02,negative,-0.057196965870570035,-0.06147712100991293,-0.004280155139342892,0.10034607778510218,0.09972488876071192
2023-08-03,positive,0.041917371253238196,0.045201684739483286,0.00328431348624509,0.9001206140350876,0.8998998766447368
2023-08-03,negative,-0.04434286877969337,-0.04447114795101403,-0.00012827917132065408,0.10021381578947368,0.0998503632127193
2023-08-04,positive,0.0362931603599196,0.04394912137984919,0.0076559610199295886,0.9000647142700448,0.8999343945376769
2023-08-04,negative,-0.04539962377977025,-0.04639559427776159,-0.0009959704979913414,0.09987824942415266,0.10013936876165405
2023-08-07,positive,0.029362116923533087,0.031096675177451405,0.0017345582539183176,0.9001603305785123,0.8999017217630856
2023-08-07,negative,-0.04278275205109937,-0.04415432145066359,-0.001371569399564225,0.10021101928374657,0.09987444903581268
2023-08-08,positive,0.03276084143708268,0.038271052548413446,0.005510211111330765,0.8998878258000659,0.900124099582096
2023-08-08,negative,-0.04480663311297673,-0.04436567417679544,0.00044095893618129045,0.10008468052347959,0.09994167903882106
2023-08-09,positive,0.033660625277636136,0.03374952502702385,8.8899749387715e-05,0.8999911874862304,0.9000080896122494
2023-08-09,negative,-0.05454649385459568,-0.058187329885379536,-0.003640836030783856,0.10029026217228465,0.09972484991187486
2023-08-10,positive,0.031252240465829174,0.03584615434302556,0.004593913877196383,0.8998165238409142,0.9001133336079983
2023-08-10,negative,-0.03877261867124985,-0.045734124900146625,-0.006961506228896776,0.10008185014282575,0.09998228411338168
2023-08-11,positive,0.03282671310494797,0.035910146958801556,0.0030834338538535885,0.8998720483250959,0.9001189593629875
2023-08-11,negative,-0.031057544829346074,-0.03549866012777746,-0.004441115298431383,0.10009225700164745,0.09992435475013729
2023-08-14,positive,0.03082907358687851,0.032380380934944365,0.0015513073480658557,0.9000176192049333,0.8999865791212421
2023-08-14,negative,-0.03355960557864508,-0.03824612673202678,-0.004686521153381695,0.1000462504129501,0.09997160967955072
2023-08-15,positive,0.015411342161263464,0.019179815542162103,0.0037684733808986386,0.8996415793605266,0.8999100184844124
2023-08-15,negative,-0.0451730811899784,-0.053120368147748134,-0.007947286957769736,0.09999612531827744,0.10000567364109376
2023-08-16,positive,0.014574645559165312,0.01854253450514002,0.0039678889459747076,0.8999506706573552,0.9000124016184456
2023-08-16,negative,-0.04398189810745716,-0.04478366197700416,-0.0008017638695470009,0.1001474337656579,0.09990355836381777
2023-08-17,positive,0.02039629327584959,0.020671169216249972,0.0002748759404003834,0.8999672440595161,0.8998504469242725
2023-08-17,negative,-0.04361353251042824,-0.04382481601933078,-0.00021128350890254471,0.10011159227181879,0.10008827448367755
2023-08-18,positive,0.03086947703876345,0.030707484242160715,-0.00016199279660273486,0.9001694444444446,0.9001464930555556
2023-08-18,negative,-0.022977475507624086,-0.023860739654630318,-0.0008832641470062318,0.10014722222222223,0.10018611111111111
2023-08-21,positive,0.029495294659441583,0.03189222110399704,0.0023969264445554556,0.8998838463124177,0.9000292415917416
2023-08-21,negative,-0.029211169884601255,-0.03122999776236592,-0.002018827877764664,0.10022588522588524,0.0999073149073149
2023-08-22,positive,0.02487583300033748,0.026376576145093922,0.0015007431447564418,0.9000813279857398,0.9000029244652407
2023-08-22,negative,-0.03436121649189567,-0.03576891704548585,-0.0014077005535901785,0.10021374458874459,0.09979121407085562
2023-08-23,positive,0.03811938189388621,0.045050461289896024,0.006931079396009815,0.8998624232592167,0.9001881540859497
2023-08-23,negative,-0.01947334576145634,-0.021333752788875372,-0.0018604070274190337,0.09992079396889017,0.10004787352482743
2023-08-24,positive,0.010880722981561609,0.011961676001149198,0.0010809530195875893,0.8999380824715943,0.9000765192135836
2023-08-24,negative,-0.04763769235471211,-0.04916200365127654,-0.0015243112965644331,0.09998894899782969,0.10004244861483469
2023-08-25,positive,0.028049819373554476,0.030447218680346704,0.0023973993067922285,0.9000643738977072,0.8999869879349045
2023-08-25,negative,-0.021786806675491065,-0.023647705678076378,-0.001860899002585313,0.1001876302709636,0.09984680134680135
2023-08-28,positive,0.03403095085012595,0.041636004502861104,0.007605053652735151,0.9001085739870159,0.8999278038952317
2023-08-28,negative,-0.018483068011318417,-0.01830705737273348,0.00017601063858493568,0.10004265406632769,0.09997481531229012
2023-08-29,positive,0.045070491255047175,0.048808865814779896,0.003738374559732721,0.8998808326147361,0.9001324614352786
2023-08-29,negative,-0.012084954546931067,-0.014970611869121454,-0.002885657322190387,0.09974201358947335,0.09965815727699531
2023-08-30,positive,0.030201292199375444,0.031638056300812775,0.0014367641014373309,0.9000350586843201,0.8999630624580257
2023-08-30,negative,-0.02031942123995137,-0.02398084660873429,-0.0036614253687829203,0.10000455722920468,0.1000151108126259
2023-08-31,positive,0.022552745832337222,0.04074144714022866,0.01818870130789144,0.8998260967126669,0.9001907326377203
2023-08-31,negative,-0.03212361325648624,-0.030099040058291154,0.0020245731981950836,0.09972488019105322,0.1002692696061932
2023-09-01,positive,0.04100760925405948,0.044632887694696366,0.0036252784406368838,0.8997946888910237,0.9002513449899127
2023-09-01,negative,-0.01867847120328673,-0.019818697519156568,-0.0011402263158698384,0.09987863067217471,0.10012048867966823
2023-09-05,positive,0.019586464476369837,0.023024206012412795,0.0034377415360429577,0.8999006662482498,0.8999350381134767
2023-09-05,negative,-0.05322342807787382,-0.05414081542233965,-0.0009173873444658295,0.10012367434300518,0.09989692463670159
2023-09-06,positive,0.01979103173860225,0.02124899637246069,0.0014579646338584405,0.9000351603891726,0.9000348392897279
2023-09-06,negative,-0.03809993579353084,-0.04589943515561233,-0.007799499362081491,0.09998534983784478,0.09993256911665542
2023-09-07,positive,0.019833378151213853,0.022385952668274915,0.0025525745170610625,0.8998148952252295,0.9002009456264778
2023-09-07,negative,-0.04791684299347335,-0.04772167362026999,0.00019516937320336603,0.10011820330969268,0.09989192840256671
2023-09-08,positive,0.02732958824194236,0.029725680650486384,0.002396092408544024,0.9000967612634279,0.8999208754208755
2023-09-08,negative,-0.03269058903860834,-0.032741767525276855,-5.117848666851693e-05,0.1003053952220619,0.09973232323232323
2023-09-11,positive,0.032965778525704634,0.04008875876875708,0.007122980243052447,0.8997378867343502,0.9002599079375772
2023-09-11,negative,-0.030561420861412347,-0.03007226991302927,0.0004891509483830776,0.10005501291119345,0.09995902099472324
2023-09-12,positive,0.031215791765497065,0.03684818963777624,0.005632397872279173,0.8999125806762354,0.9001556529557204
2023-09-12,negative,-0.03293155252956977,-0.036475725603292146,-0.003544173073722373,0.09992185242269533,0.1000275342773657
2023-09-13,positive,0.022300711286863128,0.02435112220950756,0.002050410922644432,0.899899800244861,0.9000952864230941
2023-09-13,negative,-0.03915500607091108,-0.04142136193989166,-0.0022663558689805796,0.09995739094013789,0.10005863779882725
2023-09-14,positive,0.04364299092576938,0.04553191690693815,0.0018889259811687709,0.8999329728511883,0.900067590402163
2023-09-14,negative,-0.016684586317820948,-0.019065715623111962,-0.002381129305291014,0.10005194000547162,0.09975526641883518
2023-09-15,positive,0.02100287958662939,0.021445737485561504,0.00044285789893211414,0.9000226335459758,0.8999407983761841
2023-09-15,negative,-0.040249943837231135,-0.03844320819682248,0.0018067356404086535,0.10000285939815709,0.10001635092467298
2023-09-18,positive,0.022418392678580777,0.02602543995376186,0.0036070472751810814,0.9001648875639114,0.8998580724784023
2023-09-18,negative,-0.04293151924241073,-0.04456014768248272,-0.0016286284400719858,0.10004495840746261,0.09995736564568608
2023-09-19,positive,0.022235779075390375,0.02434835936574791,0.002112580290357536,0.8999811776061776,0.9000653153153154
2023-09-19,negative,-0.03117146446203678,-0.030911285753614064,0.0002601787084227161,0.09972442084942085,0.1003277027027027
2023-09-20,positive,0.018723557714519484,0.02200487871938179,0.0032813210048623052,0.8999121152016514,0.9000637769499944
2023-09-20,negative,-0.03575412463383335,-0.03732060822133885,-0.001566483587505496,0.10010578427103993,0.09996444293938368
2023-09-21,positive,0.011215131870274368,0.015279788140920519,0.004064656270646151,0.9000408865191252,0.9000475592638123
2023-09-21,negative,-0.04853180315167424,-0.050357081623894975,-0.0018252784722207344,0.10021052929842458,0.09979485435792813
2023-09-22,positive,0.020550139279077763,0.020824530276436166,0.00027439099735840355,0.9000094230800475,0.9000051177072672
2023-09-22,negative,-0.031480146383601276,-0.03166635659000208,-0.00018621020640080532,0.09965971308345924,0.10031786648470375
2023-09-25,positive,0.029043684341307146,0.03973650599714089,0.010692821655833743,0.9001505386843732,0.8998541809068124
2023-09-25,negative,-0.0258991877498654,-0.0290676773503522,-0.003168489600486799,0.09993250170881748,0.10008544087491458
2023-09-26,positive,0.014646153784107403,0.020273269651970675,0.005627115867863273,0.9001972802307876,0.900029079712624
2023-09-26,negative,-0.0412785577803693,-0.04297129949447546,-0.0016927417141061607,0.09994192203052962,0.10005929980613526
2023-09-27,positive,0.038069543687911725,0.04017133118963691,0.002101787501725183,0.8999278807085973,0.900080773606371
2023-09-27,negative,-0.025858000962042615,-0.027104809208564944,-0.0012468082465223289,0.0999441735738664,0.10008361774744026
2023-09-28,positive,0.0363515871453232,0.04111923936437705,0.004767652219053849,0.8998078672123692,0.9002063437926331
2023-09-28,negative,-0.024507515056872067,-0.027761740996261726,-0.0032542259393896593,0.09994888098486324,0.10005059117780808
2023-09-29,positive,0.027191599586916432,0.03410073676430227,0.006909137177385834,0.9000213935933102,0.8999829176631364
2023-09-29,negative,-0.027857651483142308,-0.027927503949503423,-6.985246636111511e-05,0.10010379553256218,0.09991914360551189
2023-10-02,positive,0.013975244498231742,0.02256622051140042,0.008590976013168678,0.9001009245622648,0.8999238258877436
2023-10-02,negative,-0.051109035674698974,-0.05277679896884342,-0.0016677632941444476,0.10032498772704959,0.09973081328751432
2023-10-03,positive,0.015312813904845563,0.0187665255188044,0.0034537116139588386,0.8999300191346233,0.8999324927375953
2023-10-03,negative,-0.05298070652856689,-0.05212864546938186,0.0008520610591850261,0.10000741742480124,0.10000975329890993
2023-10-04,positive,0.03174620735573088,0.032468645304258074,0.0007224379485271937,0.9001109522165788,0.9000299160050625
2023-10-04,negative,-0.03524079152327359,-0.03643412577420552,-0.0011933342509319253,0.09999630159278072,0.09988485625523942
2023-10-05,positive,0.0322891572999928,0.03553782274507046,0.00324866544507766,0.8996385893205956,0.9000890497529586
2023-10-05,negative,-0.035913870873219914,-0.036046299102542256,-0.00013242822932234277,0.10020190082237652,0.10007813397678962
2023-10-06,positive,0.037707736043202406,0.04006101406485112,0.002353278021648718,0.9000665483584738,0.9001380262249826
2023-10-06,negative,-0.021944566727273088,-0.02319792599653857,-0.001253359269265484,0.10003389036774131,0.09978326596339018
2023-10-09,positive,0.03729703725912118,0.03598024742787303,-0.0013167898312481524,0.8998339837318052,0.9001709148389645
2023-10-09,negative,-0.030601463609645607,-0.03198953808143582,-0.001388074471790214,0.10008533392610157,0.09992063492063492
2023-10-10,positive,0.047434216347445345,0.04840754618474551,0.0009733298373001686,0.9001731489697329,0.900038532321141
2023-10-10,negative,-0.014021824281210793,-0.020073137964444217,-0.006051313683233424,0.10017130040421966,0.09965181241578756
2023-10-11,positive,0.025136337381139396,0.026741156941870126,0.0016048195607307296,0.9000942118226603,0.9002247126436782
2023-10-11,negative,-0.04236138135419469,-0.04193892472945201,0.0004224566247426828,0.10005726600985224,0.10027988505747129
2023-10-12,positive,0.007602754443008635,0.017344465737640802,0.009741711294632168,0.8997637536099076,0.8999237424237425
2023-10-12,negative,-0.060864560749579,-0.0643377874496096,-0.003473226700030606,0.09986139986139987,0.10014734514734513
2023-10-13,positive,0.028480448309703133,0.03181781613576323,0.0033373678260600996,0.8998784010666141,0.9001651770282949
2023-10-13,negative,-0.041632086500530865,-0.04577925346730484,-0.004147166966773974,0.1000765394301516,0.0998939558540319
2023-10-16,positive,0.04948728688925087,0.05243907667260896,0.00295178978335809,0.9002646194461048,0.8997457577870758
2023-10-16,negative,-0.015060055131809181,-0.015608581652913098,-0.0005485265211039175,0.10016233185689254,0.09978862374259864
2023-10-17,positive,0.040670815220083985,0.04710184928250729,0.006431034062423305,0.8998502584749973,0.9001520611724162
2023-10-17,negative,-0.017857514602194525,-0.01805096017254374,-0.0001934455703492162,0.10006151207873545,0.0999384464989893
2023-10-18,positive,0.007977652402733066,0.013829151458986898,0.005851499056253833,0.9000018843664094,0.8997398188791346
2023-10-18,negative,-0.055575413796066966,-0.055787897026803535,-0.00021248323073656816,0.10001932861133281,0.09998154429369513
2023-10-19,positive,0.012476501550859206,0.016780335373732157,0.00430383382287295,0.8996682996785518,0.8996864773258533
2023-10-19,negative,-0.04809088394258743,-0.04873634753526277,-0.0006454635926753383,0.1002185183329994,0.09981984238295599
2023-10-20,positive,0.014185587684219306,0.01451996414637829,0.00033437646215898377,0.9001462979706651,0.899932387701375
2023-10-20,negative,-0.04375855900066062,-0.04473174598961151,-0.0009731869889508873,0.0998009594133012,0.10019426863572437
2023-10-23,positive,0.015975854709734515,0.01750066975625388,0.0015248150465193636,0.8999911816578484,0.9000041152263375
2023-10-23,negative,-0.04300218145623961,-0.044407084120511586,-0.0014049026642719772,0.10002771478961955,0.09998572268413539
2023-10-24,positive,0.04436764465177147,0.04614262508913326,0.001774980437361795,0.8999017384731672,0.9000981355505164
2023-10-24,negative,-0.024134298189030207,-0.025694970857196638,-0.001560672668166431,0.10022990677752583,0.09979171915679853
2023-10-25,positive,0.017129848420038264,0.01922629868624903,0.002096450266210765,0.9000821453846933,0.8999153270650087
2023-10-25,negative,-0.05759739674206471,-0.05798327395346555,-0.000385877211400841,0.10016681831968455,0.09984640919354296
2023-10-26,positive,0.04008896691167409,0.0423729200082686,0.0022839530965945154,0.8999005488695302,0.9000930308676166
2023-10-26,negative,-0.03630499176159662,-0.03693431996245507,-0.0006293282008584464,0.10001825368850395,0.09999018077445992
2023-10-27,positive,0.019322963350122773,0.021175534496243216,0.001852571146120443,0.8999381188118811,0.9000590186569676
2023-10-27,negative,-0.04811591966725401,-0.04946832999622545,-0.0013524103289714387,0.10021595271772074,0.09980618980265374
2023-10-30,positive,0.040332167846395824,0.042686232362010655,0.0023540645156148315,0.8999229097159033,0.900076163515654
2023-10-30,negative,-0.02429259430750997,-0.023795222518087238,0.000497371789422732,0.09995639975735518,0.10002156842921175
2023-10-31,positive,0.045641869589636876,0.049406269578656944,0.003764399989020069,0.899829390354868,0.9001711994068682
2023-10-31,negative,-0.02364723267126753,-0.026889362510455216,-0.003242129839187688,0.10002085228996058,0.0999900161763219
2023-11-01,positive,0.03920699074939171,0.039887339354408455,0.0006803486050167423,0.8999028410613776,0.9000555050581562
2023-11-01,negative,-0.032371072280243204,-0.03561858619092717,-0.0032475139106839662,0.10014265515325962,0.09987947954013703
2023-11-02,positive,0.08494882479288784,0.08697422858228901,0.0020254037894011645,0.8998231841894061,0.9002083751337613
2023-11-02,negative,-0.021279594734361022,-0.022322628764248006,-0.0010430340298869835,0.099986205858748,0.09999648876404495
2023-11-03,positive,0.07660193327224256,0.0792577090019978,0.0026557757297552415,0.9001372180451128,0.9000198412698414
2023-11-03,negative,-0.015689144692224936,-0.01762923947532582,-0.0019400947831008826,0.10004385964912281,0.10012422723475356
2023-11-06,positive,0.01955900548358617,0.03193551278767809,0.01237650730409192,0.8999272927844355,0.9001702351702351
2023-11-06,negative,-0.04807077758480817,-0.04878747697022934,-0.0007166993854211684,0.09976432833575692,0.10013321299035585
2023-11-07,positive,0.04421457158360177,0.047469841172692595,0.003255269589090823,0.9000702987697716,0.8999261026027284
2023-11-07,negative,-0.03889771790300954,-0.03978721048536414,-0.0008894925823546007,0.09999184032136581,0.10002175914302451
2023-11-08,positive,0.026683357323752804,0.029069051021186045,0.002385693697433241,0.8999414829356691,0.9000601110775529
2023-11-08,negative,-0.05003309187072215,-0.05262243158776939,-0.002589339717047244,0.10034795630725861,0.09967331118493909
2023-11-09,positive,0.020229558365273646,0.02405565746698975,0.0038260991017161038,0.8997854104420926,0.9002232406610287
2023-11-09,negative,-0.06371213528007626,-0.06925319221897938,-0.0055410569389031245,0.0999772117283638,0.10002595330936345
2023-11-10,positive,0.04171985123571979,0.04147328790145079,-0.00024656333426900656,0.9000973106864825,0.899863175277188
2023-11-10,negative,-0.029677105435158512,-0.03349175112635755,-0.0038146456911990374,0.09990395308866645,0.10011635156539615
2023-11-13,positive,0.03343282909198971,0.03439899185198532,0.0009661627599956077,0.8998912768647284,0.9001783396544459
2023-11-13,negative,-0.029101178724544992,-0.03168802089715939,-0.002586842172614401,0.10005752212389381,0.1000298777918247
2023-11-14,positive,0.10257469571136306,0.1049107446589203,0.0023360489475572344,0.900077067669173,0.9000799498746869
2023-11-14,negative,0.0012051467990498912,-0.0035426221669231407,-0.004747768965973032,0.09999060150375938,0.10018354218880535
2023-11-15,positive,0.04153954515120921,0.04557937300960342,0.004039827858394213,0.9000769057623048,0.8999189675870349
2023-11-15,negative,-0.02529574973608868,-0.026328520451510334,-0.0010327707154216548,0.10015443677470989,0.09986940609577163
2023-11-16,positive,0.016335293846774273,0.016483363222976593,0.00014806937620231997,0.9000018777226977,0.8999864803965751
2023-11-16,negative,-0.04808925810701805,-0.04948483390491017,-0.0013955757978921166,0.10031045015272147,0.09973211156176456
2023-11-17,positive,0.047795630679632516,0.04962184941332831,0.001826218733695796,0.8999359133897462,0.9000775261324042
2023-11-17,negative,-0.015125173530804953,-0.01679922235675078,-0.0016740488259458283,0.10010764061722251,0.09993524970963993
2023-11-20,positive,0.039122119512032746,0.0429196092211225,0.0037974897090897533,0.9001198340949731,0.8998843466454731
2023-11-20,negative,-0.021332478028868094,-0.021147919303940617,0.00018455872492747702,0.0999639876813034,0.1000263262467713
2023-11-21,positive,0.02046467355305214,0.020909422303953717,0.0004447487509015753,0.8997742986470353,0.9002293076004774
2023-11-21,negative,-0.04171394367955145,-0.04343683812613956,-0.0017228944465881094,0.10006279844807005,0.09993832073219258
2023-11-22,positive,0.029917003832917243,0.029908741061962323,-8.262770954919896e-06,0.8999383162197191,0.9001266490545973
2023-11-22,negative,-0.016673238339939896,-0.016674803412150933,-1.5650722110377435e-06,0.09989283222011763,0.1000497624032167
2023-11-24,positive,0.03034041141309638,0.0338950867188381,0.003554675305741717,0.9000776127558116,0.8999291343797603
2023-11-24,negative,-0.009391113567923014,-0.009467387788252993,-7.62742203299794e-05,0.10007512914762566,0.0999516110338433
2023-11-27,positive,0.02168137640948417,0.022686590146899128,0.0010052137374149568,0.8999638494141113,0.9000339898612149
2023-11-27,negative,-0.03158144267843442,-0.03219418189006798,-0.0006127392116335589,0.10011842433308402,0.09989852904512592
2023-11-28,positive,0.029259022568256788,0.03151266085372825,0.0022536382854714647,0.9000684897389919,0.8999314272431427
2023-11-28,negative,-0.02996190964238598,-0.033759615970112136,-0.0037977063277261566,0.10001432058178919,0.10000049810719265
2023-11-29,positive,0.0402245622482277,0.048551394984915355,0.008326832736687655,0.9000037280047717,0.9000094442787553
2023-11-29,negative,-0.021349230379553615,-0.02479900167098797,-0.0034497712914343566,0.100048464062034,0.09995700367829803
2023-11-30,positive,0.032270448718809554,0.0345718689540032,0.0023014202351936477,0.899910652238658,0.9000816539263375
2023-11-30,negative,-0.03128353564460117,-0.032990123789247365,-0.0017065881446461928,0.10018924352228731,0.09984045633541812
2023-12-01,positive,0.07149055694666585,0.07542026290270387,0.003929705956038018,0.8997126366052968,0.9000901677004366
2023-12-01,negative,-0.011440477347672284,-0.009355477417735566,0.0020849999299367185,0.100048160546093,0.10011880148337764
2023-12-04,positive,0.04619442497219553,0.0596171152559147,0.013422690283719167,0.8999635993724876,0.9000509036833675
2023-12-04,negative,-0.02739930585077479,-0.027825899247217047,-0.0004265933964422569,0.100028801843318,0.0999696865705788
2023-12-05,positive,0.01921643432995724,0.019966478078971,0.0007500437490137596,0.9000789317344757,0.900085700433493
2023-12-05,negative,-0.04879509850542132,-0.05153578801251324,-0.0027406895070919216,0.10009016166357028,0.09991387177732147
2023-12-06,positive,0.03457369654658375,0.036836377427258836,0.0022626808806750845,0.899861524329773,0.900131444178901
2023-12-06,negative,-0.03304879501913594,-0.033660572776375686,-0.000611777757239744,0.1001037246581801,0.09991862979401389
2023-12-07,positive,0.03866003718813889,0.0418077583759858,0.003147721187846911,0.899987159545683,0.9000187138482476
2023-12-07,negative,-0.026464378632695174,-0.03597699646354095,-0.009512617830845779,0.10003483530193295,0.0999892253600998
2023-12-08,positive,0.036256859649347724,0.039392404871708524,0.0031355452223608,0.8999596167838954,0.9000356536502545
2023-12-08,negative,-0.025903974506931587,-0.031137141405465668,-0.005233166898534081,0.1002690193224998,0.09975778155065082
2023-12-11,positive,0.029591282629642657,0.029111752626867222,-0.000479530002775435,0.9002004542873369,0.8998029528676886
2023-12-11,negative,-0.039293090642458506,-0.040169344462856735,-0.000876253820398229,0.09994532327411373,0.10007098239636572
2023-12-12,positive,0.029271268945670597,0.03223179391518472,0.0029605249695141243,0.899979976328291,0.9000136193394619
2023-12-12,negative,-0.035308745245066844,-0.03548877711099872,-0.00018003186593187892,0.10009071452891678,0.09993190330268982
2023-12-13,positive,0.0806173075980116,0.08729460758235316,0.006677299984341564,0.8997918683055879,0.9001823622402891
2023-12-13,negative,-0.006529122053508187,-0.006691460655470309,-0.00016233860196212223,0.10013404955478125,0.09990006775067752
2023-12-14,positive,0.07743930665653673,0.07692823769448354,-0.0005110689620531905,0.8998475531333398,0.9001682421787081
2023-12-14,negative,-0.023773086595310553,-0.024767295293692863,-0.0009942086983823102,0.09976721005755443,0.10022394778302948
2023-12-15,positive,0.027668816788511387,0.028154833313113786,0.00048601652460239855,0.9001917631917632,0.8998575450450451
2023-12-15,negative,-0.04091266757631605,-0.045727932187426726,-0.004815264611110676,0.10005252574002574,0.10002083333333331
2023-12-18,positive,0.030727325934814663,0.04200665575686981,0.011279329822055144,0.9000307193923145,0.8999849195710455
2023-12-18,negative,-0.03471886114737621,-0.037457153618234464,-0.0027382924708582515,0.10025197880760886,0.09974921805183201
2023-12-19,positive,0.05431713569442491,0.05580020885984884,0.001483073165423933,0.9000027731558513,0.899999306711037
2023-12-19,negative,-0.010622786231949862,-0.016012896837772187,-0.005390110605822325,0.10037548530227398,0.09964392678868553
2023-12-20,positive,0.009570989994446675,0.010162612266601815,0.0005916222721551404,0.9001360479641022,0.8998810876780334
2023-12-20,negative,-0.05282236231946803,-0.05405570796999433,-0.0012333456505262963,0.09998723498723498,0.10014596514596515
2023-12-21,positive,0.0517053302261923,0.0559021648747043,0.0041968346485119976,0.8998623954205195,0.9000995569132539
2023-12-21,negative,-0.007776164923374443,-0.007184226103427391,0.0005919388199470523,0.10007815940114488,0.09994365092470277
2023-12-22,positive,0.043274428530583976,0.04563045525376802,0.0023560267231840445,0.8998963133640553,0.9000999492538954
2023-12-22,negative,-0.014508670328972717,-0.01831037738944761,-0.003801707060474892,0.10009490893131445,0.09992274934167215
2023-12-26,positive,0.04285478180124619,0.05047650040812888,0.0076217186068826895,0.8999172383752587,0.9000998448219537
2023-12-26,negative,-0.012564424015321703,-0.014096762246068975,-0.0015323382307472714,0.10016443428073615,0.0998360421430905
2023-12-27,positive,0.02871344095699697,0.03428952356823125,0.005576082611234278,0.9000054412884972,0.9000091141582326
2023-12-27,negative,-0.016913940599580343,-0.018385253535930755,-0.0014713129363504128,0.10022363695723147,0.09978122619436283
2023-12-28,positive,0.022947593376828567,0.02799167278443826,0.0050440794076096925,0.8998725154773541,0.9000955794504181
2023-12-28,negative,-0.025629729885591486,-0.027893175123436708,-0.002263445237845222,0.10005919409145214,0.0999912091343543
2023-12-29,positive,0.00916849400821754,0.009524002069494619,0.00035550806127707807,0.8998060425214472,0.8998184717194795
2023-12-29,negative,-0.040784969419684645,-0.041873547153891806,-0.0010885777342071606,0.1000837684943429,0.09988590622280244
2024-01-02,positive,0.02879787680989444,0.031069740789402733,0.002271863979508293,0.9000136343804538,0.8999864678773994
2024-01-02,negative,-0.04479547667338716,-0.04421694754029461,0.0005785291330925521,0.09983256980802792,0.10017397469458988
2024-01-03,positive,0.013162211775828525,0.01762042773497587,0.004458215959147345,0.9002839009626393,0.9001118877774135
2024-01-03,negative,-0.060884524337962466,-0.06245488491481059,-0.0015703605768481246,0.09989504755657592,0.1000216942713458
2024-01-04,positive,0.030699402095524853,0.03121829139396483,0.0005188892984399791,0.8999606686332349,0.8999583128482465
2024-01-04,negative,-0.03190378806060497,-0.032731853980835945,-0.0008280659202309776,0.10018846279908226,0.09991829864525292
2024-01-05,positive,0.02882635617738824,0.029620345309437635,0.0007939891320493941,0.9000874316939893,0.9000670765027323
2024-01-05,negative,-0.030509195973704932,-0.033692934422658305,-0.003183738448953373,0.09999781420765028,0.1001595286885246
2024-01-08,positive,0.059186352782061837,0.06775187737914719,0.008565524597085351,0.8997356660126445,0.9002494822323959
2024-01-08,negative,-0.01924439384421609,-0.020367999806292204,-0.001123605962076113,0.10005014170481796,0.09997026242642251
2024-01-09,positive,0.02596532379146031,0.02918783346091034,0.003222509669450032,0.8999558246073299,0.900046936354712
2024-01-09,negative,-0.04105502365240619,-0.041492935318594396,-0.0004379116661882079,0.09992419284467713,0.10008504444808028
2024-01-10,positive,0.027940139883192504,0.029502446222772066,0.0015623063395795618,0.8999640052356023,0.9000320748800175
2024-01-10,negative,-0.031898202446421504,-0.03124609808414374,0.0006521043622777639,0.10006053664921466,0.09995384762216405
2024-01-11,positive,0.018716934437210335,0.023190355779177663,0.004473421341967328,0.8999578405606657,0.9000525966381954
2024-01-11,negative,-0.040413483885748655,-0.04180770295459298,-0.0013942190688443282,0.09999233464739378,0.10001426987516426
2024-01-12,positive,0.02443880938294286,0.02657147466813951,0.00213266528519665,0.8997220394736841,0.9003178796600878
2024-01-12,negative,-0.03517913139153924,-0.03460188023455872,0.0005772511569805197,0.09994846491228072,0.10012328673245614
2024-01-16,positive,0.017868742429681693,0.018636965883062056,0.0007682234533803629,0.8998806366047745,0.9001192252431476
2024-01-16,negative,-0.04816886577898768,-0.04803494730895489,0.00013391847003278723,0.0999104774535809,0.10010161085322725
2024-01-17,positive,0.01729788753639902,0.01963635968081923,0.0023384721444202096,0.8999407944996183,0.9001097370766489
2024-01-17,negative,-0.039873233045828446,-0.04150819874745963,-0.0016349657016311858,0.10025914343009931,0.09970755347593584
2024-01-18,positive,0.030948968411521977,0.03572758953680771,0.004778621125285737,0.8998839657361426,0.9001333108336146
2024-01-18,negative,-0.03177104069071725,-0.03116130802841472,0.000609732662302527,0.09999791074040146,0.10000337495781304
2024-01-19,positive,0.03697299561838013,0.042105620667268855,0.005132625048888721,0.8998418597168598,0.9002083333333332
2024-01-19,negative,-0.02348652630588723,-0.023577614828862305,-9.108852297507603e-05,0.10014848777348777,0.09991610360360362
2024-01-22,positive,0.05343633546762764,0.06473383898003195,0.011297503512404307,0.9000170641612464,0.8999820123664982
2024-01-22,negative,-0.012927717761017078,-0.012851507729448545,7.621003156853268e-05,0.10016657579868726,0.10015490934910479
2024-01-23,positive,0.030307081196743225,0.03594461235091155,0.005637531154168325,0.8998095640283139,0.9002359234234234
2024-01-23,negative,-0.029141678197977583,-0.02932964731616871,-0.00018796911819112666,0.09998773326898328,0.10007826576576576
2024-01-24,positive,0.024479357137450624,0.023371986092698506,-0.001107371044752118,0.8999728120978121,0.900081081081081
2024-01-24,negative,-0.03891102068125941,-0.0393654384512057,-0.00045441776994629285,0.100141731016731,0.0999313063063063
2024-01-25,positive,0.04055348214784075,0.04322724299500812,0.0026737608471673682,0.8998905276879254,0.9001030753632986
2024-01-25,negative,-0.0235211276458024,-0.024792890255879475,-0.0012717626100770749,0.10014447448462319,0.09988228004956631
2024-01-26,positive,0.03022538064646796,0.03381180842102242,0.0035864277745544584,0.900036123687506,0.9000359631377839
2024-01-26,negative,-0.027361844953920723,-0.026112272519078772,0.0012495724348419515,0.09976720290273897,0.10017251067655653
2024-01-29,positive,0.05423089840724722,0.05795355624120284,0.003722657833955617,0.8999460221357296,0.9000700751205291
2024-01-29,negative,-0.016131010846358367,-0.01585824584453909,0.0002727650018192751,0.09988019156535806,0.10011099899091827
2024-01-30,positive,0.021910639124310544,0.024450154749626057,0.0025395156253155138,0.8999266718181526,0.9000721208023439
2024-01-30,negative,-0.04561782637099577,-0.045887251782152604,-0.0002694254111568345,0.09983362310441415,0.10017635789948162
2024-01-31,positive,0.011706763400766125,0.013869964066704316,0.0021632006659381905,0.8999232185244394,0.9001774612863116
2024-01-31,negative,-0.05160337013699144,-0.05408881307838913,-0.0024854429413976864,0.09991889906182885,0.09998982706002035
2024-02-01,positive,0.04945845804376364,0.04983368393534613,0.00037522589158248826,0.8999962810251436,0.9000050933786076
2024-02-01,negative,-0.02538538544183812,-0.02667798120952324,-0.0012925957676851174,0.10010166545395746,0.09991907187323146
2024-02-02,positive,0.02546780028466501,0.028243724626007972,0.0027759243413429634,0.8999559023066486,0.9000825418362732
2024-02-02,negative,-0.036685787384954774,-0.0403810942750221,-0.0036953068900673278,0.10011989565161206,0.09986374943464496
2024-02-05,positive,0.017838441384270882,0.021869219946370286,0.004030778562099404,0.900159310734885,0.9000204988042363
2024-02-05,negative,-0.04750272655481594,-0.04742940718342918,7.331937138675693e-05,0.09980778303805293,0.10019530805147477
2024-02-06,positive,0.047294793255947,0.050099730351711856,0.0028049370957648548,0.8999362259423757,0.9000939528527502
2024-02-06,negative,-0.024279417031245587,-0.027052887999026415,-0.002773470967780828,0.09999902386646493,0.10001765174809248
2024-02-07,positive,0.030480815533051896,0.03177678105336672,0.001295965520314822,0.8999307654802535,0.9000887372013653
2024-02-07,negative,-0.04024427639342727,-0.041347769512395945,-0.0011034931189686722,0.10001803998049733,0.10005119453924913
2024-02-08,positive,0.054662785662012256,0.0574735673971976,0.0028107817351853415,0.8997506822328797,0.900342488979315
2024-02-08,negative,-0.023953063348637938,-0.027579135286043423,-0.0036260719374054846,0.09995624021056371,0.09995478693342377
2024-02-09,positive,0.04606323376111672,0.0520463024698796,0.005983068708762883,0.8999852250157441,0.9001192494630947
2024-02-09,negative,-0.024511314887335663,-0.027025681474429852,-0.0025143665870941898,0.10011004537454182,0.09984627557364077
2024-02-12,positive,0.053588932189707006,0.05636105348511143,0.0027721212954044255,0.8998835648371435,0.9001288543776728
2024-02-12,negative,-0.017358804836630354,-0.019396340193662546,-0.002037535357032192,0.10010871836918427,0.0998970290344362
2024-02-13,positive,0.002971221193643259,0.0054368978757110996,0.0024656766820678406,0.8997254887727447,0.900380267283065
2024-02-13,negative,-0.07677629784752109,-0.07997296523218786,-0.003196667384666771,0.10016667473222352,0.09987579042457093
2024-02-14,positive,0.06401026820850532,0.06704882379373353,0.0030385555852282115,0.8999093924245338,0.900103746074473
2024-02-14,negative,-0.014113493690641748,-0.013407646866014025,0.0007058468246277233,0.10007534608729092,0.10012253252579632
2024-02-15,positive,0.06239951032284048,0.06920655910602354,0.006807048783183056,0.8998037808088061,0.9001948632049134
2024-02-15,negative,-0.020914758648943436,-0.022218387183269635,-0.001303628534326199,0.10010967306004995,0.09981276597741273
2024-02-16,positive,0.0339695312148515,0.03320890371413133,-0.0007606275007201735,0.8998530394121576,0.9001965041193497
2024-02-16,negative,-0.040386449765103256,-0.04287468216294642,-0.002488232397843161,0.10013845150618697,0.09983466933867735
2024-02-20,positive,0.020153411075097695,0.029100085356429217,0.008946674281331522,0.8999199445586198,0.9000769488123117
2024-02-20,negative,-0.05254822704345809,-0.051898783687631254,0.0006494433558268328,0.10013374436425623,0.09990130478420876
2024-02-21,positive,0.027580894107113663,0.03209727065378255,0.00451637654666889,0.8998000830657658,0.9002163703455217
2024-02-21,negative,-0.04355160230113024,-0.04421868369836889,-0.0006670813972386516,0.10013737799715658,0.09986973051548698
2024-02-22,positive,0.04417129678168194,0.05036629955382704,0.006195002772145103,0.8996660762160091,0.900347966934763
2024-02-22,negative,-0.03862118616791731,-0.039308942265369004,-0.0006877560974516972,0.10013093642282651,0.09987097855227882
2024-02-23,positive,0.03771761305083675,0.041590448879959344,0.003872835829122595,0.8998677514556912,0.9001323283082077
2024-02-23,negative,-0.03746829964036289,-0.036695164241182535,0.0007731353991803566,0.10008766052484645,0.09992629815745394
2024-02-26,positive,0.048574265634121906,0.05345078487835475,0.004876519244232845,0.8999921668734295,0.9000578935649077
2024-02-26,negative,-0.02950383341071915,-0.030006703392807803,-0.000502869982088653,0.09993304068454369,0.10003006012024049
2024-02-27,positive,0.06021546273257492,0.06862708468457963,0.008411621952004712,0.8999933399933399,0.8998862942612943
2024-02-27,negative,-0.021816862030346974,-0.024185759249007576,-0.002368897218660602,0.10031357531357532,0.09981962481962481
2024-02-28,positive,0.030299020425749862,0.035028063496059914,0.004729043070310052,0.8998322781295125,0.899913917583028
2024-02-28,negative,-0.05079940904275003,-0.050565655999488666,0.00023375304326136298,0.10012107075419305,0.10014550705320449
2024-02-29,positive,0.046830486635561566,0.052534394329595814,0.005703907694034248,0.8995908283366644,0.9002192288474351
2024-02-29,negative,-0.0364195070445601,-0.04179981391699851,-0.005380306872438408,0.09982622695980457,0.10037363979569176
2024-03-01,positive,0.05326811985403457,0.058321196833817555,0.0050530769797829875,0.8997368711995579,0.9002565298507461
2024-03-01,negative,-0.027521891668104936,-0.028413706414042755,-0.0008918147459378196,0.1000602542841349,0.0999560876174682
2024-03-04,positive,0.037839698490769916,0.039785624827938494,0.0019459263371685784,0.8998219420482195,0.9001927117894271
2024-03-04,negative,-0.04911449919538767,-0.04988321940032181,-0.0007687202049341396,0.09988055739880557,0.10012020294182702
2024-03-05,positive,0.029504249658602766,0.036331796594682386,0.00682754693607962,0.8999541030745408,0.9000588227162133
2024-03-05,negative,-0.048286875199613374,-0.050058078392185165,-0.0017712031925717908,0.10004423800044238,0.09995396483078964
2024-03-06,positive,0.04568746372927165,0.05707289356633989,0.011385429837068244,0.8999431943525261,0.9000707657732185
2024-03-06,negative,-0.030111263787024174,-0.029322489194150474,0.0007887745928737006,0.09988749172733288,0.10011237039488197
2024-03-07,positive,0.046989007382424695,0.05695536257430567,0.009966355191880973,0.8996808393759614,0.9002612063282796
2024-03-07,negative,-0.030369954946063434,-0.031140121917929163,-0.0007701669718657295,0.10007745550428479,0.09999079872555483
2024-03-08,positive,0.03372679128808923,0.03668583124969289,0.0029590399616036614,0.9000280620666885,0.8999718003741609
2024-03-08,negative,-0.035019920830197754,-0.03617867886887337,-0.0011587580386756141,0.10012875536480688,0.09989050291625398
2024-03-11,positive,0.027900643919236866,0.02887606133833735,0.0009754174191004827,0.8998046660063828,0.9001964688566083
2024-03-11,negative,-0.04432234282682056,-0.04436544454286114,-4.3101716040584714e-05,0.09998459337515132,0.10002847474413996
2024-03-12,positive,0.03126031110004169,0.032934199803627405,0.0016738887035857158,0.8999631584735512,0.9000558808973935
2024-03-12,negative,-0.038752775526441616,-0.0397894506121784,-0.0010366750857367865,0.10008358077642143,0.09991789700868801
2024-03-13,positive,0.03854002165557232,0.04362836409122251,0.005088342435650192,0.8997998460354119,0.9002072335862751
2024-03-13,negative,-0.03140880687554286,-0.03267186977297799,-0.0012630628974351354,0.1001600131969647,0.09984486693060594
2024-03-14,positive,0.014632984919450429,0.01857470689282549,0.003941721973375062,0.899653259524724,0.900241622855465
2024-03-14,negative,-0.05631724646669319,-0.061728594872415374,-0.005411348405722181,0.10009095951192457,0.09992616472545758
2024-03-15,positive,0.042094450053094354,0.0445069246004811,0.002412474547386745,0.9001476933289082,0.8998373368182321
2024-03-15,negative,-0.02794223370225584,-0.027812131552004245,0.00013010215025159588,0.099779842902976,0.10025134140944796
2024-03-18,positive,0.030421604285255845,0.03741621599299969,0.0069946117077438474,0.9001642880849652,0.8998190825865692
2024-03-18,negative,-0.04017580398116764,-0.04356572481324697,-0.0033899208320793267,0.1000536563779179,0.09997337924549175
2024-03-19,positive,0.04045552989286544,0.046782650030581276,0.006327120137715837,0.8997271924011487,0.9002645239673074
2024-03-19,negative,-0.02422542579680435,-0.026824302314308247,-0.0025988765175038973,0.10017119505191077,0.09984792633090346
2024-03-20,positive,0.053659693247027664,0.05518605884419925,0.0015263655971715848,0.8999790495093176,0.9000336655088764
2024-03-20,negative,-0.014823200789754618,-0.013986842344668446,0.0008363584450861716,0.10004686293968464,0.09999090307641416
2024-03-21,positive,0.03918138935937466,0.04217936933321843,0.0029979799738437743,0.9000901792587704,0.8999303378972835
2024-03-21,negative,-0.02612224673703113,-0.026158305455124868,-3.6058718093739256e-05,0.0999532607500275,0.10004742659188386
2024-03-22,positive,0.018149522102109527,0.021960737496892903,0.003811215394783376,0.8999171636845592,0.9000837337088582
2024-03-22,negative,-0.041132640255803536,-0.04237659366701418,-0.001243953411210641,0.10002319416832336,0.0999879887342611
2024-03-25,positive,0.027959064898315695,0.028984717033111757,0.0010256521347960616,0.8997744319435252,0.900230945290095
2024-03-25,negative,-0.033467096190983314,-0.03298805525495166,0.000479040936031655,0.09997959408780056,0.10001216771453784
2024-03-26,positive,0.02803288077806591,0.032059230828028674,0.0040263500499627645,0.8998953168044075,0.900166046831956
2024-03-26,negative,-0.03158763055943063,-0.033532928537576764,-0.0019452979781461321,0.10005895316804407,0.10002489669421485
2024-03-27,positive,0.05454263459571599,0.059391528147839025,0.004848893552123035,0.8997963328941591,0.9001996527777777
2024-03-27,negative,-0.012817222658411679,-0.01533974015253729,-0.0025225174941256104,0.10025791200043917,0.09986737522742957
2024-03-28,positive,0.038641137778163796,0.04159658751874534,0.0029554497405815464,0.8999462011418533,0.900044226229688
2024-03-28,negative,-0.021815807638124622,-0.023537101938856032,-0.0017212943007314102,0.1000279973649539,0.10001612593324549
2024-04-01,positive,0.02677619218737417,0.03580253865536982,0.009026346467995654,0.8998943545724662,0.9001001086717288
2024-04-01,negative,-0.04094672351854249,-0.04190092539324281,-0.0009542018747003209,0.0999559810718609,0.10005096566523605
2024-04-02,positive,0.01764782462872013,0.021293153724101274,0.003645329095381143,0.8999850178800155,0.899878880644376
2024-04-02,negative,-0.052824007007246286,-0.05295623769657537,-0.00013223068932908394,0.10014425724039203,0.09987143486400177
2024-04-03,positive,0.043449149921377904,0.04596679641770428,0.0025176464963263742,0.899961584897377,0.900035465371529
2024-04-03,negative,-0.02524520758307195,-0.027485879118499357,-0.002240671535427407,0.09998518274613104,0.10003052628690594
2024-04-04,positive,0.019478566416223815,0.021950101395218698,0.0024715349789948826,0.9001360992207221,0.8998638321808803
2024-04-04,negative,-0.041874090288050905,-0.04351643929127573,-0.0016423490032248245,0.09980353418944134,0.1002052121062452
2024-04-05,positive,0.03323674579201136,0.03435715321450785,0.001120407422496493,0.9001570881226055,0.8998449986316365
2024-04-05,negative,-0.024207661893393174,-0.02517453255251569,-0.0009668706591225151,0.1000777230432403,0.09993890257252325
2024-04-08,positive,0.0369965741454549,0.04121584859268943,0.004219274447234529,0.9001560959579361,0.8998347984445175
2024-04-08,negative,-0.02462634836218643,-0.027403517913886,-0.002777169551699571,0.10022510680249752,0.0998176141965166
2024-04-09,positive,0.0375683067973323,0.04045308161740375,0.002884774820071448,0.8997875602277705,0.9002225689881733
2024-04-09,negative,-0.030890651040912626,-0.03226369105714051,-0.001373040016227886,0.09991568112133158,0.10008637209811651
2024-04-10,positive,0.011296236383050514,0.015275615783446009,0.0039793794003954944,0.900048434120192,0.9000461097457417
2024-04-10,negative,-0.05953782437418222,-0.06173801634129779,-0.0022001919671155654,0.10006144393241168,0.09995302556506473
2024-04-11,positive,0.03382142432538636,0.04396650969484341,0.010145085369457053,0.899565527065527,0.9004030722660531
2024-04-11,negative,-0.025960414300823707,-0.028100551606340125,-0.002140137305516418,0.09992658338812185,0.10006879383081305
2024-04-12,positive,0.004715605225064199,0.009777095916406686,0.005061490691342487,0.9000159936065384,0.9000942212912879
2024-04-12,negative,-0.05315599020109254,-0.05458003415820926,-0.001424043957116719,0.10014186737050479,0.09985906054107554
2024-04-15,positive,0.012119957084461305,0.022464519847327502,0.010344562762866197,0.9001287871604002,0.9002819411338745
2024-04-15,negative,-0.05137344498058495,-0.05396813551987798,-0.0025946905392930306,0.10004369952428367,0.09998637847106981
2024-04-16,positive,0.021615514112197188,0.03242191369020344,0.010806399578006252,0.8998990043579221,0.9001486305945224
2024-04-16,negative,-0.03678919889680049,-0.03716085849260424,-0.00037165959580374996,0.09997502942392722,0.09999443331106657
2024-04-17,positive,0.0187142294106711,0.023445170530421965,0.004730941119750864,0.8998041964185874,0.9002135748630213
2024-04-17,negative,-0.04261382353893722,-0.04440813016913785,-0.0017943066302006233,0.10000151754764301,0.09999496813149948
2024-04-18,positive,0.025227914587852306,0.02752171133053104,0.002293796742678735,0.8998049175855038,0.9001224581507694
2024-04-18,negative,-0.036552080984055595,-0.037816271672363094,-0.0012641906883074996,0.10004349431043062,0.10003595101673968
2024-04-19,positive,0.034521766690251594,0.03547466019468539,0.0009528935044337966,0.900046657046657,0.9000034722222223
2024-04-19,negative,-0.03320060227710106,-0.034737303884579164,-0.001536701607478104,0.1000614077280744,0.09996520763187429
2024-04-22,positive,0.03725580972580048,0.042788142608465154,0.0055323328826646714,0.8997615432812802,0.9002530364372469
2024-04-22,negative,-0.022070132937159127,-0.02301019524180085,-0.0009400623046417235,0.10018170426065162,0.0998206252811516
2024-04-23,positive,0.05059382914627135,0.05389779918952268,0.0033039700432513294,0.9000468416919107,0.8999674632559185
2024-04-23,negative,-0.014279448136910034,-0.014740546130440003,-0.00046109799352996896,0.10023821544774085,0.09996549983170651
2024-04-24,positive,0.028033886735778828,0.029873537821012618,0.00183965108523379,0.8999723453103426,0.9000516970105641
2024-04-24,negative,-0.03388865712659929,-0.03430792207726323,-0.000419264950663939,0.10005302154577274,0.09989716790289953
2024-04-25,positive,0.024398512380603622,0.026566630058051377,0.002168117677447755,0.8998605683408117,0.9001559157942138
2024-04-25,negative,-0.042654100257317314,-0.0445897802885865,-0.0019356800312691838,0.09989196860777408,0.1001063829787234
2024-04-26,positive,0.04649713312336898,0.05040598945504956,0.003908856331680581,0.8998008118341676,0.9001796594227314
2024-04-26,negative,-0.023913457654649865,-0.02427749057553855,-0.000364032920888685,0.10001143145937622,0.10000224618149145
2024-04-29,positive,0.041633647127810466,0.049450975083486906,0.00781732795567644,0.8998544928932786,0.9001444631815627
2024-04-29,negative,-0.020837750816408793,-0.023636761191511393,-0.0027990103751025994,0.09997952300650445,0.10003485103991008
2024-04-30,positive,0.01921537290312364,0.022886111468803046,0.003670738565679406,0.8999035127381078,0.9001966346026284
2024-04-30,negative,-0.052902253036734445,-0.05385996899892063,-0.0009577159621861828,0.10002460693343643,0.09999718087505638
2024-05-01,positive,0.047306965023510436,0.04999061181847769,0.0026836467949672566,0.8999323976721006,0.9001159126716184
2024-05-01,negative,-0.03652394831935292,-0.036757624480964625,-0.0002336761616117053,0.1002227420340182,0.09978167904568984
2024-05-02,positive,0.054719243481711546,0.05881669629645063,0.004097452814739083,0.899914742137152,0.9001012487343907
2024-05-02,negative,-0.027173221055772252,-0.030576679498336,-0.0034034584425637476,0.10013246709416132,0.09987456406794915
2024-05-03,positive,0.04477632306794616,0.0576507881181645,0.012874465050218338,0.8999611223799866,0.90004676583277
2024-05-03,negative,-0.02605616482781204,-0.028217165925087457,-0.002161001097275416,0.10008942657522779,0.09992675231011945
2024-05-06,positive,0.04283978706646404,0.04800022123761148,0.005160434171147442,0.8999294473104801,0.9000854989312634
2024-05-06,negative,-0.021729273315735657,-0.028109638947927052,-0.006380365632191395,0.10001088825675393,0.09998593767577904
2024-05-07,positive,0.0345130895230488,0.039595499905591525,0.005082410382542722,0.8996822325834775,0.9003353521758637
2024-05-07,negative,-0.03236010991094137,-0.03448372166997258,-0.0021236117590312104,0.10005756104595269,0.09994336025123374
2024-05-08,positive,0.03625401824484924,0.038468953277267445,0.002214935032418208,0.900017511728038,0.8999960638776427
2024-05-08,negative,-0.04600156878463576,-0.0485002357333731,-0.0024986669487373422,0.09986737677527151,0.10013607737291948
2024-05-09,positive,0.05408329452445689,0.05922841594305069,0.005145121418593801,0.8997495122965237,0.9002764719050818
2024-05-09,negative,-0.03362207506155292,-0.037596284205363664,-0.003974209143810747,0.10032428283603567,0.09970449966420417
2024-05-10,positive,0.027309044785002522,0.034006891453618675,0.006697846668616152,0.8998231086789554,0.900179211469534
2024-05-10,negative,-0.048094164304280485,-0.05048875785870373,-0.002394593554423244,0.10008400537634407,0.09993335573476701
2024-05-13,positive,0.04136810175886111,0.046718044861819415,0.0053499431029583044,0.9000448428699437,0.8999546370967743
2024-05-13,negative,-0.027959160677941696,-0.0300048784499966,-0.002045717772054905,0.10006956445212493,0.09994791666666666
2024-05-14,positive,0.05306337704794153,0.06752771441939978,0.014464337371458254,0.899922288915566,0.900144537815126
2024-05-14,negative,-0.020682977264313597,-0.021042617126996205,-0.0003596398626826078,0.10005662264905964,0.10002801120448179
2024-05-15,positive,0.04541171234120875,0.06032498336216361,0.014913271020954862,0.8998504017507706,0.9001626970815163
2024-05-15,negative,-0.028139464995371823,-0.03190010744910421,-0.0037606424537323865,0.1000569879075414,0.09994520854299452
2024-05-16,positive,0.03279267645467318,0.05937645272807877,0.026583776273405586,0.9000143128249292,0.8999838133511945
2024-05-16,negative,-0.03354673572884932,-0.03462616315475574,-0.0010794274259064152,0.0999493668867413,0.1000653047555258
2024-05-17,positive,0.029358799797496993,0.028880648442502932,-0.0004781513549940615,0.8997151188873934,0.9002955361148498
2024-05-17,negative,-0.031032213596980485,-0.034966677967205394,-0.003934464370224908,0.0999938713708902,0.10001514131897712
2024-05-20,positive,0.040156642316358696,0.044297828469016844,0.004141186152658148,0.8998432279927748,0.9001527358173884
2024-05-20,negative,-0.02993204281524648,-0.03575436243803113,-0.00582231962278465,0.10006010326252017,0.09995971802618328
2024-05-21,positive,0.024469341583928515,0.02752409980595875,0.0030547582220302356,0.8999044580894816,0.9000895455563018
2024-05-21,negative,-0.038565319139543634,-0.04299047720189002,-0.0044251580623463835,0.10004197447951646,0.09997705395119767
2024-05-22,positive,0.025751911168378216,0.032771838124828485,0.007019926956450269,0.8998311166395562,0.90017023889261
2024-05-22,negative,-0.03800559135228399,-0.04098316578417495,-0.0029775744318909572,0.10006291263993874,0.09995757981692341
2024-05-23,positive,0.008309088798572034,0.013477993542197498,0.0051689047436254635,0.8998165823282547,0.9004453544356981
2024-05-23,negative,-0.052531842607691205,-0.05433496240685013,-0.0018031197991589254,0.10016705069124425,0.09984991039426523
2024-05-24,positive,0.04182348651271798,0.04337790093823044,0.0015544144255124626,0.900074299790457,0.8999311387302654
2024-05-24,negative,-0.022101271481694152,-0.021698978095883687,0.0004022933858104649,0.09997680630868402,0.10003639010189228
2024-05-28,positive,0.0360157058466335,0.04726117131150395,0.01124546546487045,0.8999210069029286,0.9001115946880928
2024-05-28,negative,-0.03521208836308662,-0.03655336055710636,-0.0013412721940197422,0.09988497776077288,0.10009597143175983
2024-05-29,positive,0.0173451577446636,0.026338586677808962,0.00899342893314536,0.9000580307373787,0.9002947324414716
2024-05-29,negative,-0.047348148961762135,-0.04500731824903387,0.0023408307127282674,0.09999856665074057,0.10003344481605352
2024-05-30,positive,0.04257481732305047,0.051831811538322406,0.009256994215271937,0.900145,0.9001718750000001
2024-05-30,negative,-0.029539434519055652,-0.030626559182189445,-0.0010871246631337927,0.09988777777777778,0.10044555555555554
2024-05-31,positive,0.03863606287622125,0.042870754679788695,0.0042346918035674475,0.8999994444444444,0.9003121527777779
2024-05-31,negative,-0.029186975548057048,-0.03031504821379306,-0.0011280726657360123,0.10043444444444445,0.0998988888888889
2024-06-03,positive,0.033553211841801,0.03499567996772054,0.001442468125919534,0.8999140852465276,0.9001013127853883
2024-06-03,negative,-0.042449653054505085,-0.043075607052175814,-0.0006259539976707293,0.09996992983628467,0.09999888629023276
2024-06-04,positive,0.020734069339449802,0.025260637681807925,0.004526568342358123,0.8998863256435975,0.9001270478100969
2024-06-04,negative,-0.04626834071721147,-0.046693951991200175,-0.0004256112739887061,0.10001408988871377,0.09998662654630557
2024-06-05,positive,0.0508644907987328,0.05356465622364233,0.0027001654249095286,0.8999518235387802,0.9000317725752508
2024-06-05,negative,-0.02069914162827824,-0.024517266669003522,-0.003818125040725283,0.1000436375218984,0.09999219620958752
2024-06-06,positive,0.0275906653307763,0.032425868352194506,0.004835203021418207,0.8998118832400721,0.9002215154558645
2024-06-06,negative,-0.04077892843939308,-0.042308666118952315,-0.0015297376795592316,0.10004878282079488,0.09993775108804819
2024-06-07,positive,0.01483277081620095,0.01761074871539477,0.002777977899193821,0.8998710317460319,0.900131608422939
2024-06-07,negative,-0.04533222262914359,-0.04856447942979093,-0.003232256800647343,0.10006208397337431,0.09995799731182796
2024-06-10,positive,0.038814132498937906,0.03998767725886079,0.001173544759922887,0.8999283632053562,0.9000868931494562
2024-06-10,negative,-0.02893215601904679,-0.030392213898363874,-0.0014600578793170851,0.09995587269552961,0.10003699966363941
2024-06-11,positive,0.02609232768112802,0.028146745616002704,0.002054417934874684,0.8999556976222521,0.9000628084342754
2024-06-11,negative,-0.03200620556331278,-0.034572621508136156,-0.0025664159448233748,0.10001942735371402,0.09998037236428892
2024-06-12,positive,0.04426515466501009,0.045931763814744966,0.0016666091497348767,0.9000035143208575,0.900029073018003
2024-06-12,negative,-0.022966346636423322,-0.024005140783467334,-0.0010387941470440115,0.09992000926502771,0.1000810689925081
2024-06-13,positive,0.02265927870966462,0.02791370964969332,0.005254430940028698,0.8998581721562621,0.9001558310991957
2024-06-13,negative,-0.04212398094108587,-0.043102287352324464,-0.000978306411238597,0.10020809396144519,0.09978831546023234
2024-06-14,positive,0.014034562367936676,0.01607147431541241,0.002036911947475734,0.9001382706332202,0.9001166046429203
2024-06-14,negative,-0.047140575282418086,-0.047715274946801015,-0.0005746996643829286,0.09997282347282348,0.10005892255892257
2024-06-17,positive,0.03481308829266379,0.05367042432518328,0.01885733603251949,0.9000444273364451,0.8999595823509601
2024-06-17,negative,-0.037936992027008544,-0.040571872715476055,-0.0026348806884675113,0.09979334071115817,0.10025766251263053
2024-06-18,positive,0.03056532238184544,0.03401401195775943,0.0034486895759139914,0.8998200657367323,0.9001885521885523
2024-06-18,negative,-0.039329421633833926,-0.03903279342439389,0.00029662820944003493,0.10008012666346,0.09998484848484848
2024-06-20,positive,0.033180899432390824,0.03785993364650068,0.004679034214109853,0.8999174838172147,0.9001015029161058
2024-06-20,negative,-0.038947052388323126,-0.039543614723146776,-0.0005965623348236498,0.09987742741780428,0.1000886748541947
2024-06-21,positive,0.03323707037214407,0.03515123045420472,0.001914160082060648,0.9000325148559257,0.8999792577643234
2024-06-21,negative,-0.02959320814165674,-0.027689937250435816,0.0019032708912209255,0.09971773741450836,0.10028030048211682
2024-06-24,positive,0.03867160079189884,0.051324523100490585,0.012652922308591746,0.8997938375350142,0.9002722689075631
2024-06-24,negative,-0.029477540969106413,-0.029514867924858114,-3.7326955751700724e-05,0.09991068427370947,0.1001686274509804
2024-06-25,positive,0.024279839249777523,0.028685643510669333,0.004405804260891811,0.8998153220252109,0.900196770938446
2024-06-25,negative,-0.0428495391488211,-0.043557293420755566,-0.0007077542719344659,0.10024069802828632,0.09973203273909632
2024-06-26,positive,0.03438710679384,0.0367708037284024,0.0023836969345623973,0.9000082405273938,0.8999871191756273
2024-06-26,negative,-0.03241654172752868,-0.034255633380639916,-0.0018390916531112328,0.10015248975934458,0.09986391129032257
2024-06-27,positive,0.040796702468632665,0.046806677323383894,0.006009974854751229,0.8999394951387888,0.9000779235340284
2024-06-27,negative,-0.024913506993139677,-0.027883340971106712,-0.0029698339779670353,0.10010291031986289,0.09990301603318759
2024-06-28,positive,0.040045232763856506,0.04361159923018478,0.003566366466328276,0.899991356542617,0.9000733893557422
2024-06-28,negative,-0.032359944866244696,-0.03244415353807693,-8.420867183223102e-05,0.0999669867947179,0.10011596638655462
2024-07-01,positive,0.029265303651948217,0.02939440701271793,0.00012910336076971118,0.899918792238936,0.9000750081752781
2024-07-01,negative,-0.04488314951481538,-0.046092500154658995,-0.0012093506398436135,0.09998037933289732,0.10003740189666448
2024-07-02,positive,0.029655023003111753,0.03279659355989702,0.0031415705567852704,0.8999901768172889,0.8999873458306047
2024-07-02,negative,-0.03455640808456332,-0.03785683575060622,-0.003300427666042903,0.10008950010914648,0.09995770574110457
2024-07-03,positive,0.032675600457850146,0.03856067961334675,0.005885079155496603,0.8998273420479302,0.9002155841503268
2024-07-03,negative,-0.02355471511211458,-0.024323733329020585,-0.0007690182169060068,0.09996786492374726,0.10009963916122004
2024-07-05,positive,0.02925899685128467,0.032427794882184724,0.003168798030900054,0.9001655737704919,0.8999854849726775
2024-07-05,negative,-0.03609675271268952,-0.036942935395361344,-0.0008461826826718227,0.100272131147541,0.09989678961748634
2024-07-08,positive,0.040578155148119285,0.051074575766934124,0.010496420618814839,0.8998607470511141,0.9001233139471383
2024-07-08,negative,-0.0243839634897259,-0.027706137824907585,-0.003322174335181685,0.10019167758846659,0.09984091715814766
2024-07-09,positive,0.03164826836783132,0.042335475766126805,0.010687207398295484,0.8999220623501201,0.9000740543928492
2024-07-09,negative,-0.03713035101086507,-0.03949987214216635,-0.0023695211313012818,0.09986538042293439,0.10014279485502506
2024-07-10,positive,0.042101385697348344,0.05243904593645139,0.010337660239103048,0.8999002289826628,0.900131699105877
2024-07-10,negative,-0.027832527688035895,-0.030441863171846918,-0.0026093354838110233,0.1000572456656853,0.09993212299640172
2024-07-11,positive,0.07743491628588704,0.082675041448285,0.0052401251623979545,0.899822903085615,0.9001666734571925
2024-07-11,negative,-0.011752375987711445,-0.011087190240104048,0.0006651857476073966,0.10024808054469073,0.09996715300761097
2024-07-12,positive,0.04316124265470382,0.051181315324008325,0.008020072669304504,0.8998649528148388,0.900140165690422
2024-07-12,negative,-0.017865935689962687,-0.01882137812404236,-0.0009554424340796723,0.09992027334851937,0.10007237091875476
2024-07-15,positive,0.05270360079820492,0.05393939061037659,0.0012357898121716712,0.8998115047123824,0.9001464494637634
2024-07-15,negative,-0.025888645814686882,-0.026453260076187347,-0.0005646142615004651,0.10018416206261511,0.09983980608818113
2024-07-16,positive,0.07531576746423589,0.07665096386496438,0.0013351964007284889,0.8999697950377563,0.9000419363538297
2024-07-16,negative,-0.009442727377987684,-0.007988119591826293,0.0014546077861613913,0.09988497842502697,0.09985384181622046
2024-07-17,positive,0.026284652316218404,0.027276067246284015,0.0009914149300656108,0.899926668823466,0.9000849239728244
2024-07-17,negative,-0.05207115798753246,-0.05431277412814254,-0.002241616140610081,0.10001186239620403,0.0999835544052626
2024-07-18,positive,0.009913693820139185,0.014099070026859456,0.0041853762067202704,0.8999138524089633,0.9003309437264404
2024-07-18,negative,-0.05730131598976016,-0.05929167528112837,-0.0019903592913682114,0.10008595853527194,0.09990074717285946
2024-07-19,positive,0.02076913485943266,0.028406033531573772,0.007636898672141113,0.9001385295385942,0.8999163499892194
2024-07-19,negative,-0.043099194661748594,-0.04311432508725724,-1.5130425508644296e-05,0.09995526088831393,0.10000818644890039
2024-07-22,positive,0.048437785040921666,0.07561958722154132,0.02718180218061965,0.9000754879758437,0.8999448668176424
2024-07-22,negative,-0.017935433785884986,-0.018736522031271043,-0.0008010882453860571,0.10020381753477839,0.09982327725655128
2024-07-23,positive,0.04069543335454259,0.044469445436592384,0.0037740120820497908,0.9000464915125959,0.899999729700508
2024-07-23,negative,-0.028536189625078867,-0.031104025106309198,-0.002567835481230331,0.09994864309655097,0.10002000216239593
2024-07-24,positive,0.016161886411321054,0.018071371304149743,0.001909484892828689,0.9000895071713577,0.9002139612315323
2024-07-24,negative,-0.058474200563962506,-0.061494225512452594,-0.003020024948490088,0.10019680793702146,0.09981111156044428
2024-07-25,positive,0.054893297042142256,0.058169678109575,0.0032763810674327418,0.9000898139184683,0.9001658801226202
2024-07-25,negative,-0.030964350338959307,-0.03307317614487518,-0.0021088258059158704,0.0998671614499301,0.09988763176293428
2024-07-26,positive,0.04917341489107665,0.05279099132480462,0.0036175764337279745,0.8998797922036083,0.9000689634342784
2024-07-26,negative,-0.017763017355100125,-0.01846749623812924,-0.0007044788830291131,0.100170973503346,0.10011813597904232
2024-07-29,positive,0.020479195788009007,0.023180896236699104,0.002701700448690097,0.8998277903347326,0.9002865676461091
2024-07-29,negative,-0.04329244743622282,-0.045429941237453336,-0.0021374938012305167,0.09985093100850284,0.10002801770530623
2024-07-30,positive,0.03405758718337195,0.03711327450976778,0.0030556873263958284,0.8998167050817691,0.9001857644605421
2024-07-30,negative,-0.04128625630176827,-0.04592683582278236,-0.004640579521014092,0.09993085281527823,0.10007607562287343
2024-07-31,positive,0.04831832271416646,0.0487159766727783,0.0003976539586118405,0.8999999999999998,0.8999636994949494
2024-07-31,negative,-0.03049979125687428,-0.032179926297354576,-0.0016801350404802955,0.1002162933684673,0.09980501344971453
2024-08-01,positive,0.022798412063965583,0.026498416101505516,0.0037000040375399328,0.8998329565715739,0.9001142929025914
2024-08-01,negative,-0.07362826701765575,-0.07600540941109094,-0.002377142393435186,0.10031622516556293,0.0997477580022075
2024-08-02,positive,0.01216058406758153,0.013576220907907988,0.001415636840326459,0.8999612080992119,0.9001796642577016
2024-08-02,negative,-0.07795908694356864,-0.07902239296841154,-0.0010633060248429055,0.09983338868592936,0.10016391287501383
2024-08-05,positive,0.00018317903416385228,-0.000803901305367731,-0.0009870803395315832,0.8999154145798552,0.9000845854201447
2024-08-05,negative,-0.07018337087769502,-0.0692510625884016,0.0009323082892934292,0.09990977025200733,0.10010350584307179
2024-08-06,positive,0.05032857386013798,0.052917828743635674,0.002589254883497691,0.9001578830331335,0.9000422503891483
2024-08-06,negative,-0.02637003433481199,-0.028440362454249118,-0.0020703281194371266,0.10003478509482513,0.09978596842339336
2024-08-07,positive,0.029106286819105716,0.03434820736199562,0.005241920542889904,0.8998519755147469,0.9001480244852532
2024-08-07,negative,-0.06415930445013952,-0.06536600629306775,-0.0012067018429282317,0.09989164480483345,0.10012743461324429
2024-08-08,positive,0.07356929462042724,0.07928417237808497,0.0057148777576577214,0.8996181596181595,0.9002609890109889
2024-08-08,negative,-0.01919501442567925,-0.025223139302524684,-0.006028124876845436,0.09999389499389498,0.10003534747232226
2024-08-09,positive,0.03336318935457613,0.03899984618516961,0.00563665683059348,0.899812084486433,0.9002365842796705
2024-08-09,negative,-0.04130539506087179,-0.044064160602530295,-0.002758765541658506,0.10009829182173871,0.09987307949231797
2024-08-12,positive,0.026498617960805056,0.0325549711026332,0.006056353141828147,0.8999620543172165,0.9000896536362625
2024-08-12,negative,-0.04203763226124825,-0.0431644965753817,-0.0011268643141334467,0.1000691295562662,0.09989642499164718
2024-08-13,positive,0.0555820966967661,0.06015602923036797,0.004573932533601867,0.8999972222222222,0.9003214583333333
2024-08-13,negative,-0.01917372228351293,-0.020935571596110713,-0.0017618493125977838,0.1001126851851852,0.10002064814814815
2024-08-14,positive,0.02773586928041801,0.032168493226116174,0.004432623945698162,0.8999718810240724,0.9000301104048176
2024-08-14,negative,-0.03759840761086858,-0.04145832159632173,-0.003859913985453149,0.10021555226305981,0.09980707036913125
2024-08-15,positive,0.06223537678163168,0.06379079043025367,0.001555413648621988,0.9000477465844055,0.8999536882044415
2024-08-15,negative,-0.012847997764897886,-0.01618314047471004,-0.0033351427098121545,0.10004200742901781,0.09994364468251311
2024-08-16,positive,0.033399183997361324,0.048175477065170266,0.014776293067808942,0.8995845845845846,0.9005488822155489
2024-08-16,negative,-0.024507517593040755,-0.02474748908085236,-0.00023997148781160563,0.10004703115814224,0.09983650316983653
2024-08-19,positive,0.04637056756803335,0.0570516171290805,0.010681049561047151,0.8997193623380936,0.900292330897819
2024-08-19,negative,-0.016085569181185328,-0.015083656940152984,0.001001912241032344,0.09973984279862726,0.10025915393556958
2024-08-20,positive,0.01660291802620494,0.01816694461946699,0.0015640265932620502,0.8997710683477107,0.9002399220305243
2024-08-20,negative,-0.03840809340428365,-0.03869969559161233,-0.0002916021873286753,0.10015151515151514,0.09984782819066579
2024-08-21,positive,0.04597898403279387,0.05359869275253939,0.007619708719745516,0.8999884105960266,0.9000617411699781
2024-08-21,negative,-0.016096097863759404,-0.015647049804666694,0.0004490480590927104,0.09987913907284769,0.10018194674392936
2024-08-22,positive,0.015618552118394857,0.026586927981254505,0.010968375862859647,0.8999084858569051,0.9000881863560732
2024-08-22,negative,-0.042515737882120035,-0.04302746928712222,-0.000511731405002186,0.09987576261785913,0.10014129229062674
2024-08-23,positive,0.06465197202476013,0.06545736276451408,0.0008053907397539556,0.9000930232558139,0.8999247646733114
2024-08-23,negative,-0.008884867611692954,-0.010873889361365244,-0.00198902174967229,0.09973780519959924,0.09993423706691978
2024-08-26,positive,0.029096440505722132,0.031437853957856754,0.002341413452134622,0.8999219489120153,0.9001239997240618
2024-08-26,negative,-0.025514229886489593,-0.025137521047005645,0.00037670883948394754,0.09975,0.10031015452538632
2024-08-27,positive,0.02101985110153133,0.019504104087809858,-0.0015157470137214732,0.8999061021759698,0.9001084437086092
2024-08-27,negative,-0.03411960291114665,-0.035305025796730595,-0.001185422885583945,0.10017715231788078,0.09989155629139072
2024-08-28,positive,0.015071728994859309,0.017824192284278624,0.002752463289419315,0.899874903132957,0.9001372052474261
2024-08-28,negative,-0.04613765825201495,-0.04655674957222215,-0.0004190913202072044,0.10004649618067088,0.09995353841470164
2024-08-29,positive,0.03301144977124491,0.034871838416519634,0.00186038864527472,0.8998479318734793,0.9001659961844725
2024-08-29,negative,-0.022455310509723346,-0.02412131043485648,-0.0016659999251331346,0.09994304357443044,0.1000613111037381
2024-08-30,positive,0.02970766314292707,0.0290116145233835,-0.0006960486195435704,0.9001267995570321,0.8999310631229237
2024-08-30,negative,-0.023066413429352336,-0.023680111804959842,-0.0006136983756075062,0.10002491694352159,0.10000989756367665
2024-09-03,positive,0.013862239664755466,0.017079763930736947,0.003217524265981481,0.9000858293782349,0.9001524596033409
2024-09-03,negative,-0.07403783870368072,-0.07310131744183244,0.0009365212618482749,0.10004118274944637,0.0999726775956284
2024-09-04,positive,0.02869958489596024,0.03382262570156599,0.005123040805605748,0.8997758209766944,0.9002177807636323
2024-09-04,negative,-0.03262387347554006,-0.03438986491362027,-0.0017659914380802055,0.10014540045107731,0.09987403426268054
2024-09-05,positive,0.0256182342914757,0.04041799830178225,0.014799764010306547,0.8998302284373356,0.9002223712146609
2024-09-05,negative,-0.03693780002094177,-0.036922601674000216,1.5198346941552865e-05,0.09995661925514424,0.10001061571125265
2024-09-06,positive,0.013395915580507251,0.01822337476664488,0.004827459186137629,0.8999798011996983,0.8999473427801569
2024-09-06,negative,-0.05161750889101709,-0.05139262669395421,0.00022488219706288254,0.10004963993007107,0.1000005613562367
2024-09-09,positive,0.04349653488460757,0.048690624320712125,0.005194089436104554,0.9000444780127559,0.8999552422513147
2024-09-09,negative,-0.030885513683613326,-0.030157261611189375,0.0007282520724239509,0.09999784203711695,0.10001902204319121
2024-09-10,positive,0.035205493921247735,0.0359546208760831,0.0007491269548353663,0.9001607442977193,0.8999131652661063
2024-09-10,negative,-0.03442114243932885,-0.03341496329362133,0.0010061791457075253,0.10006078431372549,0.10005490196078433
2024-09-11,positive,0.045123303372118465,0.04859558425754438,0.0034722808854259143,0.8999413759457427,0.9000627029447991
2024-09-11,negative,-0.02787628823979015,-0.030437441819925665,-0.002561153580135516,0.10027704464385687,0.09974638898219684
2024-09-12,positive,0.04252417640721058,0.04808535409315338,0.005561177685942796,0.9001245679723502,0.8998807123655915
2024-09-12,negative,-0.023488466232847928,-0.026023069809514698,-0.0025346035766667697,0.10028537826420891,0.09973734318996415
2024-09-13,positive,0.05707726905020969,0.06653620430585695,0.009458935255647262,0.8999623155740979,0.9000201409869085
2024-09-13,negative,-0.011923505171456916,-0.013668662798062258,-0.001745157626605343,0.0996285569580211,0.10008615866621909
2024-09-16,positive,0.032612397935218265,0.03357414148840497,0.0009617435531867058,0.899981448678667,0.9000335120643432
2024-09-16,negative,-0.03097255640515459,-0.03212892223695925,-0.0011563658318046593,0.10019716264521894,0.09980786416443252
2024-09-17,positive,0.03985642334302945,0.040639110344736024,0.0007826870017065765,0.8998764214341849,0.9001307960031436
2024-09-17,negative,-0.026874183248726046,-0.026438860881553887,0.00043532236717215914,0.09993015124540891,0.1000836420792635
2024-09-18,positive,0.024765384798950456,0.03144125857051776,0.006675873771567302,0.899884078884079,0.9001674031986532
2024-09-18,negative,-0.028211726112043794,-0.028714423383952747,-0.0005026972719089536,0.10010237293570627,0.09993153759820425
2024-09-19,positive,0.05218164152447376,0.05460455723298705,0.0024229157085132944,0.8999301859045061,0.9000671366230278
2024-09-19,negative,-0.01765707765966703,-0.019855476855663388,-0.0021983991959963582,0.09990567257450142,0.09991318861661258
2024-09-20,positive,0.022104895002242837,0.024530886499491915,0.0024259914972490776,0.8998762861928691,0.9001284198771635
2024-09-20,negative,-0.04417429939330884,-0.044683515799410614,-0.000509216406101777,0.0998452580362128,0.10016917922948074
2024-09-23,positive,0.025366475452036085,0.03214181450189653,0.006775339049860444,0.8999844392575304,0.9002823163276649
2024-09-23,negative,-0.042091445236343734,-0.04441475818527804,-0.002323312948934307,0.09990266596802108,0.09987957791486052
2024-09-24,positive,0.0386326568103762,0.04509290840805759,0.006460251597681391,0.8998996785278794,0.9000617309610908
2024-09-24,negative,-0.029156249528378066,-0.029009864671913178,0.000146384856464888,0.09972619443520674,0.10032167996896131
2024-09-25,positive,0.018796948694777292,0.02148378920534983,0.0026868405105725385,0.8999389702618732,0.9000075593652908
2024-09-25,negative,-0.04170261946238182,-0.04167677288618885,2.5846576192964377e-05,0.10019085663559699,0.09987572126054149
2024-09-26,positive,0.04705432385558907,0.04859942217679625,0.0015450983212071806,0.9000801813758017,0.8999337812430879
2024-09-26,negative,-0.027550483258271242,-0.0275731594201002,-2.2676161828959207e-05,0.099971798274718,0.10003317850033178
2024-09-27,positive,0.035747408093981435,0.03746125149693627,0.0017138434029548358,0.8999442235476032,0.9000546719681909
2024-09-27,negative,-0.022284069057966524,-0.0226407190099265,-0.0003566499519599767,0.09990517214175264,0.10014461840070688
2024-09-30,positive,0.028035824608713233,0.03249983796208949,0.004464013353376255,0.8999536423841059,0.9000885761589403
2024-09-30,negative,-0.03280385203418239,-0.03515565541381517,-0.002351803379632783,0.09999613686534214,0.10006301738410597
2024-10-01,positive,0.02109834674525455,0.023180192229903432,0.0020818454846488824,0.8997420174566344,0.900220383106839
2024-10-01,negative,-0.0527918475347541,-0.05725074208892243,-0.004458894554168334,0.10003204065849078,0.10001926582698044
2024-10-02,positive,0.03367643370588469,0.04396573018464217,0.010289296478757481,0.8999171636845592,0.9000780732273028
2024-10-02,negative,-0.03136571977249038,-0.029960164326387883,0.0014055554461024945,0.09986580516898606,0.10014876021647892
2024-10-03,positive,0.024430551316815815,0.02862669501211871,0.0041961436953028945,0.9000574331787053,0.8999379417936824
2024-10-03,negative,-0.03758627735085045,-0.039444906677853456,-0.0018586293270030085,0.10015186657830792,0.09986501132096312
2024-10-04,positive,0.048845812039842056,0.05174229351810228,0.0028964814782602225,0.8999955820631763,0.9000005177269715
2024-10-04,negative,-0.020586244326234786,-0.019633807477088417,0.0009524368491463688,0.09983377512701568,0.1001785122597747
2024-10-07,positive,0.01918001308083943,0.033675284366985796,0.014495271286146364,0.9000110448420587,0.8999859178263752
2024-10-07,negative,-0.044464007265374896,-0.04632935709911734,-0.0018653498337424454,0.09996796995802959,0.10005025403136736
2024-10-08,positive,0.029595432272381615,0.03142322637650351,0.0018277941041218923,0.8998374253483743,0.9001748092236233
2024-10-08,negative,-0.03619048931295581,-0.035989110437739835,0.00020137887521597814,0.09999225834992258,0.10000725779694757
2024-10-09,positive,0.031166538500493966,0.03940855450278955,0.008242016002295585,0.8999283341243473,0.9000602159468439
2024-10-09,negative,-0.026836751880006993,-0.0285471771111847,-0.001710425231177707,0.10024252491694349,0.09979159745293466
2024-10-10,positive,0.027889169350930172,0.030801812808001327,0.0029126434570711547,0.8998555297243442,0.9001564402745489
2024-10-10,negative,-0.03376861941019404,-0.03567894437452366,-0.001910324964329621,0.10018875235248532,0.09981463799402193
2024-10-11,positive,0.052905313788909204,0.055548099479734304,0.0026427856908251,0.9000005507821106,0.8999926332892707
2024-10-11,negative,-0.009910598577085594,-0.009311483125148077,0.0005991154519375177,0.09962444170722426,0.09993028538023993
2024-10-14,positive,0.03714937517629569,0.04065966852341233,0.0035102933471166387,0.9000275300077083,0.8999697169915208
2024-10-14,negative,-0.02437494155557964,-0.024326720720245228,4.822083533441088e-05,0.09984331492755674,0.10020000550600154
2024-10-15,positive,0.03245504534188486,0.08275664817821009,0.050301602836325225,0.8999426807760141,0.9000667576058202
2024-10-15,negative,-0.039559404312802866,-0.03792949589776706,0.0016299084150358037,0.09988756613756614,0.10011773864638449
2024-10-16,positive,0.05090896645277147,0.0604905589313933,0.00958159247862183,0.8997946261424954,0.9001954630547295
2024-10-16,negative,-0.016934249033912115,-0.020638847840926493,-0.003704598807014379,0.0999983481995375,0.1000178256799912
2024-10-17,positive,0.028698759676846715,0.03383824068543696,0.005139481008590248,0.8997734788359788,0.9002723352072308
2024-10-17,negative,-0.03274981548430143,-0.032232112991703955,0.0005177024925974716,0.10003031305114637,0.09996858465608466
2024-10-18,positive,0.04124000938569518,0.04689218706108651,0.005652177675391334,0.8999790702797972,0.9000505342586471
2024-10-18,negative,-0.02370694733978242,-0.025002037913768753,-0.001295090573986333,0.09998237497246089,0.10003036186384669
2024-10-21,positive,0.025192560967371713,0.030158769405557572,0.004966208438185859,0.8999182491968064,0.9001341572032955
2024-10-21,negative,-0.04509897238757414,-0.04413334754484842,0.0009656248427257208,0.09973796799949104,0.10022600757069693
2024-10-22,positive,0.030281384183182637,0.0385817702447241,0.008300386061541466,0.8999623850876356,0.900084613671788
2024-10-22,negative,-0.03750028519162786,-0.036664090808363234,0.0008361943832646268,0.10006878837039157,0.09989645958583834
2024-10-23,positive,0.018736296347792582,0.02240489617393154,0.0036685998261389574,0.8998439322055558,0.9001761153975177
2024-10-23,negative,-0.047300246644144284,-0.0474616906237261,-0.00016144397958181567,0.09992663855209981,0.10007212344850722
2024-10-24,positive,0.036746971129308116,0.05989156271785238,0.02314459158854426,0.8997608678312196,0.9002350642099385
2024-10-24,negative,-0.033159984316052805,-0.037294778508555095,-0.004134794192502289,0.09999074738773231,0.10003015075376887
2024-10-25,positive,0.028577747607189098,0.035720139118691034,0.007142391511501936,0.9000897239752662,0.8999464524765731
2024-10-25,negative,-0.03649624110898902,-0.04020718430682276,-0.0037109431978337437,0.10002565818830882,0.09995816599732263
2024-10-28,positive,0.0538115073816338,0.05779460746445393,0.003983100082820129,0.9001188882514184,0.8999157742079429
2024-10-28,negative,-0.02176081687535848,-0.02019372196888041,0.0015670949064780677,0.09988581309364443,0.10009426595269968
2024-10-29,positive,0.030944393999260817,0.033331874271039785,0.0023874802717789682,0.9000551654964895,0.899962665775103
2024-10-29,negative,-0.04104861553810329,-0.04157413827788206,-0.0005255227397787735,0.10012123672605118,0.09987908168951298
2024-10-30,positive,0.03394090595244916,0.038730417751609306,0.004789511799160144,0.8999175334796575,0.900130260521042
2024-10-30,negative,-0.04337043143725458,-0.04797731187459476,-0.004606880437340179,0.1001639787511531,0.09980850590069026
2024-10-31,positive,0.02743674161650405,0.032084918157293,0.004648176540788952,0.8996241705154746,0.9002746582174499
2024-10-31,negative,-0.060266473280173025,-0.06089844792033031,-0.0006319746401572887,0.10005335244465678,0.09998160535117055
2024-11-01,positive,0.04165617381804555,0.04567188358995249,0.00401570977190694,0.8998569838619922,0.9001430161380078
2024-11-01,negative,-0.035426847280388765,-0.036524670681907956,-0.0010978234015191907,0.09998712139279753,0.10003060656649972
2024-11-04,positive,0.037392339673469964,0.04424919580329042,0.0068568561298204544,0.8998827814358876,0.9001653306613226
2024-11-04,negative,-0.03374460615574762,-0.035692550593803614,-0.0019479444380559943,0.10000922479880396,0.09995880650189268
2024-11-05,positive,0.057282431788292634,0.06600732997850874,0.008724898190216102,0.9001220594762538,0.8998246088548602
2024-11-05,negative,-0.018572115854076383,-0.020577773902102768,-0.0020056580480263854,0.10005363219411156,0.10021267939044239
2024-11-06,positive,0.12377512823983938,0.1260634171637271,0.0022882889238877158,0.8998889257294429,0.9001041666666667
2024-11-06,negative,-0.039187308851934985,-0.040704201985634056,-0.001516893133699071,0.10001492042440319,0.1000055951591512
2024-11-07,positive,0.059718536503333364,0.06119939264488924,0.0014808561415558738,0.8999950722733245,0.9000185474156812
2024-11-07,negative,-0.05333500954388286,-0.05196650555702137,0.0013685039868614884,0.09981384143670607,0.10018294185282524
2024-11-08,positive,0.0545082423127047,0.06411974081631601,0.009611498503611308,0.8999769963851463,0.9000042447146457
2024-11-08,negative,-0.044540276474248644,-0.0474225848908888,-0.002882308416640153,0.10026015992989375,0.09977681016540695
2024-11-11,positive,0.06160154966742901,0.06433997048388865,0.0027384208164596344,0.8997844874740182,0.9002458702548953
2024-11-11,negative,-0.030923024163249952,-0.032582539342216756,-0.0016595151789668035,0.10018597527622797,0.0997993244721584
2024-11-12,positive,0.02790568867137979,0.028784130228770792,0.000878441557391002,0.8997999781992588,0.9001897005123174
2024-11-12,negative,-0.056814244768628716,-0.060282275458255416,-0.0034680306896267,0.10018421626335294,0.09983308807499457
2024-11-13,positive,0.03623532833159652,0.04095328013866185,0.004717951807065329,0.8999864233735202,0.9000120492560008
2024-11-13,negative,-0.05435563042219928,-0.05908858319246253,-0.0047329527702632546,0.10001683501683503,0.0999912770174867
2024-11-14,positive,0.02547264807778113,0.027775634493979694,0.002302986416198565,0.8998826214541898,0.9000465981958483
2024-11-14,negative,-0.05928868394887068,-0.060217114599636135,-0.0009284306507654563,0.10002662754048475,0.10005179464188677
2024-11-15,positive,0.02013158110613996,0.026955196288626682,0.006823615182486722,0.8997368708374276,0.9002370619063218
2024-11-15,negative,-0.06454110316235304,-0.06261576375860325,0.0019253394037497817,0.09995468937656948,0.10007199202969756
2024-11-18,positive,0.04205422363663687,0.046124458533115385,0.004070234896478515,0.8999094084261078,0.9000727188386813
2024-11-18,negative,-0.03850163694407224,-0.037536967493645296,0.0009646694504269471,0.10019591792185112,0.09984183993669506
2024-11-19,positive,0.04899704439870911,0.051854156136959886,0.0028571117382507755,0.9001017853254952,0.8999141016220336
2024-11-19,negative,-0.028285760212652215,-0.027304770288259506,0.0009809899243927098,0.10012246897452645,0.09988617189200959
2024-11-20,positive,0.036461882354015734,0.04006050981701205,0.003598627462996315,0.8997863803947082,0.9002142973324657
2024-11-20,negative,-0.03283038048591814,-0.03413464527788816,-0.0013042647919700237,0.10025536759921927,0.09975293455866407
2024-11-21,positive,0.05386826388329093,0.058747075423060166,0.004878811539769233,0.9000910865322055,0.8999253822381263
2024-11-21,negative,-0.023600921604125084,-0.027920910962270222,-0.004319989358145138,0.09987258729126003,0.10008929055519411
2024-11-22,positive,0.058781982717942084,0.06147422460274563,0.002692241884803548,0.8998808753773178,0.9001604274471754
2024-11-22,negative,-0.017847683179771985,-0.02090485414813253,-0.003057170968360546,0.10029864846462859,0.09981056624622683
2024-11-25,positive,0.06396126146593287,0.07493028341657496,0.010969021950642088,0.9000431126820908,0.8999477827763493
2024-11-25,negative,-0.02872622739400902,-0.02918492534013927,-0.0004586979461302515,0.10008060197086546,0.09998727451295428
2024-11-26,positive,0.031105688741934867,0.06942966087475107,0.0383239721328162,0.8997436257216164,0.9002480556446439
2024-11-26,negative,-0.04480941284218759,-0.04712752687239445,-0.002318114030206861,0.09997273893521488,0.10005863133418857
2024-11-27,positive,0.038260341945961576,0.046730042672246494,0.008469700726284918,0.9000439510526878,0.899958921128567
2024-11-27,negative,-0.027425920257510367,-0.02887323666285941,-0.001447316405349043,0.09995351074062199,0.10005861253606925
2024-11-29,positive,0.035531976529362706,0.04069500201195135,0.005163025482588644,0.8998793508434764,0.9001631566303653
2024-11-29,negative,-0.01953011750252725,-0.01931609187421311,0.00021402562831413993,0.09989099535554133,0.10010610185778349
2024-12-02,positive,0.038864099981933097,0.0428684821578604,0.004004382175927301,0.9000838944106017,0.899921348990061
2024-12-02,negative,-0.04033831629386652,-0.03912734548653342,0.0012109708073331019,0.09989763679598164,0.10011371833921127
2024-12-03,positive,0.027877033099454156,0.035399768799493504,0.0075227357000393485,0.900056071771868,0.8999669577058634
2024-12-03,negative,-0.048986998029803705,-0.047525630666963324,0.0014613673628403809,0.0999351503257503,0.10006308074335149
2024-12-04,positive,0.04323946349124912,0.05587971360906561,0.012640250117816491,0.89990234375,0.9000996492346938
2024-12-04,negative,-0.03586259429660948,-0.03859521673377972,-0.0027326224371702415,0.09994924532312925,0.10006277901785712
2024-12-05,positive,0.024741361024169566,0.04926311015719363,0.024521749133024066,0.9001477829234537,0.899875239540083
2024-12-05,negative,-0.047826627860544715,-0.04790949333966534,-8.286547912062653e-05,0.09998413046949857,0.10000998083679336
2024-12-06,positive,0.05074534768563475,0.0556369416058193,0.004891593920184553,0.9000665112634152,0.8999412256933376
2024-12-06,negative,-0.03518723804525927,-0.036806513959869704,-0.0016192759146104324,0.09983021862713845,0.10018528849218997
2024-12-09,positive,0.04415412455137409,0.04754230981289153,0.0033881852615174415,0.8998437666453606,0.900150307606264
2024-12-09,negative,-0.0475432697596888,-0.04742925682392252,0.00011401293576627364,0.10000053265153937,0.1000179769894535
2024-12-10,positive,0.031976795760256374,0.03595937208763047,0.003982576327374095,0.9002207999999999,0.8998809999999999
2024-12-10,negative,-0.044355797589338504,-0.04344279512821166,0.0009130024611268411,0.10006873333333333,0.10001800000000001
2024-12-11,positive,0.04005620272402823,0.043773997409771837,0.0037177946857436042,0.9000236075544172,0.8999929977592831
2024-12-11,negative,-0.03464992577613206,-0.04115531028886883,-0.006505384512736773,0.10002850912291934,0.09997049055697824
2024-12-12,positive,0.017497885896736978,0.022907907158665503,0.005410021261928525,0.9001518191546282,0.8998575441412522
2024-12-12,negative,-0.05087340085630985,-0.055354964800950666,-0.004481563944640818,0.10013673756019262,0.09989065008025681
2024-12-13,positive,0.026148844104727266,0.02720613046736158,0.0010572863626343125,0.9002520485218508,0.8997519681876607
2024-12-13,negative,-0.03913799698455735,-0.0415596947189638,-0.0024216977344064528,0.10013382337189373,0.09986925610539846
2024-12-16,positive,0.045437376929557224,0.05136900407600268,0.005931627146445455,0.8999576634512325,0.9000572749196142
2024-12-16,negative,-0.03674975690848798,-0.03734760114542586,-0.0005978442369378792,0.10027592443729902,0.0997683882636656
2024-12-17,positive,0.03041818554902146,0.03000459040392342,-0.00041359514509804046,0.9000754704301075,0.9002288306451612
2024-12-17,negative,-0.0399984267444475,-0.04316693276212014,-0.0031685060176726426,0.10019005376344085,0.10010157930107529
2024-12-18,positive,0.0010086044068181761,0.017103882943079716,0.01609527853626154,0.9000715214564368,0.8999301717598612
2024-12-18,negative,-0.07996394820278788,-0.08276443428391772,-0.0028004860811298438,0.09987375379280451,0.10012834579540528
2024-12-19,positive,0.03238421159261899,0.04929341224028481,0.016909200647665816,0.899979403794038,0.9000778455284552
2024-12-19,negative,-0.04282632189063584,-0.0442848143538489,-0.001458492463213057,0.09996747967479677,0.10010521680216804
2024-12-20,positive,0.04865051678265333,0.05657319770354058,0.00792268092088725,0.8997868091537133,0.9002315077180484
2024-12-20,negative,-0.02589773317010256,-0.025943424907683078,-4.569173758051798e-05,0.09998650690846288,0.09999382691062175
2024-12-23,positive,0.037767279329959554,0.04385908487794169,0.006091805547982138,0.8997120846730976,0.9002898914790997
2024-12-23,negative,-0.030591720807574895,-0.03185559664973951,-0.001263875842164617,0.10003851822079313,0.09999899517684888
2024-12-24,positive,0.03918714067878639,0.04833504349315877,0.009147902814372381,0.9000178219272998,0.8999850095938602
2024-12-24,negative,-0.013148568479160303,-0.014590752970409553,-0.0014421844912492505,0.09976221884660483,0.09974566277582346
2024-12-26,positive,0.0620192286400167,0.068077673490514,0.006058444850497294,0.8998088900349096,0.9000763646461442
2024-12-26,negative,-0.014740377690681173,-0.015982840175891883,-0.0012424624852107099,0.10021937480165026,0.09987851079022533
2024-12-27,positive,0.022267785148869235,0.031156175677164576,0.008888390528295341,0.8999814960241587,0.9001134945294244
2024-12-27,negative,-0.039209764352338014,-0.03908700842161756,0.00012275593072045426,0.09998091273635011,0.10003236536010199
2024-12-30,positive,0.03208363193602439,0.047850631309430416,0.015766999373406025,0.8999153210838904,0.900066119153675
2024-12-30,negative,-0.038655886338249505,-0.04088199694311222,-0.002226110604862712,0.10013270230141054,0.09990156697422845
2024-12-31,positive,0.03033493928038062,0.03342322201317549,0.003088282732794871,0.9000276455026455,0.9001116071428571
2024-12-31,negative,-0.03644454813478533,-0.03841769457796801,-0.00197314644318268,0.10019067460317461,0.0999672619047619
2025-01-02,positive,0.055028189317724754,0.05701243124764914,0.001984241929924385,0.8997385311447811,0.9002544981060607
2025-01-02,negative,-0.032073649285961583,-0.033132036610538255,-0.001058387324576672,0.10011758207070709,0.09989247948232324
2025-01-03,positive,0.061514056565231755,0.07446475517061193,0.01295069860538018,0.9000451704842589,0.8999872529024161
2025-01-03,negative,-0.021718413607037766,-0.023077188201441067,-0.001358774594403301,0.10014489200920404,0.09983575855036084
2025-01-06,positive,0.048189041244758674,0.06016400253281946,0.01197496128806079,0.8998769859935194,0.9001553478870381
2025-01-06,negative,-0.04376714618774894,-0.04473176567652282,-0.0009646194887738754,0.10018556626946798,0.09983194183129507
2025-01-07,positive,0.030047484704002876,0.03294372668413051,0.0028962419801276326,0.899814273188861,0.900200710584171
2025-01-07,negative,-0.05502517521155179,-0.053494392047444536,0.0015307831641072564,0.10006716525335009,0.09989939934045226
2025-01-08,positive,0.024551894076801726,0.03245625555257236,0.007904361475770633,0.900005078903219,0.899996559452658
2025-01-08,negative,-0.06861527452876708,-0.07245725705357503,-0.0038419825248079548,0.10005449171647267,0.09996657754010695
2025-01-10,positive,0.026619827872757896,0.03227451127044577,0.005654683397687873,0.9000625197223098,0.8999408330703693
2025-01-10,negative,-0.06461497504264126,-0.0688390024379866,-0.004224027395345345,0.10009078836646682,0.09993245108867149
2025-01-13,positive,0.04179941045522732,0.05221443067314373,0.010415020217916404,0.8998701298701299,0.900151944092493
2025-01-13,negative,-0.058728269517542786,-0.05738378048067756,0.0013444890368652235,0.09974817865061766,0.10023014333227746
2025-01-14,positive,0.046066366490624636,0.05045814492875541,0.004391778438130774,0.900003805326133,0.8999995036531132
2025-01-14,negative,-0.04384028700370261,-0.042643266387807986,0.001197020615894627,0.10004649115840744,0.09993398586404066
2025-01-15,positive,0.06503144107827225,0.07126122916307259,0.006229788084800347,0.8999241495253166,0.9001257969564408
2025-01-15,negative,-0.021380919767421437,-0.026687427186955354,-0.0053065074195339165,0.10026215734423805,0.10012543495533999
2025-01-16,positive,0.03849253164698013,0.04109717899002354,0.0026046473430434078,0.9000712180097293,0.8999201895621829
2025-01-16,negative,-0.03278400391346231,-0.036126713994914135,-0.003342710081451823,0.10010277865905245,0.09993605250634519
2025-01-17,positive,0.03724777622285285,0.04089345049599878,0.003645674273145931,0.8999539009890573,0.9000434027777778
2025-01-17,negative,-0.029055756796463113,-0.03116778869343679,-0.002112031896973676,0.09998592697811447,0.10003057922979797
2025-01-21,positive,0.060093124501602854,0.06645755455287085,0.006364430051267994,0.9000049697209057,0.8999955568720379
2025-01-21,negative,-0.02704667725558088,-0.027777467528414996,-0.0007307902728341149,0.10003531463928383,0.09998518957345971
2025-01-22,positive,0.03691889335679802,0.03788750597951003,0.0009686126227120076,0.9000432930362411,0.89997481431732
2025-01-22,negative,-0.03981672367751574,-0.04292738521239458,-0.0031106615348788363,0.10011690765908132,0.09988938053097345
2025-01-23,positive,0.04302024230683687,0.05491123368717661,0.011890991380339742,0.9000750448028674,0.8999416903858318
2025-01-23,negative,-0.030127522048825784,-0.03543444929587149,-0.005306927247045703,0.0998916165928737,0.10009981815306768
2025-01-24,positive,0.0328171500434017,0.04435558956728295,0.011538439523881248,0.8998104126781536,0.9001366065730696
2025-01-24,negative,-0.03289214307710565,-0.03260760291649806,0.0002845401606075895,0.09984268639651138,0.10021089262922782
