date,mover,low_signal_return,high_signal_return,high_minus_low_signal_return,low_abs_return,high_abs_return,low_mean_rank,high_mean_rank,n_low,n_high
2015-02-02,positive,0.03998920741675393,0.04960439588742734,0.009615188470673414,0.03998920741675393,0.04960439588742734,0.8880811693360285,0.9121386303879919,218,219
2015-02-02,negative,-0.010323713239818778,-0.014348073568824124,-0.004024360329005347,0.010323713239818778,0.014348073568824124,0.10894968207205806,0.09123355200948112,218,218
2015-02-03,positive,0.047561421995594266,0.06991399384305742,0.022352571847463157,0.047561421995594266,0.06991399384305742,0.8801865541486128,0.9199971971042321,218,219
2015-02-03,negative,-0.0054886705197515415,-0.008618247640342538,-0.003129577120590997,0.006758789722100787,0.009498190499610771,0.1079977894236952,0.09218544465784398,218,218
2015-02-04,positive,0.013879905430073593,0.022747133152427018,0.008867227722353425,0.013879905430073593,0.022747133152427018,0.8844708862039756,0.9157128528865157,218,218
2015-02-04,negative,-0.028905421383003206,-0.03816151221607433,-0.00925609083307112,0.028905421383003206,0.03816151221607433,0.11500415953125363,0.08533964339445327,217,218
2015-02-05,positive,0.04665431324385397,0.05156928859260305,0.00491497534874908,0.04665431324385397,0.05156928859260305,0.8815627079805562,0.9187127741131076,218,218
2015-02-05,negative,-0.006029499328441968,-0.01367631874118002,-0.007646819412738052,0.006113891882360071,0.013764810577074984,0.1110233038385531,0.08921049527805157,217,218
2015-02-06,positive,0.019575820988818802,0.031194921541198684,0.011619100552379882,0.019575820988818802,0.031194921541198684,0.884976431799784,0.9151154799649217,218,218
2015-02-06,negative,-0.02951551572251506,-0.03961015490263929,-0.01009463918012423,0.02951551572251506,0.03961015490263929,0.11457521516671185,0.08585844745008094,217,218
2015-02-09,positive,0.01721589173584882,0.02903005173226956,0.011814159996420739,0.01721589173584882,0.02903005173226956,0.8868378096695655,0.913193725463681,217,218
2015-02-09,negative,-0.021359600427499344,-0.028854850502301955,-0.0074952500748026105,0.021359600427499344,0.028854850502301955,0.1122271585860537,0.08814133519561375,217,217
2015-02-10,positive,0.0222251282553097,0.03132255152389503,0.009097423268585328,0.0222251282553097,0.03132255152389503,0.8871350349448196,0.9131417178227083,217,217
2015-02-10,negative,-0.022039408179587557,-0.03174246207836291,-0.009703053898775356,0.022039408179587557,0.03174246207836291,0.11055269406860735,0.08968001258353597,216,217
2015-02-11,positive,0.01358960622300362,0.024687952663097593,0.011098346440093974,0.01358960622300362,0.024687952663097593,0.8831988362462571,0.9167240941952395,217,218
2015-02-11,negative,-0.019317568415712204,-0.027794679392752226,-0.008477110977040021,0.019317568415712204,0.027794679392752226,0.11352863726135616,0.0869321922317314,217,217
2015-02-12,positive,0.031662817295386635,0.04260851594175652,0.010945698646369885,0.031662817295386635,0.04260851594175652,0.8857896748709889,0.9141451401513551,217,218
2015-02-12,negative,-0.005745119936497381,-0.012952530168910042,-0.007207410232412661,0.005772153174494143,0.012974818192241758,0.11318779332752872,0.08727303616555884,217,217
2015-02-13,positive,0.029749720846081955,0.04032423332934505,0.010574512483263097,0.029749720846081955,0.04032423332934505,0.8863684211645567,0.9138161658220607,217,217
2015-02-13,negative,-0.011296795574817532,-0.02093302092586807,-0.009636225351050538,0.011296795574817532,0.02093302092586807,0.11970594267548582,0.08066111062672386,216,217
2015-02-17,positive,0.020127530090941367,0.029970480101469618,0.009842950010528251,0.020127530090941367,0.029970480101469618,0.8855858056021577,0.914348074240054,217,218
2015-02-17,negative,-0.018062587323788924,-0.021894102247656498,-0.003831514923867574,0.018062587323788924,0.021894102247656498,0.1075431629467604,0.09291766654632717,217,217
2015-02-18,positive,0.020182394581246405,0.025441352344178384,0.00525895776293198,0.020182394581246405,0.025441352344178384,0.885568458970043,0.9144572534535726,217,218
2015-02-18,negative,-0.019529765945520854,-0.027340990457395475,-0.007811224511874621,0.019529765945520854,0.027340990457395475,0.11035178844721051,0.09001670533445694,217,217
2015-02-19,positive,0.015259311272663504,0.02503489080108916,0.009775579528425657,0.015259311272663504,0.02503489080108916,0.8817589590516872,0.9186115828658672,216,216
2015-02-19,negative,-0.020117735412745863,-0.027085549800213132,-0.006967814387467269,0.020117735412745863,0.027085549800213132,0.10782877516507428,0.0922998902098022,215,216
2015-02-20,positive,0.017478393177259258,0.030124463089011736,0.012646069911752478,0.017478393177259258,0.030124463089011736,0.8774694938558049,0.9225305061441952,216,216
2015-02-20,negative,-0.01479591723297453,-0.01984337703441779,-0.00504745980144326,0.01479591723297453,0.01984337703441779,0.10889116710732209,0.09161295866632295,215,216
2015-02-23,positive,0.013619039821199089,0.023874433301248117,0.010255393480049028,0.013619039821199089,0.023874433301248117,0.8811151929191373,0.9188848070808627,216,216
2015-02-23,negative,-0.021271487076524032,-0.02631051901379621,-0.005039031937272179,0.021271487076524032,0.02631051901379621,0.10970377165056924,0.09080411618114635,215,216
2015-02-24,positive,0.021008639785411422,0.027853093700720866,0.006844453915309443,0.021008639785411422,0.027853093700720866,0.8917257454670449,0.9082742545329552,216,216
2015-02-24,negative,-0.01630228013499507,-0.023320804181548953,-0.007018524046553884,0.01630228013499507,0.023320804181548953,0.11412291587978202,0.08640543095299476,215,216
2015-02-25,positive,0.021028236535430414,0.031272745319213834,0.01024450878378342,0.021028236535430414,0.031272745319213834,0.889011172896715,0.9112668623210792,216,216
2015-02-25,negative,-0.01489066499816582,-0.023258090130767843,-0.008367425132602023,0.01489066499816582,0.023258090130767843,0.10919563764898592,0.09103186249270587,215,216
2015-02-26,positive,0.015614990241197788,0.028985312792036286,0.013370322550838499,0.015614990241197788,0.028985312792036286,0.8821748542524005,0.9177430022188086,216,217
2015-02-26,negative,-0.021997839525589317,-0.032272307975937914,-0.010274468450348597,0.021997839525589317,0.032272307975937914,0.11452760631001373,0.08593535665294924,216,216
2015-02-27,positive,0.01762613427676773,0.026257341457359428,0.0086312071805917,0.01762613427676773,0.026257341457359428,0.8884870113168724,0.9119759516460907,216,216
2015-02-27,negative,-0.01807232060778363,-0.031243700085627362,-0.013171379477843734,0.01807232060778363,0.031243700085627362,0.11861496913580247,0.0818479938271605,216,216
2015-03-02,positive,0.02299093587839426,0.03033411282544062,0.007343176947046358,0.02299093587839426,0.03033411282544062,0.8868214016514202,0.9133024550574012,216,217
2015-03-02,negative,-0.023695786463140057,-0.02711609958442661,-0.0034203131212865515,0.023695786463140057,0.02711609958442661,0.1093423441943331,0.09093517661972796,216,216
2015-03-03,positive,0.015293068768213415,0.0229212721283034,0.007628203360089984,0.015293068768213415,0.0229212721283034,0.8907521110081352,0.909525924209659,216,216
2015-03-03,negative,-0.020645685349493553,-0.028689652569370457,-0.008043967219876904,0.020645685349493553,0.028689652569370457,0.11084552880574176,0.08938960972093503,215,216
2015-03-04,positive,0.012493636333305932,0.022511397777412775,0.010017761444106843,0.012493636333305932,0.022511397777412775,0.8858542434029314,0.9143583027988508,215,216
2015-03-04,negative,-0.020654569465398207,-0.03044709488183799,-0.009792525416439782,0.020654569465398207,0.03044709488183799,0.11237105607103122,0.08781473120254055,215,215
2015-03-05,positive,0.015901522620179014,0.029601996514686823,0.01370047389450781,0.015901522620179014,0.029601996514686823,0.8875979803877051,0.9124373676326256,215,216
2015-03-05,negative,-0.01637649916789739,-0.022899574420012,-0.00652307525211461,0.01637649916789739,0.022899574420012,0.10879093553025636,0.09158098450693565,215,215
2015-03-06,positive,0.004064975922846945,0.0118776906334648,0.007812714710617855,0.005253900140177609,0.012490744126569692,0.8828496499707406,0.9172435466741802,215,215
2015-03-06,negative,-0.03419765247125141,-0.04189187537276745,-0.007694222901516043,0.03419765247125141,0.04189187537276745,0.11618442483734137,0.08426277119139988,214,215
2015-03-09,positive,0.01631133831630627,0.026104223794419096,0.009792885478112825,0.01631133831630627,0.026104223794419096,0.8811454488337392,0.918953162660413,214,215
2015-03-09,negative,-0.021448372382442106,-0.03268274689691706,-0.011234374514474954,0.021448372382442106,0.03268274689691706,0.11608724486679406,0.08419286717802385,214,214
2015-03-10,positive,0.005003763207931297,0.010561104389578158,0.005557341181646861,0.005155384304016365,0.010665428144029956,0.8898001228184861,0.9104328509273498,213,214
2015-03-10,negative,-0.033997581179299574,-0.04004863062032842,-0.006051049441028848,0.033997581179299574,0.04004863062032842,0.11246255466853314,0.0877249746329202,213,213
2015-03-11,positive,0.0226879285344114,0.029879680463598426,0.007191751929187026,0.0226879285344114,0.029879680463598426,0.8882994062209173,0.9120746003241972,214,214
2015-03-11,negative,-0.014903765545270023,-0.021128586066442988,-0.006224820521172965,0.014903765545270023,0.021128586066442988,0.10983040207898474,0.0903088175538399,213,214
2015-03-12,positive,0.03215225166225188,0.03903491754927353,0.006882665887021654,0.03215225166225188,0.03903491754927353,0.8887225374400043,0.9115580986685086,214,214
2015-03-12,negative,-0.00901837632997243,-0.019477736552682604,-0.010459360222710174,0.00901837632997243,0.019477736552682604,0.11381133699609569,0.08643985557294352,213,214
2015-03-13,positive,0.010846387139730674,0.020161369130660807,0.009314981990930133,0.010846387139730674,0.020161369130660807,0.8867943094301995,0.9133928688571191,214,214
2015-03-13,negative,-0.021880517852191757,-0.03249087960142047,-0.010610361749228713,0.021880517852191757,0.03249087960142047,0.12099033131875013,0.07938786577392536,213,214
2015-03-16,positive,0.022678094557577983,0.030074277671947088,0.007396183114369105,0.022678094557577983,0.030074277671947088,0.8837253969016138,0.9162921043198679,214,215
2015-03-16,negative,-0.017331531528319146,-0.024789690550204132,-0.007458159021884986,0.017331531528319146,0.024789690550204132,0.11080615661298981,0.08956750055655714,214,214
2015-03-17,positive,0.01908639475779088,0.027223997980098526,0.008137603222307645,0.01908639475779088,0.027223997980098526,0.8895698230709853,0.9106609946933769,214,215
2015-03-17,negative,-0.01417932176054741,-0.02022821273596059,-0.00604889097541318,0.01417932176054741,0.02022821273596059,0.1133019480944261,0.08688470612862567,214,214
2015-03-18,positive,0.039294841714861785,0.042645092149558285,0.0033502504346965,0.039294841714861785,0.042645092149558285,0.8948357935190846,0.9051401869158878,214,215
2015-03-18,negative,-0.006142790777597048,-0.01391114239647076,-0.007768351618873712,0.006403532205643331,0.014141538500021764,0.11156542056074767,0.0889018691588785,214,214
2015-03-19,positive,0.013377755962090027,0.02119526150096911,0.007817505538879083,0.013377755962090027,0.02119526150096911,0.8879653745978244,0.9120346254021755,214,214
2015-03-19,negative,-0.026607601628660806,-0.0316465075579529,-0.005038905929292098,0.026607601628660806,0.0316465075579529,0.10742377763850866,0.09307820263083018,213,214
2015-03-20,positive,0.03468967665835916,0.03730391580262656,0.002614239144267401,0.03468967665835916,0.03730391580262656,0.8958256764324968,0.9042679565263047,214,214
2015-03-20,negative,-0.008439608354659135,-0.01223522674974679,-0.003795618395087656,0.008499583694165133,0.012317478759540909,0.10586568725712578,0.09453537925723687,213,214
2015-03-23,positive,0.035803680700437594,0.0320782535253401,-0.0037254271750974954,0.035803680700437594,0.0320782535253401,0.8833053772982566,0.9170668888720551,215,215
2015-03-23,negative,-0.01663828591129185,-0.021027423872606914,-0.0043891379613150636,0.01663828591129185,0.021027423872606914,0.1072243990902093,0.09290205287478222,214,215
2015-03-24,positive,0.015388584812450212,0.02132434799467777,0.00593576318222756,0.015388584812450212,0.02132434799467777,0.8923303451561214,0.9079489844528171,215,215
2015-03-24,negative,-0.017716775953342312,-0.022132660538041537,-0.004415884584699225,0.017716775953342312,0.022132660538041537,0.10966950347204094,0.09056125763284396,214,215
2015-03-25,positive,0.010658067501184684,0.014944277531273158,0.004286210030088474,0.01068569882402368,0.014979597217033151,0.8944620501464638,0.9058844585213468,214,215
2015-03-25,negative,-0.03142081592223883,-0.04103766284614934,-0.009616846923910509,0.03142081592223883,0.04103766284614934,0.11398360126935417,0.08610968231273537,214,214
2015-03-26,positive,0.013965310181796765,0.021620786472590546,0.007655476290793781,0.013965310181796765,0.021620786472590546,0.885147174425714,0.9147837426646384,214,215
2015-03-26,negative,-0.019921526195232006,-0.0243345336410166,-0.004413007445784593,0.019921526195232006,0.0243345336410166,0.10912197571840336,0.09134531400122284,214,214
2015-03-27,positive,0.018196080320310455,0.02551951819382212,0.007323437873511664,0.018196080320310455,0.02551951819382212,0.8873283436665749,0.9130456628785397,214,214
2015-03-27,negative,-0.018954970108865855,-0.021699046873426074,-0.0027440767645602188,0.018954970108865855,0.021699046873426074,0.10538248973347644,0.09473594526221966,213,214
2015-03-30,positive,0.02634790677624903,0.03325896399654891,0.006911057220299877,0.02634790677624903,0.03325896399654891,0.8855859304530714,0.9147207210363584,213,214
2015-03-30,negative,-0.009641693068111619,-0.015330041503781821,-0.005688348435670202,0.009641693068111619,0.015330041503781821,0.10101250216103584,0.09300875179404987,206,207
2015-03-31,positive,0.014180780443379573,0.01919333881181376,0.005012558368434186,0.014180780443379573,0.01919333881181376,0.8888777178426865,0.9114029182658262,214,214
2015-03-31,negative,-0.020002261231977583,-0.023608801487723385,-0.0036065402557458014,0.020002261231977583,0.023608801487723385,0.10912638286846117,0.09110291739157042,213,214
2015-04-01,positive,0.02242045327845578,0.027279558660370136,0.004859105381914357,0.02242045327845578,0.027279558660370136,0.8949132363138408,0.9053424345353721,214,215
2015-04-01,negative,-0.017003176588950474,-0.02447643200870133,-0.007473255419750857,0.017003176588950474,0.02447643200870133,0.11322671946480825,0.08695993475824354,214,214
2015-04-02,positive,0.02247284603351933,0.03230469609741401,0.009831850063894677,0.02247284603351933,0.03230469609741401,0.8824060291504975,0.9176053354767931,214,215
2015-04-02,negative,-0.010150097969973581,-0.01484350042271775,-0.00469340245274417,0.010150097969973581,0.01484350042271775,0.11131469703649706,0.08905896013304988,214,214
2015-04-06,positive,0.028651681892049283,0.04183841074893277,0.013186728856883486,0.028651681892049283,0.04183841074893277,0.8847231870950264,0.9156508194500882,214,214
2015-04-06,negative,-0.008000210615823969,-0.012175235646609155,-0.004175025030785186,0.008000210615823969,0.012175235646609155,0.10986661750148702,0.09027277136228389,213,214
2015-04-07,positive,0.014941973233003744,0.023037682857049192,0.008095709624045449,0.014941973233003744,0.023037682857049192,0.8888567864946076,0.9113707148205624,214,215
2015-04-07,negative,-0.01999669219556043,-0.023201619659937535,-0.003204927464377106,0.01999669219556043,0.023201619659937535,0.10901391620620927,0.09117273801684248,214,214
2015-04-08,positive,0.019676571510370687,0.03258651722060841,0.012909945710237722,0.019676571510370687,0.03258651722060841,0.8829933740418345,0.9172859555671041,215,215
2015-04-08,negative,-0.01511677667306097,-0.020925042882114844,-0.005808266209053874,0.01511677667306097,0.020925042882114844,0.10949764179675943,0.09073231995149626,214,215
2015-04-09,positive,0.018272597525502664,0.02484337107919235,0.006570773553689686,0.018272597525502664,0.02484337107919235,0.8872828555976203,0.9126582687338503,215,216
2015-04-09,negative,-0.019060011096932394,-0.021543013074931627,-0.0024830019779992323,0.019060011096932394,0.021543013074931627,0.10372958355868037,0.09673553272038939,215,215
2015-04-10,positive,0.017209571582951628,0.02769210866558527,0.010482537082633643,0.017209571582951628,0.02769210866558527,0.8819870200108166,0.9179295865633075,215,216
2015-04-10,negative,-0.01068718106355215,-0.015485877998952964,-0.004798696935400814,0.01068718106355215,0.015485877998952964,0.1116257436452136,0.08883937263385613,215,215
2015-04-13,positive,0.011839576022583287,0.018511276753697282,0.006671700731113995,0.011839576022583287,0.018511276753697282,0.885904681477632,0.9143746481313066,215,215
2015-04-13,negative,-0.016608283840944402,-0.022048785357584463,-0.005440501516640061,0.016608283840944402,0.022048785357584463,0.1143511025252789,0.0859014334589234,214,215
2015-04-14,positive,0.024395542512094328,0.03452308272631558,0.010127540214221253,0.024395542512094328,0.03452308272631558,0.890752502092342,0.9095767528635891,214,215
2015-04-14,negative,-0.01143744758145576,-0.017116487572778807,-0.0056790399913230465,0.01143744758145576,0.017116487572778807,0.11531637955084391,0.08477690403124563,214,214
2015-04-15,positive,0.032530261926879744,0.04672404505508485,0.014193783128205108,0.032530261926879744,0.04672404505508485,0.8826560758384104,0.9177161903319012,215,215
2015-04-15,negative,-0.00917484995402114,-0.01515214168393345,-0.00597729172991231,0.00917484995402114,0.01515214168393345,0.11711815536893926,0.08305431406711614,214,215
2015-04-16,positive,0.013161491868760502,0.02143542227944419,0.008273930410683687,0.013161491868760502,0.02143542227944419,0.8812591223119588,0.9187468791432063,215,216
2015-04-16,negative,-0.01792237579794916,-0.02403644489119341,-0.006114069093244252,0.01792237579794916,0.02403644489119341,0.11124733763636167,0.08912458240083034,215,215
2015-04-17,positive,0.0025722273018611262,0.007154691865705562,0.004582464563844436,0.003212957471177058,0.00754652362399662,0.8864139113589362,0.9137092046120776,214,215
2015-04-17,negative,-0.02882153760743622,-0.03352445049002955,-0.004702912882593328,0.02882153760743622,0.03352445049002955,0.10946076249814567,0.09081934954667224,214,214
2015-04-20,positive,0.022560506379033278,0.02875770163199507,0.006197195252961793,0.022560506379033278,0.02875770163199507,0.8868391686427676,0.9134718847622353,214,215
2015-04-20,negative,-0.010309193082884248,-0.01598581933455655,-0.005676626251672303,0.010309193082884248,0.01598581933455655,0.10570577312037942,0.09438751046171014,214,214
2015-04-21,positive,0.01492810804541481,0.02310884632518907,0.00818073827977426,0.01492810804541481,0.02310884632518907,0.8874418102546138,0.9125931399851765,213,214
2015-04-21,negative,-0.02175956187128424,-0.030414887936089225,-0.008655326064804986,0.02175956187128424,0.030414887936089225,0.11201291905979913,0.0883624915455505,213,213
2015-04-22,positive,0.01840554992313439,0.02707518245537789,0.008669632532243503,0.01840554992313439,0.02707518245537789,0.8875892943653163,0.9125398905858216,213,214
2015-04-22,negative,-0.012782404749579932,-0.016447123222210598,-0.0036647184726306663,0.012782404749579932,0.016447123222210598,0.10542570620722459,0.0948557196839574,213,213
2015-04-23,positive,0.022514549947349947,0.03388592952693922,0.01137137957958927,0.022514549947349947,0.03388592952693922,0.8855427260890544,0.9144833499256634,213,214
2015-04-23,negative,-0.010337454943964913,-0.018944409473325673,-0.00860695452936076,0.010337454943964913,0.018944409473325673,0.11568220522887049,0.08469320537647913,213,213
2015-04-24,positive,0.014382751643599031,0.027194656595142353,0.012811904951543322,0.014382751643599031,0.027194656595142353,0.8787127020775034,0.9216630611916371,213,213
2015-04-24,negative,-0.016480539333166202,-0.02794687875041339,-0.011466339417247187,0.016480539333166202,0.02794687875041339,0.11681452005990942,0.0833581416477572,212,213
2015-04-27,positive,0.01359383488298325,0.02316422123011569,0.00957038634713244,0.01359383488298325,0.02316422123011569,0.8842804634826503,0.9160014914045679,213,213
2015-04-27,negative,-0.022529296983752972,-0.028163905659670307,-0.005634608675917335,0.022529296983752972,0.028163905659670307,0.10979615902964958,0.0904373610081542,212,213
2015-04-28,positive,0.02087675366460679,0.03063538666230466,0.009758632997697868,0.02087675366460679,0.03063538666230466,0.8844483843723056,0.9159273788968347,213,213
2015-04-28,negative,-0.013077078559206382,-0.02182594334181433,-0.00874886478260795,0.013077078559206382,0.02182594334181433,0.11329617058234442,0.08685997305265757,212,213
2015-04-29,positive,0.019492700292546034,0.02800031229753734,0.008507612004991307,0.019492700292546034,0.02800031229753734,0.8895598950228563,0.9106281632752162,213,213
2015-04-29,negative,-0.02589432410171641,-0.036074944651197205,-0.010180620549480796,0.02589432410171641,0.036074944651197205,0.11540858326458561,0.08494518277191751,212,213
2015-04-30,positive,0.012194162446769454,0.027028197514948563,0.014834035068179109,0.012194162446769454,0.027028197514948563,0.887153092895778,0.9169998094166333,208,208
2015-04-30,negative,-0.03512019816312079,-0.04504917102159918,-0.009928972858478387,0.03512019816312079,0.04504917102159918,0.11282707348767303,0.08732759311530003,211,212
2015-05-01,positive,0.024273765076804593,0.037863743383763124,0.01358997830695853,0.024273765076804593,0.037863743383763124,0.8853571396830757,0.9148560700045777,212,213
2015-05-01,negative,-0.013989754444184283,-0.01954336363329892,-0.005553609189114638,0.013989754444184283,0.01954336363329892,0.10489561762902265,0.09529279499462312,212,212
2015-05-04,positive,0.01968316016534775,0.023916071838831106,0.004232911673483355,0.01968316016534775,0.023916071838831106,0.8894561598224195,0.9109638221485777,212,213
2015-05-04,negative,-0.014166413988578552,-0.01879210118073532,-0.0046256871921567695,0.014166413988578552,0.01879210118073532,0.11297114317425082,0.0875592377796189,212,213
2015-05-05,positive,0.0082937041562571,0.018529434907712927,0.010235730751455827,0.0082937041562571,0.018529434907712927,0.8864561995421135,0.9114712615977827,215,215
2015-05-05,negative,-0.03275632356657213,-0.03925459434111281,-0.006498270774540675,0.03275632356657213,0.03925459434111281,0.10717745447435545,0.09301095814929035,212,212
2015-05-06,positive,0.012377942397298263,0.024516389565058687,0.012138447167760424,0.012377942397298263,0.024516389565058687,0.8794881967863518,0.9204159536659207,213,214
2015-05-06,negative,-0.023032940335337166,-0.03090054411011431,-0.007867603774777143,0.023032940335337166,0.03090054411011431,0.10863805682294075,0.09183142674513434,213,213
2015-05-07,positive,0.020063900308631148,0.03205747340162477,0.011993573092993624,0.020063900308631148,0.03205747340162477,0.884223767358016,0.9159831486520236,213,214
2015-05-07,negative,-0.02309050040635168,-0.04131513024982709,-0.018224629843475407,0.02309050040635168,0.04131513024982709,0.1172014113120668,0.08298611798938654,213,213
2015-05-08,positive,0.02901037986395335,0.04258946911164728,0.01357908924769393,0.02901037986395335,0.04258946911164728,0.8857817595272025,0.91449887658131,214,214
2015-05-08,negative,-0.007714054830977985,-0.015718684684429364,-0.008004629853451378,0.007714054830977985,0.015718684684429364,0.10931523032802366,0.09040413356346372,213,213
2015-05-11,positive,0.014282419009880755,0.021572324205606966,0.007289905195726211,0.014282419009880755,0.021572324205606966,0.8856851112428512,0.9146205744533148,214,215
2015-05-11,negative,-0.021448380106030736,-0.028030100212156326,-0.00658172010612559,0.021448380106030736,0.028030100212156326,0.10946653996373273,0.09062674361835682,214,214
2015-05-12,positive,0.017627651256010565,0.025302732487251737,0.007675081231241172,0.017627651256010565,0.025302732487251737,0.896475866403693,0.9036173302412276,215,215
2015-05-12,negative,-0.01743382588105134,-0.02641561036103026,-0.00898178447997892,0.01743382588105134,0.02641561036103026,0.11333082195956834,0.08710310149764841,214,215
2015-05-13,positive,0.01479599435417441,0.025097283662000862,0.010301289307826452,0.01479599435417441,0.025097283662000862,0.8775795366127777,0.922502108288586,215,216
2015-05-13,negative,-0.018319397858442006,-0.024696366932062664,-0.006376969073620658,0.018319397858442006,0.024696366932062664,0.11292469957638109,0.08735411083254084,215,215
2015-05-14,positive,0.023929108306514058,0.032600111499157806,0.008671003192643748,0.023929108306514058,0.032600111499157806,0.8848799368600867,0.9151428276253939,215,216
2015-05-14,negative,-0.01223378720762298,-0.018183224292109577,-0.005949437084486597,0.01223378720762298,0.018183224292109577,0.10733893375714919,0.0930329862800428,215,215
2015-05-15,positive,0.01685538849416923,0.026311461030536692,0.009456072536367464,0.01685538849416923,0.026311461030536692,0.8829455615708516,0.9170544384291484,216,216
2015-05-15,negative,-0.013935165910036079,-0.020744168705467275,-0.006809002795431196,0.013935165910036079,0.020744168705467275,0.1063875249554848,0.09410500988227206,215,216
2015-05-18,positive,0.019628622188131217,0.027359008935339185,0.007730386747207968,0.019628622188131217,0.027359008935339185,0.8890615544220627,0.9110732479691587,215,216
2015-05-18,negative,-0.01437297909763183,-0.020470477452962255,-0.006097498355330425,0.01437297909763183,0.020470477452962255,0.11044026108757674,0.08983854932134519,215,215
2015-05-19,positive,0.01177564113380987,0.017889924209788525,0.0061142830759786555,0.01177564113380987,0.017889924209788525,0.8851566654658364,0.9152138764517181,216,216
2015-05-19,negative,-0.025348211467418835,-0.03350841667205587,-0.008160205204637033,0.025348211467418835,0.03350841667205587,0.10968256190958346,0.09045468581133241,215,216
2015-05-20,positive,0.013982434055621515,0.024847346198427808,0.010864912142806294,0.013982434055621515,0.024847346198427808,0.8853888567687521,0.9148878959987757,217,217
2015-05-20,negative,-0.011896085705166292,-0.01837444361428795,-0.006478357909121659,0.011896085705166292,0.01837444361428795,0.11440288882055488,0.08584756066454674,216,217
2015-05-21,positive,0.019146007458764196,0.02776764525094738,0.008621637792183185,0.019146007458764196,0.02776764525094738,0.8907496909070474,0.9094833591576353,217,218
2015-05-21,negative,-0.012434608773893316,-0.020344320740878316,-0.007909711966985,0.012434608773893316,0.020344320740878316,0.11311211538339191,0.08707196192907934,217,217
2015-05-22,positive,0.009726394805098322,0.016879467178055534,0.007153072372957212,0.009726394805098322,0.016879467178055534,0.8839397102630038,0.9161703583557199,217,218
2015-05-22,negative,-0.01604378861999207,-0.021382068373735543,-0.005338279753743472,0.01604378861999207,0.021382068373735543,0.10958597482835587,0.0906902682655668,217,217
2015-05-26,positive,0.003010152642236742,0.011068388471504565,0.008058235829267823,0.00412718070670456,0.01191003002803792,0.891277943352312,0.909049188491176,217,218
2015-05-26,negative,-0.03097949727279937,-0.03348375949410021,-0.0025042622213008355,0.03097949727279937,0.03348375949410021,0.10277409180130491,0.09731790451884229,217,217
2015-05-27,positive,0.020664924513769504,0.02658904322675287,0.005924118712983366,0.020664924513769504,0.02658904322675287,0.8877614729554673,0.9121823870122183,217,218
2015-05-27,negative,-0.008600766128735674,-0.015120081352660327,-0.006519315223924653,0.008600766128735674,0.015120081352660327,0.11151861368897194,0.08894221580411558,217,217
2015-05-28,positive,0.011941467468559995,0.020164661364257923,0.008223193895697927,0.011941467468559995,0.020164661364257923,0.8877742147847693,0.9121697036316746,217,218
2015-05-28,negative,-0.017691805727092735,-0.024531892609837607,-0.006840086882744872,0.017691805727092735,0.024531892609837607,0.10809955615961263,0.0923612733334749,217,217
2015-05-29,positive,0.011312847509442857,0.017154116001853625,0.0058412684924107686,0.011312847509442857,0.017154116001853625,0.892781684153247,0.9074950686142806,217,217
2015-05-29,negative,-0.020789150845396728,-0.024570247518608947,-0.0037810966732122198,0.020789150845396728,0.024570247518608947,0.10952341294246276,0.09070455047868452,216,217
2015-06-01,positive,0.016941227604844063,0.024769634652358256,0.007828407047514193,0.016941227604844063,0.024769634652358256,0.8910289400099498,0.9093416019076046,216,216
2015-06-01,negative,-0.016420439945651743,-0.020496292247608027,-0.004075852301956284,0.016420439945651743,0.020496292247608027,0.10627012936652414,0.09385132005558129,215,216
2015-06-02,positive,0.02512429746754684,0.031998872834762875,0.006874575367216036,0.02512429746754684,0.031998872834762875,0.8907527379299707,0.9092969844563343,216,217
2015-06-02,negative,-0.012520577406999479,-0.015406803163778526,-0.0028862257567790466,0.012520577406999479,0.015406803163778526,0.10740697893636347,0.09296322004558932,216,216
2015-06-03,positive,0.022821717109658263,0.028336066401829892,0.005514349292171629,0.022821717109658263,0.028336066401829892,0.8920103978688666,0.9079896021311334,216,216
2015-06-03,negative,-0.017087672504980042,-0.020723282531469996,-0.0036356100264899535,0.017087672504980042,0.020723282531469996,0.10731452004532453,0.09318230643636677,215,216
2015-06-04,positive,0.0029931352313183005,0.010450458363739574,0.007457323132421274,0.0035900763620677727,0.010787299398543471,0.8844578866900294,0.9156348776884492,216,216
2015-06-04,negative,-0.026580647308484612,-0.029921787077792,-0.0033411397693073885,0.026580647308484612,0.029921787077792,0.10830888380722267,0.09209978183192469,215,216
2015-06-05,positive,0.02194797520394234,0.028674244775814345,0.006726269571872005,0.02194797520394234,0.028674244775814345,0.8912055848534626,0.9089391436045711,215,216
2015-06-05,negative,-0.01590419257962562,-0.020967686513103503,-0.005063493933477884,0.01590419257962562,0.020967686513103503,0.110589392236535,0.08968941817238697,215,215
2015-06-08,positive,0.007861826948533799,0.015457330169755703,0.007595503221221904,0.007861826948533799,0.015457330169755703,0.8868866658005284,0.9133926638084102,215,215
2015-06-08,negative,-0.020803271629719695,-0.024844025442151488,-0.004040753812431793,0.020803271629719695,0.024844025442151488,0.11040372265441444,0.08983045342341169,214,215
2015-06-09,positive,0.012107685818747225,0.01995013734149937,0.007842451522752146,0.012107685818747225,0.01995013734149937,0.8866351980470734,0.913580963685469,215,216
2015-06-09,negative,-0.01663989777440424,-0.02282006700811862,-0.00618016923371438,0.01663989777440424,0.02282006700811862,0.11132330226077188,0.08886248501279988,215,215
2015-06-10,positive,0.02782230395962743,0.03491867636100094,0.007096372401373511,0.02782230395962743,0.03491867636100094,0.8883321457105223,0.9119843787613054,215,216
2015-06-10,negative,-0.006411777454904356,-0.009773419330089473,-0.0033616418751851174,0.006411777454904356,0.009773419330089473,0.10973796473392125,0.09221189599031274,217,217
2015-06-11,positive,0.015106880362594957,0.023438667748535588,0.00833178738594063,0.015106880362594957,0.023438667748535588,0.8874658733838151,0.9127195693607377,216,216
2015-06-11,negative,-0.016391945871474967,-0.01984595265716474,-0.0034540067856897727,0.016391945871474967,0.01984595265716474,0.10714170197625902,0.0931688816772266,215,216
2015-06-12,positive,0.010040431582240859,0.015158975662568868,0.005118544080328009,0.010040431582240859,0.015158975662568868,0.8888266453750923,0.9113587973694602,216,216
2015-06-12,negative,-0.01741818909342772,-0.02193558921115259,-0.004517400117724869,0.01741818909342772,0.02193558921115259,0.10949854988086383,0.09082294510551349,215,216
2015-06-15,positive,0.011673240070466816,0.01956057933741249,0.007887339266945672,0.011673240070466816,0.01956057933741249,0.8870926527176527,0.9130001116608261,216,216
2015-06-15,negative,-0.019392937395458224,-0.025701685436381103,-0.006308748040922879,0.019392937395458224,0.025701685436381103,0.11388337576045215,0.086551097711812,215,216
2015-06-16,positive,0.018682790430226713,0.023048250605437203,0.00436546017521049,0.018682790430226713,0.023048250605437203,0.8924093811142003,0.907868654103594,216,216
2015-06-16,negative,-0.012313323666983907,-0.01755717905770005,-0.005243855390716142,0.012313323666983907,0.01755717905770005,0.10911481345776666,0.09111231249785466,215,216
2015-06-17,positive,0.013918027130138537,0.021103295141519905,0.007185268011381368,0.013918027130138537,0.021103295141519905,0.8855772689896186,0.9145408543889639,216,217
2015-06-17,negative,-0.014757606164391375,-0.01818529855059549,-0.0034276923862041134,0.014757606164391375,0.01818529855059549,0.1061945386644739,0.09408298214958713,216,216
2015-06-18,positive,0.023190084064233167,0.02693912568645286,0.003749041622219694,0.023190084064233167,0.02693912568645286,0.891305371483365,0.9089313144612684,216,217
2015-06-18,negative,-0.010291180574314527,-0.019877699015672632,-0.009586518441358105,0.010291180574314527,0.019877699015672632,0.11328894197017174,0.08689598637009638,216,216
2015-06-19,positive,0.014167832919419213,0.02057480631782729,0.006406973398408077,0.014167832919419213,0.02057480631782729,0.8895854766803842,0.9103665301245946,216,217
2015-06-19,negative,-0.02148162564021134,-0.026155202081750647,-0.004673576441539307,0.02148162564021134,0.026155202081750647,0.10737204218106997,0.09309092078189302,216,216
2015-06-22,positive,0.020643335515005627,0.02900486881832109,0.008361533303315464,0.020643335515005627,0.02900486881832109,0.8847799024899213,0.9154257632242239,217,218
2015-06-22,negative,-0.014996025991231206,-0.018683958322479814,-0.003687932331248608,0.014996025991231206,0.018683958322479814,0.10376404172701843,0.09642003558545281,217,217
2015-06-23,positive,0.020181744378466707,0.02557048706497629,0.005388742686509584,0.020181744378466707,0.02557048706497629,0.8886321636444448,0.9115524233421728,217,217
2015-06-23,negative,-0.012084873791987758,-0.015728004858636447,-0.003643131066648689,0.012084873791987758,0.015728004858636447,0.10462706592148217,0.09567049946941875,216,217
2015-06-24,positive,0.006045272089621362,0.011067354978401433,0.00502208288878007,0.006045272089621362,0.011067354978401433,0.885683609267968,0.9162554489037773,215,215
2015-06-24,negative,-0.022482901115852,-0.026224395118501796,-0.003741494002649795,0.022482901115852,0.026224395118501796,0.10837522656543894,0.09203186233835862,216,217
2015-06-25,positive,0.011246926620213319,0.02190834802786825,0.010661421407654931,0.011246926620213319,0.02190834802786825,0.8822803279249675,0.9180068485566071,216,217
2015-06-25,negative,-0.02048098115571,-0.0271655078275455,-0.0066845266718355,0.02048098115571,0.0271655078275455,0.11160210002053808,0.0884903214212364,216,216
2015-06-26,positive,0.01494746468197749,0.020093968325747204,0.005146503643769713,0.01494746468197749,0.020093968325747204,0.8884091826116501,0.9115376485012472,217,218
2015-06-26,negative,-0.02289080210130477,-0.028316511746182167,-0.005425709644877399,0.02289080210130477,0.028316511746182167,0.1133491898320202,0.08711163966106736,217,217
2015-06-29,positive,0.032884194375589426,-0.002079076346825517,-0.034963270722414945,0.04441946485272232,0.008993908146121445,0.8981901546430763,0.9019844807453259,218,219
2015-06-29,negative,-0.042755959620905795,-0.051400861929483566,-0.00864490230857777,0.042755959620905795,0.051400861929483566,0.10895020980667514,0.09132476727856777,218,218
2015-06-30,positive,0.023263339838080113,0.025824017678571037,0.002560677840490924,0.023263339838080113,0.025824017678571037,0.8968099223639802,0.9031900776360198,219,219
2015-06-30,negative,-0.014891662421833783,-0.019278236736420335,-0.004386574314586552,0.014891662421833783,0.019278236736420335,0.10861272647114398,0.09188322205155533,218,219
2015-07-01,positive,0.020782954897928817,0.025653893886018356,0.004870938988089539,0.020782954897928817,0.025653893886018356,0.8891142388430875,0.9108857611569124,219,219
2015-07-01,negative,-0.024145106021193574,-0.04859974584012924,-0.024454639818935663,0.024145106021193574,0.04859974584012924,0.11467679969768858,0.08584683865709539,218,219
2015-07-02,positive,0.01589709737198778,0.018197378386055445,0.002300281014067665,0.01589709737198778,0.018197378386055445,0.8945711640434307,0.9054040467512882,218,219
2015-07-02,negative,-0.0187385647554769,-0.029728141897918454,-0.010989577142441555,0.0187385647554769,0.029728141897918454,0.11047575961619392,0.08998295598013635,218,218
2015-07-06,positive,0.011969783981395643,0.015448415857722086,0.003478631876326443,0.011969783981395643,0.015448415857722086,0.8894649160495699,0.910810566044094,218,218
2015-07-06,negative,-0.03230884770981463,-0.04268454707070518,-0.010375699360890549,0.03230884770981463,0.04268454707070518,0.1126810628276904,0.08756034068794703,217,218
2015-07-07,positive,0.023676767980487377,0.02920960434183888,0.005532836361351504,0.023676767980487377,0.02920960434183888,0.8863063856585436,0.9137859504448728,217,217
2015-07-07,negative,-0.018397293628464987,-0.02861022187570553,-0.010212928247240544,0.018397293628464987,0.02861022187570553,0.11256668718580076,0.08785971720472659,216,217
2015-07-08,positive,0.0021830518417384074,0.005262074664548222,0.003079022822809815,0.004132701437470233,0.006935503613324843,0.8959138206356565,0.9042716221088961,216,216
2015-07-08,negative,-0.039778506271527465,-0.0468411302264686,-0.007062623954941137,0.039778506271527465,0.0468411302264686,0.11204191868551282,0.08829135115644157,215,216
2015-07-09,positive,0.025385771694071125,0.03490405780724759,0.009518286113176466,0.025385771694071125,0.03490405780724759,0.8913033620522123,0.9090269180508271,215,216
2015-07-09,negative,-0.012843557806518375,-0.01646824836321844,-0.0036246905567000644,0.012843557806518375,0.01646824836321844,0.10979572887650882,0.09029712163416898,215,215
2015-07-10,positive,0.03232262751886877,0.036762909527000696,0.004440282008131929,0.03232262751886877,0.036762909527000696,0.8904369929691724,0.9095187338501292,215,216
2015-07-10,negative,-0.00756030969340893,-0.012449547519343742,-0.004889237825934811,0.008147085376865672,0.01287742284223614,0.10628555976203352,0.09417955651703624,215,215
2015-07-13,positive,0.02749832954904208,0.030389296250669277,0.0028909667016271956,0.02749832954904208,0.030389296250669277,0.8955316387236344,0.9049334775554355,215,215
2015-07-13,negative,-0.007141233357120584,-0.012159654470720786,-0.005018421113600202,0.007141233357120584,0.012159654470720786,0.10855813953488373,0.09190697674418605,215,215
2015-07-14,positive,0.02233450089421041,0.027299732059313294,0.004965231165102883,0.02233450089421041,0.027299732059313294,0.8912706751443333,0.9089156313298167,215,215
2015-07-14,negative,-0.011275397923799245,-0.013607053102530272,-0.0023316551787310267,0.011275397923799245,0.013607053102530272,0.10336091655820552,0.09693352541675243,214,215
2015-07-15,positive,0.006913694269670425,0.01191282367096176,0.004999129401291335,0.006913694269670425,0.01191282367096176,0.8810299143993332,0.9189750496942312,214,215
2015-07-15,negative,-0.0351171709543463,-0.03774379103530879,-0.00262662008096249,0.0351171709543463,0.03774379103530879,0.10343122918367259,0.09694242798587435,214,214
2015-07-16,positive,0.021257035867348315,0.029290837007733793,0.008033801140385478,0.021257035867348315,0.029290837007733793,0.8888952029584816,0.9113854331500311,214,214
2015-07-16,negative,-0.014686331438355977,-0.022557176146288462,-0.007870844707932485,0.014686331438355977,0.022557176146288462,0.1132974962340303,0.08695129520995253,213,214
2015-07-17,positive,0.008333246338687558,0.016473707855471812,0.008140461516784254,0.008333246338687558,0.016473707855471812,0.8859468593277801,0.9142394471463696,215,215
2015-07-17,negative,-0.025990425579865997,-0.03447919471123305,-0.008488769131367053,0.025990425579865997,0.03447919471123305,0.11222462118409084,0.08811104732401077,214,215
2015-07-20,positive,0.008571195042060631,0.016504955988408808,0.007933760946348177,0.008571195042060631,0.016504955988408808,0.8857697385100932,0.9145108975984194,214,214
2015-07-20,negative,-0.033881644894552435,-0.0439841255465941,-0.010102480652041668,0.033881644894552435,0.0439841255465941,0.11370154196146633,0.08654913754666341,213,214
2015-07-21,positive,0.018291736115233315,0.02345821575880037,0.005166479643567055,0.018291736115233315,0.02345821575880037,0.8929321543294857,0.9073498005577324,213,213
2015-07-21,negative,-0.018170671637195622,-0.029541683529677516,-0.011371011892481894,0.018170671637195622,0.029541683529677516,0.11756543481344871,0.08270456069751846,212,213
2015-07-22,positive,0.016545348538219096,0.02294997486794268,0.006404626329723585,0.016545348538219096,0.02294997486794268,0.8879143849147226,0.9122736733833497,213,213
2015-07-22,negative,-0.027089328756314045,-0.0333029599634961,-0.006213631207182057,0.027089328756314045,0.0333029599634961,0.11293255626225261,0.08740958523433345,212,213
2015-07-23,positive,0.01385805946854478,0.027898812876545193,0.014040753408000413,0.01385805946854478,0.027898812876545193,0.8812633499466002,0.9186486845601911,212,213
2015-07-23,negative,-0.02659003985019142,-0.03828015021115346,-0.011690110360962042,0.02659003985019142,0.03828015021115346,0.1187377625489498,0.08173393556425775,212,212
2015-07-24,positive,0.0075491754889588985,0.020677930245747326,0.013128754756788426,0.0075491754889588985,0.020677930245747326,0.8820854794374315,0.9179244886259249,212,213
2015-07-24,negative,-0.0381015591784569,-0.044017222967947196,-0.005915663789490294,0.0381015591784569,0.044017222967947196,0.1052958732530935,0.09508130732210687,212,212
2015-07-27,positive,0.010662145355082118,0.014874143466740977,0.004211998111658859,0.010662145355082118,0.014874143466740977,0.8921449687018618,0.9082325678719938,212,212
2015-07-27,negative,-0.03496371310714514,-0.041512714219168696,-0.006549001112023556,0.03496371310714514,0.041512714219168696,0.10740222182957625,0.09272685585048128,211,212
2015-07-28,positive,0.036082985700310787,0.044391497638577984,0.008308511938267198,0.036082985700310787,0.044391497638577984,0.8891181954981926,0.9110716478810195,211,211
2015-07-28,negative,-0.006100228907042042,-0.01195374579956139,-0.005853516892519347,0.006100228907042042,0.01195374579956139,0.11670960743101227,0.08365367529134436,210,211
2015-07-29,positive,0.03137549098007576,0.047533824287734394,0.01615833330765863,0.03137549098007576,0.047533824287734394,0.8825812151692265,0.9175260753694292,210,211
2015-07-29,negative,-0.009944239499508688,-0.01885419726355337,-0.008909957764044681,0.009944239499508688,0.01885419726355337,0.11185379004123057,0.08843165239454487,210,210
2015-07-30,positive,0.01772525793635311,0.03818674897261871,0.020461491036265596,0.01772525793635311,0.03818674897261871,0.8748436917773302,0.9253225035833734,209,210
2015-07-30,negative,-0.02435467457297544,-0.03428304318440735,-0.009928368611431908,0.02435467457297544,0.03428304318440735,0.11355120851688356,0.0866399047177079,209,209
2015-07-31,positive,0.020700746655945908,0.04072557462959923,0.02002482797365332,0.020700746655945908,0.04072557462959923,0.882729267302944,0.9174623953707504,209,209
2015-07-31,negative,-0.020078198366247788,-0.03282028090991032,-0.012742082543662533,0.020078198366247788,0.03282028090991032,0.11153523644539456,0.08880676229931016,208,209
2015-08-03,positive,0.011581213713212446,0.017614155436383196,0.006032941723170751,0.011581213713212446,0.017614155436383196,0.8848744836352082,0.9154115030187481,210,210
2015-08-03,negative,-0.034896586680535975,-0.046318158016127285,-0.01142157133559131,0.034896586680535975,0.046318158016127285,0.11152567266159157,0.08871941531617412,209,210
2015-08-04,positive,0.016586623545296327,0.027426870190454852,0.010840246645158525,0.016586623545296327,0.027426870190454852,0.883686738253817,0.9164257917307371,210,211
2015-08-04,negative,-0.02046714361641178,-0.039265402932294684,-0.018798259315882904,0.02046714361641178,0.039265402932294684,0.11734515880567259,0.08294028363010286,210,210
2015-08-05,positive,0.020291893449372773,0.03508511499171386,0.014793221542341084,0.020291893449372773,0.03508511499171386,0.8844727404784603,0.9158132461754961,210,210
2015-08-05,negative,-0.0293755208177006,-0.04863192839370862,-0.01925640757600802,0.0293755208177006,0.04863192839370862,0.11662622410954156,0.08364315220845249,209,210
2015-08-06,positive,0.02665397180210314,0.0496989557022436,0.02304498390014046,0.02665397180210314,0.0496989557022436,0.8847170281725255,0.9153055078714493,210,211
2015-08-06,negative,-0.029734228806870516,-0.05220554047404097,-0.02247131166717045,0.029734228806870516,0.05220554047404097,0.1217209492078602,0.07865982185353913,210,210
2015-08-07,positive,0.014513250778662432,0.031724968000573596,0.017211717221911164,0.014513250778662432,0.031724968000573596,0.8782580557258668,0.921932692962736,210,210
2015-08-07,negative,-0.031987495123545526,-0.04701392098154712,-0.015026425858001596,0.031987495123545526,0.04701392098154712,0.11589922263064346,0.0844619297408997,209,210
2015-08-10,positive,0.050931318286945734,0.06555764032478906,0.014626322037843323,0.050931318286945734,0.06555764032478906,0.8871516922658692,0.9129772593016806,210,211
2015-08-10,negative,-0.006574432183855634,-0.012389324068737693,-0.005814891884882059,0.0066092340084331225,0.012415743803092053,0.11044130306737347,0.08984413936840197,210,210
2015-08-11,positive,0.012375431378479554,0.022120973400231933,0.009745542021752379,0.012375431378479554,0.022120973400231933,0.8857369398758551,0.9143853067040644,210,211
2015-08-11,negative,-0.033968178553851605,-0.047665014383693714,-0.01369683582984211,0.033968178553851605,0.047665014383693714,0.11506161931946901,0.08522382311630647,210,210
2015-08-12,positive,0.030395379107052225,0.03686792312016178,0.006472544013109555,0.030395379107052225,0.03686792312016178,0.8987867657788924,0.9013020297989867,211,212
2015-08-12,negative,-0.020620684538906968,-0.028200278010650275,-0.007579593471743307,0.020620684538906968,0.028200278010650275,0.11481385026749973,0.08556511704656942,211,211
2015-08-13,positive,0.012972222719096463,0.022611059182242363,0.0096388364631459,0.012972222719096463,0.022611059182242363,0.8850547978759502,0.9153245288191658,211,211
2015-08-13,negative,-0.03166283174569598,-0.03905371104635394,-0.00739087930065796,0.03166283174569598,0.03905371104635394,0.10731332836595993,0.09281593891222226,210,211
2015-08-14,positive,0.02283973756476959,0.027534763300167887,0.004695025735398296,0.02283973756476959,0.027534763300167887,0.8921649405843011,0.907892619969075,211,212
2015-08-14,negative,-0.013404100781880512,-0.019409581862910648,-0.006005481081030136,0.013404100781880512,0.019409581862910648,0.11088835057170632,0.08949061674236282,211,211
2015-08-17,positive,0.02260232209442853,0.02771623500941382,0.005113912914985291,0.02260232209442853,0.02771623500941382,0.8935813869273944,0.9067675202277764,210,211
2015-08-17,negative,-0.013286918271720502,-0.016792311598898987,-0.0035053933271784847,0.013286918271720502,0.016792311598898987,0.10256993481803368,0.09752512221618687,210,210
2015-08-18,positive,0.010852634008612807,0.015902089909426525,0.005049455900813718,0.010852634008612807,0.015902089909426525,0.8905443150078343,0.9096464336807685,210,210
2015-08-18,negative,-0.02411356925623803,-0.03325549435012952,-0.00914192509389149,0.02411356925623803,0.03325549435012952,0.11042774708914307,0.08990735063696438,209,210
2015-08-19,positive,0.00662942302946549,0.013513442594089884,0.006884019564624394,0.006641527905294984,0.01352495761064971,0.889204330727598,0.911178627625681,209,209
2015-08-19,negative,-0.03409467557771351,-0.044280564804609075,-0.010185889226895568,0.03409467557771351,0.044280564804609075,0.1083767536914976,0.0917588370159482,208,209
2015-08-20,positive,0.0006961065213328565,0.008179587830083657,0.0074834813087508,0.005210762522135885,0.012426586090758775,0.8945705436390532,0.9054034781008466,208,209
2015-08-20,negative,-0.04422716583510073,-0.054475175880961575,-0.010248010045860845,0.04422716583510073,0.054475175880961575,0.11265601886094675,0.08782475036982249,208,208
2015-08-21,positive,0.004440390651978713,0.005181575858260732,0.0007411852062820194,0.008299842536713618,0.010275431420585334,0.9055339361072037,0.8947548030650775,208,208
2015-08-21,negative,-0.043790342816610026,-0.04864837784101231,-0.004858035024402282,0.043790342816610026,0.04864837784101231,0.10490507874070665,0.09531053342711185,207,208
2015-08-24,positive,-0.010375623526453619,-0.010385607234405007,-9.983707951388351e-06,0.015105676196292802,0.01815616258029767,0.9057696926032661,0.8944495769158292,208,209
2015-08-24,negative,-0.07100988577511246,-0.07241760166735092,-0.0014077158922384675,0.07100988577511246,0.07241760166735092,0.09826096393999852,0.10202722049804183,208,208
2015-08-25,positive,0.025343227488935475,0.026992186839337445,0.0016489593504019698,0.025343227488935475,0.026992186839337445,0.897166924350682,0.9030103341527814,209,210
2015-08-25,negative,-0.03606119655379131,-0.0364839338689427,-0.0004227373151513905,0.03606119655379131,0.0364839338689427,0.09747545902824155,0.10281134785512364,209,209
2015-08-26,positive,0.047851411740378325,0.0559130835978476,0.008061671857469276,0.047851411740378325,0.0559130835978476,0.8929319905359814,0.9074509678172977,209,209
2015-08-26,negative,-0.006262368221406319,-0.008549898606174795,-0.002287530384768475,0.01044375193688157,0.012969156325182385,0.09978090363442207,0.10031355860385112,208,209
2015-08-27,positive,0.06803062471687245,0.08108132433392123,0.013050699617048786,0.06803062471687245,0.08108132433392123,0.8934086885469155,0.9068772981070408,210,210
2015-08-27,negative,-0.0011030669714301917,-0.0027152167362240825,-0.0016121497647938908,0.006680296018849495,0.00807625502294176,0.10201330955432607,0.0981864814562622,209,210
2015-08-28,positive,0.03802047336894498,0.05022925681319582,0.012208783444250845,0.03802047336894498,0.05022925681319582,0.8879999819968224,0.912094984764811,211,211
2015-08-28,negative,-0.011797597060190892,-0.013759755813380537,-0.0019621587531896446,0.011797597060190892,0.013759755813380537,0.10189255189255189,0.09849538443535284,210,211
2015-08-31,positive,0.02408817362105698,0.03567037350177148,0.011582199880714496,0.02408817362105698,0.03567037350177148,0.8894199698405859,0.9107190716123499,211,212
2015-08-31,negative,-0.024718130679713554,-0.024957951982967828,-0.00023982130325427356,0.024718130679713554,0.024957951982967828,0.10039225190291541,0.0998918390061755,211,211
2015-09-01,positive,0.010110851225907382,-0.0023954403278706135,-0.012506291553777995,0.020367442138910508,0.008644308670197085,0.9012799601286757,0.8989159500543378,210,211
2015-09-01,negative,-0.05060201110586882,-0.05552938760606281,-0.004927376500193988,0.05060201110586882,0.05552938760606281,0.1058719586788093,0.09441348375696616,210,210
2015-09-02,positive,0.0316945475014913,0.034984857069641724,0.0032903095681504207,0.0316945475014913,0.034984857069641724,0.8948237212145914,0.9054363772809324,210,211
2015-09-02,negative,-0.010335128964054552,-0.013643842817588783,-0.0033087138535342307,0.010335128964054552,0.013643842817588783,0.10133166438234827,0.09315240599330556,204,204
2015-09-03,positive,0.020603926791627473,0.030946734659035368,0.010342807867407895,0.020603926791627473,0.030946734659035368,0.8876197269207254,0.9126062294217467,210,211
2015-09-03,negative,-0.015105764615196313,-0.016235428403964677,-0.0011296637887683644,0.015105764615196313,0.016235428403964677,0.10033512216108506,0.09985508230871996,210,210
2015-09-04,positive,0.006139373584122053,0.009046035440430438,0.002906661856308385,0.006653792792338807,0.009430978897055877,0.8930159486376732,0.9073651852355997,210,210
2015-09-04,negative,-0.02994467554331363,-0.03684296573147652,-0.006898290188162886,0.02994467554331363,0.03684296573147652,0.10883286869345393,0.09130424918895619,209,210
2015-09-08,positive,0.04073672856206636,0.05070155149780946,0.0099648229357431,0.04073672856206636,0.05070155149780946,0.88601630447124,0.9141744442173627,210,210
2015-09-08,negative,-0.00532046712229888,-0.00950772982569966,-0.004187262703400779,0.007102509455455519,0.010914292379220984,0.10604235259758187,0.09427186229761338,209,210
2015-09-09,positive,0.006746876197715375,0.011334075682070472,0.004587199484355097,0.006952899874590378,0.011441509035881413,0.891085368924704,0.9088721804511278,209,210
2015-09-09,negative,-0.030274470081359858,-0.03981129063454923,-0.009536820553189374,0.030274470081359858,0.03981129063454923,0.11249399052219501,0.08798447837732652,209,209
2015-09-10,positive,0.01851225330684148,0.026027641182781305,0.007515387875939826,0.01851225330684148,0.026027641182781305,0.8932052837618186,0.906762360446571,209,210
2015-09-10,negative,-0.015893425483843256,-0.022381748821184332,-0.006488323337341076,0.015893425483843256,0.022381748821184332,0.113523042054898,0.08695542684462351,209,209
2015-09-11,positive,0.01937229681049161,0.026722728079137236,0.007350431268645628,0.01937229681049161,0.026722728079137236,0.8842286379799303,0.9159630246937639,209,209
2015-09-11,negative,-0.024167325359781926,-0.031216553442863535,-0.007049228083081609,0.024167325359781926,0.031216553442863535,0.11466357672035679,0.08569339015963484,208,209
2015-09-14,positive,0.008705627012135902,0.019472123333334878,0.010766496321198976,0.008705627012135902,0.019472123333334878,0.8805098326503513,0.919397357028936,209,210
2015-09-14,negative,-0.024386060723566687,-0.029505828059434865,-0.005119767335868178,0.024386060723566687,0.029505828059434865,0.11198461573681921,0.08849385316270232,209,209
2015-09-15,positive,0.02820107413734199,0.03389267454453197,0.005691600407189981,0.02820107413734199,0.03389267454453197,0.8897401877211315,0.9105471686007076,209,209
2015-09-15,negative,-0.007346476722237537,-0.01161466764071009,-0.004268190918472552,0.007346476722237537,0.01161466764071009,0.10788133089342561,0.08566039793634536,201,202
2015-09-16,positive,0.03847811823035605,0.051861386633434536,0.013383268403078484,0.03847811823035605,0.051861386633434536,0.8857642913967496,0.9142357086032503,210,210
2015-09-16,negative,-0.0061677622884731475,-0.00963426165029417,-0.0034664993618210233,0.006194259004800888,0.009646611391951661,0.1073186328807482,0.09319240822820775,209,210
2015-09-17,positive,0.022763481487326046,0.028002918424442684,0.005239436937116638,0.022763481487326046,0.028002918424442684,0.8895288305542781,0.9105167270160096,209,210
2015-09-17,negative,-0.01705520486757453,-0.02345457765836567,-0.006399372790791138,0.01705520486757453,0.02345457765836567,0.11471125969351448,0.08567133236770026,209,209
2015-09-18,positive,0.0098115429208509,0.017806375342787867,0.007994832421936967,0.0098115429208509,0.017806375342787867,0.8853310725620623,0.9146944956844525,209,210
2015-09-18,negative,-0.04351907120278631,-0.046292320595121984,-0.0027732493923356763,0.04351907120278631,0.046292320595121984,0.1035092295758308,0.09687336248538395,209,209
2015-09-21,positive,0.01906971464953538,0.02523001579608811,0.006160301146552732,0.01906971464953538,0.02523001579608811,0.887385009802443,0.9129360531222996,209,210
2015-09-21,negative,-0.019102810133603734,-0.03207028649871732,-0.012967476365113587,0.019102810133603734,0.03207028649871732,0.11726029713512748,0.08283521384863565,209,209
2015-09-22,positive,0.0020463910543631883,0.005762170719577423,0.003715779665214235,0.004438055268587291,0.0075975141955371,0.8913872373425902,0.9088589102486063,208,209
2015-09-22,negative,-0.038565393056945604,-0.04221720273683253,-0.0036518096798869235,0.038565393056945604,0.04221720273683253,0.10799766424166328,0.09219436648325272,208,208
2015-09-23,positive,0.010972719002119526,0.018718483388412643,0.007745764386293118,0.010972719002119526,0.018718483388412643,0.8855347318304846,0.914780524441807,207,208
2015-09-23,negative,-0.03606755506773523,-0.04312431590305583,-0.0070567608353206,0.03606755506773523,0.04312431590305583,0.11168061902831931,0.0884158129871098,207,207
2015-09-24,positive,0.01900838453182326,0.028506441309536754,0.009498056777713496,0.01900838453182326,0.028506441309536754,0.8898382817791827,0.9104992884694605,206,207
2015-09-24,negative,-0.02168397816604804,-0.028151661333398106,-0.006467683167350066,0.02168397816604804,0.028151661333398106,0.11600036689997743,0.08409653232482879,206,206
2015-09-25,positive,0.015010100625809925,0.019750708079213457,0.004740607453403533,0.015010100625809925,0.019750708079213457,0.8881528011969506,0.912178226713682,205,206
2015-09-25,negative,-0.03136813136096912,-0.042799700703271,-0.011431569342301877,0.03136813136096912,0.042799700703271,0.11374118317619399,0.08635618780725296,205,205
2015-09-28,positive,-0.0034056003118166558,0.0007358193312205089,0.004141419643037165,0.006409524228735813,0.008983290357592294,0.8935344122936077,0.9068579368971718,204,204
2015-09-28,negative,-0.060387946920800725,-0.07395489347380269,-0.01356694655300196,0.060387946920800725,0.07395489347380269,0.11618150498771491,0.0839956630028176,203,204
2015-09-29,positive,0.02035708471726979,0.022873932502832713,0.002516847785562923,0.02035708471726979,0.022873932502832713,0.8934611645345424,0.9067352026721341,204,204
2015-09-29,negative,-0.03484477038310364,-0.04786702854447136,-0.01302225816136772,0.03484477038310364,0.04786702854447136,0.11634998827117053,0.0840239876019136,203,204
2015-09-30,positive,0.04597492114955117,0.05808977105988525,0.012114849910334076,0.04597492114955117,0.05808977105988525,0.885557513771717,0.914540718055395,204,204
2015-09-30,negative,-0.008158110051832757,-0.011125579167704305,-0.002967469115871549,0.008920325287408347,0.011787429706179315,0.10532097128533684,0.09509707615855774,203,204
2015-10-01,positive,0.030900896007314927,0.03214928976968841,0.0012483937623734807,0.030900896007314927,0.03214928976968841,0.8871057013870841,0.9130906658195926,204,204
2015-10-01,negative,-0.025282285040455765,-0.02787244126806171,-0.0025901562276059442,0.025282285040455765,0.02787244126806171,0.10415926057589761,0.09615495682809205,203,204
2015-10-02,positive,0.057359900272262586,0.06461017092188792,0.007250270649625336,0.057359900272262586,0.06461017092188792,0.8951752996842397,0.905094134641787,204,205
2015-10-02,negative,-0.006462030835270634,-0.012675762032880088,-0.006213731197609454,0.006631367169687211,0.01282548718376691,0.1132849615617172,0.08691082894244335,204,204
2015-10-05,positive,0.058360872398496445,0.06610453041903384,0.007743658020537399,0.058360872398496445,0.06610453041903384,0.8893413088202066,0.9107042266855382,205,206
2015-10-05,negative,0.0008805390717500825,-0.0015877337137230653,-0.002468272785473148,0.0064959447969057185,0.008537999471341706,0.10342842872602302,0.09696162490635143,205,205
2015-10-06,positive,0.031339688524952176,0.05344823588832391,0.022108547363371735,0.031339688524952176,0.05344823588832391,0.8823950886869438,0.917809999508244,206,207
2015-10-06,negative,-0.02275680558117627,-0.028788729827031893,-0.006031924245855625,0.02275680558117627,0.028788729827031893,0.11367764919595837,0.08651624319376532,206,206
2015-10-07,positive,0.03859785874751133,0.043217572705125794,0.004619713957614464,0.03859785874751133,0.043217572705125794,0.8915100182532504,0.9086834989213989,207,207
2015-10-07,negative,-0.0060170794746287224,-0.015519719662648439,-0.009502640188019718,0.006275357810167678,0.015601593045758378,0.1152437048205504,0.08511951087832959,206,207
2015-10-08,positive,0.034680885035517486,0.045502445604788624,0.010821560569271138,0.034680885035517486,0.045502445604788624,0.8849929339392596,0.9151269252512996,208,209
2015-10-08,negative,-0.008436735449618095,-0.012365275286377021,-0.003928539836758926,0.008453066651077342,0.012371253938367431,0.10774588044040492,0.09254230399763541,208,208
2015-10-09,positive,0.020237240177851,0.032249102832432396,0.012011862654581394,0.020237240177851,0.032249102832432396,0.886244094197549,0.9140730468642378,208,209
2015-10-09,negative,-0.016017979187084398,-0.024083332631740235,-0.008065353444655837,0.016017979187084398,0.024083332631740235,0.11647119075741916,0.0836247785324081,208,208
2015-10-12,positive,0.015427012851847461,0.021276162458982645,0.005849149607135184,0.015427012851847461,0.021276162458982645,0.8875139123151239,0.9124860876848759,209,209
2015-10-12,negative,-0.03089576804836965,-0.042412130859842745,-0.011516362811473096,0.03089576804836965,0.042412130859842745,0.11291620549714074,0.08762406342868288,208,209
2015-10-13,positive,0.006374118793071091,0.01208391474701657,0.005709795953945478,0.006473924525895157,0.012120328880817616,0.891172697124648,0.9089236419890322,208,208
2015-10-13,negative,-0.029909021474063404,-0.03562901802786512,-0.005719996553801714,0.029909021474063404,0.03562901802786512,0.11209311850176389,0.08834945160812212,207,208
2015-10-14,positive,0.019082991514209117,0.02887326633264988,0.009790274818440765,0.019082991514209117,0.02887326633264988,0.8892448427836007,0.910947742676197,208,208
2015-10-14,negative,-0.02428380484892417,-0.031664867021335016,-0.007381062172410847,0.02428380484892417,0.031664867021335016,0.11517564119561148,0.08518550238880042,207,208
2015-10-15,positive,0.03878213092343103,0.04135966719071597,0.0025775362672849356,0.03878213092343103,0.04135966719071597,0.8936587557432933,0.9064375833703868,208,208
2015-10-15,negative,-0.003741941252863147,-0.01325097071430072,-0.009509029461437573,0.0044648394083113925,0.013552655994909594,0.11595482766003,0.08450630835927078,207,208
2015-10-16,positive,0.017941730214915443,0.025157172702827777,0.0072154424879123345,0.017941730214915443,0.025157172702827777,0.887036221397261,0.9131901925859958,207,208
2015-10-16,negative,-0.022543212165721353,-0.02958428872578835,-0.0070410765600669965,0.022543212165721353,0.02958428872578835,0.10939593718175485,0.09079701988529773,207,207
2015-10-19,positive,0.016661220925756552,0.026988133354301672,0.01032691242854512,0.016661220925756552,0.026988133354301672,0.8871848432408983,0.9132036948844051,206,206
2015-10-19,negative,-0.027302379433942457,-0.033250078328955095,-0.005947698895012638,0.027302379433942457,0.033250078328955095,0.10815337779409849,0.09198310047765669,205,206
2015-10-20,positive,0.02316426208923013,0.032311063475308974,0.009146801386078842,0.02316426208923013,0.032311063475308974,0.8906189673518969,0.9095292315045194,206,207
2015-10-20,negative,-0.016478571842051752,-0.025473579409567234,-0.008995007567515482,0.016478571842051752,0.025473579409567234,0.10784020603994614,0.09245077359147964,206,206
2015-10-21,positive,0.004938090331473609,0.010790572981928842,0.005852482650455233,0.004960437084935605,0.010794422791242975,0.8874464036114994,0.9126508726530921,206,206
2015-10-21,negative,-0.03667255829131374,-0.04638298093165843,-0.00971042264034469,0.03667255829131374,0.04638298093165843,0.11059599506500901,0.08984360243285104,205,206
2015-10-22,positive,0.03336769410250968,0.04459806307408924,0.011230368971579564,0.03336769410250968,0.04459806307408924,0.8863529494332736,0.9136470505667263,207,207
2015-10-22,negative,-0.01721917222762951,-0.03923422261408879,-0.022015050386459283,0.01721917222762951,0.03923422261408879,0.12019323444368696,0.08038740920096853,206,207
2015-10-23,positive,0.030096132542999945,0.04112695343435463,0.011030820891354685,0.030096132542999945,0.04112695343435463,0.8885201943630937,0.9116178654933769,206,207
2015-10-23,negative,-0.01778597997214257,-0.038559939077140434,-0.020773959104997863,0.01778597997214257,0.038559939077140434,0.12319079412013975,0.07710018551128604,206,206
2015-10-26,positive,0.013418922728829186,0.02405344424645356,0.010634521517624373,0.013418922728829186,0.02405344424645356,0.8879563624721027,0.9121789735588074,206,207
2015-10-26,negative,-0.03488561009432267,-0.04285352401969842,-0.007967913925375748,0.03488561009432267,0.04285352401969842,0.10790259244959649,0.09238838718182932,206,206
2015-10-27,positive,0.010035135043053048,0.017294629023712538,0.00725949398065949,0.010035135043053048,0.017294629023712538,0.8878593532232537,0.9121406467767462,206,206
2015-10-27,negative,-0.03892196511138949,-0.057253787283272295,-0.018331822171882804,0.03892196511138949,0.057253787283272295,0.11693905406207347,0.08362861124890748,205,206
2015-10-28,positive,0.051598864075550595,0.06303421069915693,0.01143534662360634,0.051598864075550595,0.06303421069915693,0.8907200883127177,0.9095714568767868,206,206
2015-10-28,negative,-0.006036156510760483,-0.01541052975068874,-0.009374373239928256,0.006373489502913909,0.015552406699973325,0.11735997534902465,0.08291818807967016,205,206
2015-10-29,positive,0.017836303833363924,0.03438947570129587,0.016553171867931947,0.017836303833363924,0.03438947570129587,0.8815133848899465,0.9183968742600047,205,206
2015-10-29,negative,-0.028719145415827912,-0.051214226710934625,-0.022495081295106713,0.028719145415827912,0.051214226710934625,0.12139321832242714,0.07909458655562167,205,205
2015-10-30,positive,0.024879566579811673,0.03642990565944478,0.011550339079633109,0.024879566579811673,0.03642990565944478,0.8867597382656556,0.9132402617343444,206,206
2015-10-30,negative,-0.02137932615799181,-0.03356567248637746,-0.012186346328385646,0.02137932615799181,0.03356567248637746,0.1129321701976144,0.08761604422082064,205,206
2015-11-02,positive,0.041824406661905233,0.04935796932878797,0.007533562666882737,0.041824406661905233,0.04935796932878797,0.891784587673345,0.9086039504519584,206,206
2015-11-02,negative,-0.0056438394616340525,-0.014068206493067741,-0.008424367031433688,0.005826902685851966,0.014261502628198907,0.11081628543337399,0.08933311957449416,205,206
2015-11-03,positive,0.03342390350014911,0.05532853745190759,0.021904633951758484,0.03342390350014911,0.05532853745190759,0.8826733725130346,0.917713287709295,207,207
2015-11-03,negative,-0.014689199416209801,-0.030988158557245297,-0.016298959141035498,0.014689199416209801,0.030988158557245297,0.11920772194249837,0.08098150054987006,206,207
2015-11-04,positive,0.014767258654551207,0.030391893451825615,0.015624634797274408,0.014767258654551207,0.030391893451825615,0.8810281554846774,0.9190732198544698,207,208
2015-11-04,negative,-0.027684782196517693,-0.04020726840015479,-0.012522486203637096,0.027684782196517693,0.04020726840015479,0.1152344114300636,0.08505516385951169,207,207
2015-11-05,positive,0.017858312463866075,0.03892204956035219,0.021063737096486113,0.017858312463866075,0.03892204956035219,0.8757074383433938,0.924368724141001,206,207
2015-11-05,negative,-0.02730803373897595,-0.05053596250491455,-0.023227928765938603,0.02730803373897595,0.05053596250491455,0.11763487235505166,0.08265610727637414,206,206
2015-11-06,positive,0.02672279352591904,0.046060274505099724,0.019337480979180685,0.02672279352591904,0.046060274505099724,0.8846085870487321,0.9153170582993294,206,207
2015-11-06,negative,-0.030435714700175375,-0.04588192418776891,-0.015446209487593534,0.030435714700175375,0.04588192418776891,0.11668983881609955,0.08379559807710435,206,206
2015-11-09,positive,0.007530814213188763,0.015549511982270081,0.008018697769081318,0.007897140300897316,0.015847940918552,0.8892968234517864,0.9106514703813141,206,207
2015-11-09,negative,-0.03387150752836772,-0.04244067804475566,-0.00856917051638794,0.03387150752836772,0.04244067804475566,0.10902535582995569,0.0914600810632482,206,206
2015-11-10,positive,0.01940050378300047,0.026229263644944385,0.006828759861943916,0.01940050378300047,0.026229263644944385,0.8884518232106571,0.9118790491705051,206,207
2015-11-10,negative,-0.02307183627336421,-0.03541188408315606,-0.012340047809791851,0.02307183627336421,0.03541188408315606,0.11326037668397682,0.08683652254082941,206,206
2015-11-11,positive,0.012323008939663121,0.021334464447374295,0.009011455507711173,0.012323008939663121,0.021334464447374295,0.8823550023827543,0.9179351330137638,207,207
2015-11-11,negative,-0.0328096854430704,-0.04927557114443169,-0.016465885701361295,0.0328096854430704,0.04927557114443169,0.11903414959343485,0.08125075921098122,206,207
2015-11-12,positive,0.001796136053599277,0.011778821041879689,0.009982684988280413,0.005112583359728367,0.01397892186756788,0.8867467236547878,0.9135448215347164,206,206
2015-11-12,negative,-0.03988879125158078,-0.048720975137365514,-0.008832183885784738,0.03988879125158078,0.048720975137365514,0.11617838773139916,0.0840940398350741,205,206
2015-11-13,positive,0.016199433157998773,0.02895899465416666,0.012759561496167887,0.016199433157998773,0.02895899465416666,0.8860929271632885,0.914130024985891,206,207
2015-11-13,negative,-0.02676397232771217,-0.045529126518862956,-0.018765154191150785,0.02676397232771217,0.045529126518862956,0.12314402157288143,0.07704987081684228,206,206
2015-11-16,positive,0.036435809824309544,0.040489172617849414,0.0040533627935398706,0.036435809824309544,0.040489172617849414,0.8904017658805319,0.9096950395405716,207,207
2015-11-16,negative,-0.006916270210060142,-0.014628403986314978,-0.007712133776254835,0.007076996409273558,0.014739983058717345,0.1133680767676388,0.0870827896797003,206,207
2015-11-17,positive,0.014045753540454084,0.021393545782882193,0.007347792242428109,0.014045753540454084,0.021393545782882193,0.8890060191351083,0.9112310059221479,206,207
2015-11-17,negative,-0.031950971127628035,-0.040009507105054416,-0.008058535977426382,0.031950971127628035,0.040009507105054416,0.10923977241174837,0.09095411997797534,206,206
2015-11-18,positive,0.03485027152211428,0.04243387852776914,0.007583607005654865,0.03485027152211428,0.04243387852776914,0.8915524156918648,0.9087917717528373,207,208
2015-11-18,negative,-0.00611056964924033,-0.009797179437955038,-0.0036866097887147085,0.00669602995016654,0.010214479148534164,0.1073202148523938,0.0927762171630353,207,207
2015-11-19,positive,0.01609806904259186,0.025296232051312872,0.009198163008721012,0.01609806904259186,0.025296232051312872,0.8831060028757127,0.9171015158261902,207,208
2015-11-19,negative,-0.025154363210510598,-0.03760748787046824,-0.012453124659957644,0.025154363210510598,0.03760748787046824,0.11231359718114893,0.08787935988590365,207,207
2015-11-20,positive,0.022934184872740425,0.03174699698990758,0.008812812117167154,0.022934184872740425,0.03174699698990758,0.8881659756505043,0.9120669912256668,206,207
2015-11-20,negative,-0.020006387222395224,-0.029462326151055093,-0.009455938928659868,0.020006387222395224,0.029462326151055093,0.10823736758138067,0.09195652480834303,206,206
2015-11-23,positive,0.02113975650757208,0.029620988206124705,0.008481231698552624,0.02113975650757208,0.029620988206124705,0.8843818248991024,0.915714980522001,207,207
2015-11-23,negative,-0.016788107383862376,-0.02789602029049094,-0.011107912906628565,0.016788107383862376,0.02789602029049094,0.11690664385943478,0.08356131711491786,206,207
2015-11-24,positive,0.03163491318395086,0.0466163058797022,0.014981392695751335,0.03163491318395086,0.0466163058797022,0.8836696260425074,0.9163303739574926,207,207
2015-11-24,negative,-0.010918798307040267,-0.015863482687919053,-0.004944684380878786,0.010918798307040267,0.015863482687919053,0.11174804297233128,0.08879180264589255,206,207
2015-11-25,positive,0.02201429539896043,0.030029204387797864,0.008014908988837433,0.02201429539896043,0.030029204387797864,0.8881249059230826,0.9122043871475115,206,207
2015-11-25,negative,-0.011961897548806114,-0.020327777737060196,-0.008365880188254082,0.011961897548806114,0.020327777737060196,0.11425288816136073,0.08584401106344548,206,206
2015-11-27,positive,0.015400440482605336,0.018056084861110887,0.002655644378505552,0.015400440482605336,0.018056084861110887,0.8883478074917135,0.9118871743458543,205,206
2015-11-27,negative,-0.018595372633430855,-0.02786569411575587,-0.009270321482325015,0.018595372633430855,0.02786569411575587,0.11394627730982619,0.08624855951433356,205,205
2015-11-30,positive,0.022737990523729115,0.029204826883368368,0.0064668363596392525,0.022737990523729115,0.029204826883368368,0.8938607157332571,0.9062370359773979,205,205
2015-11-30,negative,-0.02109158212723844,-0.02676795453630239,-0.005676372409063952,0.02109158212723844,0.02676795453630239,0.10608097100032583,0.09433874544024033,204,205
2015-12-01,positive,0.02334096049950608,0.02919846570223372,0.005857505202727639,0.02334096049950608,0.02919846570223372,0.8904693183851153,0.9095306816148847,205,205
2015-12-01,negative,-0.015492761894754023,-0.02225085784710942,-0.006758095952355396,0.015492761894754023,0.02225085784710942,0.10927537274078336,0.09125767785795219,204,205
2015-12-02,positive,0.007153517503235547,0.015200786497570215,0.008047268994334668,0.007267902933556268,0.015251491989513566,0.8876595959304839,0.9123779591544077,204,205
2015-12-02,negative,-0.03558746436885565,-0.04311003820585719,-0.007522573837001542,0.03558746436885565,0.04311003820585719,0.11329749930349406,0.08709446541968087,204,204
2015-12-03,positive,0.006484887815541474,0.008828139797348125,0.002343251981806652,0.007201980439982282,0.009556493442712598,0.8977400519031141,0.9022489239598279,204,205
2015-12-03,negative,-0.03531590117540059,-0.04154519955501833,-0.006229298379617741,0.03531590117540059,0.04154519955501833,0.10725922722029989,0.0932309688581315,204,204
2015-12-04,positive,0.028092563444726777,0.03358591117650114,0.005493347731774366,0.028092563444726777,0.03358591117650114,0.8889669838523645,0.9109791965566715,204,205
2015-12-04,negative,-0.025260734033512217,-0.042613153750971654,-0.017352419717459436,0.025260734033512217,0.042613153750971654,0.1165561322568243,0.08393406382160709,204,204
2015-12-07,positive,0.006737868766193071,0.011332294825020184,0.004594426058827113,0.006756381289488326,0.011342251216970795,0.8882699924568208,0.9117707398074936,203,204
2015-12-07,negative,-0.05210032073004237,-0.07304417268271612,-0.020943851952673752,0.05210032073004237,0.07304417268271612,0.11830906661039603,0.08208482802278962,203,203
2015-12-08,positive,0.01591655483632601,0.02507799189068998,0.00916143705436397,0.01591655483632601,0.02507799189068998,0.8914568801637343,0.9089374027342452,203,203
2015-12-08,negative,-0.029807183293410176,-0.03733713909877,-0.007529955805359822,0.029807183293410176,0.03733713909877,0.10901214566996374,0.09113057707575135,202,203
2015-12-09,positive,0.02619774324095989,0.046230905069747336,0.020033161828787446,0.02619774324095989,0.046230905069747336,0.8814432113662243,0.9189510715317551,203,203
2015-12-09,negative,-0.024947213737877852,-0.0287993539220297,-0.003852140184151847,0.024947213737877852,0.0287993539220297,0.10919025613749152,0.09095334399968924,202,203
2015-12-10,positive,0.023392182109032125,0.033338489951613225,0.0099463078425811,0.023392182109032125,0.033338489951613225,0.8917129323078489,0.9083446771125978,203,204
2015-12-10,negative,-0.01862715331971915,-0.0249943709359184,-0.006367217616199249,0.01862715331971915,0.0249943709359184,0.10758247168882323,0.09281142294436237,203,203
2015-12-11,positive,0.0003114840881105364,0.004152358964625109,0.0038408748765145725,0.004896584492448284,0.008574238937758707,0.8960628859915694,0.9039177193581428,202,203
2015-12-11,negative,-0.056955882493480076,-0.059744465296533475,-0.0027885828030533993,0.056955882493480076,0.059744465296533475,0.10311243995686699,0.09738260954808353,202,202
2015-12-14,positive,0.01448513321501729,0.018277264139962824,0.0037921309249455346,0.01448513321501729,0.018277264139962824,0.8911160270747787,0.9091360682203916,202,203
2015-12-14,negative,-0.04345673221119363,-0.052874997319324796,-0.009418265108131166,0.04345673221119363,0.052874997319324796,0.1087677353993432,0.09142999074994006,202,202
2015-12-15,positive,0.04119375100272132,0.0440470834434851,0.0028533324407637797,0.04119375100272132,0.0440470834434851,0.8950929831657614,0.9050052486613506,204,204
2015-12-15,negative,-0.009082907238896707,-0.018645231789411718,-0.00956232455051501,0.00915192182193868,0.0186669454419993,0.1103523280459125,0.0900903829115143,203,204
2015-12-16,positive,0.040868066627255846,0.04984445618967855,0.008976389562422707,0.040868066627255846,0.04984445618967855,0.8916351729509853,0.9087571762397947,204,204
2015-12-16,negative,-0.009362854796541325,-0.017858595172025454,-0.00849574037548413,0.009934098387630083,0.018235917448331234,0.11299970767086155,0.08716186327400013,203,204
2015-12-17,positive,0.010573619053737814,0.017084336690683793,0.0065107176369459795,0.010573619053737814,0.017084336690683793,0.8895303830212811,0.9108619661694987,204,204
2015-12-17,negative,-0.040561881715587236,-0.05786884840402488,-0.01730696668843764,0.040561881715587236,0.05786884840402488,0.11412312130209681,0.08604395657232976,203,204
2015-12-18,positive,0.02002177801913508,0.03286729815222219,0.01284552013308711,0.02002177801913508,0.03286729815222219,0.8872111838191552,0.912726734548899,205,206
2015-12-18,negative,-0.03653458885729771,-0.040495086627799805,-0.003960497770502093,0.03653458885729771,0.040495086627799805,0.1034479476502082,0.09703985722784056,205,205
2015-12-21,positive,0.02607686753313524,0.0391379304456042,0.01306106291246896,0.02607686753313524,0.0391379304456042,0.8862724338524175,0.9139210833222319,207,207
2015-12-21,negative,-0.015784310054383497,-0.022738720331765907,-0.00695441027738241,0.015784310054383497,0.022738720331765907,0.11054433750898306,0.08979617593235313,206,207
2015-12-22,positive,0.03687352449448695,0.05542107820928977,0.018547553714802822,0.03687352449448695,0.05542107820928977,0.8838399503722084,0.9163526350875894,208,208
2015-12-22,negative,-0.007926674858911804,-0.012260526131143609,-0.0043338512722318045,0.007934758216820966,0.012262219875130818,0.10495791263411786,0.09535410725528684,207,208
2015-12-23,positive,0.052833972418657026,0.07886213586986987,0.026028163451212845,0.052833972418657026,0.07886213586986987,0.880065288507744,0.9199352078155285,208,209
2015-12-23,negative,-0.0018544108808529682,-0.004234063280778587,-0.0023796523999256186,0.003951757880379914,0.006139706508849576,0.1054781355117732,0.09490629505045652,208,208
2015-12-24,positive,0.01359484477068939,0.021362014852229928,0.007767170081540537,0.01359484477068939,0.021362014852229928,0.8880495167142994,0.9120463605627858,209,209
2015-12-24,negative,-0.013170052743957892,-0.016972906771411965,-0.0038028540274540733,0.013170052743957892,0.016972906771411965,0.11044900988273472,0.0899835770022983,208,209
2015-12-28,positive,0.0084165461880363,0.01382924336657971,0.00541269717854341,0.0084165461880363,0.01382924336657971,0.8875774315828402,0.9123631302907619,208,209
2015-12-28,negative,-0.03405506623085248,-0.043902624208908655,-0.009847557978056178,0.03405506623085248,0.043902624208908655,0.1124757303994083,0.08800503883136096,208,208
2015-12-29,positive,0.02056310327290945,0.028513813027693673,0.007950709754784221,0.02056310327290945,0.028513813027693673,0.8881759318004312,0.9122070265528481,209,209
2015-12-29,negative,-0.010619822676411985,-0.016914683221291516,-0.0062948605448795315,0.010619822676411985,0.016914683221291516,0.11092098722244724,0.08922677685117533,208,209
2015-12-30,positive,0.004953380294837765,0.010017806745533174,0.005064426450695409,0.005098663058420817,0.010067721670517872,0.8849970724656244,0.9151222343621961,209,210
2015-12-30,negative,-0.024308498494288237,-0.031004686541129412,-0.0066961880468411755,0.024308498494288237,0.031004686541129412,0.1121806014253433,0.08810620545802189,209,209
2015-12-31,positive,0.0887053430928745,0.028145766032755076,-0.06055957706011943,0.0887053430928745,0.028145766032755076,0.9005770444710769,0.8996164526996268,209,210
2015-12-31,negative,-0.019933735145770022,-0.024586678273327098,-0.004652943127557076,0.019933735145770022,0.024586678273327098,0.11443800488532299,0.08584880199804222,209,209
2016-01-04,positive,0.01858602397318963,0.01973435877045421,0.0011483347972645816,0.01858602397318963,0.01973435877045421,0.8994665610019217,0.9009163973513575,209,209
2016-01-04,negative,-0.03908414660601037,-0.0452556644428561,-0.006171517836845733,0.03908414660601037,0.0452556644428561,0.1082352155981883,0.09189969789350001,208,209
2016-01-05,positive,0.022232070478959764,0.02615153415332233,0.003919463674362567,0.022232070478959764,0.02615153415332233,0.8914385142329645,0.9089018510938283,209,210
2016-01-05,negative,-0.028197883833432125,-0.0332795037432615,-0.0050816199098293775,0.028197883833432125,0.0332795037432615,0.1049364097923893,0.09515910119137386,209,209
2016-01-06,positive,0.008036373931438395,0.013856913855278796,0.005820539923840401,0.008036373931438395,0.013856913855278796,0.8892602021956899,0.9107842889299171,208,209
2016-01-06,negative,-0.05569650066293031,-0.0594097509521805,-0.0037132502892501876,0.05569650066293031,0.0594097509521805,0.10437497689720178,0.09600945366502792,208,208
2016-01-07,positive,0.0016683074387725753,0.008501837963379858,0.006833530524607283,0.007557186080019606,0.012780954872057897,0.889169973197853,0.9108742989265683,207,208
2016-01-07,negative,-0.059944189280787465,-0.0625310254643182,-0.0025868361835307344,0.059944189280787465,0.0625310254643182,0.09885186973550084,0.1015344170824615,207,207
2016-01-08,positive,0.014561546685135861,0.01702491470841493,0.0024633680232790684,0.014561546685135861,0.01702491470841493,0.8954881656804734,0.9044902465955098,208,209
2016-01-08,negative,-0.03511479327997707,-0.045835360352300666,-0.010720567072323599,0.03511479327997707,0.045835360352300666,0.11165287536982248,0.08882789386094674,208,208
2016-01-11,positive,0.019488068410740567,0.02257100446283692,0.003082936052096353,0.019488068410740567,0.02257100446283692,0.8883598882340465,0.911872889532079,207,208
2016-01-11,negative,-0.04851925537752586,-0.04800711509618106,0.0005121402813448028,0.04851925537752586,0.04800711509618106,0.09791755513142288,0.10227540193562973,207,207
2016-01-12,positive,0.020756632784326153,0.029462712104012075,0.008706079319685922,0.020756632784326153,0.029462712104012075,0.8865342950261101,0.9136582904336876,208,208
2016-01-12,negative,-0.032211050492503154,-0.04054639113479403,-0.008335340642290877,0.032211050492503154,0.04054639113479403,0.11284624097837137,0.08750370356653456,207,208
2016-01-13,positive,-1.713951440796592e-05,0.003028297741593041,0.003045437256001007,0.008137287004358406,0.008879414394121496,0.890477454940161,0.9098615644240042,207,208
2016-01-13,negative,-0.06601610114580711,-0.07239387181446767,-0.006377770668660562,0.06601610114580711,0.07239387181446767,0.10515631769457602,0.09494011432085304,207,207
2016-01-14,positive,0.05439149991628586,0.059071244585184056,0.004679744668898193,0.05439149991628586,0.059071244585184056,0.9015210084811673,0.8986715769786304,208,208
2016-01-14,negative,-0.01348784249543297,-0.020766732170186993,-0.007278889674754022,0.01348784249543297,0.020766732170186993,0.11566291962348148,0.08470056664567979,207,208
2016-01-15,positive,0.004696943722633149,0.009254719868672465,0.004557776146039316,0.00622778998666729,0.010795189779661502,0.8964255404472795,0.9037498607811109,207,208
2016-01-15,negative,-0.05484409128019681,-0.05847890665460348,-0.003634815374406672,0.05484409128019681,0.05847890665460348,0.10042690205733684,0.09986267323223845,207,207
2016-01-19,positive,0.01732651179697326,0.022940609744740922,0.005614097947767661,0.01732651179697326,0.022940609744740922,0.8883259839332859,0.9119077559297584,206,207
2016-01-19,negative,-0.059637889895774454,-0.06230231500083557,-0.0026644251050611176,0.059637889895774454,0.06230231500083557,0.10009812272635292,0.1000957696633708,206,206
2016-01-20,positive,0.030021046817214375,0.030867247810941644,0.000846200993727269,0.030021046817214375,0.030867247810941644,0.8964103095307602,0.9037658668241051,206,207
2016-01-20,negative,-0.04818267794398039,-0.04931036593992266,-0.0011276879959422753,0.04818267794398039,0.04931036593992266,0.10243730754381175,0.09785367208761407,206,206
2016-01-21,positive,0.05363281695506605,0.06457284514731997,0.010940028192253919,0.05363281695506605,0.06457284514731997,0.8958550432154361,0.9045334949098678,206,206
2016-01-21,negative,-0.018913042795833584,-0.024863081558066765,-0.005950038762233181,0.018913042795833584,0.024863081558066765,0.10471813217403664,0.09540167014810658,205,206
2016-01-22,positive,0.06905280124799301,0.07427546476139875,0.005222663513405737,0.06905280124799301,0.07427546476139875,0.8954087591922929,0.9048813762042254,207,207
2016-01-22,negative,0.001252989764569675,-0.004839780737626424,-0.006092770502196099,0.006849537165277946,0.010758684948870752,0.1104486300726747,0.08979480279202759,206,207
2016-01-25,positive,0.0030556073197995897,0.011245676686793089,0.0081900693669935,0.0056022887042574574,0.012573659652163631,0.8846213218704729,0.9156925629366333,205,206
2016-01-25,negative,-0.058188260783702914,-0.06620883756459171,-0.0080205767808888,0.058188260783702914,0.06620883756459171,0.1040563326762771,0.09604103830716985,205,205
2016-01-26,positive,0.057803751524242386,0.07094242071142892,0.013138669187186536,0.057803751524242386,0.07094242071142892,0.894243431144423,0.9059510268040458,206,206
2016-01-26,negative,-0.0038072643948197935,-0.0058177656750701984,-0.002010501280250405,0.0077206361664934366,0.008959540952252374,0.10549580848263515,0.09482184914405464,205,206
2016-01-27,positive,0.016246064688857528,0.023507723160953852,0.0072616584720963245,0.016246064688857528,0.023507723160953852,0.8847474343782793,0.9154460827963697,207,207
2016-01-27,negative,-0.035175115396026975,-0.04355617007367065,-0.008381054677643676,0.035175115396026975,0.04355617007367065,0.10656948534764984,0.09375182590933205,206,207
2016-01-28,positive,0.0405508536677366,0.04811439552782768,0.007563541860091082,0.0405508536677366,0.04811439552782768,0.8919773556860089,0.9083705482530053,206,207
2016-01-28,negative,-0.025394827510019497,-0.03941446339378757,-0.014019635883768072,0.025394827510019497,0.03941446339378757,0.11821705426356588,0.08187984496124032,206,206
2016-01-29,positive,0.05811904850720125,0.07468241422446138,0.01656336571726013,0.05811904850720125,0.07468241422446138,0.8904233970690071,0.909627145023639,206,207
2016-01-29,negative,0.0014150707065225595,-0.004455244832102356,-0.005870315538624916,0.0078400331520621,0.011936117027041445,0.10805387148287898,0.09233428960397205,206,206
2016-02-01,positive,0.0201145130020186,0.03131083769379155,0.011196324691772952,0.0201145130020186,0.03131083769379155,0.8847506265605013,0.9154438313879671,206,206
2016-02-01,negative,-0.03257271954973728,-0.036551419186113446,-0.003978699636376162,0.03257271954973728,0.036551419186113446,0.105098592551312,0.09521713684270146,205,206
2016-02-02,positive,0.0037236841948744145,0.011677328728323354,0.007953644533448939,0.005150243698492728,0.012463820370599434,0.8857536165150993,0.9145673237554295,204,205
2016-02-02,negative,-0.055632351966537104,-0.06370889020427543,-0.00807653823773833,0.055632351966537104,0.06370889020427543,0.10574469513832929,0.09435315221979203,204,204
2016-02-03,positive,0.06687671317479275,0.05395833694683162,-0.012918376227961131,0.06687671317479275,0.05395833694683162,0.8961420800152365,0.9042483543429872,205,205
2016-02-03,negative,-0.019728228079676443,-0.030386618178629005,-0.010658390098952562,0.019728228079676443,0.030386618178629005,0.11172594953061753,0.08842862074301563,204,205
2016-02-04,positive,0.04425253470573042,0.06618020578936429,0.021927671083633866,0.04425253470573042,0.06618020578936429,0.8833432480666272,0.9165758939142791,205,206
2016-02-04,negative,-0.018902621962262455,-0.03149575765809575,-0.012593135695833296,0.018902621962262455,0.03149575765809575,0.11690303390838788,0.08358477096966091,205,205
2016-02-05,positive,0.007327064426856193,0.016946303018663175,0.00961923859180698,0.007327064426856193,0.016946303018663175,0.884664672199091,0.9136670255437941,206,206
2016-02-05,negative,-0.05461287303955686,-0.07359617804156246,-0.018983305002005603,0.05461287303955686,0.07359617804156246,0.11016547663361645,0.09008014393195944,203,204
2016-02-08,positive,0.011931881206978625,0.01732978194055519,0.005397900733576566,0.011931881206978625,0.01732978194055519,0.8908809996774139,0.9091725316419035,203,204
2016-02-08,negative,-0.06829877421345466,-0.08385121996222633,-0.015552445748771668,0.06829877421345466,0.08385121996222633,0.10921844416470812,0.09117545046847753,203,203
2016-02-09,positive,0.016949140063638877,0.028248203484458025,0.011299063420819148,0.016949140063638877,0.028248203484458025,0.8863504226722618,0.9136495773277383,203,203
2016-02-09,negative,-0.05109511470013705,-0.0588923563116188,-0.0077972416114817505,0.05109511470013705,0.0588923563116188,0.10570223689035571,0.09481846378398102,202,203
2016-02-10,positive,0.023920236921137067,0.037405397432656085,0.013485160511519018,0.023920236921137067,0.037405397432656085,0.8772944159200468,0.9231018198402309,202,202
2016-02-10,negative,-0.026506048460208653,-0.03999440986885659,-0.01348836140864794,0.026506048460208653,0.03999440986885659,0.11122446213706111,0.08892991825185491,201,202
2016-02-11,positive,0.012002881943230808,0.02479744141698445,0.012794559473753643,0.01200594355823272,0.0248107367435178,0.8876070792597333,0.9124926216375749,201,201
2016-02-11,negative,-0.049602881654383986,-0.06254262416104425,-0.012939742506660266,0.049602881654383986,0.06254262416104425,0.1119790628115653,0.0884783460563583,200,201
2016-02-12,positive,0.056477078624227586,0.06849324487267515,0.012016166248447563,0.056477078624227586,0.06849324487267515,0.8887626543897428,0.911181715186444,201,202
2016-02-12,negative,-0.006852596026308829,-0.015012969259127231,-0.008160373232818402,0.007437302030671663,0.015434759200405119,0.10845771144278607,0.09203980099502487,201,201
2016-02-16,positive,0.0591698605005315,0.0708102297537101,0.011640369253178594,0.0591698605005315,0.0708102297537101,0.8887418709354676,0.9116583291645823,200,200
2016-02-16,negative,-0.0077263752119980525,-0.014069892188729338,-0.006343516976731286,0.008693102729958824,0.014674283480749634,0.11051128579365058,0.08964107053526764,199,200
2016-02-17,positive,0.060601332448097955,0.07267128343630226,0.012069950988204306,0.060601332448097955,0.07267128343630226,0.8892886018561232,0.910811099041185,201,201
2016-02-17,negative,-0.004744355757200519,-0.014561301098776938,-0.00981694534157642,0.0051997052267465545,0.014944868368954357,0.11495762711864405,0.08551460047717545,200,201
2016-02-18,positive,0.022100612163757076,0.03861780076248628,0.016517188598729207,0.022100612163757076,0.03861780076248628,0.8798191089440578,0.9201808910559423,201,201
2016-02-18,negative,-0.02751343933809174,-0.04212287960152724,-0.0146094402634355,0.02751343933809174,0.04212287960152724,0.11705486284289277,0.08352749965881316,200,201
2016-02-19,positive,0.020154928608855354,0.027220197041676504,0.00706526843282115,0.020154928608855354,0.027220197041676504,0.8888339533601575,0.9113673551451267,199,199
2016-02-19,negative,-0.02880710743511241,-0.03646048737417607,-0.007653379939063662,0.02880710743511241,0.03646048737417607,0.10917300839293792,0.09117429118415427,198,199
2016-02-22,positive,0.049616320418178504,0.0605618975586818,0.010945577140503294,0.049616320418178504,0.0605618975586818,0.8873823066009464,0.912819001904338,199,199
2016-02-22,negative,-0.005196910144836206,-0.010937544903620963,-0.005740634758784757,0.005701007328455396,0.011225059252857158,0.11161184060026536,0.08874771441505463,198,199
2016-02-23,positive,0.009609544001757678,0.022223445846367252,0.012613901844609574,0.009609544001757678,0.022223445846367252,0.8822506808091025,0.917951645948611,198,198
2016-02-23,negative,-0.043285318588748845,-0.0518633170681268,-0.008577998479377957,0.043285318588748845,0.0518633170681268,0.10957354757374785,0.09077752742396142,197,198
2016-02-24,positive,0.029739309349931575,0.047719529034279756,0.01798021968434818,0.029739309349931575,0.047719529034279756,0.8779906987168712,0.9222005134092043,198,199
2016-02-24,negative,-0.012868610270441363,-0.020884868313135022,-0.00801625804269366,0.012868610270441363,0.020884868313135022,0.11428200308684423,0.08591971148703373,198,198
2016-02-25,positive,0.03097845620790161,0.0573461841269711,0.02636772791906949,0.03097845620790161,0.0573461841269711,0.879026134197678,0.9210697787626324,198,199
2016-02-25,negative,-0.012051653683617148,-0.029018618185720484,-0.016966964502103336,0.012051653683617148,0.029018618185720484,0.11493721269200585,0.08536551182868035,198,198
2016-02-26,positive,0.036706132619690836,0.06068171641028636,0.02397558379059552,0.036706132619690836,0.06068171641028636,0.882233955718804,0.9176767676767678,198,199
2016-02-26,negative,-0.017449900842535736,-0.031577160363275826,-0.01412725952074009,0.017449900842535736,0.031577160363275826,0.11986276910519335,0.08064228139985716,198,198
2016-02-29,positive,0.031413253064878695,0.041875318268468006,0.010462065203589312,0.031413253064878695,0.041875318268468006,0.890607560415141,0.9093454773869347,199,200
2016-02-29,negative,-0.021656030643904565,-0.03517852701603543,-0.013522496372130866,0.021656030643904565,0.03517852701603543,0.11111714350647711,0.08938536905633697,199,199
2016-03-01,positive,0.042684416488038016,0.052383167997977625,0.00969875150993961,0.042684416488038016,0.052383167997977625,0.8844183227696271,0.915503768844221,199,200
2016-03-01,negative,-0.008250893282803822,-0.026183233545515022,-0.017932340262711198,0.008700930860411639,0.026413181680516543,0.11490240145450871,0.08560011110830534,199,199
2016-03-02,positive,0.046117487642278326,0.0716907222360766,0.025573234593798275,0.046117487642278326,0.0716907222360766,0.8857005494505494,0.9144276121888062,200,201
2016-03-02,negative,-0.009992335483289688,-0.01680284736554082,-0.0068105118822511315,0.009992335483289688,0.01680284736554082,0.11265734265734267,0.08764235764235764,200,200
2016-03-03,positive,0.04268835480561131,0.07263840333984889,0.029950048534237578,0.04268835480561131,0.07263840333984889,0.8788131057858121,0.9214856989950645,201,201
2016-03-03,negative,-0.008607516211776528,-0.019448208367920685,-0.010840692156144157,0.008607516211776528,0.019448208367920685,0.11271912350597608,0.08754286337238111,200,201
2016-03-04,positive,0.030617825966891516,0.06450133264694669,0.03388350668005517,0.030617825966891516,0.06450133264694669,0.8782698547494809,0.9219284595787294,202,202
2016-03-04,negative,-0.015558152610678251,-0.028082752718152165,-0.012524600107473914,0.015558152610678251,0.028082752718152165,0.11574995621791882,0.08462474903910819,201,202
2016-03-07,positive,0.04179326577236125,0.07009314493798618,0.028299879165624937,0.04179326577236125,0.07009314493798618,0.8829685978755251,0.9173402645227217,203,204
2016-03-07,negative,-0.011080680828851408,-0.016312520516810536,-0.0052318396879591274,0.011080680828851408,0.016312520516810536,0.11132908050820775,0.08876924790870473,203,203
2016-03-08,positive,0.004573808433644607,0.008890487495646129,0.004316679062001522,0.005040834367936926,0.009178144314417533,0.8893813229762798,0.9110149127839976,202,202
2016-03-08,negative,-0.06159815905294534,-0.07644764815098108,-0.01484948909803574,0.06159815905294534,0.07644764815098108,0.11045811063552963,0.08969247593407186,201,202
2016-03-09,positive,0.03219809042363959,0.04047876108895909,0.008280670665319505,0.03219809042363959,0.04047876108895909,0.8963951372849025,0.9040010984753751,202,202
2016-03-09,negative,-0.01276532501635443,-0.021912840048194417,-0.009147515031839987,0.01276532501635443,0.021912840048194417,0.11353583740534573,0.08662998543539345,201,202
2016-03-10,positive,0.014598159227432876,0.02729610527683485,0.012697946049401975,0.014598159227432876,0.02729610527683485,0.8831092920889837,0.9171044153595688,201,202
2016-03-10,negative,-0.026847367674316357,-0.03502938873407322,-0.008182021059756864,0.026847367674316357,0.03502938873407322,0.10596298191111012,0.09423572648431958,201,201
2016-03-11,positive,0.0510927066162387,0.056485717560933325,0.005393010944694625,0.0510927066162387,0.056485717560933325,0.8903408923647567,0.9099564317184938,202,202
2016-03-11,negative,-0.00418955952073823,-0.01046042116266739,-0.006270861641929159,0.006033807259523164,0.012038631769362255,0.10666070046201105,0.09356999872435212,201,202
2016-03-14,positive,0.014756490011522527,0.025659449352594694,0.010902959341072167,0.014756490011522527,0.025659449352594694,0.8865787744495002,0.9137510200871131,201,202
2016-03-14,negative,-0.02423237862869579,-0.03074458270088683,-0.006512204072191042,0.02423237862869579,0.03074458270088683,0.1083201173872445,0.0917791874786939,201,201
2016-03-15,positive,0.009191247619585303,0.013125589896047214,0.003934342276461911,0.009191247619585303,0.013125589896047214,0.8931843156843158,0.9069810786228696,200,201
2016-03-15,negative,-0.03950755271414092,-0.04778255547193606,-0.008275002757795136,0.03950755271414092,0.04778255547193606,0.10757742257742259,0.09272227772227773,200,200
2016-03-16,positive,0.04383794782465442,0.05299489225568243,0.009156944431028005,0.04383794782465442,0.05299489225568243,0.8923513344180044,0.9080468736457088,201,201
2016-03-16,negative,-0.00676347423548467,-0.01599173552376114,-0.009228261288276468,0.006846070706695675,0.016097501730061015,0.1105226480836237,0.08962900777347706,200,201
2016-03-17,positive,0.04585175003727189,0.05460543957875379,0.008753689541481896,0.04585175003727189,0.05460543957875379,0.8931252151388404,0.9072729929248731,201,201
2016-03-17,negative,-0.006115235846170713,-0.01663955402324452,-0.010524318177073805,0.0063111811887892584,0.016751925391013323,0.11661025385764062,0.08357168859535079,200,201
2016-03-18,positive,0.029309760371949507,0.0349321242668489,0.0056223638948993925,0.029309760371949507,0.0349321242668489,0.8962194998130304,0.9041787082506828,201,201
2016-03-18,negative,-0.020731502834461485,-0.02636554471905155,-0.005634041884590064,0.020731502834461485,0.02636554471905155,0.10482329517172723,0.0953000056957621,200,201
2016-03-21,positive,0.018483341297394224,0.025231419903372135,0.006748078605977911,0.018483341297394224,0.025231419903372135,0.8918287417137993,0.9081712582862008,203,203
2016-03-21,negative,-0.02186073693757082,-0.02810429826957971,-0.006243561332008887,0.02186073693757082,0.02810429826957971,0.10679745752353015,0.09372863832633947,202,203
2016-03-22,positive,0.018428835038204642,0.024655287127045587,0.006226452088840945,0.018428835038204642,0.024655287127045587,0.8956954453485924,0.9043820671130471,202,203
2016-03-22,negative,-0.020596008701250963,-0.023260011512538047,-0.0026640028112870848,0.020596008701250963,0.023260011512538047,0.10018934847467924,0.10020649516708229,202,202
2016-03-23,positive,0.003656023587492884,0.008824229375156919,0.005168205787664035,0.003833973094625422,0.009006062765502906,0.8918466623448058,0.9082525440044006,202,202
2016-03-23,negative,-0.056785660363267904,-0.05604724385754707,0.000738416505720832,0.056785660363267904,0.05604724385754707,0.09893982468609334,0.10145077007700769,201,202
2016-03-24,positive,0.023572757018064494,0.025441063293871125,0.0018683062758066311,0.023572757018064494,0.025441063293871125,0.8985944593970041,0.9016959072956476,201,202
2016-03-24,negative,-0.015112970302794695,-0.020522084044316855,-0.00540911374152216,0.015112970302794695,0.020522084044316855,0.11304629361884073,0.08715241477658899,201,201
2016-03-28,positive,0.01808133794531354,0.021216805218799484,0.003135467273485945,0.01808133794531354,0.021216805218799484,0.890456964308245,0.9095949997784462,201,202
2016-03-28,negative,-0.019180645918107322,-0.024712699728042384,-0.005532053809935062,0.019180645918107322,0.024712699728042384,0.10689219244404533,0.09350561958976869,201,201
2016-03-29,positive,0.04197904467036375,0.044703987251622626,0.0027249425812588754,0.04197904467036375,0.044703987251622626,0.8976332340284675,0.9027512855555666,201,202
2016-03-29,negative,-0.004380950386743124,-0.010395267009602535,-0.006014316622859411,0.005275932472766647,0.011395263320451429,0.10376493895962095,0.09633436590631747,201,201
2016-03-30,positive,0.023030110213658826,0.028239338744423265,0.005209228530764439,0.023030110213658826,0.028239338744423265,0.8915509913274206,0.9084490086725795,202,202
2016-03-30,negative,-0.01447858851682866,-0.01845176764176557,-0.003973179124936908,0.01447858851682866,0.01845176764176557,0.10529116205572632,0.09523008132078717,201,202
2016-03-31,positive,0.02595680401181568,0.028424915540704705,0.002468111528889025,0.02595680401181568,0.028424915540704705,0.9002985037957891,0.899701496204211,202,202
2016-03-31,negative,-0.017007878521434854,-0.019461038597587885,-0.002453160076153031,0.017007878521434854,0.019461038597587885,0.10455291779316814,0.09596467090877822,201,202
2016-04-01,positive,0.019278669556986962,0.025574163095251477,0.0062954935382645155,0.019278669556986962,0.025574163095251477,0.8872519231054262,0.9130812038502757,201,202
2016-04-01,negative,-0.029220591106213837,-0.03191614027634397,-0.002695549170130134,0.029220591106213837,0.03191614027634397,0.10346974165913235,0.09662956320680609,201,201
2016-04-04,positive,0.008012647511835313,0.015264294768489905,0.007251647256654592,0.008012647511835313,0.015264294768489905,0.8915363392306033,0.9086629632108516,201,201
2016-04-04,negative,-0.032049029321313156,-0.0378722427083163,-0.0058232133870031455,0.032049029321313156,0.0378722427083163,0.1048355754857997,0.0954866921000379,200,201
2016-04-05,positive,0.010512297886761562,0.013602070588894956,0.003089772702133394,0.010512297886761562,0.013602070588894956,0.8947327672327671,0.9054403308134652,200,201
2016-04-05,negative,-0.029023206243238505,-0.03450773005172437,-0.005484523808485863,0.029023206243238505,0.03450773005172437,0.1116496003996004,0.08865009990009991,200,200
2016-04-06,positive,0.032325329825889,0.04349687942175897,0.011171549595869967,0.032325329825889,0.04349687942175897,0.8888513513513513,0.9114489489489489,200,200
2016-04-06,negative,-0.006832149926153978,-0.012084099981777965,-0.005251950055623987,0.006832149926153978,0.012084099981777965,0.1139355435837848,0.08633383383383382,199,200
2016-04-07,positive,0.006681493581134021,0.01278754503889528,0.006106051457761259,0.006696657572353679,0.01280823833729016,0.8898731369989364,0.9104764292878635,199,200
2016-04-07,negative,-0.03302016960282923,-0.03815289194169171,-0.005132722338862479,0.03302016960282923,0.03815289194169171,0.10498581170647621,0.09511448919623192,199,199
2016-04-08,positive,0.034299762287571124,0.04159750311439648,0.007297740826825355,0.034299762287571124,0.04159750311439648,0.891971971971972,0.9083283283283282,200,200
2016-04-08,negative,-0.009507189028695335,-0.01638330205200246,-0.006876113023307125,0.009507189028695335,0.01638330205200246,0.11282639423342943,0.08743743743743744,199,200
2016-04-11,positive,0.021749539690826488,0.032270948101397,0.010521408410570515,0.021749539690826488,0.032270948101397,0.8897635135135136,0.9105367867867868,200,200
2016-04-11,negative,-0.01601434084818404,-0.022445397853800727,-0.006431057005616688,0.01601434084818404,0.022445397853800727,0.11098032706072906,0.08927427427427428,199,200
2016-04-12,positive,0.04077734112593166,0.05848277754472621,0.017705436418794546,0.04077734112593166,0.05848277754472621,0.8872536618998725,0.9128460389974355,201,201
2016-04-12,negative,-0.004907136147350488,-0.009639718055616921,-0.004732581908266433,0.005202608331946652,0.00986884492848039,0.11128489531405782,0.08916905998422643,200,201
2016-04-13,positive,0.04420322113195137,0.05199002018268657,0.007786799050735205,0.04420322113195137,0.05199002018268657,0.8867354768446327,0.9131988571991527,201,202
2016-04-13,negative,-0.010419842806739703,-0.013410616499581075,-0.0029907736928413715,0.010419842806739703,0.013410616499581075,0.10966683992970472,0.09083067250810625,201,201
2016-04-14,positive,0.013075041608170048,0.022444630912935817,0.00936958930476577,0.013075041608170048,0.022444630912935817,0.8851167050320536,0.9148096152898872,201,202
2016-04-14,negative,-0.020930452048423767,-0.02748241460212235,-0.0065519625536985815,0.020930452048423767,0.02748241460212235,0.10841563327640404,0.09208187916140691,201,201
2016-04-15,positive,0.017697404032222214,0.021545905397162217,0.0038485013649400025,0.017697404032222214,0.021545905397162217,0.8901192292899591,0.9098807707100407,201,201
2016-04-15,negative,-0.018587393688533693,-0.023584184158395947,-0.004996790469862254,0.018587393688533693,0.023584184158395947,0.10665586034912718,0.093874765821764,200,201
2016-04-18,positive,0.02585568409169587,0.03379628765615224,0.007940603564456368,0.02585568409169587,0.03379628765615224,0.8923265968063872,0.9080334356163295,200,201
2016-04-18,negative,-0.008030922236218683,-0.012066848193755229,-0.004035925957536546,0.008030922236218683,0.012066848193755229,0.11128992015968064,0.08880988023952095,200,200
2016-04-19,positive,0.036600232454315436,0.053694791184536045,0.01709455873022061,0.036600232454315436,0.053694791184536045,0.8840805888223554,0.916238418685018,200,201
2016-04-19,negative,-0.0112456318465792,-0.015175798188113588,-0.003930166341534388,0.0112456318465792,0.015175798188113588,0.1082073353293413,0.09189246506986028,200,200
2016-04-20,positive,0.024236941116070908,0.03364495189973383,0.00940801078366292,0.024236941116070908,0.03364495189973383,0.8857738392411383,0.9144541893627222,200,201
2016-04-20,negative,-0.018946199189389393,-0.023876670303964308,-0.004930471114574914,0.018946199189389393,0.023876670303964308,0.11243634548177735,0.08776335496754868,200,200
2016-04-21,positive,0.013584388666960665,0.02844745755642599,0.014863068889465326,0.013584388666960665,0.02844745755642599,0.8817153193612774,0.9185919206363392,200,201
2016-04-21,negative,-0.02626983470608325,-0.03830397745470735,-0.012034142748624101,0.02626983470608325,0.03830397745470735,0.11704091816367267,0.08305888223552894,200,200
2016-04-22,positive,0.030019426333769132,0.03903728821092389,0.00901786187715476,0.030019426333769132,0.03903728821092389,0.889228064449126,0.9109169241973899,201,202
2016-04-22,negative,-0.009155606087308886,-0.015080849800941123,-0.005925243713632237,0.009155606087308886,0.015080849800941123,0.11408044271683333,0.08621776801875315,201,201
2016-04-25,positive,0.009948754536977212,0.01771184707503056,0.007763092538053349,0.009948754536977212,0.01771184707503056,0.8879916338704488,0.9119489187724743,201,202
2016-04-25,negative,-0.028803705440463432,-0.03672885979710269,-0.00792515435663926,0.028803705440463432,0.03672885979710269,0.11107150813098686,0.08942600430682408,201,201
2016-04-26,positive,0.03207340426423576,0.043475654200168176,0.011402249935932418,0.03207340426423576,0.043475654200168176,0.8888114101460887,0.911884414903613,201,201
2016-04-26,negative,-0.005928375304306758,-0.014348997539534204,-0.008420622235227446,0.005928375304306758,0.014348997539534204,0.1126049823507932,0.08272304945835192,196,196
2016-04-27,positive,0.03080973320441747,0.04426058995713271,0.013450856752715238,0.03080973320441747,0.04426058995713271,0.88559440490239,0.9144334871080345,201,202
2016-04-27,negative,-0.010519178720452379,-0.021333270440785552,-0.010814091720333173,0.010519178720452379,0.021333270440785552,0.11938071947571938,0.08101709255809467,201,201
2016-04-28,positive,0.011571909362062567,0.031766954442873016,0.02019504508081045,0.011571909362062567,0.031766954442873016,0.8790546768151274,0.921244127965749,201,201
2016-04-28,negative,-0.02954807746819558,-0.05232890604429437,-0.02278082857609879,0.02954807746819558,0.05232890604429437,0.12416832669322708,0.07615062139501695,200,201
2016-04-29,positive,0.01594064112028494,0.032629108909957245,0.016688467789672305,0.01594064112028494,0.032629108909957245,0.881225,0.918681592039801,200,201
2016-04-29,negative,-0.02792906374181593,-0.036902899784313735,-0.008973836042497806,0.02792906374181593,0.036902899784313735,0.1175225,0.08297750000000001,200,200
2016-05-02,positive,0.022730148077870056,0.029681585116811373,0.006951437038941317,0.022730148077870056,0.029681585116811373,0.8872877122877122,0.9128483456841666,200,201
2016-05-02,negative,-0.021052013265273232,-0.026581508561181064,-0.005529495295907832,0.021052013265273232,0.026581508561181064,0.10511863136863138,0.09518106893106892,200,200
2016-05-03,positive,0.004052421471513986,0.01637147588458933,0.012319054413075342,0.004185871440373581,0.016444976856469624,0.8819484742371185,0.9184517258629314,200,200
2016-05-03,negative,-0.04525828846423174,-0.05565891265510782,-0.010400624190876083,0.04525828846423174,0.05565891265510782,0.10845246743975005,0.0916895947973987,199,200
2016-05-04,positive,0.0157651147460868,0.032848009415752305,0.017082894669665505,0.0157651147460868,0.032848009415752305,0.8813307461191786,0.9188695543314972,200,200
2016-05-04,negative,-0.029694037200333836,-0.0402159851530526,-0.010521947952718765,0.029694037200333836,0.0402159851530526,0.11371202532441878,0.08665623435152728,199,200
2016-05-05,positive,0.021547853243560105,0.03353114821301975,0.011983294969459646,0.021547853243560105,0.03353114821301975,0.8895427286356822,0.9105049465317093,200,201
2016-05-05,negative,-0.02424542951207238,-0.04533010539380473,-0.021084675881732347,0.02424542951207238,0.04533010539380473,0.11673163418290855,0.08366816591704147,200,200
2016-05-06,positive,0.02616010101836493,0.04365019516308122,0.01749009414471629,0.02616010101836493,0.04365019516308122,0.8844666939616135,0.9155333060383867,201,201
2016-05-06,negative,-0.01336506183102066,-0.02723326485729726,-0.013868203026276602,0.01336506183102066,0.02723326485729726,0.11450872817955111,0.08606096698552126,200,201
2016-05-09,positive,0.01859156683529309,0.026555730585841576,0.007964163750548488,0.01859156683529309,0.026555730585841576,0.8863181590795398,0.9140820410205103,200,200
2016-05-09,negative,-0.03766792713299235,-0.04893552965740013,-0.011267602524407783,0.03766792713299235,0.04893552965740013,0.10718298847916419,0.0929527263631816,199,200
2016-05-10,positive,0.03767219660890768,0.04620505704420679,0.008532860435299112,0.03767219660890768,0.04620505704420679,0.8911227444865226,0.9088333087040047,201,202
2016-05-10,negative,-0.0063216935965305756,-0.014645687028090788,-0.008323993431560213,0.006335438458822365,0.014650433397819844,0.11643028637905001,0.08406722605876092,201,201
2016-05-11,positive,0.01416051289469902,0.022902025614041758,0.008741512719342738,0.01416051289469902,0.022902025614041758,0.8868351126398868,0.9135630954238266,201,201
2016-05-11,negative,-0.02725208653937415,-0.04181958917531864,-0.014567502635944488,0.02725208653937415,0.04181958917531864,0.12010079641612742,0.08009851192023952,200,201
2016-05-12,positive,0.014589237395869856,0.021026250486488565,0.006437013090618709,0.014589237395869856,0.021026250486488565,0.8901273017383202,0.9101715030425561,201,201
2016-05-12,negative,-0.02673355247106083,-0.03688575952673322,-0.010152207055672387,0.02673355247106083,0.03688575952673322,0.11516434262948205,0.08510980951814631,200,201
2016-05-13,positive,0.009025130053234597,0.01662435379567989,0.007599223742445295,0.009025130053234597,0.01662435379567989,0.8887010938339661,0.9116971142297473,201,201
2016-05-13,negative,-0.028066596335594017,-0.03557667939906506,-0.007510083063471042,0.028066596335594017,0.03557667939906506,0.1078434544549527,0.09229487208061238,200,201
2016-05-16,positive,0.031223138132670216,0.03896778356488747,0.007744645432217253,0.031223138132670216,0.03896778356488747,0.8879607924591753,0.9121779225636282,201,202
2016-05-16,negative,-0.005152656920646685,-0.009605705187025958,-0.004453048266379273,0.005152656920646685,0.009605705187025958,0.11096227512970952,0.09331207874703001,205,205
2016-05-17,positive,0.016360210559829273,0.021474152492356516,0.005113941932527243,0.016360210559829273,0.021474152492356516,0.8951232412206231,0.9051499412236306,201,202
2016-05-17,negative,-0.028600206426192345,-0.03200470099214834,-0.003404494565955995,0.028600206426192345,0.03200470099214834,0.1076077634678075,0.0925909449276222,201,201
2016-05-18,positive,0.017676830230258973,0.02654241829903224,0.008865588068773269,0.017676830230258973,0.02654241829903224,0.8823226992527402,0.9179761055281362,201,201
2016-05-18,negative,-0.033568345159939214,-0.0406638293094885,-0.007095484149549289,0.033568345159939214,0.0406638293094885,0.10596987051792826,0.09425853798735406,200,201
2016-05-19,positive,0.013411689418141306,0.020929061938109332,0.0075173725199680266,0.013411689418141306,0.020929061938109332,0.8871727022259221,0.9131261025549542,201,201
2016-05-19,negative,-0.025403916406213298,-0.0312601943332127,-0.005856277926999401,0.025403916406213298,0.0312601943332127,0.10741160358565736,0.09282397772095696,200,201
2016-05-20,positive,0.030222338503379215,0.03930672076983941,0.009084382266460196,0.030222338503379215,0.03930672076983941,0.8892775447489464,0.9110656100366741,201,202
2016-05-20,negative,-0.0040512832387374085,-0.007083953064503229,-0.0030326698257658203,0.004446633003343325,0.007446049283696459,0.10581032276551701,0.09428898210042143,201,201
2016-05-23,positive,0.013416101658046022,0.019269225337777914,0.005853123679731892,0.013416101658046022,0.019269225337777914,0.887879282178279,0.9123580390825966,201,202
2016-05-23,negative,-0.017251541037425742,-0.022526142576827606,-0.005274601539401864,0.017251541037425742,0.022526142576827606,0.11236910331600813,0.08782960507942156,201,201
2016-05-24,positive,0.03267157511349914,0.041820563475018654,0.009148988361519513,0.03267157511349914,0.041820563475018654,0.8870943788520085,0.9128417319343876,201,202
2016-05-24,negative,-0.008022476131304314,-0.02032441642093001,-0.012301940289625697,0.008254498452583517,0.02051905729400314,0.11401574218459938,0.08648177025321155,201,201
2016-05-25,positive,0.03452602711989781,0.04691262014282293,0.012386593022925121,0.03452602711989781,0.04691262014282293,0.8925163339338396,0.9076819803943709,202,202
2016-05-25,negative,-0.008744037373116229,-0.016796961521737087,-0.008052924148620858,0.008744037373116229,0.016796961521737087,0.1127135763917152,0.0876460972820138,201,202
2016-05-26,positive,0.012825627606956883,0.019264959172779417,0.006439331565822534,0.012825627606956883,0.019264959172779417,0.8825343491215754,0.9176639652066347,202,202
2016-05-26,negative,-0.017379297388055943,-0.02865384290407947,-0.011274545516023526,0.017379297388055943,0.02865384290407947,0.11683525851160657,0.08354481952905257,201,202
2016-05-27,positive,0.018679090952375164,0.027532458656513513,0.00885336770413835,0.018679090952375164,0.027532458656513513,0.8862024278778894,0.9139958864503208,202,202
2016-05-27,negative,-0.01104294651349839,-0.01827111884768889,-0.007228172334190501,0.01104294651349839,0.01827111884768889,0.11058860383259705,0.08976055017499766,201,202
2016-05-31,positive,0.020965796047092016,0.027460503946659876,0.00649470789956786,0.020965796047092016,0.027460503946659876,0.8923948418639583,0.9078034724642517,202,202
2016-05-31,negative,-0.014413481688146247,-0.018772096697300792,-0.004358615009154545,0.014413481688146247,0.018772096697300792,0.10780751670502224,0.0925278695445152,201,202
2016-06-01,positive,0.06728047893459262,0.03115171716656475,-0.036128761768027866,0.06728047893459262,0.03115171716656475,0.8862056802286687,0.9137943197713314,203,203
2016-06-01,negative,-0.011063300515178155,-0.016803824513327365,-0.00574052399814921,0.011063300515178155,0.016803824513327365,0.11267326732673268,0.08788177339901479,202,203
2016-06-02,positive,0.021288228529748373,0.030129769193222595,0.008841540663474222,0.021288228529748373,0.030129769193222595,0.8870159012935401,0.9132159963376831,202,203
2016-06-02,negative,-0.010404875656111933,-0.015546679345235724,-0.005141803689123791,0.010404875656111933,0.015546679345235724,0.10849610665465952,0.0917016194946237,202,202
2016-06-03,positive,0.01851763856821012,0.0375545963346226,0.019036957766412482,0.01851763856821012,0.0375545963346226,0.8842837962839323,0.9161104866140471,203,203
2016-06-03,negative,-0.021071419751548342,-0.02668311234552554,-0.005611692593977199,0.021071419751548342,0.02668311234552554,0.10844243616081667,0.09169748013411447,202,203
2016-06-06,positive,0.03600859037299798,0.05188627195691015,0.015877681583912173,0.03600859037299798,0.05188627195691015,0.8835994879051277,0.9165968793015489,204,204
2016-06-06,negative,-0.00735237744949165,-0.012300275855838884,-0.004947898406347234,0.00735237744949165,0.012300275855838884,0.11246375549864454,0.08789117021378996,203,204
2016-06-07,positive,0.02621600118672201,0.03320518489061092,0.0069891837038889085,0.02621600118672201,0.03320518489061092,0.8852426698977777,0.915149679293002,204,204
2016-06-07,negative,-0.010670505024316896,-0.014247740777390858,-0.0035772357530739624,0.010670505024316896,0.014247740777390858,0.10775711072509707,0.09237876121512853,203,204
2016-06-08,positive,0.022484865752365475,0.03376621415478258,0.011281348402417103,0.022484865752365475,0.03376621415478258,0.8816401279566185,0.9183680231760023,205,206
2016-06-08,negative,-0.009976221824250642,-0.019265371275806388,-0.009289149451555746,0.009976221824250642,0.019265371275806388,0.1151811727771105,0.08520888085526393,205,205
2016-06-09,positive,0.011296751715987605,0.018965601060328605,0.007668849344341,0.011296751715987605,0.018965601060328605,0.8861042301829268,0.9141887385670732,205,205
2016-06-09,negative,-0.025627108273016362,-0.036116857138776645,-0.010489748865760283,0.025627108273016362,0.036116857138776645,0.11226639093137254,0.08798828125,204,205
2016-06-10,positive,0.0019259058039790156,0.008517920084563702,0.006592014280584686,0.0028073528587988644,0.00918357944348427,0.8882066137376915,0.9118911379729633,205,205
2016-06-10,negative,-0.04501071243756364,-0.04793479623308234,-0.0029240837955187005,0.04501071243756364,0.04793479623308234,0.10463266440496041,0.09577998712538444,204,205
2016-06-13,positive,0.004566247092667678,0.012201499115113076,0.007635252022445398,0.005145738220268741,0.01264347041539055,0.8920703151294848,0.9083220340612949,204,204
2016-06-13,negative,-0.03102950564232249,-0.03484726034836488,-0.0038177547060423873,0.03102950564232249,0.03484726034836488,0.10766047299337789,0.09247492523247651,203,204
2016-06-14,positive,0.01148639544305519,0.017110707085810795,0.005624311642755606,0.01148639544305519,0.017110707085810795,0.8898756466881562,0.9101729564302334,203,204
2016-06-14,negative,-0.023888865858703628,-0.03233047160662149,-0.008441605747917861,0.023888865858703628,0.03233047160662149,0.11508805630946922,0.08530583832371638,203,203
2016-06-15,positive,0.021781910349236096,0.03017408796281873,0.008392177613582633,0.021781910349236096,0.03017408796281873,0.8865050201093718,0.9132982263244699,204,204
2016-06-15,negative,-0.011929385593920809,-0.014327538592906048,-0.002398152998985239,0.011929385593920809,0.014327538592906048,0.10636807939927163,0.09382867416688677,203,203
2016-06-16,positive,0.012679039629109335,0.01741978061674827,0.004740740987638934,0.012679039629109335,0.01741978061674827,0.8894081411441347,0.9111278843560999,203,204
2016-06-16,negative,-0.02125444694001427,-0.027681769668723554,-0.006427322728709283,0.02125444694001427,0.027681769668723554,0.10756627019075364,0.09286278362032434,203,204
2016-06-17,positive,0.030205152112318022,0.03618287740704232,0.005977725294724297,0.030205152112318022,0.03618287740704232,0.8938141349906056,0.9061858650093944,204,204
2016-06-17,negative,-0.015198095496311664,-0.016031983034959226,-0.0008338875386475625,0.015198095496311664,0.016031983034959226,0.10458115975357356,0.09593149299031653,203,204
2016-06-20,positive,0.03275677552311427,0.036047910574639457,0.0032911350515251875,0.03275677552311427,0.036047910574639457,0.8904805072714016,0.909863491002816,204,205
2016-06-20,negative,-0.007199989973600519,-0.009802965344544515,-0.0026029753709439956,0.007199989973600519,0.009802965344544515,0.10511532357780569,0.09256747592567476,201,202
2016-06-21,positive,0.017483951798397828,0.02221464815341846,0.0047306963550206305,0.017483951798397828,0.02221464815341846,0.8911012959814011,0.908953047884227,204,205
2016-06-21,negative,-0.016916037072266032,-0.022885775430552684,-0.0059697383582866526,0.016916037072266032,0.022885775430552684,0.11331551238819879,0.08707645233497614,204,204
2016-06-22,positive,0.010287019980871696,0.015091301685507678,0.004804281704635982,0.010287019980871696,0.015091301685507678,0.8883841809540304,0.9119102253266371,204,204
2016-06-22,negative,-0.019195526626209592,-0.02461438084887422,-0.005418854222664627,0.019195526626209592,0.02461438084887422,0.10488284176991834,0.09533688352671785,203,204
2016-06-23,positive,0.03957259996696583,0.046633568304682016,0.007060968337716189,0.03957259996696583,0.046633568304682016,0.890916572246407,0.9090834277535929,205,205
2016-06-23,negative,-0.0018529001621423163,-0.004048066748465432,-0.002195166586323116,0.003883601821734394,0.006056024262043124,0.10365909199865764,0.09684656210865286,204,205
2016-06-24,positive,0.005073836993588326,0.0058417387170571385,0.0007679017234688123,0.009608789973930821,0.009978592452255146,0.8973940311418684,0.9025932568149212,204,205
2016-06-24,negative,-0.0779012872692956,-0.0896113124088711,-0.011710025139575503,0.0779012872692956,0.0896113124088711,0.1106377354863514,0.08985246059207996,204,204
2016-06-27,positive,0.004751732989600089,0.0079977724325027,0.0032460394429026113,0.007013265912403418,0.009616562981985684,0.8913796585603458,0.908870041000856,205,206
2016-06-27,negative,-0.07301876175001104,-0.07593490886842685,-0.0029161471184158128,0.07301876175001104,0.07593490886842685,0.10372090812968529,0.09647392869447448,205,205
2016-06-28,positive,0.05150526254688292,0.0515869565795777,8.169403269478459e-05,0.05150526254688292,0.0515869565795777,0.9015154012034692,0.8986854374300078,206,207
2016-06-28,negative,-0.004722696373284486,-0.00770016019195619,-0.002977463818671704,0.006000746258819037,0.009037412012159872,0.10236315011347265,0.09792782951795316,206,206
2016-06-29,positive,0.0446886569701895,0.04851470219033772,0.0038260452201482192,0.0446886569701895,0.04851470219033772,0.8961597467032251,0.9040143766706267,207,208
2016-06-29,negative,-0.0012459957200341377,-0.002421287072203664,-0.0011752913521695261,0.005073816690462183,0.006521094892047238,0.10050384235166843,0.09978573293790684,207,207
2016-06-30,positive,0.03683890302169319,0.04490815659727392,0.008069253575580734,0.03683890302169319,0.04490815659727392,0.8878034463963773,0.9125227171574809,207,208
2016-06-30,negative,-0.00926252332123577,-0.016753903179960557,-0.007491379858724787,0.009368778155208216,0.016882783341626705,0.10413376564690975,0.09596266636851937,207,207
2016-07-01,positive,0.046420730108032125,0.03807788580655434,-0.008342844301477782,0.046420730108032125,0.03807788580655434,0.8957532644799426,0.9046111193531637,207,208
2016-07-01,negative,-0.01188271017881175,-0.014622727951891942,-0.0027400177730801927,0.01188271017881175,0.014622727951891942,0.10608453407497473,0.0940118979404544,207,207
2016-07-05,positive,0.010618972648127502,0.014103198826002458,0.003484226177874956,0.010618972648127502,0.014103198826002458,0.8953744597101503,0.904796712539301,206,207
2016-07-05,negative,-0.04614888210100916,-0.052612409263639706,-0.006463527162630545,0.04614888210100916,0.052612409263639706,0.10792142608269847,0.09236955354872733,206,206
2016-07-06,positive,0.02316500502353174,0.029313756017277322,0.00614875099374558,0.02316500502353174,0.029313756017277322,0.8918120036027185,0.9081879963972818,207,207
2016-07-06,negative,-0.012126210782970045,-0.016163423759231035,-0.0040372129762609905,0.012126210782970045,0.016163423759231035,0.10955593690495777,0.09097331882888256,206,207
2016-07-07,positive,0.017912549905220315,0.02406594464902821,0.006153394743807893,0.017912549905220315,0.02406594464902821,0.8934496028821748,0.9065503971178254,207,207
2016-07-07,negative,-0.020382367598453206,-0.027443723960794378,-0.007061356362341172,0.020382367598453206,0.027443723960794378,0.11318554738005125,0.08736124270391034,206,207
2016-07-08,positive,0.045581803926552526,0.047404847168078953,0.0018230432415264272,0.045581803926552526,0.047404847168078953,0.898715401289462,0.9013809378242181,208,208
2016-07-08,negative,0.0005693204949316843,-0.000909435669871512,-0.0014787561648031962,0.004383767654730913,0.005616215801338521,0.10275823071123397,0.09763946013042832,207,208
2016-07-11,positive,0.024855919765180683,0.033773977520257056,0.008918057755076373,0.024855919765180683,0.033773977520257056,0.8816975902316231,0.9184940724420713,209,209
2016-07-11,negative,-0.0090335128917458,-0.012300664677699876,-0.0032671517859540773,0.0090335128917458,0.012300664677699876,0.105687451623604,0.0946265672894175,208,209
2016-07-12,positive,0.04082461346765235,0.0587187742296869,0.017894160762034553,0.04082461346765235,0.0587187742296869,0.882213359144568,0.9177973628475781,209,210
2016-07-12,negative,-0.009798739326914073,-0.014963530745664835,-0.005164791418750762,0.009798739326914073,0.014963530745664835,0.11168049901720521,0.08870209304400953,209,209
2016-07-13,positive,0.013906202786036423,0.021953558250186706,0.008047355464150283,0.013906202786036423,0.021953558250186706,0.8848967913345597,0.9152939573540431,210,210
2016-07-13,negative,-0.023990991990095807,-0.02595328445859575,-0.0019622924684999446,0.023990991990095807,0.02595328445859575,0.1036967825989737,0.09660626291527578,209,210
2016-07-14,positive,0.01864973239966274,0.02525495178538852,0.00660521938572578,0.01864973239966274,0.02525495178538852,0.8831521000407774,0.9169578961133834,210,211
2016-07-14,negative,-0.015455103610123916,-0.018664716145140117,-0.0032096125350162003,0.015455103610123916,0.018664716145140117,0.11240315345929047,0.08788228897648497,210,210
2016-07-15,positive,0.01449522819361903,0.022896105646476626,0.008400877452857596,0.01449522819361903,0.022896105646476626,0.8872600941517291,0.9130588542699078,210,211
2016-07-15,negative,-0.013472084902406097,-0.018341010658117725,-0.004868925755711628,0.013472084902406097,0.018341010658117725,0.10736126199529242,0.09273379503892812,210,210
2016-07-18,positive,0.020453042740882995,0.025373724755296773,0.004920682014413778,0.020453042740882995,0.025373724755296773,0.8873790258607013,0.912656126286061,210,211
2016-07-18,negative,-0.009751160763947409,-0.015087010644884363,-0.005335849880936954,0.009751160763947409,0.015087010644884363,0.10889825706579631,0.09148251399560299,210,210
2016-07-19,positive,0.008216864864354346,0.014653086293048637,0.006436221428694291,0.008216864864354346,0.014653086293048637,0.8813236596498399,0.9188670890387628,210,210
2016-07-19,negative,-0.023264292747850815,-0.029396976535592294,-0.00613268378774148,0.023264292747850815,0.029396976535592294,0.11159939124700814,0.0887412857369939,209,210
2016-07-20,positive,0.021955686841327454,0.03051909113510938,0.008563404293781926,0.021955686841327454,0.03051909113510938,0.8864583333333333,0.9136370865139948,210,210
2016-07-20,negative,-0.009554506732837595,-0.02055543709704531,-0.011000930364207713,0.009554506732837595,0.02055543709704531,0.11558242631213701,0.08487254634678298,209,210
2016-07-21,positive,0.01317203987856724,0.025658879550492335,0.012486839671925095,0.01317203987856724,0.025658879550492335,0.8800344507150791,0.9199658930186709,210,211
2016-07-21,negative,-0.018822470434829906,-0.026821972750810046,-0.00799950231598014,0.018822470434829906,0.026821972750810046,0.11437524081503138,0.08600553024636795,210,210
2016-07-22,positive,0.018294318967548844,0.03025964135358766,0.011965322386038816,0.018294318967548844,0.03025964135358766,0.8822314612868047,0.9178639585605235,210,210
2016-07-22,negative,-0.010936454112456884,-0.01864743213964787,-0.007710978027190988,0.010936454112456884,0.01864743213964787,0.10911305197414076,0.09131111414031261,209,210
2016-07-25,positive,0.009341828666134038,0.019799320339963955,0.010457491673829917,0.009341828666134038,0.019799320339963955,0.8823289754414636,0.9179570112124925,210,210
2016-07-25,negative,-0.024975352375508228,-0.030452861203039833,-0.005477508827531605,0.024975352375508228,0.030452861203039833,0.1087775552930337,0.0914544464115484,209,210
2016-07-26,positive,0.026109641993003682,0.036438797956906105,0.010329155963902423,0.026109641993003682,0.036438797956906105,0.8864956330091689,0.9136978841654804,207,207
2016-07-26,negative,-0.009687951925418988,-0.023841656610747827,-0.014153704685328838,0.009687951925418988,0.023841656610747827,0.12187119835040698,0.0785240342254288,206,207
2016-07-27,positive,0.01651418724699493,0.029465106261455588,0.012950919014460657,0.01651418724699493,0.029465106261455588,0.883831046542911,0.916168953457089,207,207
2016-07-27,negative,-0.0224135891225746,-0.03508541886037697,-0.01267182973780237,0.0224135891225746,0.03508541886037697,0.12172241942687885,0.07886561158484519,206,207
2016-07-28,positive,0.017254254993821595,0.03352762998329139,0.016273374989469794,0.017254254993821595,0.03352762998329139,0.8805707418229805,0.9193353970264059,206,207
2016-07-28,negative,-0.019543759714224705,-0.036154195076532246,-0.01661043536230754,0.019543759714224705,0.036154195076532246,0.12004901498727494,0.08043642190592894,206,206
2016-07-29,positive,0.028296394952918618,0.04057959629275516,0.012283201339836545,0.028296394952918618,0.04057959629275516,0.8880412633124537,0.9121911010886543,206,207
2016-07-29,negative,-0.012659966704330304,-0.02217686890377664,-0.009516902199446335,0.012659966704330304,0.02217686890377664,0.1169672312449115,0.08322666114481218,206,206
2016-08-01,positive,0.012043698294971256,0.02281158884472024,0.010767890549748983,0.012043698294971256,0.02281158884472024,0.8862599946350164,0.9139637646033989,206,207
2016-08-01,negative,-0.032849715398168944,-0.04119414182215331,-0.008344426423984364,0.032849715398168944,0.04119414182215331,0.10948566749337611,0.09070822489634758,206,206
2016-08-02,positive,0.0076001189955477895,0.023736175181971544,0.016136056186423754,0.007602529693095209,0.02373822455927504,0.880733664177488,0.9193667795911291,206,207
2016-08-02,negative,-0.03207421615041047,-0.04157031171366545,-0.00949609556325498,0.03207421615041047,0.04157031171366545,0.11809982767225712,0.08219115195916869,206,206
2016-08-03,positive,0.032982718739867,0.049208773928755986,0.016226055188888984,0.032982718739867,0.049208773928755986,0.880055577758613,0.9201379394160362,207,207
2016-08-03,negative,-0.01197820627637369,-0.02181012108110739,-0.0098319148047337,0.01197820627637369,0.02181012108110739,0.11499241431463451,0.08536958742044877,206,207
2016-08-04,positive,0.02021861002527073,0.03848210629374034,0.018263496268469608,0.02021861002527073,0.03848210629374034,0.879211861574454,0.9209816556001954,207,207
2016-08-04,negative,-0.013588087812175333,-0.030562131954384376,-0.016974044142209044,0.013588087812175333,0.030562131954384376,0.12454262779413905,0.07586551023794667,206,207
2016-08-05,positive,0.03212721117531262,0.04334750270829432,0.0112202915329817,0.03212721117531262,0.04334750270829432,0.8862448302647323,0.9137853786725105,207,208
2016-08-05,negative,-0.011006403380187059,-0.020359529475025697,-0.009353126094838638,0.011006403380187059,0.020359529475025697,0.11858142230992987,0.08180486450803248,207,207
2016-08-08,positive,0.022680888577912946,0.03586449614758658,0.013183607569673631,0.022680888577912946,0.03586449614758658,0.8853962658310485,0.91472611003861,207,208
2016-08-08,negative,-0.011425592008145873,-0.01907024637352859,-0.007644654365382716,0.011425592008145873,0.01907024637352859,0.1184600749818141,0.08182950030776118,207,207
2016-08-09,positive,0.013935001442752679,0.027288458104572186,0.013353456661819507,0.013935001442752679,0.027288458104572186,0.8813149329453677,0.918787821131571,207,208
2016-08-09,negative,-0.018560192313041547,-0.034481263936041215,-0.015921071622999668,0.018560192313041547,0.034481263936041215,0.11233049820006343,0.08795907708951187,207,207
2016-08-10,positive,0.01055784501904954,0.02069433611343026,0.01013649109438072,0.01055784501904954,0.02069433611343026,0.8831537760626037,0.9170539723180823,207,208
2016-08-10,negative,-0.02160441113876919,-0.030836324083009015,-0.009231912944239824,0.02160441113876919,0.030836324083009015,0.11408003989643706,0.08611291717061552,207,207
2016-08-11,positive,0.023515130285866916,0.037856016337137845,0.014340886051270929,0.023515130285866916,0.037856016337137845,0.8799550797089764,0.9202384374656729,207,207
2016-08-11,negative,-0.010977345632759433,-0.022276411917156107,-0.011299066284396675,0.010977345632759433,0.022276411917156107,0.11900484262638503,0.08137654282034922,206,207
2016-08-12,positive,0.012531683894331234,0.023180099544188888,0.010648415649857653,0.012531683894331234,0.023180099544188888,0.8821847493483433,0.9179125269162479,206,206
2016-08-12,negative,-0.014701569787541292,-0.02175410980772312,-0.00705254002018183,0.014701569787541292,0.02175410980772312,0.11440281863908135,0.08605525858486644,205,206
2016-08-15,positive,0.028755028154904858,0.04001736828852363,0.011262340133618775,0.028755028154904858,0.04001736828852363,0.8857007148455126,0.9146184097333169,205,206
2016-08-15,negative,-0.008274677980916492,-0.013034505688774145,-0.004759827707857654,0.008274677980916492,0.013034505688774145,0.11223549528581947,0.08786187569762746,205,205
2016-08-16,positive,0.008006250998840003,0.016297403549488727,0.008291152550648724,0.008006250998840003,0.016297403549488727,0.8836511743890564,0.9166580009642564,205,206
2016-08-16,negative,-0.020945290918169025,-0.027224221777948605,-0.006278930859779579,0.020945290918169025,0.027224221777948605,0.1107001211200038,0.08939724986344315,205,205
2016-08-17,positive,0.011848089723310728,0.016804464424387554,0.004956374701076826,0.011848089723310728,0.016804464424387554,0.8856146365270388,0.9147757978311849,205,205
2016-08-17,negative,-0.018391008199292038,-0.025339955387072375,-0.006948947187780337,0.018391008199292038,0.025339955387072375,0.10870678188308022,0.09143306074349176,204,205
2016-08-18,positive,0.02609467905418084,0.034324999644186095,0.008230320590005256,0.02609467905418084,0.034324999644186095,0.8899808353866846,0.9104095989715388,205,205
2016-08-18,negative,-0.006821032684774512,-0.01640220467653666,-0.009581171991762148,0.006821032684774512,0.01640220467653666,0.11032761079053388,0.08982013831851349,204,205
2016-08-19,positive,0.010853087966231129,0.024740238535346435,0.013887150569115306,0.010853087966231129,0.024740238535346435,0.8825566308371722,0.9178338035210514,205,205
2016-08-19,negative,-0.018305537144051427,-0.02589615317641304,-0.007590616032361611,0.018305537144051427,0.02589615317641304,0.11268289648704773,0.08747634182051924,204,205
2016-08-22,positive,0.011944714058668465,0.017257032423294086,0.005312318364625621,0.011944714058668465,0.017257032423294086,0.8830908572243616,0.9170215181967865,205,206
2016-08-22,negative,-0.01907702083993768,-0.02572802015754349,-0.006650999317605811,0.01907702083993768,0.02572802015754349,0.11066181714448722,0.08963058051633147,205,205
2016-08-23,positive,0.02086739130001393,0.028538875939554228,0.0076714846395402984,0.02086739130001393,0.028538875939554228,0.8840868539196499,0.9162259558016325,204,205
2016-08-23,negative,-0.008015199896088046,-0.013574413725383662,-0.005559213829295615,0.008015199896088046,0.013574413725383662,0.1109392387091823,0.08915860864893901,204,204
2016-08-24,positive,0.005450292918759894,0.01021660256924137,0.004766309650481475,0.005450292918759894,0.01021660256924137,0.886448326265278,0.9139440229255016,204,204
2016-08-24,negative,-0.027293361224900576,-0.04098478519293618,-0.0136914239680356,0.027293361224900576,0.04098478519293618,0.1130878896010553,0.08707411360817009,203,204
2016-08-25,positive,0.014268415699213536,0.022348446531579264,0.008080030832365729,0.014268415699213536,0.022348446531579264,0.8862288542868128,0.9137039693926351,204,205
2016-08-25,negative,-0.011995181901369277,-0.0201214335074415,-0.008126251606072223,0.011995181901369277,0.0201214335074415,0.11508314109957708,0.08540705497885429,204,204
2016-08-26,positive,0.011784970314240946,0.015141761174814548,0.003356790860573602,0.011784970314240946,0.015141761174814548,0.8911090146146607,0.9090430233391463,204,205
2016-08-26,negative,-0.01862690007298419,-0.021838429924751705,-0.0032115298517675153,0.01862690007298419,0.021838429924751705,0.10769430201071613,0.09259952756812813,204,204
2016-08-29,positive,0.019812450991524764,0.034764396210874994,0.01495194521935023,0.019812450991524764,0.034764396210874994,0.887778995855331,0.912613353335449,204,204
2016-08-29,negative,-0.006612304951307437,-0.00829357569362201,-0.001681270742314573,0.006612304951307437,0.00829357569362201,0.10253142538238343,0.09757883045322102,203,204
2016-08-30,positive,0.01363686894886043,0.021832957254615995,0.008196088305755566,0.01363686894886043,0.021832957254615995,0.8842049532467974,0.9160120270439706,203,204
2016-08-30,negative,-0.016145018193938786,-0.025701295000885603,-0.009556276806946817,0.016145018193938786,0.025701295000885603,0.11552608559749358,0.08467066796866482,203,203
2016-08-31,positive,0.008942389786658522,0.016502224085082694,0.007559834298424172,0.008942389786658522,0.016502224085082694,0.8882784815652945,0.9117622923122967,203,204
2016-08-31,negative,-0.02040969053598115,-0.027348372394115607,-0.006938681858134458,0.02040969053598115,0.027348372394115607,0.11330413080018335,0.08708976383300224,203,203
2016-09-01,positive,0.01496389747432408,0.021661506099644824,0.006697608625320744,0.01496389747432408,0.021661506099644824,0.8895286257321283,0.9106164119190984,203,204
2016-09-01,negative,-0.017198512383801344,-0.024543456481305622,-0.007344944097504278,0.017198512383801344,0.024543456481305622,0.1089634808579962,0.09133179473255497,203,203
2016-09-02,positive,0.027963095380857218,0.03282136193376622,0.004858266552909,0.027963095380857218,0.03282136193376622,0.8914463964814897,0.9089040237530607,203,204
2016-09-02,negative,-0.0029672776860451967,-0.006604030151706734,-0.0036367524656615376,0.003623911183140838,0.00706809867083549,0.10894352655109443,0.09115480186581805,203,203
2016-09-06,positive,0.025216625869722602,0.03720875751166919,0.011992131641946586,0.025216625869722602,0.03720875751166919,0.8896355261913251,0.9104118998658055,203,204
2016-09-06,negative,-0.014413981271954656,-0.018844752475441075,-0.004430771203486419,0.014413981271954656,0.018844752475441075,0.11278144426415194,0.08761245036903367,203,203
2016-09-07,positive,0.0219994327481426,0.02998055502462339,0.00798112227648079,0.0219994327481426,0.02998055502462339,0.8830099049929251,0.9171864622137517,204,204
2016-09-07,negative,-0.012526664267066894,-0.01641511993235678,-0.0038884556652898864,0.012526664267066894,0.01641511993235678,0.10322337253422519,0.09708625718328569,203,204
2016-09-08,positive,0.01766885725837605,0.03241336648092125,0.014744509222545204,0.01766885725837605,0.03241336648092125,0.8827904874554039,0.9176018617353758,204,204
2016-09-08,negative,-0.018303072717116432,-0.02256903634206322,-0.004265963624946786,0.018303072717116432,0.02256903634206322,0.1082270116955815,0.09191116368077393,203,204
2016-09-09,positive,-0.008917081476683195,-0.00584156906400606,0.0030755124126771354,0.009721588597909359,0.01059968939596627,0.8937177572631008,0.9064478153466112,203,204
2016-09-09,negative,-0.055835935358853596,-0.05890096459676692,-0.003065029237913325,0.055835935358853596,0.05890096459676692,0.10420101043404058,0.0960942651565106,203,203
2016-09-12,positive,0.027778480761348805,0.03284795736598742,0.005069476604638613,0.027778480761348805,0.03284795736598742,0.8925992124039118,0.9077568588890816,203,204
2016-09-12,negative,-0.007200897253794018,-0.01102285622879751,-0.0038219589750034914,0.007200897253794018,0.01102285622879751,0.10817615684872323,0.08754934950069918,198,199
2016-09-13,positive,-0.00252217061464285,8.275615449090147e-05,0.0026049267691337515,0.005789981361493883,0.007459328780739675,0.8955364083959574,0.90473478743598,204,205
2016-09-13,negative,-0.04584002422589487,-0.04809088236616812,-0.002250858140273246,0.04584002422589487,0.04809088236616812,0.10272763045502097,0.0974681600491396,204,204
2016-09-14,positive,0.013435438752139574,0.018908962574166414,0.00547352382202684,0.013435438752139574,0.018908962574166414,0.8872180361627919,0.9131723981954315,205,205
2016-09-14,negative,-0.018263093458999225,-0.022335276670227562,-0.004072183211228337,0.018263093458999225,0.022335276670227562,0.10579287840075025,0.0943327500624933,204,205
2016-09-15,positive,0.024222693177962856,0.03262891913539665,0.008406225957433795,0.024222693177962856,0.03262891913539665,0.8808199121522695,0.9195705222059543,205,205
2016-09-15,negative,-0.0051058653357048305,-0.009846746931476337,-0.0047408815957715065,0.0051058653357048305,0.009846746931476337,0.11091613316873845,0.0892344867811782,204,205
2016-09-16,positive,0.016437499822307487,0.018918724778610573,0.002481224956303086,0.016437499822307487,0.018918724778610573,0.8967947609994046,0.9033850123026205,204,205
2016-09-16,negative,-0.02194942827065367,-0.027015269147508972,-0.005065840876855302,0.02194942827065367,0.027015269147508972,0.10252827869639532,0.09776555088244895,204,204
2016-09-19,positive,0.01999491168549317,0.02587684275168355,0.0058819310661903795,0.01999491168549317,0.02587684275168355,0.8903809932527477,0.9097167584579072,205,205
2016-09-19,negative,-0.011355648585347098,-0.015378248277863696,-0.004022599692516598,0.011355648585347098,0.015378248277863696,0.1054652310582102,0.09495148177288225,204,205
2016-09-20,positive,0.009788012337000955,0.014261735679204666,0.0044737233422037104,0.009788012337000955,0.014261735679204666,0.8890469518132379,0.9112884166343672,205,206
2016-09-20,negative,-0.021022747306000424,-0.027242925272562973,-0.006220177966562549,0.021022747306000424,0.027242925272562973,0.10863395634930059,0.09146341463414634,205,205
2016-09-21,positive,0.035854637105361485,0.04653990261196501,0.010685265506603522,0.035854637105361485,0.04653990261196501,0.886744432661718,0.9134509752523026,205,205
2016-09-21,negative,-0.0016780375371975892,-0.008510873138437883,-0.006832835601240294,0.004523960597869983,0.010707812918222065,0.10897463528645458,0.09136154038628809,204,205
2016-09-22,positive,0.03006995817193176,0.03603855981159873,0.005968601639666969,0.03006995817193176,0.03603855981159873,0.8926829268292683,0.907476012036564,205,206
2016-09-22,negative,-0.004712902928689306,-0.009067821675979146,-0.00435491874728984,0.005145029067996285,0.00959879396379239,0.10606071411591309,0.09423168354490562,205,205
2016-09-23,positive,0.0078553079917536,0.01570425160930659,0.00784894361755299,0.0078553079917536,0.01570425160930659,0.8865336865740795,0.9136924888512667,205,206
2016-09-23,negative,-0.025428894738853593,-0.02907431385917227,-0.0036454191203186756,0.025428894738853593,0.02907431385917227,0.10752854240671,0.09266629441744978,205,205
2016-09-26,positive,0.007767302587622013,0.013283993074190646,0.005516690486568633,0.007767302587622013,0.013283993074190646,0.8860157840231405,0.9143746503350831,205,205
2016-09-26,negative,-0.025694108547107887,-0.028300197971092313,-0.0026060894239844264,0.025694108547107887,0.028300197971092313,0.10719360950822496,0.0929388517896892,204,205
2016-09-27,positive,0.017605391045159704,0.022826127260150125,0.005220736214990421,0.017605391045159704,0.022826127260150125,0.8899338064285289,0.9100661935714712,205,205
2016-09-27,negative,-0.018066103420634742,-0.0233504617592351,-0.005284358338600359,0.018066103420634742,0.0233504617592351,0.10985306102881251,0.09068280756157196,204,205
2016-09-28,positive,0.03512959137942852,0.054884149649830676,0.019754558270402157,0.03512959137942852,0.054884149649830676,0.878750059430419,0.9213412441567782,205,206
2016-09-28,negative,-0.007312793821336288,-0.013695460903337738,-0.00638266708200145,0.007312793821336288,0.013695460903337738,0.1136380925212761,0.08665430513954263,205,205
2016-09-29,positive,0.0062440738394022675,0.020567863105768323,0.014323789266366056,0.006273276405682063,0.020582903829019845,0.8772155660153091,0.922868288574727,205,206
2016-09-29,negative,-0.025425685038347055,-0.03148943047331449,-0.006063745434967436,0.025425685038347055,0.03148943047331449,0.11244710692720963,0.0878452907336091,205,205
2016-09-30,positive,0.02768790306593913,0.031837839744467585,0.0041499366785284555,0.02768790306593913,0.031837839744467585,0.8935795745085682,0.9064865351024599,205,206
2016-09-30,negative,-0.009470634097048592,-0.013595615140432627,-0.004124981043384036,0.009470634097048592,0.013595615140432627,0.10626345268815926,0.0941266009442152,205,205
2016-10-03,positive,0.014261465653654014,0.0235016093336095,0.009240143679955487,0.014261465653654014,0.0235016093336095,0.8922708813261454,0.9080801372647261,205,206
2016-10-03,negative,-0.02035230874410695,-0.027730528909716567,-0.007378220165609618,0.02035230874410695,0.027730528909716567,0.11041513287576889,0.08968223810767804,205,205
2016-10-04,positive,0.009542103236571802,0.018286030513826698,0.008743927277254896,0.009542103236571802,0.018286030513826698,0.8882284354550863,0.9117144210277054,205,206
2016-10-04,negative,-0.028407852225157963,-0.03713424670722343,-0.008726394482065466,0.028407852225157963,0.03713424670722343,0.10833313503866747,0.09215466983938134,205,205
2016-10-05,positive,0.028854873266659243,0.03666940784280325,0.007814534576144009,0.028854873266659243,0.03666940784280325,0.8867699558006875,0.9133273204639037,206,206
2016-10-05,negative,-0.015172368668315919,-0.020532450709337038,-0.005360082041021119,0.015172368668315919,0.020532450709337038,0.11196972572838569,0.08847654036492765,205,206
2016-10-06,positive,0.012881521990715942,0.019397235345177424,0.006515713354461482,0.012881521990715942,0.019397235345177424,0.8835163849700997,0.9166780729783689,206,206
2016-10-06,negative,-0.018014515598063517,-0.025225293896636906,-0.007210778298573389,0.018014515598063517,0.025225293896636906,0.1106774013778057,0.08966540961245287,205,206
2016-10-07,positive,0.008012969604346803,0.014196813429152858,0.006183843824806055,0.008012969604346803,0.014196813429152858,0.8857095289626713,0.9143183765437651,205,206
2016-10-07,negative,-0.025288540266669157,-0.031419611578710246,-0.006131071312041089,0.025288540266669157,0.031419611578710246,0.10993328655860911,0.09045676707376532,205,205
2016-10-10,positive,0.026192716569455776,0.03001328135364123,0.0038205647841854547,0.026192716569455776,0.03001328135364123,0.8944362865067711,0.9058295428769267,204,205
2016-10-10,negative,-0.005441477511215194,-0.012130993190592262,-0.006689515679377068,0.005441477511215194,0.012130993190592262,0.11057691113148524,0.08332468097519491,197,198
2016-10-11,positive,0.00011544326358530656,0.003930734944982044,0.0038152916813967374,0.003304431332263215,0.006630153417477498,0.8916017877739332,0.9083572453371591,204,205
2016-10-11,negative,-0.031677841375433495,-0.035779366104418724,-0.004101524728985229,0.031677841375433495,0.035779366104418724,0.10809544405997693,0.09239475201845444,204,204
2016-10-12,positive,0.017523061874892307,0.020236622280926486,0.0027135604060341788,0.017523061874892307,0.020236622280926486,0.8922664104934703,0.9078318213336414,204,204
2016-10-12,negative,-0.015611662205365815,-0.019345631121968698,-0.003733968916602883,0.015611662205365815,0.019345631121968698,0.11061363438404288,0.08983035748680612,203,204
2016-10-13,positive,0.012307597778507587,0.01701978944064954,0.004712191662141955,0.012307597778507587,0.01701978944064954,0.8884420516248407,0.9118936414290397,203,204
2016-10-13,negative,-0.024217810670287027,-0.02960313017399733,-0.005385319503710302,0.024217810670287027,0.02960313017399733,0.11230630997185771,0.08779201844505476,203,203
2016-10-14,positive,0.013575722351042534,0.016928695467029565,0.003352973115987031,0.013575722351042534,0.016928695467029565,0.8920438700247142,0.9083484791660658,204,204
2016-10-14,negative,-0.01810668010001658,-0.02139524634004722,-0.003288566240030641,0.01810668010001658,0.02139524634004722,0.10835505669010936,0.09178374635778784,203,204
2016-10-17,positive,0.012309792013633936,0.01681402921365102,0.004504237200017086,0.012309792013633936,0.01681402921365102,0.8882348125890828,0.9118634192380293,204,204
2016-10-17,negative,-0.01907821607805182,-0.023630755734476778,-0.004552539656424957,0.01907821607805182,0.023630755734476778,0.10672670260435317,0.09369823567934049,203,204
2016-10-18,positive,0.02454852460506075,0.031435568736216175,0.006887044131155425,0.02454852460506075,0.031435568736216175,0.8898667992429702,0.9101815226873483,204,205
2016-10-18,negative,-0.0069502441625250225,-0.014528201696531986,-0.007577957534006963,0.0069502441625250225,0.014528201696531986,0.11585535733156566,0.08453660739160927,204,204
2016-10-19,positive,0.02466345702099044,0.03103254691847656,0.0063690898974861215,0.02466345702099044,0.03103254691847656,0.8873953352153789,0.9127385872291631,204,205
2016-10-19,negative,-0.01012611560651569,-0.014379369114171252,-0.004253253507655562,0.01012611560651569,0.014379369114171252,0.10914904649420983,0.09114478308463445,204,204
2016-10-20,positive,0.013505733087597142,0.022602659803219374,0.009096926715622232,0.013505733087597142,0.022602659803219374,0.881344920487328,0.9187528312233267,205,205
2016-10-20,negative,-0.016918220944373952,-0.025004348799445474,-0.008086127855071523,0.016918220944373952,0.025004348799445474,0.11292119487091022,0.08753188851536609,204,205
2016-10-21,positive,0.012221105752707078,0.022119682457058556,0.009898576704351477,0.012221105752707078,0.022119682457058556,0.8798011862601134,0.9203932523906737,204,205
2016-10-21,negative,-0.016741994991110953,-0.02309366230460899,-0.006351667313498038,0.016741994991110953,0.02309366230460899,0.10678140566064899,0.09341438484351157,204,204
2016-10-24,positive,0.018766838898901104,0.026501220285164693,0.007734381386263589,0.018766838898901104,0.026501220285164693,0.8866401712755085,0.9136866890315616,203,204
2016-10-24,negative,-0.01337804570457743,-0.02297403759819722,-0.009595991893619791,0.01337804570457743,0.02297403759819722,0.1110735719371667,0.0890247564797458,203,203
2016-10-25,positive,0.010079044845659859,0.019692471630407205,0.009613426784747347,0.010079044845659859,0.019692471630407205,0.8835525364937131,0.916447463506287,204,204
2016-10-25,negative,-0.02597536103603436,-0.03728776991274687,-0.011312408876712511,0.02597536103603436,0.03728776991274687,0.1166325752532649,0.08393915305680012,203,204
2016-10-26,positive,0.011681379649543475,0.020508073125442533,0.008826693475899058,0.011681379649543475,0.020508073125442533,0.8849285811256352,0.9151939072873243,203,204
2016-10-26,negative,-0.024572453034836,-0.036569728035620634,-0.011997275000784634,0.024572453034836,0.036569728035620634,0.1160847620340561,0.08421051355649509,203,203
2016-10-27,positive,0.009899961941430425,0.024431905327777382,0.014531943386346956,0.009899961941430425,0.024431905327777382,0.8825312618416066,0.917764596146559,203,203
2016-10-27,negative,-0.030700507052431974,-0.05130868498215634,-0.02060817792972437,0.030700507052431974,0.05130868498215634,0.12370989317866699,0.07660365717394894,202,203
2016-10-28,positive,0.01337190179445014,0.02948918597739259,0.016117284182942452,0.01337190179445014,0.02948918597739259,0.8755625562556256,0.9247113456258884,202,203
2016-10-28,negative,-0.023399493547748784,-0.038866625160579926,-0.015467131612831142,0.023399493547748784,0.038866625160579926,0.11649683990138146,0.08360197432786758,202,202
2016-10-31,positive,0.023226482873066535,0.02683203580367375,0.0036055529306072143,0.023226482873066535,0.02683203580367375,0.8920664703778641,0.9079931653597814,202,203
2016-10-31,negative,-0.020824669606075943,-0.029803943426119625,-0.008979273820043682,0.020824669606075943,0.029803943426119625,0.11136531763022914,0.08903052601153238,202,202
2016-11-01,positive,0.015043715217143552,0.030386851157313897,0.015343135940170345,0.015043715217143552,0.030386851157313897,0.8883369579543957,0.9118767172592794,281,281
2016-11-01,negative,-0.0319060234862455,-0.04403786673993572,-0.012131843253690218,0.0319060234862455,0.04403786673993572,0.11252416564916565,0.08766260100779674,280,281
2016-11-02,positive,0.01061787707541982,0.028188727353194932,0.017570850277775114,0.01061787707541982,0.028188727353194932,0.8808690672710617,0.9194157315897424,281,281
2016-11-02,negative,-0.039906579121366324,-0.0607968744961313,-0.02089029537476498,0.039906579121366324,0.0607968744961313,0.11458195595789046,0.08554101014912666,280,281
2016-11-03,positive,0.01652696030441034,0.038824197677552436,0.022297237373142095,0.01652696030441034,0.038824197677552436,0.8783135062156103,0.9218941166914576,280,281
2016-11-03,negative,-0.041761198731336914,-0.06814133589724489,-0.026380137165907973,0.041761198731336914,0.06814133589724489,0.11471049011616057,0.0853608365600163,280,280
2016-11-04,positive,0.03558957552423933,0.05262378004441656,0.017034204520177232,0.03558957552423933,0.05262378004441656,0.8880087915321262,0.912062484305365,281,281
2016-11-04,negative,-0.019182253146785844,-0.037548158297559725,-0.01836590515077388,0.019182253146785844,0.037548158297559725,0.1212853833621831,0.0790749613816859,280,281
2016-11-07,positive,0.04711695236903272,0.058121142746332,0.011004190377299279,0.04711695236903272,0.058121142746332,0.8857728609005106,0.9142984149369805,281,281
2016-11-07,negative,-0.004593969780247553,-0.008343350464138815,-0.0037493806838912623,0.009212496457158666,0.012739675582533203,0.1033404184909887,0.09695606516792943,280,281
2016-11-08,positive,0.025147571700715483,0.03816900708198963,0.013021435381274146,0.025147571700715483,0.03816900708198963,0.885871695815175,0.914128304184825,281,281
2016-11-08,negative,-0.0183345562178139,-0.03344225744103131,-0.015107701223217411,0.0183345562178139,0.03344225744103131,0.11406353450471098,0.08634238554690722,280,281
2016-11-09,positive,0.08235753522314584,0.10757861163864338,0.025221076415497534,0.08235753522314584,0.10757861163864338,0.8823753328400505,0.9178375841223343,282,282
2016-11-09,negative,-0.017231043783590087,-0.03661835356423994,-0.019387309780649852,0.017231043783590087,0.03661835356423994,0.11682965885297616,0.0833717137550398,281,282
2016-11-10,positive,0.0566781378268238,0.06849063010716637,0.01181249228034257,0.0566781378268238,0.06849063010716637,0.889702616238446,0.9104021196387364,283,284
2016-11-10,negative,-0.029870045406960328,-0.04369108222906857,-0.013821036822108241,0.029870045406960328,0.04369108222906857,0.11592776147411711,0.08428410293266254,283,283
2016-11-11,positive,0.05318204490016092,0.06205468966595608,0.008872644765795155,0.05318204490016092,0.06205468966595608,0.8943872561005429,0.9055931873005044,286,287
2016-11-11,negative,-0.01839393689807674,-0.028612172119299197,-0.010218235221222456,0.01839393689807674,0.028612172119299197,0.10841667074184556,0.09193297960780479,286,286
2016-11-14,positive,0.045606244616547074,0.06479894337675818,0.019192698760211103,0.045606244616547074,0.06479894337675818,0.8922938592083158,0.9078176420088712,289,290
2016-11-14,negative,-0.02022684564039247,-0.02730060830141026,-0.00707376266101779,0.02022684564039247,0.02730060830141026,0.1108696224401403,0.08933784643952772,289,289
2016-11-15,positive,0.035681553027007054,0.04909482203271731,0.013413269005710257,0.035681553027007054,0.04909482203271731,0.8910094545986842,0.9090283431292735,291,292
2016-11-15,negative,-0.020795824342674785,-0.02926181273439855,-0.008465988391723765,0.020795824342674785,0.02926181273439855,0.10977439526101375,0.0905004243885912,291,291
2016-11-16,positive,0.022761853460169883,0.04255091234112026,0.019789058880950377,0.022761853460169883,0.04255091234112026,0.888073615451491,0.9119263845485092,292,292
2016-11-16,negative,-0.02451964184022327,-0.03426017088462678,-0.00974052904440351,0.02451964184022327,0.03426017088462678,0.11271124000165042,0.0876747573956155,291,292
2016-11-17,positive,0.028177357410649532,0.03784358151850664,0.00966622410785711,0.028177357410649532,0.03784358151850664,0.8864474197078065,0.913689707477658,292,292
2016-11-17,negative,-0.01842377722400345,-0.035509388861934145,-0.017085611637930695,0.01842377722400345,0.035509388861934145,0.11141760529282663,0.08882683466312265,291,292
2016-11-18,positive,0.024910331865021586,0.03387623083200061,0.008965898966979021,0.024910331865021586,0.03387623083200061,0.893209099078545,0.9069039962506147,293,294
2016-11-18,negative,-0.018578458877392224,-0.02824554041576128,-0.009667081538369055,0.018578458877392224,0.02824554041576128,0.10892866288896444,0.09127597558306831,293,293
2016-11-21,positive,0.03030014011742805,0.037904546165903844,0.007604406048475794,0.03030014011742805,0.037904546165903844,0.8912552453046437,0.9089863900147384,294,295
2016-11-21,negative,-0.01613244846523802,-0.018813601325716665,-0.002681152860478646,0.01613244846523802,0.018813601325716665,0.1072670576382727,0.09280087714433599,294,294
2016-11-22,positive,0.0328470672586301,0.04252495696818885,0.009677889709558754,0.0328470672586301,0.04252495696818885,0.8833168868665826,0.9168859528900096,296,296
2016-11-22,negative,-0.024354272033988336,-0.029768602142094352,-0.005414330108106016,0.024354272033988336,0.029768602142094352,0.10493404842942436,0.09521761873435301,295,296
2016-11-23,positive,0.026684338438465415,0.03669512046340138,0.010010782024935962,0.026684338438465415,0.03669512046340138,0.8875352318231157,0.9126249558244158,296,297
2016-11-23,negative,-0.014986162209737402,-0.025984568156306,-0.010998405946568597,0.014986162209737402,0.025984568156306,0.11298526420446771,0.08714973410805338,296,296
2016-11-25,positive,0.017995050745636888,0.026397725913784423,0.008402675168147536,0.017995050745636888,0.026397725913784423,0.8870631593620487,0.9129606328739336,297,298
2016-11-25,negative,-0.013557797900121281,-0.01912598152855921,-0.005568183628437929,0.013557797900121281,0.01912598152855921,0.10958683661477335,0.09068243299141986,297,297
2016-11-28,positive,0.011520284382940085,0.018057285609906236,0.006537001226966151,0.011520284382940085,0.018057285609906236,0.8899216462496922,0.9102465764632489,296,297
2016-11-28,negative,-0.03695169532197581,-0.0429961573808129,-0.006044462058837095,0.03695169532197581,0.0429961573808129,0.1079661546460399,0.09216884366648119,296,296
2016-11-29,positive,0.018362374379052675,0.028123612829417808,0.009761238450365133,0.018362374379052675,0.028123612829417808,0.8855817371733039,0.9145048249468981,295,296
2016-11-29,negative,-0.026439889255813954,-0.034775212368781824,-0.00833532311296787,0.026439889255813954,0.034775212368781824,0.11074652060079923,0.0894567314317211,295,295
2016-11-30,positive,0.02595601170113836,0.07520480075927585,0.049248789058137496,0.02595601170113836,0.07520480075927585,0.8742482137627113,0.9258192171206332,297,297
2016-11-30,negative,-0.03427842736470537,-0.039627055934187576,-0.0053486285694822056,0.03427842736470537,0.039627055934187576,0.10952848499207232,0.09077286690233419,296,297
2016-12-01,positive,0.02199622050390826,0.03631768927894289,0.01432146877503463,0.02199622050390826,0.03631768927894289,0.8830932696471098,0.9169739346539655,298,298
2016-12-01,negative,-0.04041283255957061,-0.05136912894738739,-0.010956296387816783,0.04041283255957061,0.05136912894738739,0.11312158321566924,0.087190815111496,297,298
2016-12-02,positive,0.033362313288459435,0.03345905649388968,9.674320543024556e-05,0.033362313288459435,0.03345905649388968,0.8947369901737043,0.9053793216377417,298,299
2016-12-02,negative,-0.020880425075702473,-0.02593075832440414,-0.0050503332487016675,0.020880425075702473,0.02593075832440414,0.11186695114760149,0.08833425609585928,298,298
2016-12-05,positive,0.0401316986496394,0.05215475120423369,0.012023052554594293,0.0401316986496394,0.05215475120423369,0.8885620519984062,0.9116387512144452,299,299
2016-12-05,negative,-0.008561755409536112,-0.012388761636645705,-0.0038270062271095924,0.00868320966041819,0.012535160906324496,0.10761277773285537,0.0925463280099215,298,299
2016-12-06,positive,0.031135037176545522,0.04477395490202389,0.013638917725478369,0.031135037176545522,0.04477395490202389,0.8841502504173623,0.9158497495826377,300,300
2016-12-06,negative,-0.011298123029532075,-0.018696747627157066,-0.007398624597624991,0.011298123029532075,0.018696747627157066,0.11013618014416446,0.09023094045631609,299,300
2016-12-07,positive,0.030990119608874628,0.04338262768492081,0.01239250807604618,0.030990119608874628,0.04338262768492081,0.8845818727756516,0.9156334892006235,299,300
2016-12-07,negative,-0.021646754825994832,-0.02915754154039995,-0.007510786714405117,0.021646754825994832,0.02915754154039995,0.10552431507384892,0.09454248519335215,299,299
2016-12-08,positive,0.03737117141954845,0.04636999153951478,0.008998820119966326,0.03737117141954845,0.04636999153951478,0.8907534398579672,0.909481709879629,300,301
2016-12-08,negative,-0.012522785657124983,-0.025274070013977464,-0.012751284356852481,0.012522785657124983,0.025274070013977464,0.11181313803817133,0.08825343985796714,300,300
2016-12-09,positive,0.02263438260445327,0.040322856806170634,0.017688474201717364,0.02263438260445327,0.040322856806170634,0.8811021564361741,0.919034075298431,301,302
2016-12-09,negative,-0.020205911537541886,-0.03169814799848805,-0.011492236460946166,0.020205911537541886,0.03169814799848805,0.1155072206485076,0.08462553739994906,301,301
2016-12-12,positive,0.013483747502803284,0.024620668887604263,0.011136921384800979,0.013483747502803284,0.024620668887604263,0.8880726373176537,0.9119541812471268,301,302
2016-12-12,negative,-0.036900469240240895,-0.04762943330823572,-0.010728964067994826,0.036900469240240895,0.04762943330823572,0.10835739608147756,0.09190829637949886,301,301
2016-12-13,positive,0.020684418922660198,0.028244405324514568,0.00755998640185437,0.020684418922660198,0.028244405324514568,0.8860871983094205,0.9140462684907129,300,300
2016-12-13,negative,-0.020699853207413643,-0.028222244272045578,-0.007522391064631935,0.020699853207413643,0.028222244272045578,0.11074675567429189,0.08948893337782227,299,300
2016-12-14,positive,0.006412463147871046,0.012942115217334483,0.006529652069463436,0.006578344643420894,0.013063080395984968,0.8892570145099221,0.9108768991157895,299,299
2016-12-14,negative,-0.03791998414449845,-0.044504772710678285,-0.006584788566179833,0.03791998414449845,0.044504772710678285,0.10886548645922037,0.09136469853198867,298,299
2016-12-15,positive,0.0314176185106823,0.0405289911426361,0.009111372631953794,0.0314176185106823,0.0405289911426361,0.8934034486265053,0.9067746965140884,299,300
2016-12-15,negative,-0.016445288531125198,-0.024997864113614706,-0.008552575582489508,0.016445288531125198,0.024997864113614706,0.11291396759663296,0.08721967757543522,299,299
2016-12-16,positive,0.027134487280484253,0.03230173951815818,0.005167252237673926,0.027134487280484253,0.03230173951815818,0.8936302586302586,0.9065480477440611,300,301
2016-12-16,negative,-0.025066038619792296,-0.029304604847756394,-0.004238566227964098,0.025066038619792296,0.029304604847756394,0.10773115773115774,0.09240204240204239,300,300
2016-12-19,positive,0.02467886132150668,0.035074534806945945,0.010395673485439266,0.02467886132150668,0.035074534806945945,0.8870538190832813,0.9130120570695514,304,304
2016-12-19,negative,-0.01822494400570552,-0.023488894986381445,-0.005263950980675926,0.01822494400570552,0.023488894986381445,0.10791622640524923,0.09237288502877747,303,304
2016-12-20,positive,0.027587404848617724,0.039648905681789075,0.01206150083317135,0.027587404848617724,0.039648905681789075,0.8820116588392285,0.9181200500840512,304,304
2016-12-20,negative,-0.01258525151516365,-0.01845088710289889,-0.00586563558773524,0.01258525151516365,0.01845088710289889,0.11097943841140782,0.08925391660745542,303,304
2016-12-21,positive,0.012618960111341072,0.024172094216700295,0.011553134105359223,0.012618960111341072,0.024172094216700295,0.8841926722645429,0.9161362751038782,304,304
2016-12-21,negative,-0.025053500466138977,-0.030983299955743133,-0.005929799489604155,0.025053500466138977,0.030983299955743133,0.10945399065096953,0.09087495671745152,304,304
2016-12-22,positive,0.011187886366310242,0.021934866561537262,0.01074698019522702,0.011187886366310242,0.021934866561537262,0.8867377599972288,0.9135254844910895,304,304
2016-12-22,negative,-0.030550817943647918,-0.042626504237730824,-0.012075686294082906,0.030550817943647918,0.042626504237730824,0.11474701270719372,0.08536720008312984,303,304
2016-12-23,positive,0.024414564843302195,0.036059855536232026,0.01164529069292983,0.024414564843302195,0.036059855536232026,0.8859961920743513,0.9142006583193493,305,305
2016-12-23,negative,-0.009966494527082844,-0.014028001794822545,-0.004061507267739701,0.009966494527082844,0.014028001794822545,0.10750362619146292,0.09265199432038208,304,305
2016-12-27,positive,0.018897831066977365,0.2878320166312637,0.26893418556428633,0.018897831066977365,0.2878320166312637,0.8855965750182866,0.9146002753754142,305,305
2016-12-27,negative,-0.011591967986183027,-0.018443289903098754,-0.006851321916915726,0.011591967986183027,0.018443289903098754,0.11012236237740018,0.09004184415472655,304,305
2016-12-28,positive,0.005576561174394289,0.01417740727627957,0.00860084610188528,0.006071277945562518,0.014474362343377765,0.8834519996537397,0.9164937446074202,304,305
2016-12-28,negative,-0.027758596953404793,-0.035103054277485266,-0.007344457324080473,0.027758596953404793,0.035103054277485266,0.11020818905817173,0.09012075831024931,304,304
2016-12-29,positive,0.014721465370806564,0.0264831597288991,0.011761694358092536,0.014721465370806564,0.0264831597288991,0.8841342988808427,0.9160631994733377,304,304
2016-12-29,negative,-0.016266673828100188,-0.021235193234965612,-0.004968519406865424,0.016266673828100188,0.021235193234965612,0.1143795748896812,0.08579917535774921,303,304
2016-12-30,positive,0.012393009375548755,0.01685850197273632,0.004465492597187565,0.012393009375548755,0.01685850197273632,0.8898607373930005,0.9102376189070963,303,304
2016-12-30,negative,-0.020076919898699013,-0.026281021345397542,-0.006204101446698529,0.020076919898699013,0.026281021345397542,0.11291602445204943,0.08728186473000862,303,303
2017-01-03,positive,0.03840337909829025,0.04745964065663081,0.009056261558340557,0.03840337909829025,0.04745964065663081,0.8929190542032083,0.9073450593656261,303,303
2017-01-03,negative,-0.012809749162806028,-0.0211893765473276,-0.008379627384521571,0.012809749162806028,0.0211893765473276,0.11169894114071699,0.08840558866054977,302,303
2017-01-04,positive,0.0447989459856004,0.049237145203352005,0.004438199217751605,0.0447989459856004,0.049237145203352005,0.8961175554016619,0.903869715271786,304,305
2017-01-04,negative,-0.003850663445211905,-0.009449692154992221,-0.005599028709780317,0.0048906602983745315,0.010345214292452267,0.10683756059556786,0.09349138677285318,304,304
2017-01-05,positive,0.014975944303801548,0.02661508022987092,0.011639135926069372,0.014975944303801548,0.02661508022987092,0.8846707123729187,0.9154763609072136,303,304
2017-01-05,negative,-0.029652904811819647,-0.040689193860136585,-0.011036289048316938,0.029652904811819647,0.040689193860136585,0.11804147773827826,0.08209040488618595,303,303
2017-01-06,positive,0.01664586598198946,0.031203661767591824,0.014557795785602363,0.01664586598198946,0.031203661767591824,0.8819761770571404,0.9180238229428596,304,304
2017-01-06,negative,-0.02349646955490627,-0.030779574378715136,-0.007283104823808867,0.02349646955490627,0.030779574378715136,0.11075733603014336,0.08960699731206105,303,304
2017-01-09,positive,0.014132560317367152,0.03483977549963152,0.020707215182264368,0.014132560317367152,0.03483977549963152,0.8847135208897375,0.9154846297047141,303,303
2017-01-09,negative,-0.02818692942533307,-0.03580055268061076,-0.007613623255277691,0.02818692942533307,0.03580055268061076,0.11111906969826871,0.08904950931024411,302,303
2017-01-10,positive,0.028944081626894123,0.043496739273527506,0.014552657646633382,0.028944081626894123,0.043496739273527506,0.885149276298757,0.91506511726746,303,304
2017-01-10,negative,-0.015057213705173395,-0.022724661625814754,-0.007667447920641359,0.015057213705173395,0.022724661625814754,0.11004381585159176,0.09002210372652296,303,303
2017-01-11,positive,0.022439806138541553,0.03114633333455556,0.008706527196014006,0.022439806138541553,0.03114633333455556,0.8898251077472932,0.9104054254631814,302,303
2017-01-11,negative,-0.02289696394095338,-0.03268153183593154,-0.009784567894978159,0.02289696394095338,0.03268153183593154,0.11379384351238658,0.086272294053751,302,302
2017-01-12,positive,0.011757438445999137,0.02226865428656423,0.010511215840565092,0.011757438445999137,0.02226865428656423,0.8851421661303077,0.9150069489251275,302,303
2017-01-12,negative,-0.02820419923566702,-0.03615041876212413,-0.007946219526457111,0.02820419923566702,0.03615041876212413,0.10883338116383662,0.0912989377246847,302,302
2017-01-13,positive,0.02382311932669427,0.034124529873859846,0.010301410547165577,0.02382311932669427,0.034124529873859846,0.883224897675971,0.9168414153213765,302,302
2017-01-13,negative,-0.010685334456988325,-0.0167358711875089,-0.006050536730520575,0.010685334456988325,0.0167358711875089,0.11018752698784777,0.09011101937569169,301,302
2017-01-17,positive,0.0156826241112514,0.02371587144637032,0.008033247335118919,0.0156826241112514,0.02371587144637032,0.8894992394093514,0.9106333426257828,302,302
2017-01-17,negative,-0.03865649599028106,-0.046414307533461145,-0.007757811543180088,0.03865649599028106,0.046414307533461145,0.1111426170856839,0.08909282279006162,301,302
2017-01-18,positive,0.0201365769735984,0.03052529071716504,0.01038871374356664,0.0201365769735984,0.03052529071716504,0.8874535082262313,0.9126375293527874,301,302
2017-01-18,negative,-0.0182789922696722,-0.024387711688540953,-0.006108719418868754,0.0182789922696722,0.024387711688540953,0.10884810701821726,0.09135109616903371,301,301
2017-01-19,positive,0.01029368550181556,0.018987364786694844,0.008693679284879284,0.01029368550181556,0.018987364786694844,0.884289695927772,0.9158590626601382,297,298
2017-01-19,negative,-0.02826624358190747,-0.03431080686266422,-0.006044563280756747,0.02826624358190747,0.03431080686266422,0.10645868937157198,0.0936758548598441,297,297
2017-01-20,positive,0.02124757831974861,0.030499000409690828,0.009251422089942219,0.02124757831974861,0.030499000409690828,0.8912259520003627,0.9087446048855445,297,298
2017-01-20,negative,-0.015041318895059217,-0.017616147744478464,-0.0025748288494192462,0.015041318895059217,0.017616147744478464,0.10247707150064053,0.09785962883605981,297,297
2017-01-23,positive,0.014811061962991008,0.02129551301809891,0.006484451055107901,0.014811061962991008,0.02129551301809891,0.8897014181813643,0.9104333981314098,297,297
2017-01-23,negative,-0.024928815213899544,-0.029105531757323038,-0.004176716543423494,0.024928815213899544,0.029105531757323038,0.10659597919456362,0.09362811351351964,296,297
2017-01-24,positive,0.036425513905895185,0.05014789443266756,0.013722380526772375,0.036425513905895185,0.05014789443266756,0.8848050066863284,0.9152624241970161,297,297
2017-01-24,negative,-0.008135787102874896,-0.014313343613477046,-0.00617755651060215,0.008196539672030987,0.014358025536416852,0.11026771883144103,0.09003612206579165,296,297
2017-01-25,positive,0.029918524053566826,0.04482585709675957,0.014907333043192743,0.029918524053566826,0.04482585709675957,0.8824349400007294,0.9177753695297556,296,297
2017-01-25,negative,-0.011144396810401552,-0.01770454170524518,-0.006560144894843627,0.011144396810401552,0.01770454170524518,0.10992039610460665,0.09014708027865923,296,296
2017-01-26,positive,0.014828829425362212,0.028901608858001034,0.014072779432638821,0.014828829425362212,0.028901608858001034,0.8787818689134479,0.9214161407143862,296,297
2017-01-26,negative,-0.02600688274796535,-0.035303829541469885,-0.009296946793504533,0.02600688274796535,0.035303829541469885,0.11078379746142904,0.0892836789218368,296,296
2017-01-27,positive,0.016483936670916043,0.027892986874711517,0.011409050203795474,0.016483936670916043,0.027892986874711517,0.8843342990629811,0.9158005172497925,297,297
2017-01-27,negative,-0.022684664082194207,-0.03504820814451257,-0.012363544062318366,0.022684664082194207,0.03504820814451257,0.11744504868872918,0.08281557287286981,296,297
2017-01-30,positive,0.006189495079978486,0.014735707956691057,0.008546212876712572,0.006189495079978486,0.014735707956691057,0.8884593430837147,0.9107306670411588,298,298
2017-01-30,negative,-0.035264498813267604,-0.0460900603300005,-0.010825561516732897,0.035264498813267604,0.0460900603300005,0.11270591803413266,0.08742908027838842,296,296
2017-01-31,positive,0.031534617329423996,0.04101254706611943,0.009477929736695437,0.031534617329423996,0.04101254706611943,0.8948052271848974,0.9052445451444502,297,298
2017-01-31,negative,-0.014445318419945747,-0.028869027098740927,-0.01442370867879518,0.014445318419945747,0.028869027098740927,0.116540701528921,0.08372856807727222,297,297
2017-02-01,positive,0.02081174294768241,0.033843020213426236,0.013031277265743827,0.02081174294768241,0.033843020213426236,0.885425446563389,0.9147760309382903,298,298
2017-02-01,negative,-0.020768688266721715,-0.0322135499705475,-0.011444861703825783,0.020768688266721715,0.0322135499705475,0.1117018630450464,0.08847149791986875,297,298
2017-02-02,positive,0.020553320954010135,0.04036717599436047,0.019813855040350332,0.020553320954010135,0.04036717599436047,0.883604280742328,0.9163407000655325,297,298
2017-02-02,negative,-0.02148546034499666,-0.03395843266377248,-0.012472972318775817,0.02148546034499666,0.03395843266377248,0.11318686301851284,0.08714983731818748,297,297
2017-02-03,positive,0.033004018536988436,0.04635383805844421,0.013349819521455773,0.033004018536988436,0.04635383805844421,0.8857272631943683,0.9144941315993947,296,297
2017-02-03,negative,-0.006341494775296183,-0.019305224310955726,-0.012963729535659543,0.006528013027550847,0.019420945397319013,0.11570262063683116,0.08436485574643471,296,296
2017-02-06,positive,0.012901341763576765,0.02423817685963069,0.011336835096053925,0.012901341763576765,0.02423817685963069,0.8855327592029719,0.9144859605852516,296,297
2017-02-06,negative,-0.02400803277400399,-0.033127229441187754,-0.009119196667183763,0.02400803277400399,0.033127229441187754,0.11183847221081264,0.08843170678277061,296,296
2017-02-07,positive,0.012738182943391652,0.024463452101117018,0.011725269157725366,0.012738182943391652,0.024463452101117018,0.8841592859751644,0.9157873782873782,296,297
2017-02-07,negative,-0.02456090941856797,-0.03337085027083301,-0.008809940852265039,0.02456090941856797,0.03337085027083301,0.11565467494521546,0.08468316289262234,296,296
2017-02-08,positive,0.020165653201485736,0.030781089562980674,0.010615436361494937,0.020165653201485736,0.030781089562980674,0.8881435930692436,0.912126768539408,296,296
2017-02-08,negative,-0.021054911098994322,-0.03252183125316369,-0.01146692015416937,0.021054911098994322,0.03252183125316369,0.11450501486416047,0.08561146479362092,295,296
2017-02-09,positive,0.03179484546500817,0.051335912182533396,0.019541066717525223,0.03179484546500817,0.051335912182533396,0.8828946767713659,0.9170477295477297,296,297
2017-02-09,negative,-0.009055215414010675,-0.021289021095913616,-0.01223380568190294,0.009055215414010675,0.021289021095913616,0.11667389517896273,0.08366394265887508,296,296
2017-02-10,positive,0.025188556197088426,0.04297196404565526,0.017783407848566832,0.025188556197088426,0.04297196404565526,0.8836908078310641,0.9163766230522805,297,297
2017-02-10,negative,-0.010061503849382829,-0.019271560102413335,-0.009210056253030506,0.010061503849382829,0.019271560102413335,0.11044996446210201,0.0898544900567827,296,297
2017-02-13,positive,0.020517123247428257,0.03250193213389519,0.011984808886466934,0.020517123247428257,0.03250193213389519,0.8818912989938976,0.9182498855127945,296,297
2017-02-13,negative,-0.017627456762061865,-0.02359579498009414,-0.005968338218032276,0.017627456762061865,0.02359579498009414,0.10718797602867802,0.09294702228384308,296,296
2017-02-14,positive,0.025104740359651708,0.03563089489257745,0.010526154532925745,0.025104740359651708,0.03563089489257745,0.8867691969107063,0.9130518596573743,297,298
2017-02-14,negative,-0.014587722841480128,-0.02156397775334734,-0.006976254911867213,0.014587722841480128,0.02156397775334734,0.11067547078749906,0.08949501756105531,296,297
2017-02-15,positive,0.02273414409967102,0.04052124544910677,0.01778710134943575,0.02273414409967102,0.04052124544910677,0.878841107566301,0.921289367168047,297,298
2017-02-15,negative,-0.014046203573817058,-0.02184566313075068,-0.007799459556933621,0.014046203573817058,0.02184566313075068,0.10827129915592747,0.0918632450754886,297,297
2017-02-16,positive,0.013997211381590302,0.030218158504941094,0.016220947123350794,0.013997211381590302,0.030218158504941094,0.882779324718066,0.9172300922338761,297,298
2017-02-16,negative,-0.02315263974666587,-0.03832143937056348,-0.01516879962389761,0.02315263974666587,0.03832143937056348,0.11786551705770823,0.08240375254848496,297,297
2017-02-17,positive,0.01750326634393921,0.030882178860413684,0.013378912516474474,0.01750326634393921,0.030882178860413684,0.8821004659388497,0.9178394685106095,297,298
2017-02-17,negative,-0.016539632100808346,-0.02531716231699517,-0.008777530216186824,0.016539632100808346,0.02531716231699517,0.11552902765023977,0.08480767268646057,297,297
2017-02-21,positive,0.02455564782657545,0.04275636807718961,0.01820072025061416,0.02455564782657545,0.04275636807718961,0.8794457533939188,0.9205524770770693,297,298
2017-02-21,negative,-0.018339036293085705,-0.026461615869091917,-0.008122579576006213,0.018339036293085705,0.026461615869091917,0.10906495675933575,0.09120431284685745,297,297
2017-02-22,positive,0.011231815240640831,0.023484045063034788,0.012252229822393957,0.011231815240640831,0.023484045063034788,0.880900186250119,0.9191700840958568,297,298
2017-02-22,negative,-0.02765528153522698,-0.04069539760433541,-0.013040116069108428,0.02765528153522698,0.04069539760433541,0.11141076534750827,0.08879111890551998,297,297
2017-02-23,positive,0.014893208207969622,0.027769990140901202,0.01287678193293158,0.014893208207969622,0.027769990140901202,0.8837652620480904,0.9161802589654938,297,298
2017-02-23,negative,-0.029601444505366403,-0.04442313020846622,-0.014821685703099819,0.029601444505366403,0.04442313020846622,0.11827024453287079,0.08206645580382953,297,297
2017-02-24,positive,0.019914201953012977,0.03338845463068113,0.013474252677668153,0.019914201953012977,0.03338845463068113,0.8844178679736767,0.9155969972591181,298,299
2017-02-24,negative,-0.023048413234331423,-0.03317251183504528,-0.010124098600713855,0.023048413234331423,0.03317251183504528,0.11305100085778161,0.08721736546224523,298,298
2017-02-27,positive,0.034202837528920504,0.04675899677910677,0.012556159250186265,0.034202837528920504,0.04675899677910677,0.8894356652535408,0.9105959819099559,298,299
2017-02-27,negative,-0.012664556516721388,-0.025564343278359925,-0.012899786761638537,0.012664556516721388,0.025564343278359925,0.11839468760764484,0.08187367871238199,298,298
2017-02-28,positive,0.010049351864454568,0.02129694977573059,0.011247597911276021,0.010049351864454568,0.02129694977573059,0.886495205491809,0.9135719988092662,298,298
2017-02-28,negative,-0.03658014751888849,-0.0488678129023025,-0.012287665383414012,0.03658014751888849,0.0488678129023025,0.11373196571449261,0.0865824808760915,297,298
2017-03-01,positive,0.05109289815636178,0.05737519723510018,0.006282299078738396,0.05109289815636178,0.05737519723510018,0.883798734265561,0.9162140602859358,298,299
2017-03-01,negative,-0.009956153698500116,-0.020188953499695583,-0.010232799801195467,0.010042107445386085,0.020221925141137673,0.11176432844255228,0.08850403787747457,298,298
2017-03-02,positive,0.010630009099881522,0.025816190429333943,0.01518618132945242,0.010630009099881522,0.025816190429333943,0.8814471364053477,0.918758462076448,298,299
2017-03-02,negative,-0.03495012208105271,-0.04600072773715222,-0.011050605656099506,0.03495012208105271,0.04600072773715222,0.11203150583874624,0.08803551828994009,298,298
2017-03-03,positive,0.018391297023845454,0.026364558975275326,0.007973261951429871,0.018391297023845454,0.026364558975275326,0.887826643326552,0.9124419031655593,298,298
2017-03-03,negative,-0.02044847846274565,-0.03120419502372861,-0.01075571656098296,0.02044847846274565,0.03120419502372861,0.11293815405933567,0.08717228654271174,297,298
2017-03-06,positive,0.009340461863327577,0.020270220777887638,0.01092975891456006,0.009340461863327577,0.020270220777887638,0.8871484969826858,0.9128515030173142,298,298
2017-03-06,negative,-0.0291519766170981,-0.03531376218570591,-0.006161785568607806,0.0291519766170981,0.03531376218570591,0.11026737967914439,0.0901026450848796,297,298
2017-03-07,positive,0.009810234486852734,0.01949816067276057,0.009687926185907835,0.009810234486852734,0.01949816067276057,0.8904453766360133,0.9098240743575873,297,297
2017-03-07,negative,-0.026966082548010514,-0.0358788037800359,-0.008912721232025383,0.026966082548010514,0.0358788037800359,0.11249920348101555,0.08761013072228971,296,297
2017-03-08,positive,0.01899068894076932,0.030248729209588897,0.011258040268819578,0.01899068894076932,0.030248729209588897,0.8908827876985244,0.9092875233906296,298,299
2017-03-08,negative,-0.02871826128180826,-0.04220380393876001,-0.013485542656951753,0.02871826128180826,0.04220380393876001,0.1165283361869385,0.08360575700783185,298,298
2017-03-09,positive,0.014726324917829664,0.028842053486594556,0.014115728568764892,0.014726324917829664,0.028842053486594556,0.8851239809017611,0.9148262665260039,298,299
2017-03-09,negative,-0.02453307798609354,-0.034218563975982566,-0.009685485989889026,0.02453307798609354,0.034218563975982566,0.11499313094004775,0.08534243952975092,298,298
2017-03-10,positive,0.02316849420670577,0.03603870459268026,0.012870210385974488,0.02316849420670577,0.03603870459268026,0.8862261679588254,0.9139081954943153,298,298
2017-03-10,negative,-0.01568001107280821,-0.02496474816823201,-0.009284737095423799,0.01568001107280821,0.02496474816823201,0.11066549494497094,0.08957150232318017,297,298
2017-03-13,positive,0.02277806049829817,0.03802590335443204,0.01524784285613387,0.02277806049829817,0.03802590335443204,0.8893677739552197,0.9106322260447804,298,298
2017-03-13,negative,-0.01511191587389795,-0.020051706831604083,-0.004939790957706133,0.01511191587389795,0.020051706831604083,0.10921596921596922,0.09115052732502396,297,298
2017-03-14,positive,0.008364047845670788,0.016331621181213802,0.007967573335543014,0.008364047845670788,0.016331621181213802,0.8868589433301288,0.913164086034293,298,299
2017-03-14,negative,-0.029160312960960767,-0.03932132450112997,-0.010161011540169202,0.029160312960960767,0.03932132450112997,0.11027109050834254,0.08999727581168429,298,298
2017-03-15,positive,0.04010030131082631,0.04946311399035657,0.009362812679530264,0.04010030131082631,0.04946311399035657,0.8923560786457201,0.9077109005907165,299,299
2017-03-15,negative,-0.005447541951331098,-0.013112057820978674,-0.0076645158696475755,0.005966911086078592,0.013316214281529903,0.11253860296596645,0.08777080108510843,298,299
2017-03-16,positive,0.023177443214430566,0.037358357003606374,0.014180913789175808,0.023177443214430566,0.037358357003606374,0.8875158107481579,0.9125763499615307,298,299
2017-03-16,negative,-0.01628162304074283,-0.022918793386702437,-0.006637170345959606,0.01628162304074283,0.022918793386702437,0.10967426482834365,0.09052694241511709,298,298
2017-03-17,positive,0.02485339396865012,0.030348983527015767,0.0054955895583656475,0.02485339396865012,0.030348983527015767,0.8947445660974863,0.9055055053933128,298,299
2017-03-17,negative,-0.021353457860089537,-0.02831734644286866,-0.0069638885827791215,0.021353457860089537,0.02831734644286866,0.10933254763661225,0.09073447649207404,298,298
2017-03-20,positive,0.014050128073698449,0.03030662562198926,0.01625649754829081,0.014050128073698449,0.03030662562198926,0.8859735058669682,0.914225962218138,301,301
2017-03-20,negative,-0.023786325510070642,-0.033513864894606775,-0.009727539384536132,0.023786325510070642,0.033513864894606775,0.11210438829787234,0.08806858344525341,300,301
2017-03-21,positive,0.0022163945691028868,0.007654250223760232,0.005437855654657346,0.005513621685636173,0.010147257328579176,0.8924103674103674,0.9077638861692017,300,301
2017-03-21,negative,-0.05416536218345693,-0.05917629651805394,-0.005010934334597011,0.05416536218345693,0.05917629651805394,0.11069708069708069,0.08943611943611944,300,300
2017-03-22,positive,0.01777702098117147,0.02357158671458817,0.005794565733416697,0.01777702098117147,0.02357158671458817,0.8927225388472149,0.9072774611527853,301,301
2017-03-22,negative,-0.02223492182388341,-0.025888702837761894,-0.0036537810138784835,0.02223492182388341,0.025888702837761894,0.1051647254575707,0.09518465901238798,300,301
2017-03-23,positive,0.024768864621811923,0.034824355562551826,0.010055490940739903,0.024768864621811923,0.034824355562551826,0.8920194013750554,0.9082464676844327,301,301
2017-03-23,negative,-0.012677614994336691,-0.020291200027213217,-0.007613585032876525,0.012677614994336691,0.020291200027213217,0.10968649606735349,0.09041204183683721,300,301
2017-03-24,positive,0.01780758155561756,0.030047308826204384,0.012239727270586826,0.01780758155561756,0.030047308826204384,0.8881848705689397,0.9118816630305282,301,301
2017-03-24,negative,-0.014766807785931079,-0.019493166784745625,-0.004726358998814547,0.014766807785931079,0.019493166784745625,0.10774395653138169,0.09254746321310867,300,301
2017-03-27,positive,0.023335223143292436,0.033193098757553205,0.00985787561426077,0.023335223143292436,0.033193098757553205,0.8939149272235534,0.9061975057826092,301,302
2017-03-27,negative,-0.014990270331732036,-0.02002416525025693,-0.005033894918524894,0.014990270331732036,0.02002416525025693,0.1089225600367081,0.0912766431505429,301,301
2017-03-28,positive,0.027910056522573518,0.03532271264793828,0.00741265612536476,0.027910056522573518,0.03532271264793828,0.8890285175321792,0.9112009015664607,300,301
2017-03-28,negative,-0.013179408892004345,-0.01678041176783631,-0.003601002875831965,0.013179408892004345,0.01678041176783631,0.10278406569019086,0.09728251220594762,300,300
2017-03-29,positive,0.02610252985122992,0.039852485778175045,0.013749955926945126,0.02610252985122992,0.039852485778175045,0.8825929073630535,0.9173494532573538,301,302
2017-03-29,negative,-0.012778119597732392,-0.017728376400471223,-0.00495025680273883,0.012778119597732392,0.017728376400471223,0.10827860619639962,0.09205361971722166,301,301
2017-03-30,positive,0.026891627296095778,0.03428046416963573,0.007388836873539955,0.026891627296095778,0.03428046416963573,0.8892141192141192,0.9109495156006783,300,301
2017-03-30,negative,-0.01499180543009041,-0.022868463420940444,-0.007876657990850034,0.01499180543009041,0.022868463420940444,0.10975579975579976,0.09037740037740037,300,300
2017-03-31,positive,0.023194208870241213,0.027301538003181896,0.004107329132940683,0.023194208870241213,0.027301538003181896,0.8937606514545661,0.9063058821449018,301,301
2017-03-31,negative,-0.014107898100974445,-0.019070759932550568,-0.004962861831576123,0.014107898100974445,0.019070759932550568,0.10665945886005768,0.09362835790213594,300,301
2017-04-03,positive,0.00991907944884673,0.016958483056357658,0.007039403607510928,0.00991907944884673,0.016958483056357658,0.8898005210132062,0.910232019020765,301,302
2017-04-03,negative,-0.034194768993852855,-0.03742667690060132,-0.003231907906748467,0.034194768993852855,0.03742667690060132,0.10509527082866697,0.09517042163230945,301,301
2017-04-04,positive,0.015352751418102875,0.02703287058938642,0.011680119171283544,0.015352751418102875,0.02703287058938642,0.8886243508799796,0.9114705636614688,301,302
2017-04-04,negative,-0.023751608014961165,-0.03138153236414389,-0.007629924349182728,0.023751608014961165,0.03138153236414389,0.10612588406065661,0.09407331912659439,301,301
2017-04-05,positive,0.008285997463388296,0.014849450790977723,0.006563453327589426,0.008285997463388296,0.014849450790977723,0.8869791936763429,0.9130440042141286,301,302
2017-04-05,negative,-0.03252037882841277,-0.03810999608595441,-0.005589617257541639,0.03252037882841277,0.03810999608595441,0.10792211503556727,0.09234357742540915,301,301
2017-04-06,positive,0.026959400066850703,0.03708928229116615,0.010129882224315444,0.026959400066850703,0.03708928229116615,0.8879599604777156,0.912106573121752,301,301
2017-04-06,negative,-0.008233610427935604,-0.013053731795005977,-0.0048201213670703725,0.008233610427935604,0.013053731795005977,0.10925704147261034,0.09103940513214986,300,301
2017-04-07,positive,0.01783764757536051,0.02381250915767595,0.00597486158231544,0.01783764757536051,0.02381250915767595,0.8935221465546739,0.9064564035994807,301,302
2017-04-07,negative,-0.017298490599100012,-0.02286404921441842,-0.005565558615318409,0.017298490599100012,0.02286404921441842,0.10368594165627311,0.09664628425734816,301,301
2017-04-10,positive,0.02107041364049013,0.03694494072565647,0.01587452708516634,0.02107041364049013,0.03694494072565647,0.8866668057336591,0.9133995072636887,302,302
2017-04-10,negative,-0.018272755616064028,-0.023015163318571466,-0.004742407702507438,0.018272755616064028,0.023015163318571466,0.10704867506190682,0.09323947775220898,301,302
2017-04-11,positive,0.02101018536425282,0.030995564145995337,0.009985378781742518,0.02101018536425282,0.030995564145995337,0.8847937929277846,0.9152725200695627,302,302
2017-04-11,negative,-0.01359816453711369,-0.02082974550651751,-0.007231580969403819,0.01359816453711369,0.02082974550651751,0.10718416507309853,0.09310443638343843,301,302
2017-04-12,positive,0.007272702821646031,0.01507761589480992,0.007804913073163888,0.007272702821646031,0.01507761589480992,0.8883270154799378,0.9118060074665206,301,301
2017-04-12,negative,-0.032860386277373504,-0.03790137235233901,-0.005040986074965503,0.032860386277373504,0.03790137235233901,0.10670879059971178,0.09351270070831405,300,301
2017-04-13,positive,0.009367852030800844,0.013683194496853152,0.004315342466052308,0.009367852030800844,0.013683194496853152,0.8922572453575731,0.9033412874867085,307,307
2017-04-13,negative,-0.028650838394726066,-0.033260619022122545,-0.004609780627396479,0.028650838394726066,0.033260619022122545,0.10564502548787165,0.09444036901189286,299,300
2017-04-17,positive,0.024830432264004294,0.03306045996998461,0.008230027705980313,0.024830432264004294,0.03306045996998461,0.8870234522618652,0.9132433033233299,300,300
2017-04-17,negative,-0.008007271002026202,-0.016347089354609733,-0.00833981835258353,0.008219805558271747,0.0164880187001631,0.11185668355449585,0.0882494164721574,299,300
2017-04-18,positive,0.014997909029029807,0.022395587689821396,0.007397678660791589,0.014997909029029807,0.022395587689821396,0.8916543320018655,0.908614214490246,298,298
2017-04-18,negative,-0.018825985510317913,-0.025954761409958005,-0.007128775899640092,0.018825985510317913,0.025954761409958005,0.10794246594850825,0.09215121059947597,297,298
2017-04-19,positive,0.019843706488007568,0.028157926910814823,0.008314220422807255,0.019843706488007568,0.028157926910814823,0.8881874771063049,0.9120819738872955,297,297
2017-04-19,negative,-0.01809067658772959,-0.027852462329986248,-0.009761785742256657,0.01809067658772959,0.027852462329986248,0.11465321839185094,0.08546336838691168,296,297
2017-04-20,positive,0.029580380269828302,0.03994823727655057,0.01036785700672227,0.029580380269828302,0.03994823727655057,0.8844303595061426,0.915839091487458,297,297
2017-04-20,negative,-0.008726715166735672,-0.01945343853946106,-0.010726723372725388,0.008726715166735672,0.01945343853946106,0.1117920084112405,0.0883149446638837,296,297
2017-04-21,positive,0.013077808956215416,0.020703911820005666,0.00762610286379025,0.013077808956215416,0.020703911820005666,0.8872121192766027,0.9128796404285938,296,297
2017-04-21,negative,-0.02089624850526023,-0.028837194382477383,-0.007940945877217154,0.02089624850526023,0.028837194382477383,0.10977961840976694,0.09042294742412907,296,296
2017-04-24,positive,0.030672696209417278,0.03694214544131292,0.006269449231895641,0.030672696209417278,0.03694214544131292,0.8892179122442282,0.9110152355766392,296,297
2017-04-24,negative,-0.01180051846902542,-0.017216708766253194,-0.005416190297227773,0.01180051846902542,0.017216708766253194,0.10505514370645949,0.09501233267680635,296,296
2017-04-25,positive,0.029010148397215493,0.04052993349215344,0.011519785094937948,0.029010148397215493,0.04052993349215344,0.8873640450359357,0.9130644723836498,296,297
2017-04-25,negative,-0.009667166313117887,-0.020622866995389545,-0.010955700682271658,0.009667166313117887,0.020622866995389545,0.11306010256970822,0.08718575486354388,296,297
2017-04-26,positive,0.027359380568223225,0.03552926917158635,0.008169888603363127,0.027359380568223225,0.03552926917158635,0.891773594840666,0.9083612214721078,297,297
2017-04-26,negative,-0.015074328934191484,-0.02642327025505611,-0.011348941320864626,0.015074328934191484,0.02642327025505611,0.11620107215405497,0.08405536093436329,296,297
2017-04-27,positive,0.01718622903582443,0.037594318877496764,0.020408089841672333,0.01718622903582443,0.037594318877496764,0.8745048190802909,0.925697337253941,297,297
2017-04-27,negative,-0.02386398936105577,-0.03903674415627607,-0.015172754795220296,0.02386398936105577,0.03903674415627607,0.11609305565673492,0.08409567371831522,296,297
2017-04-28,positive,0.011725066138646907,0.024974974581332517,0.01324990844268561,0.011725066138646907,0.024974974581332517,0.883479033744991,0.9165327711427,296,297
2017-04-28,negative,-0.028915737411160075,-0.04372505591957188,-0.014809318508411808,0.028915737411160075,0.04372505591957188,0.11832653322015024,0.08194364577343301,296,296
2017-05-01,positive,0.2822628548523526,0.030246150428603735,-0.25201670442374885,0.2822628548523526,0.030246150428603735,0.890328693526466,0.9098408997160263,296,297
2017-05-01,negative,-0.016462616480185974,-0.028225298364603045,-0.011762681884417071,0.016462616480185974,0.028225298364603045,0.11203320684842791,0.08810179146409318,296,296
2017-05-02,positive,0.017367819884796982,0.03233747862014727,0.014969658735350288,0.017367819884796982,0.03233747862014727,0.8881459210722604,0.9120843931270473,295,296
2017-05-02,negative,-0.02485232398930471,-0.03790151969515751,-0.0130491957058528,0.02485232398930471,0.03790151969515751,0.1147125988318052,0.08535510597523611,295,295
2017-05-03,positive,0.01116647796535379,0.032218671746654735,0.021052193781300944,0.01116647796535379,0.032218671746654735,0.8773325905036501,0.9226584895637759,295,296
2017-05-03,negative,-0.03199316153176172,-0.04728855233771235,-0.015295390805950632,0.03199316153176172,0.04728855233771235,0.11524791940680836,0.08502317513741392,295,295
2017-05-04,positive,0.017547848761992994,0.04110852346516706,0.023560674703174064,0.017547848761992994,0.04110852346516706,0.8772796265207092,0.9229239012947589,295,295
2017-05-04,negative,-0.0360864542194264,-0.05489248845900346,-0.018806034239577066,0.0360864542194264,0.05489248845900346,0.1176676912284588,0.08252765448566107,294,295
2017-05-05,positive,0.03350348934334149,0.05335606050278637,0.01985257115944488,0.03350348934334149,0.05335606050278637,0.8838548530977526,0.9161451469022476,295,295
2017-05-05,negative,-0.014357536228581193,-0.03319340088621909,-0.018835864657637896,0.014357536228581193,0.03319340088621909,0.11885416305741313,0.0815487324105781,294,295
2017-05-08,positive,0.01783143099810613,0.029948414472603595,0.012116983474497463,0.01783143099810613,0.029948414472603595,0.8857051595637535,0.9142948404362464,295,295
2017-05-08,negative,-0.02339687111491299,-0.03499942597122443,-0.01160255485631144,0.02339687111491299,0.03499942597122443,0.11825935807260086,0.08214152110730626,294,295
2017-05-09,positive,0.022736832917422067,0.04319870332519736,0.020461870407775293,0.022736832917422067,0.04319870332519736,0.8827305488669457,0.9172787994398308,294,295
2017-05-09,negative,-0.019434147845974116,-0.03303621868696824,-0.013602070840994122,0.019434147845974116,0.03303621868696824,0.11973517730791738,0.08053683901306187,294,294
2017-05-10,positive,0.028639621525357723,0.0459464513934925,0.01730682986813478,0.028639621525357723,0.0459464513934925,0.8843193038720394,0.915951974527418,295,295
2017-05-10,negative,-0.014568505239429414,-0.032638657432238385,-0.01807015219280897,0.014568505239429414,0.032638657432238385,0.11982558367531482,0.0803093263444661,294,295
2017-05-11,positive,0.014598908912068987,0.02889673798616385,0.014297829074094864,0.014598908912068987,0.02889673798616385,0.8857722954686759,0.914295363529971,296,296
2017-05-11,negative,-0.024853870098547674,-0.03918511080890641,-0.014331240710358736,0.024853870098547674,0.03918511080890641,0.11795773032728608,0.0823731165197674,295,296
2017-05-12,positive,0.014845604564608504,0.02627223273792752,0.011426628173319017,0.014845604564608504,0.02627223273792752,0.8845473162735469,0.9155201146097977,297,297
2017-05-12,negative,-0.025235759727217765,-0.034579485594549514,-0.009343725867331749,0.025235759727217765,0.034579485594549514,0.11555967633175991,0.08476198260419433,296,297
2017-05-15,positive,0.023947079000055813,0.03866087028154056,0.014713791281484749,0.023947079000055813,0.03866087028154056,0.8800327565741416,0.9199000136500137,296,297
2017-05-15,negative,-0.011152501378527116,-0.0202270377486059,-0.009074536370078783,0.011152501378527116,0.0202270377486059,0.1108336376917458,0.08950420014609203,296,296
2017-05-16,positive,0.01527120440271786,0.02493923546604087,0.009668031063323009,0.01527120440271786,0.02493923546604087,0.8838853402998141,0.9163298527333614,296,297
2017-05-16,negative,-0.021033427189817943,-0.02947113380367371,-0.008437706613855768,0.021033427189817943,0.02947113380367371,0.11628847977532188,0.083778996607944,296,296
2017-05-17,positive,0.0024144850241273317,0.00887688522217624,0.006462400198048909,0.005046732904891406,0.011001618641632105,0.891018373829294,0.9091164424834799,297,297
2017-05-17,negative,-0.05136552758424632,-0.057982269436563934,-0.006616741852317615,0.05136552758424632,0.057982269436563934,0.10842237586423631,0.0918078663275832,296,297
2017-05-18,positive,0.0229480601610705,0.030614023614379704,0.007665963453309204,0.0229480601610705,0.030614023614379704,0.8917610447913479,0.9082113077079519,297,298
2017-05-18,negative,-0.016932148482644127,-0.02634770834419158,-0.009415559861547452,0.016932148482644127,0.02634770834419158,0.1094780577945561,0.09085864254214424,297,297
2017-05-19,positive,0.03082300190339988,0.03780050717776574,0.006977505274365858,0.03082300190339988,0.03780050717776574,0.8926094786074592,0.9074329254380714,297,298
2017-05-19,negative,-0.014938807297756821,-0.016817915874601855,-0.0018791085768450344,0.014938807297756821,0.016817915874601855,0.10092227106700347,0.09934699853918973,297,297
2017-05-22,positive,0.024359600779327313,0.036319838032717475,0.011960237253390162,0.024359600779327313,0.036319838032717475,0.8870077612089049,0.9131501184034386,297,298
2017-05-22,negative,-0.013890307770765078,-0.018534495662336895,-0.004644187891571817,0.013890307770765078,0.018534495662336895,0.10682336313012399,0.0933111811012921,297,297
2017-05-23,positive,0.017386569199336302,0.026942784102541296,0.009556214903204994,0.017386569199336302,0.026942784102541296,0.8837294780691007,0.9164726782651309,297,297
2017-05-23,negative,-0.017474081318044593,-0.025610545448953508,-0.008136464130908915,0.017474081318044593,0.025610545448953508,0.11282907317695054,0.08734866635810033,296,297
2017-05-24,positive,0.017592510337301737,0.03129905020083702,0.013706539863535285,0.017592510337301737,0.03129905020083702,0.8850313429567312,0.9150530740672536,296,297
2017-05-24,negative,-0.016657612486189754,-0.029113428133333986,-0.012455815647144233,0.016657612486189754,0.029113428133333986,0.11770774403708234,0.0824948217968137,296,296
2017-05-25,positive,0.01797169783315128,0.0305812267221402,0.012609528888988922,0.01797169783315128,0.0305812267221402,0.8815418210088263,0.918458178991174,296,296
2017-05-25,negative,-0.0207949187252999,-0.03468868758588315,-0.013893768860583251,0.0207949187252999,0.03468868758588315,0.117409733574235,0.08298692093108337,295,296
2017-05-26,positive,0.015557624185579608,0.02672307943919854,0.011165455253618931,0.015557624185579608,0.02672307943919854,0.8844213127935237,0.9157815269630685,296,296
2017-05-26,negative,-0.01800912257185916,-0.026352846812296573,-0.008343724240437413,0.01800912257185916,0.026352846812296573,0.1123222287161504,0.08785439851616324,295,296
2017-05-30,positive,0.010004973756947087,0.017786743353600937,0.0077817695966538505,0.010004973756947087,0.017786743353600937,0.8852675848895947,0.9148003037729988,295,295
2017-05-30,negative,-0.030434447860290738,-0.04024276488216456,-0.00980831702187382,0.030434447860290738,0.04024276488216456,0.11388958163034393,0.08642859608547067,294,295
2017-05-31,positive,0.01606442972213771,0.023660737716110016,0.007596307993972307,0.01606442972213771,0.023660737716110016,0.8925721647409315,0.9075635665111893,295,295
2017-05-31,negative,-0.02174868421946254,-0.026256556331009193,-0.004507872111546653,0.02174868421946254,0.026256556331009193,0.10744294324448476,0.0927855388703249,294,295
2017-06-01,positive,0.040748153694554395,0.04666104117971799,0.005912887485163595,0.040748153694554395,0.04666104117971799,0.8937311117494974,0.9062477095739807,295,296
2017-06-01,negative,-0.0022490520805458106,-0.008911842273892799,-0.006662790193346988,0.004413000421063764,0.010488574940811273,0.11047515081873024,0.0898638322321172,295,295
2017-06-02,positive,0.025464428707391545,0.03200603520845523,0.006541606501063682,0.025464428707391545,0.03200603520845523,0.8921584297311593,0.9080450980843088,295,295
2017-06-02,negative,-0.017417926204350034,-0.026401563907170713,-0.00898363770282068,0.017417926204350034,0.026401563907170713,0.11096015746868625,0.08921245084285813,294,295
2017-06-05,positive,0.011470814035338738,0.022362676494069207,0.010891862458730469,0.011470814035338738,0.022362676494069207,0.8878456432869413,0.912628611455606,295,295
2017-06-05,negative,-0.025103015939734886,-0.03242622165517792,-0.0073232057154430305,0.025103015939734886,0.03242622165517792,0.1079693169813054,0.09223393505121492,295,295
2017-06-06,positive,0.018849213914772647,0.029576734756058598,0.010727520841285951,0.018849213914772647,0.029576734756058598,0.8839425752592966,0.9162609525561712,295,295
2017-06-06,negative,-0.020716020563840216,-0.028599224958224367,-0.007883204394384152,0.020716020563840216,0.028599224958224367,0.1112353353824569,0.08893820573557483,294,295
2017-06-07,positive,0.018253896895315216,0.02503193014331346,0.006778033247998243,0.018253896895315216,0.02503193014331346,0.889635684205655,0.9103291825204659,294,295
2017-06-07,negative,-0.02488729860409361,-0.04142972201339392,-0.01654242340930031,0.02488729860409361,0.04142972201339392,0.12101959831551667,0.07932053773890509,294,294
2017-06-08,positive,0.03377506611442681,0.041177964299227966,0.0074028981848011585,0.03377506611442681,0.041177964299227966,0.8902691511387164,0.9099691414885775,294,295
2017-06-08,negative,-0.012955066273386088,-0.023564142329369542,-0.010609076055983454,0.012955066273386088,0.023564142329369542,0.11602521443359952,0.08404272034900917,294,294
2017-06-09,positive,0.03498661939139253,0.04255899305314653,0.007572373661753999,0.03498661939139253,0.04255899305314653,0.8900205561490401,0.9100813467144454,294,295
2017-06-09,negative,-0.027893575611171548,-0.039958030899367426,-0.012064455288195879,0.027893575611171548,0.039958030899367426,0.11633994182309228,0.08386400107289688,294,294
2017-06-12,positive,0.020827541305484188,0.02731543886794132,0.006487897562457132,0.020827541305484188,0.02731543886794132,0.8892546054978309,0.9108132831647624,295,295
2017-06-12,negative,-0.023971220581619816,-0.028423907638155117,-0.004452687056535301,0.023971220581619816,0.028423907638155117,0.10822584295089387,0.0920731356507531,294,295
2017-06-13,positive,0.02710645589702249,0.03412619948723161,0.007019743590209123,0.02710645589702249,0.03412619948723161,0.8919925001143273,0.9080074998856725,296,296
2017-06-13,negative,-0.010809760253160454,-0.018365294474689334,-0.0075555342215288795,0.010809760253160454,0.018365294474689334,0.11183400728440734,0.08854381030776969,295,296
2017-06-14,positive,0.013245467631536278,0.01970445469355881,0.006458987062022532,0.013245467631536278,0.01970445469355881,0.8895770470886426,0.9106942313108151,295,295
2017-06-14,negative,-0.030550619669421353,-0.04071644455058148,-0.010165824881160128,0.030550619669421353,0.04071644455058148,0.11473237121460304,0.08567454638458312,295,295
2017-06-15,positive,0.010368683675784994,0.01828629967785142,0.007917616002066426,0.010368683675784994,0.01828629967785142,0.8853140577125348,0.914685942287465,296,296
2017-06-15,negative,-0.028309448216830475,-0.03665449978494033,-0.008345051568109853,0.028309448216830475,0.03665449978494033,0.11248501534314147,0.08789500160058536,295,296
2017-06-16,positive,0.021977562113537494,0.03327560640036497,0.011298044286827475,0.021977562113537494,0.03327560640036497,0.8913060952643423,0.9087998059034645,295,296
2017-06-16,negative,-0.02071409364991814,-0.030650526173073248,-0.009936432523155108,0.02071409364991814,0.030650526173073248,0.11077235772357724,0.08943089430894309,295,295
2017-06-19,positive,0.031620551974267136,0.04636134052449913,0.014740788550231997,0.031620551974267136,0.04636134052449913,0.8861196878620098,0.9140357336442385,296,297
2017-06-19,negative,-0.013416918098957871,-0.021047255194079538,-0.007630337095121667,0.013416918098957871,0.021047255194079538,0.10848608057939815,0.09164891773312293,296,296
2017-06-20,positive,0.008565511926529192,0.02296769629790833,0.014402184371379138,0.008565511926529192,0.02296769629790833,0.883701592231599,0.9163658386517455,297,297
2017-06-20,negative,-0.03062451965294891,-0.03622030296070355,-0.005595783307754638,0.03062451965294891,0.03622030296070355,0.11255604053142824,0.08775550515267305,296,297
2017-06-21,positive,0.020936822014832546,0.03339687813588344,0.012460056121050896,0.020936822014832546,0.03339687813588344,0.8853553401425742,0.9146627822750752,296,297
2017-06-21,negative,-0.025895081641166603,-0.04051772559805141,-0.014622643956884809,0.025895081641166603,0.04051772559805141,0.11994954681124895,0.0803206321823343,296,296
2017-06-22,positive,0.025512358994155836,0.03416728800485781,0.008654929010701976,0.025512358994155836,0.03416728800485781,0.8870449187054105,0.9132245322881901,297,297
2017-06-22,negative,-0.012597134961130465,-0.02129151789111619,-0.008694382929985726,0.012597134961130465,0.02129151789111619,0.11864833004105485,0.08148170829208215,296,297
2017-06-23,positive,0.033926632363703926,0.04226339710934484,0.008336764745640914,0.033926632363703926,0.04226339710934484,0.8931014996544109,0.9073010498256293,298,298
2017-06-23,negative,-0.011117113562676145,-0.020124516713367773,-0.009007403150691628,0.011117113562676145,0.020124516713367773,0.1154357913316778,0.08483257498834904,298,298
2017-06-26,positive,0.025670085087266238,0.046247028618843375,0.020576943531577137,0.025670085087266238,0.046247028618843375,0.8850246605138162,0.9151216502339183,307,308
2017-06-26,negative,-0.015389065245568774,-0.02393315813200289,-0.008544092886434117,0.015389065245568774,0.02393315813200289,0.112709624967273,0.08742054099432803,307,307
2017-06-27,positive,0.012057427966864962,0.020243228141607443,0.008185800174742481,0.012057427966864962,0.020243228141607443,0.8865460026986001,0.9134104568570587,308,309
2017-06-27,negative,-0.034290538786726915,-0.04011234183809014,-0.005821803051363227,0.034290538786726915,0.04011234183809014,0.10362466267498735,0.09670001264968799,308,308
2017-06-28,positive,0.0343490313967084,0.04538454300284798,0.01103551160613958,0.0343490313967084,0.04538454300284798,0.8850765883595754,0.9151177121585593,309,309
2017-06-28,negative,-0.006494870927801907,-0.014098687160527316,-0.007603816232725409,0.006667917741370994,0.014169337567123047,0.11292298213444586,0.08724816389154384,308,309
2017-06-29,positive,0.01781850619383679,0.022709040999532835,0.004890534805696043,0.01781850619383679,0.022709040999532835,0.8924397181936093,0.9077947985006652,308,309
2017-06-29,negative,-0.02794496872979892,-0.03431675279186375,-0.006371784062064827,0.02794496872979892,0.03431675279186375,0.10614535432142434,0.09391949652163661,308,308
2017-06-30,positive,0.01744890510304618,0.022574599174214068,0.005125694071167888,0.01744890510304618,0.022574599174214068,0.8933192763816985,0.9066807236183013,309,309
2017-06-30,negative,-0.020917288294373757,-0.02495280298238241,-0.004035514688008654,0.020917288294373757,0.02495280298238241,0.10199172788313794,0.09833834243363597,308,309
2017-07-03,positive,0.03079762743064497,0.03543101312549947,0.004633385694854501,0.03079762743064497,0.03543101312549947,0.8934591933050726,0.9066492148795912,308,309
2017-07-03,negative,-0.014573047770790838,-0.019242386102190354,-0.004669338331399516,0.014573047770790838,0.019242386102190354,0.10571436999081385,0.09448030878919912,308,308
2017-07-05,positive,0.018571179448491692,0.022687054789352776,0.004115875340861084,0.018571179448491692,0.022687054789352776,0.8991996621264914,0.9008003378735088,308,308
2017-07-05,negative,-0.03136101664988305,-0.0351249880723179,-0.003763971422434849,0.03136101664988305,0.0351249880723179,0.10305606313392122,0.09727853447365642,307,308
2017-07-06,positive,0.005087139528071092,0.008538818413741408,0.0034516788856703154,0.00581087342380094,0.009219186527247843,0.8977896393186755,0.9023331811417747,307,308
2017-07-06,negative,-0.03370377971434588,-0.041020031602701755,-0.007316251888355878,0.03370377971434588,0.041020031602701755,0.10696116228963083,0.09323415021036917,307,307
2017-07-07,positive,0.026763562778816447,0.03510498751350499,0.008341424734688546,0.026763562778816447,0.03510498751350499,0.8852557095163529,0.9148742872337281,308,308
2017-07-07,negative,-0.013286214056412712,-0.019265622699865835,-0.005979408643453123,0.013286214056412712,0.019265622699865835,0.10562553525738402,0.09458740804207168,307,308
2017-07-10,positive,0.020346899385728492,0.025327615840738466,0.004980716455009974,0.020346899385728492,0.025327615840738466,0.8942990305112501,0.905830966238831,308,308
2017-07-10,negative,-0.02378947874631541,-0.032046865156976904,-0.008257386410661493,0.02378947874631541,0.032046865156976904,0.10976415329030453,0.0904622270806866,307,308
2017-07-11,positive,0.021157380873625585,0.03333623906933733,0.012178858195711746,0.021157380873625585,0.03333623906933733,0.8900744377573645,0.9099255622426354,308,308
2017-07-11,negative,-0.014778233733068677,-0.018662673056561926,-0.0038844393234932495,0.014778233733068677,0.018662673056561926,0.10428484415137311,0.09605374300496253,307,308
2017-07-12,positive,0.025479763511516457,0.033196061840303895,0.007716298328787438,0.025479763511516457,0.033196061840303895,0.8865671230320303,0.9135192606872293,307,308
2017-07-12,negative,-0.009459419787205143,-0.01600904508740369,-0.006549625300198548,0.009459419787205143,0.01600904508740369,0.11224795992806734,0.08794735257193269,307,307
2017-07-13,positive,0.02135667399836929,0.03428334070176434,0.012926666703395047,0.02135667399836929,0.03428334070176434,0.8852189154112378,0.914863091010552,307,308
2017-07-13,negative,-0.01697408458138322,-0.02017691842656599,-0.0032028338451827697,0.01697408458138322,0.02017691842656599,0.10303476604913138,0.0971605464508686,307,307
2017-07-14,positive,0.019796926508602417,0.02518282900478115,0.005385902496178735,0.019796926508602417,0.02518282900478115,0.8903756588109636,0.909658112971366,307,308
2017-07-14,negative,-0.014879319196872904,-0.018392698808178013,-0.0035133796113051095,0.014879319196872904,0.018392698808178013,0.10352016393772996,0.09674033752759079,307,307
2017-07-17,positive,0.018095257509215076,0.02760367327957678,0.009508415770361704,0.018095257509215076,0.02760367327957678,0.8875951026573059,0.912429641345304,307,308
2017-07-17,negative,-0.01599146784751571,-0.020579321192817565,-0.004587853345301856,0.01599146784751571,0.020579321192817565,0.10494889143686288,0.09531161002845787,307,307
2017-07-18,positive,0.013719595311581255,0.02230373554296367,0.008584140231382414,0.013719595311581255,0.02230373554296367,0.8881378813304074,0.9120589690632932,305,305
2017-07-18,negative,-0.023012641532214752,-0.02497880883071168,-0.00196616729849693,0.023012641532214752,0.02497880883071168,0.09980768234562785,0.10032270556344393,304,305
2017-07-19,positive,0.028764910929657744,0.038132691773864386,0.009367780844206641,0.028764910929657744,0.038132691773864386,0.8856787229352273,0.914583658173333,305,305
2017-07-19,negative,-0.009484505052477995,-0.015412242877912968,-0.005927737825434973,0.009484505052477995,0.015412242877912968,0.1072860385631182,0.09280333783180726,304,305
2017-07-20,positive,0.01701847487237498,0.026835555341909758,0.009817080469534778,0.01701847487237498,0.026835555341909758,0.8879731205647049,0.912158156100868,305,305
2017-07-20,negative,-0.01973105533623829,-0.02972237989280343,-0.009991324556565137,0.01973105533623829,0.02972237989280343,0.11270468795882059,0.08753355894268482,304,305
2017-07-21,positive,0.01262907139232836,0.02164289253316247,0.00901382114083411,0.01262907139232836,0.02164289253316247,0.8849260951357162,0.9150246437372764,305,306
2017-07-21,negative,-0.023511072630343532,-0.02744134297703184,-0.00393027034668831,0.023511072630343532,0.02744134297703184,0.1056017199677506,0.09472614888470843,305,305
2017-07-24,positive,0.01896309169787514,0.03286048079431569,0.013897389096440546,0.01896309169787514,0.03286048079431569,0.8869980078718596,0.9131557088388362,305,306
2017-07-24,negative,-0.020272600459325385,-0.026557814886194273,-0.006285214426868888,0.020272600459325385,0.026557814886194273,0.10623681087669747,0.09389420779346302,305,305
2017-07-25,positive,0.03086501977354487,0.0391706063322431,0.008305586558698227,0.03086501977354487,0.0391706063322431,0.8914563040197557,0.9085436959802441,296,296
2017-07-25,negative,-0.013980564378800768,-0.02510137783757299,-0.011120813458772224,0.013980564378800768,0.02510137783757299,0.11208580687716883,0.08829286138930809,295,296
2017-07-26,positive,0.01691039296440981,0.029378125160713246,0.012467732196303438,0.01691039296440981,0.029378125160713246,0.8807978573604383,0.9194734210390194,295,295
2017-07-26,negative,-0.023116312829478246,-0.038660594731994874,-0.015544281902516627,0.023116312829478246,0.038660594731994874,0.11631522734560083,0.08380778316119798,294,295
2017-07-27,positive,0.018110171893032236,0.0322701023020376,0.014159930409005362,0.018110171893032236,0.0322701023020376,0.8847685133836144,0.9154511330140017,294,295
2017-07-27,negative,-0.03449774076082585,-0.04570955379177222,-0.011211813030946365,0.03449774076082585,0.04570955379177222,0.11152222437888198,0.0885457104037267,294,294
2017-07-28,positive,0.019817684520934537,0.03065173997722011,0.010834055456285574,0.019817684520934537,0.03065173997722011,0.8871949665424752,0.9128731533485329,294,294
2017-07-28,negative,-0.021431115897699308,-0.043590440241689184,-0.022159324343989876,0.021431115897699308,0.043590440241689184,0.12326096660497901,0.07709016849246511,293,294
2017-07-31,positive,0.01578221293845205,0.025853471321354703,0.010071258382902654,0.01578221293845205,0.025853471321354703,0.8843780992601356,0.915704958654676,293,294
2017-07-31,negative,-0.02644411907965417,-0.032032866711172996,-0.005588747631518825,0.02644411907965417,0.032032866711172996,0.11000481913125264,0.09019981934078009,293,293
2017-08-01,positive,0.020095342709869117,0.03284585383258555,0.012750511122716433,0.020095342709869117,0.03284585383258555,0.8856983038363455,0.9144378895582747,294,294
2017-08-01,negative,-0.022056361122583468,-0.03132319526636923,-0.009266834143785763,0.022056361122583468,0.03132319526636923,0.11276394733080702,0.08748341011583387,293,294
2017-08-02,positive,0.011718880893232898,0.026421665705457568,0.01470278481222467,0.011718880893232898,0.026421665705457568,0.884173383833479,0.9159086981069029,294,295
2017-08-02,negative,-0.034037150162514435,-0.05283657928389923,-0.018799429121384797,0.034037150162514435,0.05283657928389923,0.11770476375458411,0.08249917914140503,294,294
2017-08-03,positive,0.015933032868109393,0.04030830450708896,0.024375271638979564,0.015933032868109393,0.04030830450708896,0.8747708282631622,0.9252291717368379,294,294
2017-08-03,negative,-0.030692244868088678,-0.05226465750214693,-0.02157241263405825,0.030692244868088678,0.05226465750214693,0.11705147362361985,0.08334666064040608,293,294
2017-08-04,positive,0.029122349432160764,0.049627918623594,0.02050556919143324,0.029122349432160764,0.049627918623594,0.8822423724258095,0.9178257474651987,294,294
2017-08-04,negative,-0.01672605649624479,-0.0390308657355311,-0.022304809239286308,0.01672605649624479,0.0390308657355311,0.12269310710399792,0.07765609649854492,293,294
2017-08-07,positive,0.02098986253955303,0.03509263134279488,0.014102768803241853,0.02098986253955303,0.03509263134279488,0.88560248869878,0.9146697127302776,294,294
2017-08-07,negative,-0.021303034481304568,-0.03243377809646726,-0.011130743615162694,0.021303034481304568,0.03243377809646726,0.11221283271805438,0.08789664215465022,293,294
2017-08-08,positive,0.01593099993365241,0.03359758354683736,0.01766658361318495,0.01593099993365241,0.03359758354683736,0.8816563700310056,0.9182814481724892,294,295
2017-08-08,negative,-0.02520604118220112,-0.04170640165285739,-0.01650036047065627,0.02520604118220112,0.04170640165285739,0.11675864223240316,0.0835814938220186,294,294
2017-08-09,positive,0.012305648948780815,0.031553824408557786,0.019248175459776973,0.012305648948780815,0.031553824408557786,0.8780741732450968,0.921987233405155,294,295
2017-08-09,negative,-0.02850129592154481,-0.051005397634344585,-0.022504101712799776,0.02850129592154481,0.051005397634344585,0.11685268941023043,0.08335125348575868,294,294
2017-08-10,positive,0.004239018659547178,0.015219251589731909,0.01098023293018473,0.005345753945799379,0.015727001012354483,0.8813237539913924,0.9186129367001037,294,295
2017-08-10,negative,-0.0421698889729369,-0.05893133727088906,-0.01676144829795216,0.0421698889729369,0.05893133727088906,0.115450159655699,0.08488997639872276,294,294
2017-08-11,positive,0.02443263288434578,0.03533945681250975,0.010906823928163972,0.02443263288434578,0.03533945681250975,0.8867393744064919,0.9132606255935081,295,295
2017-08-11,negative,-0.01743067828418183,-0.02298695397693536,-0.005556275692753531,0.01743067828418183,0.02298695397693536,0.11054941501218485,0.08982532876751748,294,295
2017-08-14,positive,0.03355140321369161,0.041728165251386395,0.008176762037694789,0.03355140321369161,0.041728165251386395,0.8869490950291303,0.9131866362229901,295,295
2017-08-14,negative,-0.010238517694463918,-0.017280949565212013,-0.007042431870748095,0.01025180413462218,0.01728543364174011,0.11076928226329556,0.0894704755770016,294,295
2017-08-15,positive,0.010744894515332974,0.01981236386639389,0.009067469351060916,0.010744894515332974,0.01981236386639389,0.8845116043586823,0.915556284303911,295,295
2017-08-15,negative,-0.028004099533083346,-0.038571603856510414,-0.010567504323427068,0.028004099533083346,0.038571603856510414,0.11431561762518994,0.08600400428043771,294,295
2017-08-16,positive,0.01738329578631814,0.028037308103193968,0.010654012316875829,0.01738329578631814,0.028037308103193968,0.8833886794624616,0.9166113205375384,295,295
2017-08-16,negative,-0.01740702670239217,-0.024047798239848497,-0.006640771537456326,0.01740702670239217,0.024047798239848497,0.1097490269452433,0.09062300365457109,294,295
2017-08-17,positive,0.0023830891138382202,0.008093659861037265,0.005710570747199046,0.005467963774886314,0.010158943904335957,0.8890061638809998,0.9112660375480575,294,294
2017-08-17,negative,-0.03487001769055618,-0.04138715861635773,-0.006517140925801551,0.03487001769055618,0.04138715861635773,0.11167690712287504,0.08843074487365549,293,294
2017-08-18,positive,0.017287543214599372,0.022685323759841804,0.005397780545242432,0.017287543214599372,0.022685323759841804,0.8925894187136589,0.907546312538462,295,295
2017-08-18,negative,-0.01856305256983224,-0.02515400291504027,-0.0065909503452080305,0.01856305256983224,0.02515400291504027,0.10666849026682271,0.09355736658365588,294,295
2017-08-21,positive,0.015270563876434185,0.022668346945218493,0.007397783068784308,0.015270563876434185,0.022668346945218493,0.8877637878440447,0.9123724055505759,294,294
2017-08-21,negative,-0.02189621134192225,-0.02552349773462412,-0.0036272863927018714,0.02189621134192225,0.02552349773462412,0.10317463084269082,0.09704010988120136,293,294
2017-08-22,positive,0.0283604865729498,0.03758303730312858,0.009222550730178778,0.0283604865729498,0.03758303730312858,0.8871993884258906,0.9128251084895602,294,295
2017-08-22,negative,-0.008232720471042544,-0.012925623700945387,-0.004692903229902843,0.008232720471042544,0.012925623700945387,0.10726660606439108,0.09300541025658818,294,294
2017-08-23,positive,0.01692678292601113,0.03100343455845232,0.014076651632441189,0.01692678292601113,0.03100343455845232,0.8829993352465261,0.9171368581480942,294,294
2017-08-23,negative,-0.016304134331674346,-0.02360345923458557,-0.007299324902911224,0.016304134331674346,0.02360345923458557,0.11606652094438266,0.08419206974584181,293,294
2017-08-24,positive,0.022667504279038336,0.034265112359635405,0.01159760808059707,0.022667504279038336,0.034265112359635405,0.8872381322471186,0.9127864960033194,294,295
2017-08-24,negative,-0.013147467257935804,-0.020724058917356396,-0.007576591659420592,0.013147467257935804,0.020724058917356396,0.11546988737691607,0.08480212894406318,294,294
2017-08-25,positive,0.020446076435504477,0.033163685249553806,0.01271760881404933,0.020446076435504477,0.033163685249553806,0.8833731586576087,0.9168310619005942,294,294
2017-08-25,negative,-0.01390064976680735,-0.021621890372224138,-0.007721240605416789,0.01390064976680735,0.021621890372224138,0.11017397082364312,0.08999655001551335,293,294
2017-08-28,positive,0.0207108716764679,0.03903344786492208,0.018322576188454176,0.0207108716764679,0.03903344786492208,0.8777777648483946,0.922350870112791,293,294
2017-08-28,negative,-0.017214524337868672,-0.022592429569329955,-0.005377905231461283,0.017214524337868672,0.022592429569329955,0.11111990309168704,0.08901647604230546,293,293
2017-08-29,positive,0.016277205246888995,0.0288675578437062,0.012590352596817206,0.016277205246888995,0.0288675578437062,0.8796756572964299,0.9203233323353223,293,294
2017-08-29,negative,-0.015240113887475005,-0.022478682465921388,-0.007238568578446384,0.015240113887475005,0.022478682465921388,0.10901764473679612,0.0912552996507849,293,293
2017-08-30,positive,0.022461434110081297,0.03497337077429119,0.012511936664209893,0.022461434110081297,0.03497337077429119,0.8816298445721649,0.9183017559750308,293,293
2017-08-30,negative,-0.012269307135106633,-0.018249341654618945,-0.005980034519512312,0.012269307135106633,0.018249341654618945,0.10957732886082117,0.0904910705919832,292,292
2017-08-31,positive,0.030785468968384348,0.038599443480863097,0.007813974512478748,0.030785468968384348,0.038599443480863097,0.890519408346738,0.9098914098662029,292,292
2017-08-31,negative,-0.009304973152536861,-0.014856322295218723,-0.005551349142681862,0.009304973152536861,0.014856322295218723,0.10550313506821177,0.09477074374041541,292,292
2017-09-01,positive,0.02549287462122084,0.034365274227747475,0.008872399606526634,0.02549287462122084,0.034365274227747475,0.8900851779898562,0.9101211493829087,291,291
2017-09-01,negative,-0.01013398076099518,-0.016064098005004832,-0.005930117244009651,0.01013398076099518,0.016064098005004832,0.10916502408334396,0.09131640645310721,291,291
2017-09-05,positive,0.012841310207460273,0.028386749355316893,0.01554543914785662,0.012841310207460273,0.028386749355316893,0.8891561111243138,0.9109442237963628,290,291
2017-09-05,negative,-0.03234093900545874,-0.03929533626525935,-0.006954397259800613,0.03234093900545874,0.03929533626525935,0.11340157798426771,0.0868051759785166,290,290
2017-09-06,positive,0.022778140065704097,0.035301547718528475,0.012523407652824378,0.022778140065704097,0.035301547718528475,0.8846552914019181,0.9155517479355562,290,290
2017-09-06,negative,-0.015642159115407755,-0.021405046149068175,-0.0057628870336604195,0.015642159115407755,0.021405046149068175,0.11017621029656535,0.08999666833250042,289,290
2017-09-07,positive,0.01969964453787548,0.0389028722646066,0.01920322772673112,0.01969964453787548,0.0389028722646066,0.8809275778920735,0.9192132087554881,290,291
2017-09-07,negative,-0.024339043538266415,-0.03640394046980268,-0.012064896931536263,0.024339043538266415,0.03640394046980268,0.11604998396427003,0.08408780453039068,290,290
2017-09-08,positive,0.018472208331454184,0.032784465325168904,0.01431225699371472,0.018472208331454184,0.032784465325168904,0.878087644668362,0.921974654285112,290,291
2017-09-08,negative,-0.02337295381172361,-0.03327360311607111,-0.0099006493043475,0.02337295381172361,0.03327360311607111,0.11312768839563679,0.0870790655671475,290,290
2017-09-11,positive,0.030552430922710264,0.041696784928627315,0.01114435400591705,0.030552430922710264,0.041696784928627315,0.8856956004756241,0.9142552435122645,290,291
2017-09-11,negative,-0.009794363926716915,-0.02097284352837203,-0.011178479601655116,0.009794363926716915,0.02097284352837203,0.11462804436942368,0.08295816252712805,286,286
2017-09-12,positive,0.02691802762465872,0.034494318697154906,0.007576291072496185,0.02691802762465872,0.034494318697154906,0.8874216976310191,0.9126039012498356,290,291
2017-09-12,negative,-0.01462059641262303,-0.023865129796250613,-0.009244533383627582,0.01462059641262303,0.023865129796250613,0.11321125890002258,0.08706450807688193,290,290
2017-09-13,positive,0.02354663165207933,0.03534525450365968,0.011798622851580353,0.02354663165207933,0.03534525450365968,0.8853884804067136,0.9147676358027539,290,291
2017-09-13,negative,-0.017022217480260362,-0.024184595600901873,-0.007162378120641511,0.017022217480260362,0.024184595600901873,0.11099516552436839,0.08914262297029232,290,290
2017-09-14,positive,0.017474614022249146,0.030097627566975108,0.012623013544725961,0.017474614022249146,0.030097627566975108,0.8880052739734163,0.9121598346538063,290,291
2017-09-14,negative,-0.020122456883197554,-0.026173607925391217,-0.006051151042193663,0.020122456883197554,0.026173607925391217,0.10976754130685261,0.0903702471878081,290,290
2017-09-15,positive,0.025095646776212073,0.03159065466815138,0.006495007891939304,0.025095646776212073,0.03159065466815138,0.8922671540358785,0.9077328459641217,291,291
2017-09-15,negative,-0.01742967555559555,-0.022099675501747088,-0.004669999946151537,0.01742967555559555,0.022099675501747088,0.10878153006113123,0.0915922896298005,290,291
2017-09-18,positive,0.02509379409251663,0.04032578174042634,0.015231987647909714,0.02509379409251663,0.04032578174042634,0.8810431378533741,0.9190283330836857,294,295
2017-09-18,negative,-0.01663762704119206,-0.02416730371566598,-0.00752967667447392,0.01663762704119206,0.02416730371566598,0.11213275248916697,0.08807119040682214,294,294
2017-09-19,positive,0.016079035149470768,0.026834753503112544,0.010755718353641777,0.016079035149470768,0.026834753503112544,0.88719180091216,0.9129439303399607,295,295
2017-09-19,negative,-0.019498805018802152,-0.028070451694481174,-0.008571646675679022,0.019498805018802152,0.028070451694481174,0.11013737018390661,0.09010024558154515,294,295
2017-09-20,positive,0.02374536756430876,0.033099055964567504,0.009353688400258745,0.02374536756430876,0.033099055964567504,0.8890169261862111,0.9110812413022781,295,296
2017-09-20,negative,-0.016939595651563995,-0.023665734118588758,-0.006726138467024762,0.016939595651563995,0.023665734118588758,0.10938289467640439,0.09082035735611595,295,295
2017-09-21,positive,0.014560818438259565,0.023463250492908084,0.008902432054648518,0.014560818438259565,0.023463250492908084,0.8867780544622057,0.913447638566122,295,296
2017-09-21,negative,-0.01933590412979457,-0.025699905205592507,-0.0063640010757979384,0.01933590412979457,0.025699905205592507,0.10840342884683796,0.09166427596020334,295,295
2017-09-22,positive,0.022115849141620476,0.030400139481554126,0.00828429033993365,0.022115849141620476,0.030400139481554126,0.8874976015569321,0.9127052381996602,296,296
2017-09-22,negative,-0.01239929687703456,-0.02325445862289008,-0.010855161745855518,0.01239929687703456,0.02325445862289008,0.11143695350729421,0.0887366829303949,295,296
2017-09-25,positive,0.02303064884798219,0.034503742702251046,0.011473093854268857,0.02303064884798219,0.034503742702251046,0.8859928551862676,0.9139599827099827,296,297
2017-09-25,negative,-0.021266646128981798,-0.02946613643761036,-0.008199490308628564,0.021266646128981798,0.02946613643761036,0.11424910975164351,0.0860887280861943,296,296
2017-09-26,positive,0.022137431212793966,0.03157409019258997,0.009436658979796005,0.022137431212793966,0.03157409019258997,0.888649603705178,0.9116198472884226,297,297
2017-09-26,negative,-0.017749837353652202,-0.027240116103905875,-0.009490278750253673,0.017749837353652202,0.027240116103905875,0.10573163682375539,0.09435491095982844,296,297
2017-09-27,positive,0.03981854687073027,0.046040880758253716,0.006222333887523447,0.03981854687073027,0.046040880758253716,0.8904551740071416,0.9097142741045245,297,298
2017-09-27,negative,-0.010991421855093941,-0.02191121373744184,-0.010919791882347898,0.010991421855093941,0.02191121373744184,0.11017620990712146,0.08995833432429463,297,297
2017-09-28,positive,0.021689720519745142,0.035137792414144844,0.013448071894399703,0.021689720519745142,0.035137792414144844,0.8889187523615886,0.9113118348023349,298,299
2017-09-28,negative,-0.016387352683401458,-0.026678479680705657,-0.010291126997304199,0.016387352683401458,0.026678479680705657,0.1124374741349839,0.08762954999370243,298,298
2017-09-29,positive,0.02022873779914708,0.03765928767625257,0.01743054987710549,0.02022873779914708,0.03765928767625257,0.8874018940891817,0.9128228679581385,299,300
2017-09-29,negative,-0.016000796053768123,-0.021612847105210532,-0.005612051051442409,0.016000796053768123,0.021612847105210532,0.11026791598805191,0.08979888427914916,299,299
2017-10-02,positive,0.033895836317954356,0.045695098138931876,0.01179926182097752,0.033895836317954356,0.045695098138931876,0.8873113259975547,0.9129554295876403,300,300
2017-10-02,negative,-0.010600510585046704,-0.021663738856913563,-0.011063228271866858,0.010600510585046704,0.021663738856913563,0.11072364143677772,0.0893786817828165,299,300
2017-10-03,positive,0.020730056432563686,0.029674082689798605,0.008944026257234918,0.020730056432563686,0.029674082689798605,0.8906718819351975,0.9095629968458445,300,301
2017-10-03,negative,-0.01608154703127829,-0.022900262425156845,-0.006818715393878554,0.01608154703127829,0.022900262425156845,0.1087982689747004,0.09126830892143807,300,300
2017-10-04,positive,0.017187028990808352,0.02945823928836601,0.012271210297557657,0.017187028990808352,0.02945823928836601,0.8864001776593382,0.9136876633739189,300,301
2017-10-04,negative,-0.021001603376781464,-0.029078406709256235,-0.00807680333247477,0.021001603376781464,0.029078406709256235,0.11279868976238064,0.08740117699311571,300,300
2017-10-05,positive,0.057141478336673164,0.03269924837494109,-0.024442229961732072,0.057141478336673164,0.03269924837494109,0.8859328046149084,0.9141997774202258,302,302
2017-10-05,negative,-0.012594604278249934,-0.018999248244800534,-0.0064046439665506,0.012594604278249934,0.018999248244800534,0.1102930569519126,0.0899395698108072,301,302
2017-10-06,positive,0.012758579503911866,0.02337101341550801,0.010612433911596143,0.012758579503911866,0.02337101341550801,0.8841389081084644,0.9158610918915358,302,302
2017-10-06,negative,-0.023752807230409394,-0.02879524573021115,-0.005042438499801755,0.023752807230409394,0.02879524573021115,0.10931003895252421,0.09105191481884177,301,302
2017-10-09,positive,0.012062452067354868,0.020247883612337318,0.00818543154498245,0.012062452067354868,0.020247883612337318,0.8847030337558752,0.915562835303613,301,301
2017-10-09,negative,-0.02506009932993896,-0.034638134616547314,-0.009578035286608354,0.02506009932993896,0.034638134616547314,0.11426775229865958,0.08584600572590093,300,301
2017-10-10,positive,0.019691879435916777,0.030061100383458716,0.01036922094754194,0.019691879435916777,0.030061100383458716,0.8922877862797767,0.9079116818053298,301,301
2017-10-10,negative,-0.015606772898215162,-0.02027785602418934,-0.004671083125974177,0.015606772898215162,0.02027785602418934,0.11449246453900708,0.08568844101222874,300,301
2017-10-11,positive,0.016578203038973265,0.02409417131170766,0.0075159682727343954,0.016578203038973265,0.02409417131170766,0.889521111111111,0.9104440753045405,300,301
2017-10-11,negative,-0.01687705912177534,-0.02445508225455264,-0.007578023132777299,0.01687705912177534,0.02445508225455264,0.10994555555555555,0.09038777777777778,300,300
2017-10-12,positive,0.014197389087198798,0.02304203397785247,0.008844644890653671,0.014197389087198798,0.02304203397785247,0.885141761174116,0.9150583722481654,300,300
2017-10-12,negative,-0.02354367182943114,-0.03710120329319911,-0.01355753146376797,0.02354367182943114,0.03710120329319911,0.1107918099245651,0.08937736268623526,299,300
2017-10-13,positive,0.014214450832800428,0.024051428745832125,0.009836977913031697,0.014214450832800428,0.024051428745832125,0.8849216405468491,0.915345115038346,300,300
2017-10-13,negative,-0.021367865427277043,-0.030868074636088892,-0.009500209208811849,0.021367865427277043,0.030868074636088892,0.11238417265063828,0.08772368567300211,299,300
2017-10-16,positive,0.016339459239058017,0.02155158240119441,0.005212123162136394,0.016339459239058017,0.02155158240119441,0.8879417066285753,0.9123949937081252,297,297
2017-10-16,negative,-0.020401824474595095,-0.03004957545878736,-0.009647750984192266,0.020401824474595095,0.03004957545878736,0.11378884240837103,0.08654785792832931,297,297
2017-10-17,positive,0.015206446526749408,0.024621047095829365,0.009414600569079957,0.015206446526749408,0.024621047095829365,0.8856398667719423,0.9145622895622896,297,297
2017-10-17,negative,-0.022638567088280725,-0.027211940444226555,-0.0045733733559458305,0.022638567088280725,0.027211940444226555,0.10858048918190426,0.09158294535653026,296,297
2017-10-18,positive,0.020197910201245887,0.02985503560061293,0.009657125399367042,0.020197910201245887,0.02985503560061293,0.891513477039793,0.90872739995547,296,297
2017-10-18,negative,-0.018880774779409373,-0.024504285508512254,-0.0056235107291028805,0.018880774779409373,0.024504285508512254,0.10668905241273662,0.09337842397052924,296,296
2017-10-19,positive,0.016615946355320654,0.025372796937299328,0.008756850581978674,0.016615946355320654,0.025372796937299328,0.8868995513732356,0.9133257905187729,296,297
2017-10-19,negative,-0.02205037470839139,-0.02739698144735649,-0.005346606738965101,0.02205037470839139,0.02739698144735649,0.10730967556625451,0.09275780081701135,296,296
2017-10-20,positive,0.02522139897246586,0.035093793038163415,0.009872394065697555,0.02522139897246586,0.035093793038163415,0.8910176223520818,0.908952133952134,296,297
2017-10-20,negative,-0.014029678182305765,-0.02020319447052524,-0.0061735162882194765,0.014029678182305765,0.02020319447052524,0.10880889335281227,0.09152894448502558,296,296
2017-10-23,positive,0.009994389294461864,0.01889879368575219,0.008904404391290328,0.009994389294461864,0.01889879368575219,0.8870254726986797,0.9130421862999671,296,296
2017-10-23,negative,-0.02927339879838062,-0.03371778325198867,-0.004444384453608046,0.02927339879838062,0.03371778325198867,0.10473842343065527,0.09554776359580149,295,296
2017-10-24,positive,0.01855617188716503,0.030029907716294695,0.011473735829129666,0.01855617188716503,0.030029907716294695,0.8857141716184269,0.91430515898601,296,297
2017-10-24,negative,-0.020662932700965014,-0.0283532874007685,-0.007690354699803486,0.020662932700965014,0.0283532874007685,0.10905282181877926,0.09121735717480398,296,296
2017-10-25,positive,0.011996003602475639,0.02236540739533945,0.01036940379286381,0.011996003602475639,0.02236540739533945,0.8872311926269977,0.912836466371649,296,296
2017-10-25,negative,-0.029207230286264384,-0.03838416919523486,-0.009176938908970474,0.029207230286264384,0.03838416919523486,0.10993956560629345,0.09036419284643236,295,296
2017-10-26,positive,0.02344355008202383,0.04265060460842225,0.019207054526398423,0.02344355008202383,0.04265060460842225,0.8816349661132016,0.9184329225493919,295,295
2017-10-26,negative,-0.025283905588693985,-0.04091385782023249,-0.015629952231538506,0.025283905588693985,0.04091385782023249,0.11629108534112899,0.08403523306523066,294,295
2017-10-27,positive,0.03442745359999176,0.04567017308501006,0.011242719485018302,0.03442745359999176,0.04567017308501006,0.8879425239483549,0.9120166032514702,294,295
2017-10-27,negative,-0.01951287913429476,-0.03408791254649548,-0.014575033412200719,0.01951287913429476,0.03408791254649548,0.11799944467582953,0.08234069137859225,294,294
2017-10-30,positive,0.017628433551412928,0.026754443633322966,0.009126010081910038,0.017628433551412928,0.026754443633322966,0.8900284544670739,0.9101412717335591,294,295
2017-10-30,negative,-0.03289619053723751,-0.03897763908905579,-0.006081448551818282,0.03289619053723751,0.03897763908905579,0.10654764794126961,0.0935882677909764,294,294
2017-10-31,positive,0.03086276896005687,0.042853117892563616,0.011990348932506747,0.03086276896005687,0.042853117892563616,0.8874169314224671,0.9126761455944877,294,295
2017-10-31,negative,-0.017465385046724746,-0.029148963277296863,-0.011683578230572117,0.017465385046724746,0.029148963277296863,0.11046097568871194,0.0897429672072772,294,294
2017-11-01,positive,0.019327811369428915,0.03287198542307682,0.013544174053647908,0.019327811369428915,0.03287198542307682,0.8824413438844925,0.9174991352473194,294,295
2017-11-01,negative,-0.03009773023775305,-0.04405014829982644,-0.01395241806207339,0.03009773023775305,0.04405014829982644,0.11154090888055902,0.08879922717386275,294,294
2017-11-02,positive,0.027586009779021516,0.050293907621380626,0.02270789784235911,0.027586009779021516,0.050293907621380626,0.8792734819033529,0.9209282213226123,293,294
2017-11-02,negative,-0.0269359889232258,-0.05690340120988129,-0.029967412286655493,0.0269359889232258,0.05690340120988129,0.12406096814794652,0.07600719817788852,293,293
2017-11-03,positive,0.028037589990093415,0.05068554175244763,0.022647951762354217,0.028037589990093415,0.05068554175244763,0.882700495164052,0.9172408624466737,294,295
2017-11-03,negative,-0.022808857291796943,-0.04546871788661331,-0.022659860594816367,0.022808857291796943,0.04546871788661331,0.11799423851173123,0.08234589754269053,294,294
2017-11-06,positive,0.0298494490820612,0.054144780907748914,0.024295331825687713,0.0298494490820612,0.054144780907748914,0.8777170391966309,0.9222074253430186,294,295
2017-11-06,negative,-0.020475128721549697,-0.031189258085128818,-0.010714129363579121,0.020475128721549697,0.031189258085128818,0.11336364477763897,0.08697649127678281,294,294
2017-11-07,positive,0.014128304571850634,0.03357687098200102,0.019448566410150383,0.014128304571850634,0.03357687098200102,0.8836748661379282,0.9164608651141926,295,295
2017-11-07,negative,-0.03671231432302951,-0.0620630106688717,-0.025350696345842194,0.03671231432302951,0.0620630106688717,0.11395019494054832,0.08630034565458697,294,295
2017-11-08,positive,0.02416772666297245,0.05166012523360853,0.027492398570636078,0.02416772666297245,0.05166012523360853,0.8795035520974289,0.9205641069012177,296,296
2017-11-08,negative,-0.024687178908115056,-0.04614874726636901,-0.02146156835825395,0.024687178908115056,0.04614874726636901,0.11890954335909727,0.08142451907252313,295,296
2017-11-09,positive,0.03201319458003004,0.050147734761631944,0.018134540181601905,0.03201319458003004,0.050147734761631944,0.8793032596134417,0.920764171269903,297,297
2017-11-09,negative,-0.02715603124856421,-0.04502856776597016,-0.01787253651740595,0.02715603124856421,0.04502856776597016,0.11923420385996245,0.08109982722255143,296,297
2017-11-10,positive,0.02599933803922155,0.03995273293209947,0.013953394892877922,0.02599933803922155,0.03995273293209947,0.8869642824926028,0.9131029218084723,298,298
2017-11-10,negative,-0.01878154162157676,-0.03047207326741605,-0.011690531645839289,0.01878154162157676,0.03047207326741605,0.1145063991166142,0.08581064624377571,297,298
2017-11-13,positive,0.01982733523767565,0.030156684905552015,0.010329349667876363,0.01982733523767565,0.030156684905552015,0.8880000272448014,0.9120674036385433,297,297
2017-11-13,negative,-0.028619456226416762,-0.03636788373400428,-0.007748427507587516,0.028619456226416762,0.03636788373400428,0.10968396329572999,0.09061791209464844,296,297
2017-11-14,positive,0.018408928028461127,0.03032183621138865,0.011912908182927524,0.018408928028461127,0.03032183621138865,0.8846941546409631,0.9153217415628764,296,297
2017-11-14,negative,-0.03559199945676778,-0.04533504112447662,-0.00974304166770884,0.03559199945676778,0.04533504112447662,0.11114819226521355,0.08912198672836971,296,296
2017-11-15,positive,0.017947921247843626,0.02605511446508297,0.008107193217239343,0.017947921247843626,0.02605511446508297,0.8910131031841559,0.9092260890506506,296,297
2017-11-15,negative,-0.02550265074465627,-0.03215772031104526,-0.006655069566388991,0.02550265074465627,0.03215772031104526,0.10677054838239049,0.09329692800087536,296,296
2017-11-16,positive,0.04023638131434661,0.05509157136296997,0.01485519004862336,0.04023638131434661,0.05509157136296997,0.8848011133436915,0.9152150881338397,297,298
2017-11-16,negative,-0.008605907490938432,-0.012674490541121327,-0.004068583050182895,0.008605907490938432,0.012674490541121327,0.11423557410812558,0.09545813171482964,311,311
2017-11-17,positive,0.02763096361948291,0.040824898830991684,0.013193935211508773,0.02763096361948291,0.040824898830991684,0.8878215930794293,0.9123132232333446,297,297
2017-11-17,negative,-0.01486754634250455,-0.023379860792334402,-0.008512314449829852,0.01486754634250455,0.023379860792334402,0.11032335419342498,0.08991328859882955,296,297
2017-11-20,positive,0.025997219293349753,0.03932632751430241,0.013329108220952655,0.025997219293349753,0.03932632751430241,0.8863545730975071,0.9137340005600368,297,298
2017-11-20,negative,-0.016623332687333948,-0.022525773669956204,-0.005902440982622256,0.016623332687333948,0.022525773669956204,0.10532648150413963,0.0948754027488886,297,297
2017-11-21,positive,0.028058738830910993,0.04009808715379814,0.012039348322887146,0.028058738830910993,0.04009808715379814,0.8863894534605691,0.9137453628522048,297,297
2017-11-21,negative,-0.014521944945596702,-0.024298980868004895,-0.009777035922408193,0.014521944945596702,0.024298980868004895,0.10785703549859263,0.0923713031903123,296,297
2017-11-22,positive,0.02180410570699905,0.038186863936089506,0.016382758229090456,0.02180410570699905,0.038186863936089506,0.8877770145488941,0.9121821059011022,298,299
2017-11-22,negative,-0.01724958234965645,-0.022457878178458793,-0.005208295828802344,0.01724958234965645,0.022457878178458793,0.10381739561281023,0.09651817485698844,298,298
2017-11-24,positive,0.016351906304362573,0.03620492329639877,0.019853016992036194,0.016351906304362573,0.03620492329639877,0.8808871468050307,0.9191128531949694,298,298
2017-11-24,negative,-0.013793193420646114,-0.02264103787023569,-0.008847844449589574,0.013793193420646114,0.02264103787023569,0.11317432023314376,0.08720545936495404,297,298
2017-11-27,positive,0.014549944676593025,0.023849684313605495,0.00929973963701247,0.014549944676593025,0.023849684313605495,0.8898183043784662,0.9103165119343076,297,297
2017-11-27,negative,-0.026741569329843912,-0.03493428678918828,-0.008192717459344367,0.026741569329843912,0.03493428678918828,0.10819806156004334,0.09203142536475871,296,297
2017-11-28,positive,0.037497234620199764,0.043539006839107226,0.006041772218907462,0.037497234620199764,0.043539006839107226,0.8892905048692397,0.9108079209083437,297,298
2017-11-28,negative,-0.013507717950413476,-0.01898982282772088,-0.005482104877307405,0.013507717950413476,0.01898982282772088,0.10681568941999628,0.09338619483303197,297,297
2017-11-29,positive,0.035421088261609016,0.03968733407826548,0.0042662458166564665,0.035421088261609016,0.03968733407826548,0.891846499121676,0.9084229518719245,297,297
2017-11-29,negative,-0.02969965806445378,-0.04378603366652225,-0.01408637560206847,0.02969965806445378,0.04378603366652225,0.11622975703895204,0.08389213795074354,296,297
2017-11-30,positive,0.03308588560502892,0.04061439747466293,0.007528511869634012,0.03308588560502892,0.04061439747466293,0.8941053650003853,0.9060092180259604,297,298
2017-11-30,negative,-0.023138604244684856,-0.02945859461921893,-0.006319990374534075,0.023138604244684856,0.02945859461921893,0.11202706744429489,0.08817481680873336,297,297
2017-12-01,positive,0.02069019153877739,0.031681553060227526,0.010991361521450135,0.02069019153877739,0.031681553060227526,0.8894058875559042,0.9107600394602878,297,298
2017-12-01,negative,-0.026001391971842522,-0.030046214629233313,-0.004044822657390791,0.026001391971842522,0.030046214629233313,0.10736244607754866,0.09277209815386742,297,297
2017-12-04,positive,0.028915749972991005,0.037083013388246065,0.00816726341525506,0.028915749972991005,0.037083013388246065,0.8940226066991367,0.9062258815777002,297,298
2017-12-04,negative,-0.03638919431990994,-0.04711176875192076,-0.010722574432010822,0.03638919431990994,0.04711176875192076,0.111675486087053,0.08839176340857578,297,297
2017-12-05,positive,0.013899906648937572,0.020615406165657952,0.00671549951672038,0.013899906648937572,0.020615406165657952,0.8950383831276612,0.9050288211734142,298,298
2017-12-05,negative,-0.03141980523859759,-0.03971217831974613,-0.008292373081148545,0.03141980523859759,0.03971217831974613,0.1068650211795373,0.09342638197301002,297,298
2017-12-06,positive,0.01347095637212407,0.026853479191857522,0.013382522819733452,0.01347095637212407,0.026853479191857522,0.887538819350855,0.912662658150824,298,298
2017-12-06,negative,-0.031949132412071944,-0.041597011647594266,-0.009647879235522322,0.031949132412071944,0.041597011647594266,0.11038468409187015,0.08978425680944375,297,298
2017-12-07,positive,0.02934488887814464,0.044982698574305834,0.015637809696161194,0.02934488887814464,0.044982698574305834,0.8899118353599642,0.9101214043456943,298,299
2017-12-07,negative,-0.014372312119783098,-0.019603795016091236,-0.005231482896308138,0.014372312119783098,0.019603795016091236,0.1083832955474155,0.09188507077261132,298,298
2017-12-08,positive,0.025987799606427456,0.03558450811240259,0.009596708505975132,0.025987799606427456,0.03558450811240259,0.8898182101104135,0.9102489941906617,298,298
2017-12-08,negative,-0.016512934894330554,-0.02466371737282092,-0.008150782478490368,0.016512934894330554,0.02466371737282092,0.1114974792730169,0.08880946904091795,297,298
2017-12-11,positive,0.024429216556854563,0.039781226951923196,0.015352010395068633,0.024429216556854563,0.039781226951923196,0.8872159129272278,0.9128752447797149,298,299
2017-12-11,negative,-0.02074933434314365,-0.03111618018111316,-0.01036684583796951,0.02074933434314365,0.03111618018111316,0.1093957480903317,0.09080545915312907,298,298
2017-12-12,positive,0.018365141879062675,0.028357604034931653,0.009992462155868978,0.018365141879062675,0.028357604034931653,0.8861997600211325,0.9140010431917189,299,299
2017-12-12,negative,-0.025507545229335404,-0.03351293648031719,-0.008005391250981785,0.025507545229335404,0.03351293648031719,0.10920303136483295,0.09096139295196393,298,299
2017-12-13,positive,0.02649350644793163,0.037197218516913794,0.010703712068982164,0.02649350644793163,0.037197218516913794,0.8886925383077948,0.9114029185415704,300,301
2017-12-13,negative,-0.01777927335135298,-0.025847665875407117,-0.008068392524054138,0.01777927335135298,0.025847665875407117,0.11123251165889407,0.08896735509660227,300,300
2017-12-14,positive,0.011143917210048152,0.02019089353844874,0.009046976328400586,0.011143917210048152,0.02019089353844874,0.8899304301933624,0.9103354388661258,301,301
2017-12-14,negative,-0.03179507309396833,-0.03751460545490238,-0.005719532360934046,0.03179507309396833,0.03751460545490238,0.10647391159853771,0.0936139532675506,300,301
2017-12-15,positive,0.0377030969275283,0.03837937724766533,0.0006762803201370293,0.0377030969275283,0.03837937724766533,0.8953618246371658,0.9048369825198915,302,302
2017-12-15,negative,-0.015082332836074947,-0.019078661854829346,-0.003996329018754399,0.015082332836074947,0.019078661854829346,0.10429284756576819,0.0958536858320277,301,302
2017-12-18,positive,0.036330151576810785,0.04956425136657399,0.013234099789763205,0.036330151576810785,0.04956425136657399,0.8901037355549584,0.9098639237115612,305,306
2017-12-18,negative,-0.01421221233884597,-0.017804663461955566,-0.0035924511231095954,0.01421221233884597,0.017804663461955566,0.10544799785004032,0.0948798710024187,305,305
2017-12-19,positive,0.014637687913693163,0.023252273078050986,0.008614585164357823,0.014637687913693163,0.023252273078050986,0.8887258643507561,0.9114049828850957,306,306
2017-12-19,negative,-0.02947101145272296,-0.03359987271840386,-0.0041288612656808985,0.02947101145272296,0.03359987271840386,0.10348568456163496,0.09672165671415224,305,306
2017-12-20,positive,0.023905349034905217,0.046299855688558954,0.022394506653653737,0.023905349034905217,0.046299855688558954,0.8850835528719496,0.9151779705017017,306,306
2017-12-20,negative,-0.017917341286721733,-0.02073181959778152,-0.0028144783110597878,0.017917341286721733,0.02073181959778152,0.10672940369455355,0.09335786183275753,305,306
2017-12-21,positive,0.02648416543478514,0.03682692141848578,0.01034275598370064,0.02648416543478514,0.03682692141848578,0.8840803445411703,0.9159330316145008,306,307
2017-12-21,negative,-0.015022739191205382,-0.021173705189764077,-0.006150965998558695,0.015022739191205382,0.021173705189764077,0.10944189284120487,0.0908194596579784,306,306
2017-12-22,positive,0.01656245003324812,0.03026990175543117,0.013707451722183052,0.01656245003324812,0.03026990175543117,0.8842229484386346,0.9157256605139342,306,307
2017-12-22,negative,-0.020419022460322244,-0.0289500952396013,-0.008531072779279055,0.020419022460322244,0.0289500952396013,0.1108831005168952,0.0894436968687257,306,306
2017-12-26,positive,0.021791456693208058,0.03741470489485925,0.015623248201651192,0.021791456693208058,0.03741470489485925,0.8823653775463155,0.9176998540257655,307,307
2017-12-26,negative,-0.015069254582736254,-0.019748835193691805,-0.004679580610955551,0.015069254582736254,0.019748835193691805,0.11318370575018438,0.08711973924369622,306,307
2017-12-27,positive,0.01421714014121009,0.025858531962687753,0.011641391821477663,0.01421714014121009,0.025858531962687753,0.8896018916705063,0.9106249096367611,306,307
2017-12-27,negative,-0.016331702772071674,-0.020953612845265493,-0.004621910073193819,0.016331702772071674,0.020953612845265493,0.10740904281643031,0.09265623133500571,306,306
2017-12-28,positive,0.017382149052068613,0.027975392709804987,0.010593243657736374,0.017382149052068613,0.027975392709804987,0.8883108118879224,0.9116891881120778,307,307
2017-12-28,negative,-0.013602912518224475,-0.017224455073432676,-0.0036215425552082008,0.013602912518224475,0.017224455073432676,0.10957734915608439,0.09077958031999404,306,307
2017-12-29,positive,0.00826184210210389,0.01666387123647148,0.008402029134367592,0.00826184210210389,0.01666387123647148,0.885213636218952,0.9147383561064344,307,308
2017-12-29,negative,-0.024382479806530258,-0.031030833523931618,-0.00664835371740136,0.024382479806530258,0.031030833523931618,0.10940381330305891,0.09092191959596388,307,307
2018-01-02,positive,0.04684960488783574,0.05766321900827497,0.010813614120439234,0.04684960488783574,0.05766321900827497,0.8917827853980694,0.9083208692451549,306,307
2018-01-02,negative,-0.014616239527696737,-0.02025806635641022,-0.005641826828713482,0.014616239527696737,0.02025806635641022,0.10981651532809945,0.09037943503114286,306,306
2018-01-03,positive,0.02860169671541936,0.0396915222636342,0.01108982554821484,0.02860169671541936,0.0396915222636342,0.8852081464394036,0.9147436716271742,306,307
2018-01-03,negative,-0.02260663054788745,-0.027030908117467833,-0.004424277569580384,0.02260663054788745,0.027030908117467833,0.10704216327053696,0.09328463411508395,306,306
2018-01-04,positive,0.025353617976275382,0.03380139333664148,0.008447775360366096,0.025353617976275382,0.03380139333664148,0.8890195874615637,0.9113711647364171,307,307
2018-01-04,negative,-0.022447389288254738,-0.027965234577149275,-0.005517845288894537,0.022447389288254738,0.027965234577149275,0.10567174057617917,0.09458876088914156,307,307
2018-01-05,positive,0.021882736385702418,0.03772705889878813,0.01584432251308571,0.021882736385702418,0.03772705889878813,0.8834280206636808,0.9166481711647727,307,308
2018-01-05,negative,-0.01880772741993741,-0.027136745090337568,-0.008329017670400157,0.01880772741993741,0.027136745090337568,0.1069107966883822,0.09328451581161781,307,307
2018-01-08,positive,0.020809514307680264,0.03781178744502555,0.017002273137345286,0.020809514307680264,0.03781178744502555,0.8804531650344701,0.9197431959712378,307,308
2018-01-08,negative,-0.02320775283039471,-0.03638732358965401,-0.013179570759259303,0.02320775283039471,0.03638732358965401,0.11266289294047585,0.08740216886824242,307,307
2018-01-09,positive,0.02202728899426728,0.03231654730207485,0.010289258307807574,0.02202728899426728,0.03231654730207485,0.8896736997159487,0.9104562970341328,308,308
2018-01-09,negative,-0.025627680709357923,-0.034789132244461986,-0.009161451535104063,0.025627680709357923,0.034789132244461986,0.11015636661200734,0.09007128717885948,307,308
2018-01-10,positive,0.023554487218685482,0.03820381444048947,0.014649327221803985,0.023554487218685482,0.03820381444048947,0.8885026723943501,0.91149732760565,309,309
2018-01-10,negative,-0.022697296290254104,-0.028863740523902153,-0.006166444233648049,0.022697296290254104,0.028863740523902153,0.11349586394156898,0.08687143658898627,308,309
2018-01-11,positive,0.039985913805219146,0.051654067271323253,0.011668153466104107,0.039985913805219146,0.051654067271323253,0.8820451733418823,0.9182138101479203,309,309
2018-01-11,negative,-0.009163310189429117,-0.015227753604306463,-0.006064443414877345,0.009163310189429117,0.015227753604306463,0.11039588968138764,0.09064004427782245,310,310
2018-01-12,positive,0.02475477014938587,0.037252197193422196,0.012497427044036325,0.02475477014938587,0.037252197193422196,0.8842148934364658,0.9160440900533368,309,309
2018-01-12,negative,-0.017560660268265738,-0.02379874097084445,-0.0062380807025787105,0.017560660268265738,0.02379874097084445,0.10875729967669107,0.09133568220462839,308,309
2018-01-16,positive,0.011549638412098799,0.022756221948534664,0.011206583536435865,0.011549638412098799,0.022756221948534664,0.8847859724210999,0.9152140275788998,309,309
2018-01-16,negative,-0.042750559222951415,-0.047240728655088035,-0.00449016943213662,0.042750559222951415,0.047240728655088035,0.10828001010334885,0.0920704106413222,308,309
2018-01-17,positive,0.03091557324254665,0.03819722398291494,0.007281650740368288,0.03091557324254665,0.03819722398291494,0.888640619345093,0.9113593806549072,309,309
2018-01-17,negative,-0.016243421038228817,-0.024868758942905817,-0.008625337904677,0.016243421038228817,0.024868758942905817,0.11105053779283926,0.08930884906085927,308,309
2018-01-18,positive,0.016153229430326804,0.030904729138185365,0.014751499707858561,0.016153229430326804,0.030904729138185365,0.8837836237796409,0.9162820361021711,305,305
2018-01-18,negative,-0.025005640968496345,-0.03325214250505322,-0.008246501536556875,0.025005640968496345,0.03325214250505322,0.11318986073193492,0.08711559368373464,304,305
2018-01-19,positive,0.030032834044038566,0.03960190477925407,0.009569070735215505,0.030032834044038566,0.03960190477925407,0.8866165970573454,0.913515111865934,304,304
2018-01-19,negative,-0.010887718734141419,-0.012676793108773139,-0.0017890743746317196,0.010887718734141419,0.012676793108773139,0.10380880037295794,0.09640096702077881,303,304
2018-01-22,positive,0.029399590439203295,0.05131135547670663,0.021911765037503333,0.029399590439203295,0.05131135547670663,0.8835452231972325,0.9165860534683402,305,305
2018-01-22,negative,-0.01753373797158719,-0.021859359813069034,-0.004325621841481844,0.01753373797158719,0.021859359813069034,0.10801284265800702,0.09221002114415146,304,305
2018-01-23,positive,0.02353750046599603,0.03785880233264698,0.014321301866650954,0.02353750046599603,0.03785880233264698,0.8811902012180353,0.9188794041883575,304,305
2018-01-23,negative,-0.017583920121382296,-0.022982396880082242,-0.005398476758699946,0.017583920121382296,0.022982396880082242,0.10545834198415172,0.09473889667462541,304,304
2018-01-24,positive,0.016536553615379118,0.03101493970737805,0.014478386091998932,0.016536553615379118,0.03101493970737805,0.8844688558565618,0.9156117639911123,303,304
2018-01-24,negative,-0.027092914957157113,-0.03473555845777984,-0.007642643500622728,0.027092914957157113,0.03473555845777984,0.10925104713637591,0.09094684204568214,303,303
2018-01-25,positive,0.022118233122067253,0.036591427423780784,0.014473194301713531,0.022118233122067253,0.036591427423780784,0.8845851067510986,0.9154956294931074,304,305
2018-01-25,negative,-0.02439726255282802,-0.03316039019721324,-0.008763127644385218,0.02439726255282802,0.03316039019721324,0.11224274628879893,0.0879544923699782,304,304
2018-01-26,positive,0.025205149131264384,0.036236311643089276,0.011031162511824892,0.025205149131264384,0.036236311643089276,0.8842971472828192,0.9158997031108814,305,305
2018-01-26,negative,-0.018864674594433212,-0.025015498069924803,-0.00615082347549159,0.018864674594433212,0.025015498069924803,0.10938741107197127,0.09077438578374425,304,305
2018-01-29,positive,0.01408589724880421,0.027138103762281707,0.013052206513477497,0.01408589724880421,0.027138103762281707,0.8868127909794216,0.9132096322930875,304,305
2018-01-29,negative,-0.03247664774754331,-0.0393261645554026,-0.006849516807859293,0.03247664774754331,0.0393261645554026,0.10677592637463439,0.0934871449834715,304,304
2018-01-30,positive,0.009624480689255248,0.017823990856611707,0.008199510167356459,0.009624480689255248,0.017823990856611707,0.8894710490188162,0.9105289509811838,305,305
2018-01-30,negative,-0.0368221895690484,-0.04290827345759958,-0.006086083888551183,0.0368221895690484,0.04290827345759958,0.10761440238527353,0.09273843172090769,304,305
2018-01-31,positive,0.01781627955508734,0.032495814229324786,0.014679534674237445,0.01781627955508734,0.032495814229324786,0.8859245664833213,0.9141410933984909,305,305
2018-01-31,negative,-0.032700320510908376,-0.03821787464964279,-0.005517554138734414,0.032700320510908376,0.03821787464964279,0.10353958599716626,0.09673422817347127,304,305
2018-02-01,positive,0.023278860302826894,0.034695842747934524,0.01141698244510763,0.023278860302826894,0.034695842747934524,0.8851709573786389,0.9150922871096794,304,304
2018-02-01,negative,-0.0289658671537253,-0.03665566674266917,-0.0076897995889438735,0.0289658671537253,0.03665566674266917,0.10753602507338592,0.09255446736287906,303,304
2018-02-02,positive,0.0016123379671955313,0.011716293196393172,0.010103955229197641,0.0063006821820619585,0.014806162284846646,0.8872057278239359,0.913015430385456,303,304
2018-02-02,negative,-0.05085284348063343,-0.0576112283482909,-0.006758384867657466,0.05085284348063343,0.0576112283482909,0.10486271105686705,0.09520320852124764,303,303
2018-02-05,positive,-0.003669676031493547,-0.003432812407133086,0.00023686362436046125,0.01328428246358442,0.015121860078697863,0.903875984170599,0.8964000104083545,303,304
2018-02-05,negative,-0.05938828870253598,-0.06180625641522477,-0.00241796771268879,0.05938828870253598,0.06180625641522477,0.10322070440399345,0.09684521517412124,303,303
2018-02-06,positive,0.04283705591526279,0.05082864125447146,0.00799158533920867,0.04283705591526279,0.05082864125447146,0.8956772331173558,0.9045202652368249,304,304
2018-02-06,negative,-0.018161078146040982,-0.024204345408497908,-0.006043267262456926,0.018161078146040982,0.024204345408497908,0.10665399983052945,0.09349933734104848,303,304
2018-02-07,positive,0.027630556621802606,0.04088645302357651,0.013255896401773905,0.027630556621802606,0.04088645302357651,0.8886088709677419,0.9115886273864384,304,304
2018-02-07,negative,-0.0291639622658437,-0.03638271811150733,-0.007218755845663633,0.0291639622658437,0.03638271811150733,0.10762411000810417,0.09253241831537369,303,304
2018-02-08,positive,-0.0009590273080316492,0.011735365854403648,0.012694393162435298,0.009151160754734232,0.020251499693415314,0.8913278840272529,0.9088042600097473,303,303
2018-02-08,negative,-0.05774931459153385,-0.06701244693970662,-0.009263132348172769,0.05774931459153385,0.06701244693970662,0.1078735092774303,0.09235036486800316,302,303
2018-02-09,positive,0.03316971635122353,0.04241285063283571,0.009243134281612178,0.03316971635122353,0.04241285063283571,0.8900351395773657,0.910163011017086,303,303
2018-02-09,negative,-0.024434029058208868,-0.03388011951224158,-0.009446090454032715,0.024434029058208868,0.03388011951224158,0.10845245697988748,0.09170732132658445,302,303
2018-02-12,positive,0.040393765066253334,0.046855269638036934,0.0064615045717835995,0.040393765066253334,0.046855269638036934,0.8966140250388674,0.9033859749611325,303,303
2018-02-12,negative,-0.015380421369901125,-0.019062124244390494,-0.0036817028744893683,0.015380421369901125,0.019062124244390494,0.10573586557933337,0.0946130976734037,302,303
2018-02-13,positive,0.02585634690159932,0.03713153476311976,0.011275187861520444,0.02585634690159932,0.03713153476311976,0.884942162425099,0.9151239314281726,303,303
2018-02-13,negative,-0.02007869158172188,-0.026604041282453743,-0.006525349700731861,0.02007869158172188,0.026604041282453743,0.10658290401509217,0.0937027608907619,302,303
2018-02-14,positive,0.04403562095826322,0.061292143049218,0.017256522090954775,0.04403562095826322,0.061292143049218,0.8837652082039887,0.9161813878756297,303,304
2018-02-14,negative,-0.010176863180899783,-0.020524220299845686,-0.010347357118945903,0.010176863180899783,0.020524220299845686,0.11175971017297169,0.09157344305859157,307,308
2018-02-15,positive,0.03212088517863545,0.04573104824052031,0.01361016306188486,0.03212088517863545,0.04573104824052031,0.8815523984652266,0.9185136953880451,303,303
2018-02-15,negative,-0.014333883704065674,-0.02209114091049766,-0.007757257206431984,0.014333883704065674,0.02209114091049766,0.11219759873590034,0.08810659651556696,302,303
2018-02-16,positive,0.023507172367128328,0.037322006741119136,0.013814834373990809,0.023507172367128328,0.037322006741119136,0.8854229059269564,0.9145770940730438,303,303
2018-02-16,negative,-0.021784527673514062,-0.035845445742967164,-0.014060918069453102,0.021784527673514062,0.035845445742967164,0.11115921405505994,0.08920764803753102,302,303
2018-02-20,positive,0.015098617128477184,0.02744317578842994,0.012344558659952756,0.015098617128477184,0.02744317578842994,0.8838342223254632,0.9162445695264431,302,303
2018-02-20,negative,-0.032713539152546794,-0.041236218564547705,-0.00852267941200091,0.032713539152546794,0.041236218564547705,0.1101924737356516,0.09000607027493744,302,302
2018-02-21,positive,0.021661320088986705,0.033029283411361424,0.011367963322374719,0.021661320088986705,0.033029283411361424,0.8833840225753645,0.916814784581693,302,302
2018-02-21,negative,-0.024139400286571043,-0.035047109928793105,-0.010907709642222062,0.024139400286571043,0.035047109928793105,0.11218018577350956,0.08799246463821925,301,302
2018-02-22,positive,0.01962843983234093,0.04131582894118409,0.021687389108843158,0.01962843983234093,0.04131582894118409,0.8810236669518107,0.9190428666476572,301,301
2018-02-22,negative,-0.02568328075981373,-0.04278694804820348,-0.017103667288389753,0.02568328075981373,0.04278694804820348,0.11570691949434464,0.08461095527660073,300,301
2018-02-23,positive,0.032494042888058336,0.051638711944088755,0.01914466905603042,0.032494042888058336,0.051638711944088755,0.8795186935780461,0.9206801135790115,302,302
2018-02-23,negative,-0.0074394910513655875,-0.02178212657349684,-0.01434263552213125,0.007499306759805799,0.021811479064437214,0.12007908253689382,0.08011972316213097,301,302
2018-02-26,positive,0.026791040376221723,0.04090831922810715,0.014117278851885427,0.026791040376221723,0.04090831922810715,0.8814605602897502,0.9188752700827374,301,302
2018-02-26,negative,-0.012393244987845256,-0.02186089730422026,-0.009467652316375004,0.012393244987845256,0.02186089730422026,0.11873551468579535,0.08159133627277039,301,302
2018-02-27,positive,0.004855998550006861,0.018248513330156438,0.013392514780149578,0.005864156524211735,0.018631543078257658,0.8798568575233022,0.9203420909440791,300,301
2018-02-27,negative,-0.036730415804561954,-0.050264697618845736,-0.013534281814283781,0.036730415804561954,0.050264697618845736,0.11285730137594319,0.08720927652019529,300,300
2018-02-28,positive,0.009923207572532834,0.027636455715754828,0.017713248143221994,0.009923207572532834,0.027636455715754828,0.8858608589937151,0.9116708287981461,304,304
2018-02-28,negative,-0.03780408816217711,-0.05332570640937157,-0.01552161824719446,0.03780408816217711,0.05332570640937157,0.11886631221260102,0.0813297754058261,299,300
2018-03-01,positive,0.019526912482962608,0.03376345699624793,0.01423654451328532,0.019526912482962608,0.03376345699624793,0.8808038692461639,0.9193962641761173,300,300
2018-03-01,negative,-0.02871301717059647,-0.045201330936385335,-0.016488313765788864,0.02871301717059647,0.045201330936385335,0.1199199689425057,0.08027963086502111,299,300
2018-03-02,positive,0.03990647473240955,0.05914663242062705,0.019240157688217505,0.03990647473240955,0.05914663242062705,0.8845266278075078,0.9155399057919599,301,301
2018-03-02,negative,-0.009905756907503276,-0.0207009889234835,-0.010795232015980226,0.009905756907503276,0.0207009889234835,0.11720115324905743,0.08312168575363117,300,301
2018-03-05,positive,0.03286623691780019,0.04581115645012394,0.012944919532323747,0.03286623691780019,0.04581115645012394,0.8847396827849583,0.9152097863633363,301,302
2018-03-05,negative,-0.01287813116656278,-0.02002946919242236,-0.00715133802585958,0.01287813116656278,0.02002946919242236,0.11001920508603659,0.09031302082758469,301,301
2018-03-06,positive,0.029673186017628788,0.040545618719293484,0.010872432701664696,0.029673186017628788,0.040545618719293484,0.8857420357420358,0.9144100639117252,300,301
2018-03-06,negative,-0.0136974817304095,-0.02354110466094941,-0.00984362293053991,0.0136974817304095,0.02354110466094941,0.11161671661671661,0.08851648351648352,300,300
2018-03-07,positive,0.026440318161244845,0.03876588750564276,0.012325569344397918,0.026440318161244845,0.03876588750564276,0.8902503337783712,0.9098164218958611,300,300
2018-03-07,negative,-0.01840002669691142,-0.026427800479527964,-0.008027773782616543,0.01840002669691142,0.026427800479527964,0.1078695786131788,0.09242323097463284,299,300
2018-03-08,positive,0.02070395211708333,0.03911183178077441,0.01840787966369108,0.02070395211708333,0.03911183178077441,0.884239242215585,0.9158416889483065,299,300
2018-03-08,negative,-0.020158474315444326,-0.03755891807753353,-0.017400443762089206,0.020158474315444326,0.03755891807753353,0.11745144241947308,0.08274909233988519,299,299
2018-03-09,positive,0.03547460566894703,0.049591624330280644,0.014117018661333615,0.03547460566894703,0.049591624330280644,0.8853866266132622,0.9146801290609703,300,300
2018-03-09,negative,-0.008996311601445069,-0.019246726792639977,-0.010250415191194908,0.009060421226876413,0.019293854979936742,0.11047450111854826,0.08982699154428127,299,300
2018-03-12,positive,0.025689427399418673,0.04492435242144088,0.01923492502202221,0.025689427399418673,0.04492435242144088,0.8830846930846931,0.9170585781881462,300,301
2018-03-12,negative,-0.01749472795651635,-0.026492910848821716,-0.008998182892305365,0.01749472795651635,0.026492910848821716,0.11446164946164947,0.08567155067155068,300,300
2018-03-13,positive,0.0128047666170508,0.02234383390373918,0.009539067286688381,0.0128047666170508,0.02234383390373918,0.8889057463598976,0.9113610092252973,300,300
2018-03-13,negative,-0.026621970268264215,-0.036908681833800305,-0.01028671156553609,0.026621970268264215,0.036908681833800305,0.10824901500054085,0.09184505946426587,299,300
2018-03-14,positive,0.014255170155525743,0.03402015253400435,0.01976498237847861,0.014255170155525743,0.03402015253400435,0.8871739371739371,0.912982919627438,300,301
2018-03-14,negative,-0.025221084551911365,-0.03474140394154514,-0.009520319389633772,0.025221084551911365,0.03474140394154514,0.1121062271062271,0.08802697302697304,300,300
2018-03-15,positive,0.012067478502807268,0.021835155469285668,0.0097676769664784,0.012067478502807268,0.021835155469285668,0.8859267557753224,0.9140266440782381,301,302
2018-03-15,negative,-0.030439470867772555,-0.05062244837378898,-0.020182977506016424,0.030439470867772555,0.05062244837378898,0.11930442268849129,0.08102780322512997,301,301
2018-03-16,positive,0.030537357951603096,0.03974860206739181,0.009211244115788712,0.030537357951603096,0.03974860206739181,0.8917996694229389,0.9083329126121953,302,302
2018-03-16,negative,-0.015473256407001736,-0.020599592549327587,-0.005126336142325851,0.015473256407001736,0.020599592549327587,0.10731822000909574,0.092904556300171,301,302
2018-03-19,positive,0.009179654011837792,0.020344869897727914,0.011165215885890123,0.009179654011837792,0.020344869897727914,0.8826962346630441,0.917378554193862,303,304
2018-03-19,negative,-0.034608619548868805,-0.04089636889796137,-0.006287749349092563,0.034608619548868805,0.04089636889796137,0.1079100159356305,0.09228787324642755,303,303
2018-03-20,positive,0.019413775623451444,0.029518836054069617,0.010105060430618172,0.019413775623451444,0.029518836054069617,0.8852691896291509,0.9148798523261664,303,304
2018-03-20,negative,-0.02437480593881519,-0.031062644180739903,-0.006687838241924711,0.02437480593881519,0.031062644180739903,0.10485756785371911,0.09527431477074512,303,303
2018-03-21,positive,0.029364534741322022,0.04286489650743723,0.013500361766115208,0.029364534741322022,0.04286489650743723,0.8840744030794908,0.9159255969205092,305,305
2018-03-21,negative,-0.013857894030875369,-0.020976955316972322,-0.007119061286096953,0.013857894030875369,0.020976955316972322,0.11075749719125398,0.0896056421437993,304,305
2018-03-22,positive,0.0025910383566480665,0.011810232586333898,0.009219194229685833,0.006529442389543859,0.0143186892998676,0.8864421893419318,0.9136236868109009,304,304
2018-03-22,negative,-0.04399160185057511,-0.04934045179815289,-0.005348849947577783,0.04399160185057511,0.04934045179815289,0.10744335303095529,0.09284420289855073,303,304
2018-03-23,positive,0.004973081974786875,0.013759724047539655,0.00878664207275278,0.007547483882717132,0.015503421398338157,0.8889688790202268,0.9109652014016584,304,304
2018-03-23,negative,-0.04392365122014376,-0.04808861444545277,-0.004164963225309008,0.04392365122014376,0.04808861444545277,0.1082984699260961,0.09176744965201859,303,303
2018-03-26,positive,0.04230956899605743,0.04789300914261908,0.005583440146561647,0.04230956899605743,0.04789300914261908,0.8922897550207757,0.9076849654874892,304,305
2018-03-26,negative,-0.00899035135938578,-0.01662635157151211,-0.007636000212126329,0.010763385720724609,0.018149480626312633,0.10738129761080333,0.09294764975761773,304,304
2018-03-27,positive,0.008485859513505377,0.01419002200560104,0.005704162492095663,0.008485859513505377,0.01419002200560104,0.8921317264476719,0.9073816434520819,304,305
2018-03-27,negative,-0.04843730183999059,-0.055420984245054795,-0.006983682405064202,0.04843730183999059,0.055420984245054795,0.10288041662722157,0.09725146599724266,303,303
2018-03-28,positive,0.022864771825401007,0.028747421061809688,0.005882649236408681,0.022864771825401007,0.028747421061809688,0.8919076474732736,0.9081584463799981,303,303
2018-03-28,negative,-0.03177542948937839,-0.040797376458548806,-0.009021946969170413,0.03177542948937839,0.040797376458548806,0.1077647146365057,0.09252485063443555,302,303
2018-03-29,positive,0.03696303753607629,0.04497186488241552,0.008008827346339231,0.03696303753607629,0.04497186488241552,0.8924154453703945,0.9076913145743646,303,304
2018-03-29,negative,-0.01255942750743849,-0.022511200741906028,-0.009951773234467538,0.01255942750743849,0.022511200741906028,0.10534714421310207,0.09485074496895601,303,303
2018-04-02,positive,0.00426356689127403,0.0070968204037077974,0.0028332535124337673,0.008757398030612179,0.011343205925544365,0.8975420824777326,0.9026560681167191,303,303
2018-04-02,negative,-0.04826311559450325,-0.05643126100087696,-0.008168145406373714,0.04826311559450325,0.05643126100087696,0.10666013454994007,0.09349372850098746,302,303
2018-04-03,positive,0.03259137206600536,0.0416776846087438,0.009086312542738437,0.03259137206600536,0.0416776846087438,0.8882250932107865,0.9117749067892135,304,304
2018-04-03,negative,-0.012424762392133165,-0.017632409847388855,-0.00520764745525569,0.012461850531138864,0.01768516048779206,0.10566873820825246,0.09467885632532731,303,304
2018-04-04,positive,0.038196319970441324,0.04743039641754346,0.009234076447102134,0.038196319970441324,0.04743039641754346,0.89438428244632,0.9057474264769597,304,304
2018-04-04,negative,-0.008461488570778502,-0.0161962432056421,-0.007734754634863597,0.008461488570778502,0.0161962432056421,0.11394557644219694,0.09250816079850113,313,313
2018-04-05,positive,0.03346390530313064,0.04367683673649512,0.010212931433364478,0.03346390530313064,0.04367683673649512,0.888599020202896,0.911400979797104,304,304
2018-04-05,negative,-0.01696929303406447,-0.021434186217847224,-0.004464893183782754,0.01696929303406447,0.021434186217847224,0.10444484316635946,0.09589872539668776,303,304
2018-04-06,positive,0.0025937693056050765,0.010655687793220434,0.008061918487615357,0.005223257726225262,0.012923351601075822,0.8937037350045074,0.9063621411483253,304,304
2018-04-06,negative,-0.04124630576321076,-0.046593125679037554,-0.005346819915826792,0.04124630576321076,0.046593125679037554,0.10498984681076803,0.09528963837459259,303,304
2018-04-09,positive,0.02154239262663741,0.02906001779782082,0.007517625171183411,0.02154239262663741,0.02906001779782082,0.8975371421563474,0.9027188433129028,302,303
2018-04-09,negative,-0.021080351981358696,-0.03041169672222844,-0.009331344740869742,0.021080351981358696,0.03041169672222844,0.10532352657766565,0.09474261098847192,302,302
2018-04-10,positive,0.04597537034844458,0.061040185646398674,0.015064815297954094,0.04597537034844458,0.061040185646398674,0.8845963882810483,0.9155357557559523,303,303
2018-04-10,negative,-0.005926560754246173,-0.013954508815419701,-0.008027948061173528,0.0067024753102667475,0.014493875228751563,0.11063617289865822,0.08959681894849544,302,303
2018-04-11,positive,0.022396664799590446,0.035946728325859455,0.013550063526269009,0.022396664799590446,0.035946728325859455,0.8834339504031907,0.9165660495968092,304,304
2018-04-11,negative,-0.0171025246340006,-0.021866364031516275,-0.0047638393975156755,0.0171025246340006,0.021866364031516275,0.1095328972765481,0.09082740830659845,303,304
2018-04-12,positive,0.02860847790074316,0.036822047783159645,0.008213569882416484,0.02860847790074316,0.036822047783159645,0.8900156579812452,0.9100828833489615,304,305
2018-04-12,negative,-0.01602494255662812,-0.02333965726510464,-0.0073147147084765204,0.01602494255662812,0.02333965726510464,0.1092474004290806,0.09094983822969653,304,304
2018-04-13,positive,0.013275227445306693,0.020553869138160992,0.007278641692854299,0.013275227445306693,0.020553869138160992,0.8865770627177095,0.9135546462055699,304,304
2018-04-13,negative,-0.02289237441073057,-0.02978392306479732,-0.0068915486540667495,0.02289237441073057,0.02978392306479732,0.11149019083666682,0.08874484428885847,303,304
2018-04-16,positive,0.028226453193247448,0.03785694009559231,0.009630486902344863,0.028226453193247448,0.03785694009559231,0.8859439923822715,0.9140099223468507,304,305
2018-04-16,negative,-0.014348613507881112,-0.024849294307392182,-0.01050068079951107,0.014348613507881112,0.024849294307392182,0.10042977198990628,0.09234720226333752,292,293
2018-04-17,positive,0.03347241747756968,0.043055427546442225,0.009583010068872543,0.03347241747756968,0.043055427546442225,0.8904429288436404,0.9095570711563596,302,302
2018-04-17,negative,-0.009496508698241132,-0.015608887325217882,-0.00611237862697675,0.009496508698241132,0.015608887325217882,0.1117529737800477,0.08861706917948887,301,302
2018-04-18,positive,0.023216478732559605,0.03774718062538407,0.014530701892824464,0.023216478732559605,0.03774718062538407,0.8824618469643023,0.9176126619350412,301,302
2018-04-18,negative,-0.015768062388820864,-0.022307436703281128,-0.006539374314460264,0.015768062388820864,0.022307436703281128,0.10963951502958268,0.09055968815766834,301,301
2018-04-19,positive,0.013030088206301358,0.02372598271388983,0.01069589450758847,0.013030088206301358,0.02372598271388983,0.882183200177541,0.9180234770029773,300,301
2018-04-19,negative,-0.02857249253557266,-0.04222503689555786,-0.013652544359985197,0.02857249253557266,0.04222503689555786,0.11479582778517529,0.08527075011096316,300,300
2018-04-20,positive,0.01147094352729633,0.019412538252788426,0.007941594725492095,0.01147094352729633,0.019412538252788426,0.8877888777888777,0.9123700220045736,300,301
2018-04-20,negative,-0.024484564361953676,-0.03327268398290407,-0.008788119620950392,0.024484564361953676,0.03327268398290407,0.11009046509046508,0.09004273504273504,300,300
2018-04-23,positive,0.01712682124978168,0.024291280482033134,0.007164459232251456,0.01712682124978168,0.024291280482033134,0.8896492396492397,0.9105158407483988,300,301
2018-04-23,negative,-0.022393887314881386,-0.035495572095564136,-0.01310168478068275,0.022393887314881386,0.035495572095564136,0.11347763347763347,0.08665556665556665,300,300
2018-04-24,positive,0.013549412547301888,0.026282262001593726,0.012732849454291838,0.013549412547301888,0.026282262001593726,0.8845726353228853,0.9156941202623097,300,300
2018-04-24,negative,-0.03130896348288743,-0.040115075284554935,-0.008806111801667509,0.03130896348288743,0.040115075284554935,0.11241874381761591,0.08768922974324773,299,300
2018-04-25,positive,0.02067634176556085,0.030136198317224524,0.009459856551663672,0.02067634176556085,0.030136198317224524,0.8870523507835947,0.9132144048016005,300,300
2018-04-25,negative,-0.021324404582119674,-0.032618928188294906,-0.011294523606175232,0.021324404582119674,0.032618928188294906,0.11381106968766624,0.08630154495943092,299,300
2018-04-26,positive,0.03012632419968595,0.045800898336907175,0.015674574137221224,0.03012632419968595,0.045800898336907175,0.8846584334668447,0.9154083222073877,300,300
2018-04-26,negative,-0.01687251974141265,-0.03584312702478214,-0.018970607283369488,0.01687251974141265,0.03584312702478214,0.12005248916057532,0.08028093012906097,299,300
2018-04-27,positive,0.02167370673110894,0.0375325778265422,0.01585887109543326,0.02167370673110894,0.0375325778265422,0.8834420196642097,0.9165027870680043,299,300
2018-04-27,negative,-0.02234325217194162,-0.04007352341531912,-0.017730271243377498,0.02234325217194162,0.04007352341531912,0.11997237167369493,0.08036207648684018,299,299
2018-04-30,positive,0.014012274931591481,0.025368474978603183,0.011356200047011702,0.014012274931591481,0.025368474978603183,0.8890898454143963,0.9110445180387443,298,298
2018-04-30,negative,-0.03027561324628701,-0.03556010480488132,-0.005284491558594312,0.03027561324628701,0.03556010480488132,0.10600971081320425,0.09421166301826306,297,298
2018-05-01,positive,0.026589406579544946,0.03964333586745214,0.013053929287907193,0.026589406579544946,0.03964333586745214,0.890069040574091,0.9098976340587079,297,298
2018-05-01,negative,-0.018935686411465855,-0.032741430971928116,-0.013805744560462262,0.018935686411465855,0.032741430971928116,0.11203221893457584,0.08830448140212449,297,297
2018-05-02,positive,0.028499455159999434,0.04618889273123658,0.017689437571237147,0.028499455159999434,0.04618889273123658,0.8850530478986312,0.9150143829847134,297,297
2018-05-02,negative,-0.021165113929937616,-0.04021121008384445,-0.019046096153906834,0.021165113929937616,0.04021121008384445,0.11930994970020592,0.08102433641880709,296,297
2018-05-03,positive,0.01762379032534986,0.03599677992711095,0.01837298960176109,0.01762379032534986,0.03599677992711095,0.8798441824402715,0.920223248443073,297,297
2018-05-03,negative,-0.03226890974248463,-0.049721974136061546,-0.01745306439357692,0.03226890974248463,0.049721974136061546,0.1129114195112172,0.0874013227351056,296,297
2018-05-04,positive,0.03249731638265424,0.05237717655712475,0.019879860174470507,0.03249731638265424,0.05237717655712475,0.8789201507381792,0.9211436898810296,296,297
2018-05-04,negative,-0.008674085378267107,-0.026155292439232015,-0.01748120706096491,0.008693766150585144,0.026170784839504448,0.11787940033213497,0.08232316550176104,296,296
2018-05-07,positive,0.03128147221267208,0.03927324020219876,0.00799176798952668,0.03128147221267208,0.03927324020219876,0.8871842124505297,0.912951059784844,296,296
2018-05-07,negative,-0.013451417087169813,-0.021499117468825636,-0.008047700381655823,0.013451417087169813,0.021499117468825636,0.11421332890068382,0.0860372547048232,295,296
2018-05-08,positive,0.024043698250592944,0.04572867902302223,0.021684980772429287,0.024043698250592944,0.04572867902302223,0.8776681940256981,0.9223318059743018,297,297
2018-05-08,negative,-0.022880504962089165,-0.03701936862453183,-0.014138863662442668,0.022880504962089165,0.03701936862453183,0.11158846451848137,0.08878725421727107,296,297
2018-05-09,positive,0.030823242215993862,0.05515562175024073,0.02433237953424687,0.030823242215993862,0.05515562175024073,0.8763012230645408,0.9237662078188038,297,297
2018-05-09,negative,-0.01634762901904938,-0.03900902489133793,-0.02266139587228855,0.01634762901904938,0.03900902489133793,0.11978834448069109,0.0805475523951586,296,297
2018-05-10,positive,0.024808231236931683,0.04530224263135642,0.020494011394424735,0.024808231236931683,0.04530224263135642,0.8796778106542414,0.9202539940794973,297,298
2018-05-10,negative,-0.016624241013761157,-0.03634126011291898,-0.019717019099157823,0.016624241013761157,0.03634126011291898,0.11827477921754016,0.08206192111916018,297,297
2018-05-11,positive,0.021960636584811524,0.03984004015737784,0.017879403572566316,0.021960636584811524,0.03984004015737784,0.88279107581006,0.9172761284910154,298,298
2018-05-11,negative,-0.01736704151009385,-0.030383448842889408,-0.01301640733279556,0.01736704151009385,0.030383448842889408,0.11710349462365592,0.08282930107526883,297,297
2018-05-14,positive,0.02192670747394135,0.037618021231368905,0.015691313757427553,0.02192670747394135,0.037618021231368905,0.8810132426467276,0.9189232564925589,298,299
2018-05-14,negative,-0.022101154992923606,-0.027784000061668892,-0.005682845068745286,0.022101154992923606,0.027784000061668892,0.11297520381964775,0.08736036665015089,298,298
2018-05-15,positive,0.018719903145843656,0.028840574022513603,0.010120670876669947,0.018719903145843656,0.028840574022513603,0.8836020899959462,0.9163430674956792,298,299
2018-05-15,negative,-0.021704289788738677,-0.02835178541340134,-0.006647495624662662,0.021704289788738677,0.02835178541340134,0.11229280212603036,0.0880427683437683,298,298
2018-05-16,positive,0.02776091134552926,0.04078758800424717,0.013026676658717911,0.02776091134552926,0.04078758800424717,0.8824592804324305,0.9176076988040061,299,299
2018-05-16,negative,-0.010324476104967067,-0.018559752577686914,-0.008235276472719847,0.010324476104967067,0.018559752577686914,0.11481039032262416,0.08550661167947636,298,299
2018-05-17,positive,0.023726689710170366,0.037995063352117345,0.014268373641946979,0.023726689710170366,0.037995063352117345,0.8825659550297232,0.9178422867311756,299,300
2018-05-17,negative,-0.014179739897920325,-0.02464650184236247,-0.010466761944442144,0.014179739897920325,0.02464650184236247,0.11183424226902489,0.08840507173840507,299,300
2018-05-18,positive,0.018547418419031615,0.027906149442941154,0.00935873102390954,0.018547418419031615,0.027906149442941154,0.890396373789496,0.9098030942956102,301,301
2018-05-18,negative,-0.018931278036636457,-0.028925003050340282,-0.009993725013703825,0.018931278036636457,0.028925003050340282,0.11448470744680851,0.0856961723333569,300,301
2018-05-21,positive,0.027073381622376207,0.03175494364322905,0.0046815620208528405,0.027073381622376207,0.03175494364322905,0.8852230683365186,0.9150428007229696,301,301
2018-05-21,negative,-0.014420496649099229,-0.023442332806531643,-0.009021836157432414,0.014420496649099229,0.023442332806531643,0.11331893209261105,0.08679167370535128,300,301
2018-05-22,positive,0.013501189895517938,0.02159907865066081,0.008097888755142873,0.013501189895517938,0.02159907865066081,0.8882960705541476,0.9117314878557872,301,302
2018-05-22,negative,-0.02603164089908623,-0.03684827646681869,-0.010816635567732456,0.02603164089908623,0.03684827646681869,0.11652953566711648,0.08373615679385994,301,301
2018-05-23,positive,0.021019380025498864,0.03435931150954536,0.013339931484046497,0.021019380025498864,0.03435931150954536,0.885860817508004,0.9140925185233755,302,303
2018-05-23,negative,-0.017207190074409875,-0.02556345335890553,-0.008356263284495655,0.017207190074409875,0.02556345335890553,0.11447524231393359,0.08585588351388096,302,302
2018-05-24,positive,0.017768265688903,0.029905342740802927,0.012137077051899928,0.017768265688903,0.029905342740802927,0.8855797002993502,0.9145048522059354,302,303
2018-05-24,negative,-0.018698226932217586,-0.027418084647698758,-0.008719857715481172,0.018698226932217586,0.027418084647698758,0.10973939455033947,0.09045914946024955,302,302
2018-05-25,positive,0.016017397656207796,0.02863798821920595,0.012620590562998156,0.016017397656207796,0.02863798821920595,0.8805048847086047,0.9195629192303744,302,303
2018-05-25,negative,-0.019751601709273873,-0.03563150450954271,-0.015879902800268835,0.019751601709273873,0.03563150450954271,0.11967371724352541,0.08052482676706361,302,302
2018-05-29,positive,0.03292514075943588,0.026072339116879745,-0.006852801642556135,0.03292514075943588,0.026072339116879745,0.891488157735496,0.9086439863015043,303,303
2018-05-29,negative,-0.026280557222047373,-0.0334697131075887,-0.007189155885541327,0.026280557222047373,0.0334697131075887,0.11240994405756577,0.08782890181981527,302,303
2018-05-30,positive,0.035206837467241105,0.04431210083082282,0.009105263363581716,0.035206837467241105,0.04431210083082282,0.8899126023713481,0.910021260062514,303,303
2018-05-30,negative,-0.008154287596059875,-0.01582983513583985,-0.0076755475397799755,0.008470050674764494,0.01608882226452993,0.10718227688426364,0.09288386068187392,302,302
2018-05-31,positive,0.013240780111203367,0.034376190558177026,0.02113541044697366,0.013240780111203367,0.034376190558177026,0.8896245149163229,0.9105729834378574,304,304
2018-05-31,negative,-0.028512177076432332,-0.04111485877785827,-0.012602681701425936,0.028512177076432332,0.04111485877785827,0.11501726209487308,0.08516358580783756,303,304
2018-06-01,positive,0.028442146239888534,0.03966824357547915,0.011226097335590615,0.028442146239888534,0.03966824357547915,0.8853178706796588,0.9146996512148182,304,305
2018-06-01,negative,-0.0143897360112209,-0.02377026630670338,-0.00938053029548248,0.0143897360112209,0.02377026630670338,0.11258037089600027,0.0876827004621056,304,304
2018-06-04,positive,0.024801567982048432,0.03703088938142936,0.012229321399380925,0.024801567982048432,0.03703088938142936,0.8822674544384637,0.917740066091288,304,305
2018-06-04,negative,-0.019418945476813436,-0.03419632864946502,-0.014777383172651586,0.019418945476813436,0.03419632864946502,0.11679903165509958,0.08346403970300628,304,304
2018-06-05,positive,0.02954406314909433,0.04193191249803754,0.012387849348943207,0.02954406314909433,0.04193191249803754,0.8830669911473824,0.9171398720406712,304,305
2018-06-05,negative,-0.013969032545683964,-0.01889462048909543,-0.004925587943411467,0.013969032545683964,0.01889462048909543,0.1114120098208728,0.08865369320146621,304,304
2018-06-06,positive,0.027160633659052236,0.041867073999992434,0.014706440340940197,0.027160633659052236,0.041867073999992434,0.8812454598128577,0.9188899004972444,304,305
2018-06-06,negative,-0.014871457763519894,-0.02009753832969351,-0.005226080566173616,0.014871457763519894,0.02009753832969351,0.10797970320148052,0.09215174602625527,304,304
2018-06-07,positive,0.01974284342927239,0.03380037972820447,0.014057536298932076,0.01974284342927239,0.03380037972820447,0.8864721827804313,0.9137246676132696,305,305
2018-06-07,negative,-0.026447624234978016,-0.03800449708680384,-0.011556872851825824,0.026447624234978016,0.03800449708680384,0.11322782842934108,0.0869465599586937,304,305
2018-06-08,positive,0.022419964728646193,0.03400776749126866,0.011587802762622466,0.022419964728646193,0.03400776749126866,0.8861771395082505,0.9140852416003098,305,305
2018-06-08,negative,-0.01796379436463088,-0.024157238726997977,-0.0061934443623670975,0.01796379436463088,0.024157238726997977,0.11150603735478415,0.08859717510175333,304,305
2018-06-11,positive,0.025098551785825162,0.03573565721304256,0.010637105427217398,0.025098551785825162,0.03573565721304256,0.8858025586880948,0.9142164896112492,305,306
2018-06-11,negative,-0.018477192113031834,-0.025422361779231874,-0.006945169666200041,0.018477192113031834,0.025422361779231874,0.1089301545851669,0.09133205452659972,305,305
2018-06-12,positive,0.024979833300119943,0.035975074920450094,0.010995241620330151,0.024979833300119943,0.035975074920450094,0.8851388514366673,0.9147956606785913,306,306
2018-06-12,negative,-0.018441686656899447,-0.023178000157056258,-0.004736313500156811,0.018441686656899447,0.023178000157056258,0.10888004981373525,0.09118543807100604,305,305
2018-06-13,positive,0.018053266206581826,0.028269486894084993,0.010216220687503167,0.018053266206581826,0.028269486894084993,0.8878543149200498,0.9123667939548056,306,307
2018-06-13,negative,-0.02493957333902762,-0.03171985289698422,-0.006780279557956601,0.02493957333902762,0.03171985289698422,0.11225127561903789,0.08781399853239816,306,306
2018-06-14,positive,0.023880370784993464,0.03233349789546721,0.008453127110473746,0.023880370784993464,0.03233349789546721,0.8888664762660997,0.9112276789988449,306,307
2018-06-14,negative,-0.017902124057990597,-0.023764424424111176,-0.005862300366120579,0.017902124057990597,0.023764424424111176,0.10903420806598277,0.09116174229325956,306,306
2018-06-15,positive,0.024898921621530328,0.02982762963051961,0.004928708008989282,0.024898921621530328,0.02982762963051961,0.8955821479241836,0.9044178520758167,307,307
2018-06-15,negative,-0.024545252300632595,-0.02990295182040599,-0.005357699519773395,0.024545252300632595,0.02990295182040599,0.1079950740491955,0.09235670143630673,306,307
2018-06-18,positive,0.025650374657785337,0.040407292444938285,0.014756917787152948,0.025650374657785337,0.040407292444938285,0.8871376513781577,0.9128855318482945,308,309
2018-06-18,negative,-0.019177872768996542,-0.02573456642850021,-0.006556693659503669,0.019177872768996542,0.02573456642850021,0.10657433284015563,0.09368532311570285,308,308
2018-06-19,positive,0.01956515670093045,0.03222216707596419,0.01265701037503374,0.01956515670093045,0.03222216707596419,0.8890980772474278,0.9108666414491656,308,309
2018-06-19,negative,-0.024498502297117475,-0.03257864636796125,-0.008080144070843773,0.024498502297117475,0.03257864636796125,0.1126180637544274,0.08770661157024794,308,308
2018-06-20,positive,0.029405738231878142,0.057066656092306926,0.027660917860428784,0.029405738231878142,0.057066656092306926,0.8866360538124108,0.9136229296773916,309,309
2018-06-20,negative,-0.014349165085613961,-0.02646783723949648,-0.012118672153882518,0.014349165085613961,0.02646783723949648,0.11495860888868335,0.08515444195448722,308,309
2018-06-21,positive,0.01013383917351755,0.02183016351703,0.011696324343512449,0.01013383917351755,0.02183016351703,0.8859343588070031,0.9142784160810727,309,310
2018-06-21,negative,-0.036437628400247495,-0.04878583557637283,-0.012348207176125336,0.036437628400247495,0.04878583557637283,0.11249720201747612,0.08756743922363568,309,309
2018-06-22,positive,0.03088422064765811,0.04299806586825026,0.012113845220592147,0.03088422064765811,0.04299806586825026,0.8905961985137917,0.9095019898160964,311,312
2018-06-22,negative,-0.026746280700235457,-0.027643370023264145,-0.0008970893230286874,0.026746280700235457,0.027643370023264145,0.1010562783623604,0.09913652369419486,311,311
2018-06-25,positive,0.01043691029829789,0.025298773453207152,0.014861863154909262,0.010452198991705883,0.025311033833319233,0.8892031007629939,0.9109224091209094,319,319
2018-06-25,negative,-0.04422814423840845,-0.05073330362953497,-0.0065051593911265235,0.04422814423840845,0.05073330362953497,0.10817777804090122,0.09203582736685968,318,319
2018-06-26,positive,0.02999735523182599,0.03724826309817853,0.007250907866352543,0.02999735523182599,0.03724826309817853,0.8934768186075555,0.9066898925559468,320,321
2018-06-26,negative,-0.017175121351039584,-0.022305885034781498,-0.005130763683741914,0.017175121351039584,0.022305885034781498,0.10609584764283483,0.09402903527942555,320,320
2018-06-27,positive,0.006591360287235698,0.016693883828568467,0.010102523541332769,0.007037708893066029,0.017047183656935,0.8831068132040049,0.9169557650187734,320,320
2018-06-27,negative,-0.045001115204473516,-0.05021738849755771,-0.005216273293084196,0.045001115204473516,0.05021738849755771,0.10446247464503045,0.09580139236545682,319,320
2018-06-28,positive,0.02557089658161815,0.03255392329141249,0.006983026709794341,0.02557089658161815,0.03255392329141249,0.8895220024984092,0.9105703712406015,319,320
2018-06-28,negative,-0.023043691336519782,-0.028791080070234253,-0.00574738873371447,0.023043691336519782,0.028791080070234253,0.10816618348378783,0.0920217864410242,319,319
2018-06-29,positive,0.02218274037205643,0.03207487499284207,0.009892134620785639,0.02218274037205643,0.03207487499284207,0.8940310743285448,0.906075058228794,320,321
2018-06-29,negative,-0.022570543952218948,-0.02688405987872537,-0.004313515926506421,0.022570543952218948,0.02688405987872537,0.101701085259213,0.09848629762648345,320,320
2018-07-02,positive,0.030243948393684095,0.04293832470567298,0.012694376311988883,0.030243948393684095,0.04293832470567298,0.8926661256257823,0.9073964525969963,320,320
2018-07-02,negative,-0.021211738672224936,-0.0280599507915416,-0.0068482121193166635,0.021211738672224936,0.0280599507915416,0.10304514655859008,0.09721429130162704,319,320
2018-07-03,positive,0.022695728558841305,0.028864932406670197,0.006169203847828892,0.022695728558841305,0.028864932406670197,0.8896781191369605,0.9105094981238274,320,320
2018-07-03,negative,-0.01707879908809853,-0.02390329938911525,-0.006824500301016719,0.01707879908809853,0.02390329938911525,0.1067325581623311,0.09341336382113821,319,320
2018-07-05,positive,0.03299062659016449,0.03573799286372718,0.0027473662735626944,0.03299062659016449,0.03573799286372718,0.8946997014386301,0.9055338134001252,319,320
2018-07-05,negative,-0.012229496831462567,-0.012385384460688412,-0.00015588762922584543,0.012229496831462567,0.012385384460688412,0.09772094228402392,0.1023416751236154,319,319
2018-07-06,positive,0.027369916814189967,0.03405549414776624,0.006685577333576276,0.027369916814189967,0.03405549414776624,0.8917228812635792,0.9084388701847793,319,320
2018-07-06,negative,-0.013404984249673964,-0.013484333345355414,-7.934909568145e-05,0.013404984249673964,0.013484333345355414,0.09923402191510232,0.10089125212185354,319,319
2018-07-09,positive,0.029919272203989135,0.03524572795582801,0.005326455751838877,0.029919272203989135,0.03524572795582801,0.8921185661764707,0.9079440120463078,320,320
2018-07-09,negative,-0.018024747782775533,-0.023739244640668258,-0.005714496857892725,0.018024747782775533,0.023739244640668258,0.11054276309336515,0.08974010481852315,319,320
2018-07-10,positive,0.01772067243340893,0.022431732613062222,0.004711060179653292,0.01772067243340893,0.022431732613062222,0.8938418255704909,0.906408252578931,320,320
2018-07-10,negative,-0.024988032391141068,-0.03373089360563629,-0.008742861214495221,0.024988032391141068,0.03373089360563629,0.10859829825347066,0.09149099327914974,319,320
2018-07-11,positive,0.011678947254072232,0.018864377496247628,0.007185430242175396,0.011678947254072232,0.018864377496247628,0.8899002350359927,0.9103506273032986,319,319
2018-07-11,negative,-0.03251378030983849,-0.042217296267239995,-0.009703515957401508,0.03251378030983849,0.042217296267239995,0.11200894979006058,0.08809131310509973,318,319
2018-07-12,positive,0.027557428162584618,0.036943350963874404,0.009385922801289786,0.027557428162584618,0.036943350963874404,0.8897462270347659,0.9104419787368779,319,319
2018-07-12,negative,-0.01682575249575199,-0.023034014863320358,-0.006208262367568367,0.01682575249575199,0.023034014863320358,0.1064778098687689,0.09366777059742057,318,319
2018-07-13,positive,0.017255460942485163,0.025778946700906573,0.00852348575842141,0.017255460942485163,0.025778946700906573,0.8901118476453693,0.9101073301502819,319,320
2018-07-13,negative,-0.019774902366656997,-0.02826800100140344,-0.008493098634746444,0.019774902366656997,0.02826800100140344,0.10948231696185835,0.09058030044578097,319,319
2018-07-16,positive,0.014022323869679975,0.018284649816361017,0.004262325946681042,0.014022323869679975,0.018284649816361017,0.888563358407578,0.9115889960083791,318,319
2018-07-16,negative,-0.03254605804515765,-0.04209740447640893,-0.00955134643125128,0.03254605804515765,0.04209740447640893,0.10555881580013317,0.09456685180904056,318,318
2018-07-17,positive,0.025821600430698175,0.03199610636380705,0.006174505933108875,0.025821600430698175,0.03199610636380705,0.8942435992416277,0.9059457946977663,317,317
2018-07-17,negative,-0.01758718885004606,-0.02227359520908614,-0.0046864063590400795,0.01758718885004606,0.02227359520908614,0.10597519898350596,0.09416971369849919,316,317
2018-07-18,positive,0.02303256946088929,0.028982456572031877,0.005949887111142586,0.02303256946088929,0.028982456572031877,0.8904701112947571,0.9096892200931311,316,317
2018-07-18,negative,-0.018394357396881486,-0.02396368265297195,-0.005569325256090465,0.018394357396881486,0.02396368265297195,0.10670649959780212,0.09341996262160983,316,316
2018-07-19,positive,0.024964938639734157,0.03275588773623318,0.007790949096499026,0.024964938639734157,0.03275588773623318,0.8915082133921336,0.9086549077230044,315,316
2018-07-19,negative,-0.017309354136260013,-0.02514087876179581,-0.007831524625535796,0.017309354136260013,0.02514087876179581,0.11133614244936794,0.08879072085542115,315,315
2018-07-20,positive,0.013987336432234066,0.02298295849144869,0.008995622059214623,0.013987336432234066,0.02298295849144869,0.8866227572109925,0.9133772427890076,315,315
2018-07-20,negative,-0.023905312997334536,-0.031214748869794213,-0.007309435872459677,0.023905312997334536,0.031214748869794213,0.11098953955829191,0.0893628081863376,314,315
2018-07-23,positive,0.020416271053326322,0.029390795144850067,0.008974524091523745,0.020416271053326322,0.029390795144850067,0.8876124195697387,0.9124513559404652,314,314
2018-07-23,negative,-0.02204167672319242,-0.024623296449470068,-0.0025816197262776494,0.02204167672319242,0.024623296449470068,0.10456891422703266,0.09570033228259456,313,314
2018-07-24,positive,0.013571534061000774,0.02328239913417688,0.009710865073176107,0.013571534061000774,0.02328239913417688,0.8861513266065526,0.9138689279303077,304,305
2018-07-24,negative,-0.03357775737105605,-0.04500816270575754,-0.011430405334701493,0.03357775737105605,0.04500816270575754,0.1138346111909171,0.08642846016718878,304,304
2018-07-25,positive,0.02733381857945565,0.04287965392170097,0.01554583534224532,0.02733381857945565,0.04287965392170097,0.8860457861809612,0.9140859227423185,304,304
2018-07-25,negative,-0.01997788119471928,-0.034054447992156046,-0.014076566797436768,0.01997788119471928,0.034054447992156046,0.1193095931259244,0.08095116371765766,303,304
2018-07-26,positive,0.026649056132532604,0.047413640937529075,0.02076458480499647,0.026649056132532604,0.047413640937529075,0.8796202054675861,0.9205772928865944,304,304
2018-07-26,negative,-0.02006618407163986,-0.03666752487635067,-0.01660134080471081,0.02006618407163986,0.03666752487635067,0.11744688293714163,0.08274195713939225,303,304
2018-07-27,positive,0.008090049467365898,0.02423997433026506,0.01614992486289916,0.008090049467365898,0.02423997433026506,0.8818872303621639,0.9177892475736599,303,304
2018-07-27,negative,-0.045412433443982,-0.06145987374572528,-0.01604744030174328,0.045412433443982,0.06145987374572528,0.11283227481036318,0.0874740150816139,302,303
2018-07-30,positive,0.042157433622252855,0.026395790600729187,-0.015761643021523667,0.042157433622252855,0.026395790600729187,0.8892828860922765,0.9109821023144807,302,302
2018-07-30,negative,-0.03533860618233778,-0.04740890281182989,-0.012070296629492112,0.03533860618233778,0.04740890281182989,0.11887723267588772,0.08125141213813618,301,302
2018-07-31,positive,0.03565790317683963,0.047977260091754216,0.012319356914914585,0.03565790317683963,0.047977260091754216,0.888517131208335,0.9116816759487226,302,302
2018-07-31,negative,-0.0145685801523525,-0.024396827926153962,-0.009828247773801462,0.0145685801523525,0.024396827926153962,0.1119055324751381,0.08826620848858284,301,302
2018-08-01,positive,0.024322333492016544,0.043212826895635124,0.01889049340361858,0.024322333492016544,0.043212826895635124,0.8853638541295428,0.9146539949544825,301,302
2018-08-01,negative,-0.029266717092711017,-0.04429091955264311,-0.015024202459932093,0.029266717092711017,0.04429091955264311,0.11383123453207564,0.08643445792890078,301,301
2018-08-02,positive,0.03129071033388905,0.05725253807709858,0.025961827743209535,0.03129071033388905,0.05725253807709858,0.8775136384865339,0.9227522305729543,301,301
2018-08-02,negative,-0.019103895309049105,-0.041932161245415066,-0.02282826593636596,0.019103895309049105,0.041932161245415066,0.11885842472582255,0.08127058470215047,300,301
2018-08-03,positive,0.01978925719909358,0.04236274184821038,0.0225734846491168,0.01978925719909358,0.04236274184821038,0.8782211624927867,0.9217730352944281,301,302
2018-08-03,negative,-0.02946820428624478,-0.04569955492017111,-0.01623135063392633,0.02946820428624478,0.04569955492017111,0.1173929258278891,0.08287276663308732,301,301
2018-08-06,positive,0.02760193715175225,0.037577398971510655,0.009975461819758405,0.02760193715175225,0.037577398971510655,0.8896995599056592,0.9103669736938083,301,301
2018-08-06,negative,-0.0160728606038287,-0.02332388231388982,-0.007251021710061121,0.0160728606038287,0.02332388231388982,0.11091483699268129,0.08938711723839142,300,301
2018-08-07,positive,0.02206523464527032,0.04293676424503704,0.020871529599766722,0.02206523464527032,0.04293676424503704,0.8819057922769639,0.9182999632826222,300,301
2018-08-07,negative,-0.019343063838513707,-0.03976546754878426,-0.020422403710270553,0.019343063838513707,0.03976546754878426,0.12277185974256545,0.077294718153573,300,300
2018-08-08,positive,0.01902401226054521,0.04697468357717986,0.027950671316634652,0.01902401226054521,0.04697468357717986,0.875300855163874,0.9246991448361258,301,301
2018-08-08,negative,-0.020886877569190842,-0.04607103905925519,-0.02518416149006435,0.020886877569190842,0.04607103905925519,0.12131946755407653,0.07908358715540544,300,301
2018-08-09,positive,0.026214763562585876,0.049994033771952065,0.02377927020936619,0.026214763562585876,0.049994033771952065,0.8791514442445447,0.9207795208026225,301,302
2018-08-09,negative,-0.017191139828614664,-0.03602427549186246,-0.018833135663247798,0.017191139828614664,0.03602427549186246,0.12069844703700842,0.07963377887661283,301,301
2018-08-10,positive,0.0169753485132956,0.03203561983334646,0.015060271320050861,0.0169753485132956,0.03203561983334646,0.8819077838154571,0.918092216184543,301,301
2018-08-10,negative,-0.025244410825392156,-0.037162755809299446,-0.01191834498390729,0.025244410825392156,0.037162755809299446,0.11430116472545758,0.08607857336333133,300,301
2018-08-13,positive,0.013431550926293709,0.022935801489636205,0.009504250563342496,0.013431550926293709,0.022935801489636205,0.8855237461162894,0.9146940292234939,300,301
2018-08-13,negative,-0.029852830238156446,-0.039688692097329115,-0.009835861859172668,0.029852830238156446,0.039688692097329115,0.11330337328007102,0.08676320461606746,300,300
2018-08-14,positive,0.027746840668554443,0.036219030173708804,0.00847218950515436,0.027746840668554443,0.036219030173708804,0.8853283333333334,0.9146229235880398,300,301
2018-08-14,negative,-0.014082399278418525,-0.023789277820781305,-0.00970687854236278,0.014082399278418525,0.023789277820781305,0.11271444444444446,0.0876188888888889,300,300
2018-08-15,positive,0.00951285436819552,0.017302153760802297,0.0077892993926067765,0.00951285436819552,0.017302153760802297,0.8896359897743692,0.9106307658108259,300,300
2018-08-15,negative,-0.04175573465998545,-0.0532777476032573,-0.011522012943271848,0.04175573465998545,0.0532777476032573,0.11644182397476974,0.08367955985328443,299,300
2018-08-16,positive,0.026344293129087225,0.036498272330890966,0.01015397920180374,0.026344293129087225,0.036498272330890966,0.884282563391026,0.9157174366089741,301,301
2018-08-16,negative,-0.008861674155891905,-0.017426138926902576,-0.008564464771010671,0.008861674155891905,0.017426138926902576,0.11591514143094843,0.08446995870669592,300,301
2018-08-17,positive,0.023142156694280464,0.030987917431610036,0.007845760737329573,0.023142156694280464,0.030987917431610036,0.8918654892813506,0.9081740195128756,300,301
2018-08-17,negative,-0.013902360277216754,-0.02109168862223356,-0.007189328345016807,0.013902360277216754,0.02109168862223356,0.11184438520493169,0.08842219260246585,300,300
2018-08-20,positive,0.02322469381781082,0.03276820537100267,0.009543511553191848,0.02322469381781082,0.03276820537100267,0.8846485374263151,0.9154849293738183,300,300
2018-08-20,negative,-0.014939927509304993,-0.020612937938529807,-0.005673010429224815,0.014939927509304993,0.020612937938529807,0.10340942949638601,0.0968018018018018,299,300
2018-08-21,positive,0.03006627007106926,0.03723395749143783,0.007167687420368572,0.03006627007106926,0.03723395749143783,0.8927498334443703,0.9073591027908305,300,301
2018-08-21,negative,-0.009769393880769354,-0.016642849756753744,-0.00687345587598439,0.009769393880769354,0.016642849756753744,0.10750832778147901,0.09269153897401732,300,300
2018-08-22,positive,0.02306684155072742,0.0367005748413243,0.013633733290596882,0.02306684155072742,0.0367005748413243,0.8857401242787394,0.9144783699253709,300,301
2018-08-22,negative,-0.014395795686902559,-0.019475367853660688,-0.005079572166758129,0.014395795686902559,0.019475367853660688,0.11270250776742122,0.08736407012871727,300,300
2018-08-23,positive,0.014016736392657951,0.02221547376194776,0.00819873736928981,0.014016736392657951,0.02221547376194776,0.8869779820204552,0.9130885515790127,301,301
2018-08-23,negative,-0.02105321873819507,-0.027710700670654783,-0.006657481932459713,0.02105321873819507,0.027710700670654783,0.11028997560434686,0.0900099026752696,300,301
2018-08-24,positive,0.023335561529549034,0.03687860047349136,0.013543038943942327,0.023335561529549034,0.03687860047349136,0.8825400141024707,0.9175265194969972,301,301
2018-08-24,negative,-0.012051658583768459,-0.017639440069152287,-0.005587781485383829,0.012051658583768459,0.017639440069152287,0.10969782656908407,0.09060008443799002,300,301
2018-08-27,positive,0.023103606358413867,0.03235454840176069,0.009250942043346824,0.023103606358413867,0.03235454840176069,0.884053738317757,0.9160130173564753,300,300
2018-08-27,negative,-0.01500829989470002,-0.02349943663969041,-0.00849113674499039,0.01500829989470002,0.02349943663969041,0.11315365861282158,0.08715676457498887,299,300
2018-08-28,positive,0.016706932532047882,0.02953890037252446,0.012831967840476577,0.016706932532047882,0.02953890037252446,0.8828976071229827,0.9171023928770173,300,300
2018-08-28,negative,-0.01674223286473792,-0.02411970697756446,-0.007377474112826542,0.01674223286473792,0.02411970697756446,0.11079111786087179,0.0895781858653311,299,300
2018-08-29,positive,0.02098364907325018,0.035943207094289116,0.014959558021038936,0.02098364907325018,0.035943207094289116,0.8819264574988875,0.9181402981753448,300,300
2018-08-29,negative,-0.012823510091056714,-0.018325593694076422,-0.0055020836030197084,0.012823510091056714,0.018325593694076422,0.10926664761488006,0.09103081886960392,299,300
2018-08-30,positive,0.015701575011775246,0.028707743715890098,0.013006168704114852,0.015701575011775246,0.028707743715890098,0.8870826800997199,0.9130743958124515,299,300
2018-08-30,negative,-0.022124545854673973,-0.03384543413497229,-0.011720888280298318,0.022124545854673973,0.03384543413497229,0.11129871595595967,0.0888349292161085,299,299
2018-08-31,positive,0.02173639565858413,0.03341430081399305,0.011677905155408917,0.02173639565858413,0.03341430081399305,0.8857611378391429,0.9143248663101605,299,300
2018-08-31,negative,-0.014136437222900035,-0.0179239472313945,-0.0037875100084944647,0.014136437222900035,0.0179239472313945,0.10807247420099085,0.09212806055836746,299,299
2018-09-04,positive,0.017389373419608514,0.02821369138180122,0.010824317962192707,0.017389373419608514,0.02821369138180122,0.8888579216733422,0.91120883400089,300,300
2018-09-04,negative,-0.027641434211041514,-0.034212648408949026,-0.006571214197907512,0.027641434211041514,0.034212648408949026,0.11155118753655933,0.08875389408099688,299,300
2018-09-05,positive,0.017954703049490237,0.0268404853318642,0.008885782282373963,0.017954703049490237,0.0268404853318642,0.8892751692751691,0.9108886683637514,300,301
2018-09-05,negative,-0.030736521178653036,-0.0409687959835789,-0.010232274804925865,0.030736521178653036,0.0409687959835789,0.11323454323454324,0.0868986568986569,300,300
2018-09-06,positive,0.01348793528337684,0.024836066936396506,0.011348131653019665,0.01348793528337684,0.024836066936396506,0.8849794375903078,0.9152873179948874,300,300
2018-09-06,negative,-0.035749694486215976,-0.048700473321522636,-0.01295077883530666,0.035749694486215976,0.048700473321522636,0.11536788740059395,0.08474991663887962,299,300
2018-09-07,positive,0.018353900182310836,0.028501550359171606,0.01014765017686077,0.018353900182310836,0.028501550359171606,0.888779230702207,0.9114501224671566,299,300
2018-09-07,negative,-0.020971438995748146,-0.030139417212458455,-0.00916797821671031,0.020971438995748146,0.030139417212458455,0.11362077555333634,0.08644602471386474,299,299
2018-09-10,positive,0.024493743997942418,0.035687932677470474,0.011194188679528056,0.024493743997942418,0.035687932677470474,0.8854308393822206,0.9147873524827431,299,300
2018-09-10,negative,-0.021135507769909825,-0.026333947364223335,-0.005198439594313511,0.021135507769909825,0.026333947364223335,0.10747247002365937,0.09259433024354172,299,299
2018-09-11,positive,0.022974583057622903,0.03370878393773662,0.010734200880113714,0.022974583057622903,0.03370878393773662,0.8901502002670229,0.9099165554072095,300,300
2018-09-11,negative,-0.01951601080871965,-0.030562822712275804,-0.011046811903556154,0.01951601080871965,0.030562822712275804,0.1091332478979777,0.09116377392078327,299,300
2018-09-12,positive,0.023856166161679373,0.03087026916899267,0.0070141030073132965,0.023856166161679373,0.03087026916899267,0.8910096083936422,0.9089604236343367,299,300
2018-09-12,negative,-0.02441107853747106,-0.03466151683301302,-0.010250438295541963,0.02441107853747106,0.03466151683301302,0.1102409369022718,0.09009351125826333,299,299
2018-09-13,positive,0.02059792001732297,0.02950148420032183,0.008903564182998858,0.02059792001732297,0.02950148420032183,0.8859380767552935,0.9140150501672241,299,300
2018-09-13,negative,-0.021879428040833107,-0.0304277579914786,-0.008548329950645493,0.021879428040833107,0.0304277579914786,0.11153230948199686,0.08880213867853827,299,299
2018-09-14,positive,0.022550959628060946,0.02972755216800314,0.007176592539942194,0.022550959628060946,0.02972755216800314,0.8879744220496174,0.912159491576094,299,299
2018-09-14,negative,-0.019440061404586366,-0.026352200779472593,-0.006912139374886227,0.019440061404586366,0.026352200779472593,0.10681015946057075,0.09341315152729833,298,299
2018-09-17,positive,0.014248413731979532,0.02166775053075628,0.0074193367987767465,0.014248413731979532,0.02166775053075628,0.8866030262796702,0.9133969737203295,299,299
2018-09-17,negative,-0.03334347107616828,-0.045431446926183186,-0.012087975850014906,0.03334347107616828,0.045431446926183186,0.11300068575539889,0.08737724295950207,298,299
2018-09-18,positive,0.027348500516176,0.04258458572227981,0.015236085206103808,0.027348500516176,0.04258458572227981,0.8868800636703449,0.9132096702317289,299,300
2018-09-18,negative,-0.015050006576010478,-0.021854187810649253,-0.006804181234638775,0.015050006576010478,0.021854187810649253,0.10883929050489154,0.09136124425446678,299,299
2018-09-19,positive,0.022761707886985616,0.031705132159497655,0.00894342427251204,0.022761707886985616,0.031705132159497655,0.8897253724705357,0.9104747609517456,300,300
2018-09-19,negative,-0.026160439215286876,-0.03289582610466508,-0.0067353868893782025,0.026160439215286876,0.03289582610466508,0.10976436911118002,0.09040137869690905,299,300
2018-09-20,positive,0.030580592104077885,0.04836164880286049,0.0177810566987826,0.030580592104077885,0.04836164880286049,0.8884361796753392,0.9117639537469423,300,300
2018-09-20,negative,-0.01032418474707022,-0.017508525039545083,-0.007184340292474863,0.01032418474707022,0.017508525039545083,0.11212157045611233,0.0880520346897932,299,300
2018-09-21,positive,0.02038570873859941,0.028100848059702734,0.007715139321103324,0.02038570873859941,0.028100848059702734,0.891617205735245,0.90864954984995,300,300
2018-09-21,negative,-0.02833865175618428,-0.035202081080696446,-0.006863429324512164,0.02833865175618428,0.035202081080696446,0.10315813186335245,0.096918972990997,299,300
2018-09-24,positive,0.02136208146057683,0.031763450786486735,0.010401369325909904,0.02136208146057683,0.031763450786486735,0.8923509358186973,0.9078871474169933,303,304
2018-09-24,negative,-0.027752535268106455,-0.03794382882487328,-0.010191293556766824,0.027752535268106455,0.03794382882487328,0.10871400258021846,0.09135191699789623,303,303
2018-09-25,positive,0.023051591162560635,0.034726744740622574,0.01167515357806194,0.023051591162560635,0.034726744740622574,0.8880579744464656,0.9120076854353465,305,305
2018-09-25,negative,-0.022891620264766755,-0.035329733341706054,-0.0124381130769393,0.022891620264766755,0.035329733341706054,0.10830748695441822,0.09198195967837423,304,305
2018-09-26,positive,0.013926078992896431,0.024241927804884,0.010315848811987568,0.013926078992896431,0.024241927804884,0.88888117981154,0.911315670582161,305,305
2018-09-26,negative,-0.03127713920432357,-0.03849318444385224,-0.007216045239528672,0.03127713920432357,0.03849318444385224,0.10865030131924301,0.09150907878318489,304,305
2018-09-27,positive,0.020587238471936324,0.02941254371219133,0.008825305240255005,0.020587238471936324,0.02941254371219133,0.8890239646034805,0.9111363728808479,305,306
2018-09-27,negative,-0.020081303921066797,-0.027418617280198055,-0.0073373133591312575,0.020081303921066797,0.027418617280198055,0.11084931242046256,0.08928170624969796,305,305
2018-09-28,positive,0.023319848905322155,0.032603931109819316,0.009284082204497161,0.023319848905322155,0.032603931109819316,0.8900088485361445,0.9098280155857547,306,307
2018-09-28,negative,-0.019158079273034662,-0.02470212090802372,-0.005544041634989057,0.019158079273034662,0.02470212090802372,0.10468912500402064,0.0954567896484951,305,306
2018-10-01,positive,0.01735101596429986,0.03444735870555685,0.017096342741256994,0.01735101596429986,0.03444735870555685,0.8869223488482151,0.913425804929977,306,307
2018-10-01,negative,-0.03444338002300397,-0.04883588432172784,-0.014392504298723872,0.03444338002300397,0.04883588432172784,0.11260493542927064,0.08769662431926499,306,307
2018-10-02,positive,0.014051527095918136,0.026808978631464142,0.012757451535546006,0.014051527095918136,0.026808978631464142,0.8887730525075108,0.911255609341862,306,307
2018-10-02,negative,-0.03609755685070438,-0.04622574811516993,-0.010128191264465555,0.03609755685070438,0.04622574811516993,0.1099287259279188,0.09033262657126447,306,306
2018-10-03,positive,0.03405739405148703,0.04795679510503709,0.013899401053550059,0.03405739405148703,0.04795679510503709,0.8934136936960008,0.9067604198902314,306,307
2018-10-03,negative,-0.017150000058408534,-0.025939250686076783,-0.00878925062766825,0.017150000058408534,0.025939250686076783,0.10801757856260363,0.09211301236132716,306,306
2018-10-04,positive,0.008323384038552883,0.020110959622453493,0.01178757558390061,0.008323384038552883,0.020110959622453493,0.8877082532359348,0.9122517085009901,306,307
2018-10-04,negative,-0.04281355613514438,-0.05105618490480028,-0.008242628769655903,0.04281355613514438,0.05105618490480028,0.10667478320304158,0.09365201418257936,306,306
2018-10-05,positive,0.01254828581834514,0.024128882797623357,0.011580596979278218,0.01254828581834514,0.024128882797623357,0.8853545447363307,0.9146629819085755,306,307
2018-10-05,negative,-0.034168235910674846,-0.04481226909130117,-0.010644033180626324,0.034168235910674846,0.04481226909130117,0.11030559452355483,0.08995575797562845,306,306
2018-10-08,positive,0.02121456670366033,0.02934442376956832,0.008129857065907992,0.02121456670366033,0.02934442376956832,0.8903429650830481,0.9097222664890329,307,307
2018-10-08,negative,-0.031482179056318324,-0.039111067203709014,-0.00762888814739069,0.031482179056318324,0.039111067203709014,0.11030797402674919,0.08998610376282054,306,307
2018-10-09,positive,0.01969654743508905,0.028702544753899606,0.009005997318810556,0.01969654743508905,0.028702544753899606,0.8949075496168878,0.9053365339638207,306,307
2018-10-09,negative,-0.03333285572271014,-0.04183264869514949,-0.008499792972439343,0.03333285572271014,0.04183264869514949,0.11005947200464171,0.09000580214679432,306,306
2018-10-10,positive,0.00018114148073681215,0.00695055096207108,0.006769409481334267,0.008571312147169273,0.013087864360700857,0.8910150469857986,0.9090209177771843,306,307
2018-10-10,negative,-0.06486359690473777,-0.0694367628086802,-0.004573165903942439,0.06486359690473777,0.0694367628086802,0.10450149786583478,0.09575985463334849,306,306
2018-10-11,positive,0.013053010303833872,0.018908738026188764,0.005855727722354893,0.013605983906483873,0.01942175774822819,0.8945254925552714,0.9055874643435355,305,306
2018-10-11,negative,-0.043728225241374,-0.0478632225795451,-0.004134997338171104,0.043728225241374,0.0478632225795451,0.10686032271233052,0.09333626968609672,305,305
2018-10-12,positive,0.03842496240146835,0.04420847959941907,0.00578351719795072,0.03842496240146835,0.04420847959941907,0.8967221944369638,0.9034740122340631,306,306
2018-10-12,negative,-0.02526540425026923,-0.028493657289998815,-0.0032282530397295846,0.02526540425026923,0.028493657289998815,0.10738401826973593,0.09277070322351744,305,306
2018-10-15,positive,0.02604802741989366,0.03210908456823053,0.006061057148336869,0.02604802741989366,0.03210908456823053,0.8939659387657929,0.9060796380225322,306,307
2018-10-15,negative,-0.021282703310395813,-0.024355920297644506,-0.0030732169872486927,0.021282703310395813,0.024355920297644506,0.10606875876779984,0.09419259373138344,306,306
2018-10-16,positive,0.054224332884880884,0.06006355227625667,0.005839219391375786,0.054224332884880884,0.06006355227625667,0.8945011163620685,0.90561139277941,306,307
2018-10-16,negative,-0.001527823544688462,-0.004962661833879583,-0.0034348382891911207,0.007928443248641028,0.01058017300282922,0.10415626080608599,0.09603968955315634,306,306
2018-10-17,positive,0.01578326743245662,0.021372356141260325,0.005589088708803706,0.01578326743245662,0.021372356141260325,0.8906246476188432,0.9095409208557317,305,306
2018-10-17,negative,-0.027304216468122946,-0.03368824237403139,-0.0063840259059084435,0.027304216468122946,0.03368824237403139,0.11065493226227359,0.0894760864078869,305,305
2018-10-18,positive,0.005129641399253059,0.016125758765268266,0.010996117366015207,0.005973526989718555,0.01671446806702842,0.886633287571671,0.9133667124283291,305,305
2018-10-18,negative,-0.0423514317078896,-0.05051544763289057,-0.008164015925000968,0.0423514317078896,0.05051544763289057,0.10882216316653705,0.09153463081105817,304,305
2018-10-19,positive,0.014399118122486856,0.02032904008166618,0.005929921959179324,0.014399118122486856,0.02032904008166618,0.8907567846071249,0.9095064598811936,304,304
2018-10-19,negative,-0.03985259140253639,-0.05169306935011241,-0.01184047794757602,0.03985259140253639,0.05169306935011241,0.10927469844713987,0.09082151330943351,303,304
2018-10-22,positive,0.021661651845822985,0.03206899549998388,0.010407343654160892,0.021661651845822985,0.03206899549998388,0.8924975024975026,0.907677040567406,300,301
2018-10-22,negative,-0.03442845182697214,-0.04228891146505969,-0.007860459638087548,0.03442845182697214,0.04228891146505969,0.10974580974580973,0.09038739038739038,300,300
2018-10-23,positive,0.018355797972797714,0.02564036160280917,0.007284563630011457,0.018355797972797714,0.02564036160280917,0.8918098180753928,0.9084296370518814,299,300
2018-10-23,negative,-0.03634955506845713,-0.04523930348345148,-0.008889748414994354,0.03634955506845713,0.04523930348345148,0.1119714345078116,0.08809536575938946,299,299
2018-10-24,positive,0.002849728395011339,0.012865402232066987,0.010015673837055648,0.007864380172479295,0.01585623066613123,0.8840536774736956,0.9160133017627413,299,299
2018-10-24,negative,-0.07513242838380811,-0.0832395019051325,-0.008107073521324393,0.07513242838380811,0.0832395019051325,0.10785118022808902,0.09244254682386253,298,299
2018-10-25,positive,0.05262834355426532,0.06281583121184875,0.010187487657583427,0.05262834355426532,0.06281583121184875,0.8902919521246343,0.9098758213609532,299,300
2018-10-25,negative,-0.01307656318609704,-0.029376667028465888,-0.016300103842368848,0.013256193987821534,0.029508756935175028,0.11505329604081767,0.08508034913125052,299,299
2018-10-26,positive,0.016867542382030067,0.03275758115951782,0.015890038777487757,0.016867542382030067,0.03275758115951782,0.8851690696972071,0.9147814938684504,299,300
2018-10-26,negative,-0.03965042085831572,-0.05571490701032834,-0.01606448615201262,0.03965042085831572,0.05571490701032834,0.1144646033042136,0.08586984485632151,299,299
2018-10-29,positive,0.02145770665312145,0.032668276882786194,0.011210570229664745,0.02145770665312145,0.032668276882786194,0.8847732084140355,0.9151758658615968,298,299
2018-10-29,negative,-0.04659767138706505,-0.049303661713108106,-0.002705990326043059,0.04659767138706505,0.049303661713108106,0.10099150939146886,0.0993440610783298,298,298
2018-10-30,positive,0.050270711657368905,0.06738557313381914,0.017114861476450235,0.050270711657368905,0.06738557313381914,0.8859950300875704,0.9138911061937464,298,299
2018-10-30,negative,-0.014081665219078063,-0.023268143692236273,-0.00918647847315821,0.01414675323108303,0.02332702457580926,0.10800745510379617,0.09208643952860178,297,298
2018-10-31,positive,0.046144164501479484,0.0635868630408563,0.017442698539376814,0.046144164501479484,0.0635868630408563,0.8894447936450005,0.9108237528471109,298,298
2018-10-31,negative,-0.02600704931058111,-0.047194093733648274,-0.021187044423067163,0.02600704931058111,0.047194093733648274,0.11320884801918707,0.08690250095185312,297,298
2018-11-01,positive,0.06585808890149794,0.08817351210571032,0.022315423204212384,0.06585808890149794,0.08817351210571032,0.884083918934963,0.915983060301474,299,299
2018-11-01,negative,-0.009450655507580516,-0.028045258348493248,-0.01859460284091273,0.009450655507580516,0.028045258348493248,0.11898928781742088,0.0813416904304816,298,299
2018-11-02,positive,0.03257295997507711,0.05002340655676286,0.01745044658168575,0.03257295997507711,0.05002340655676286,0.8848611381067598,0.9153551547539525,299,300
2018-11-02,negative,-0.027262673344619997,-0.04681384344169624,-0.019551170097076246,0.027262673344619997,0.04681384344169624,0.11190887907364339,0.08815792119355768,299,299
2018-11-05,positive,0.029016824820735105,0.038518933247030124,0.009502108426295019,0.029016824820735105,0.038518933247030124,0.8839809513366177,0.916286696706206,299,299
2018-11-05,negative,-0.028927259561166974,-0.040334242639860136,-0.011406983078693162,0.028927259561166974,0.040334242639860136,0.11119743309360271,0.08890681663311742,298,299
2018-11-06,positive,0.02987167233782279,0.04996520514074445,0.02009353280292166,0.02987167233782279,0.04996520514074445,0.8766302916232336,0.923358528203707,298,299
2018-11-06,negative,-0.022183330851679527,-0.04949756717292516,-0.027314236321245633,0.022183330851679527,0.04949756717292516,0.1179196431988725,0.08234872312115434,298,298
2018-11-07,positive,0.04764359818813378,0.07427355490492112,0.026629956716787334,0.04764359818813378,0.07427355490492112,0.879813281347808,0.9202528966131907,299,300
2018-11-07,negative,-0.013741632897867536,-0.04505946710233703,-0.03131783420446949,0.013741632897867536,0.04505946710233703,0.11917063115912219,0.08102990360023608,299,299
2018-11-08,positive,0.02187091477792298,0.04715700245723538,0.025286087679312397,0.02187091477792298,0.04715700245723538,0.8788201089192136,0.9212427584670231,299,300
2018-11-08,negative,-0.03510444951739799,-0.057093787149955076,-0.021989337632557088,0.03510444951739799,0.057093787149955076,0.12019677892440041,0.08000375583495788,299,299
2018-11-09,positive,0.011897271514341366,0.025400004277734072,0.013502732763392707,0.011897271514341366,0.025400004277734072,0.8839119906273872,0.9161549886090498,299,299
2018-11-09,negative,-0.04597915860447412,-0.07083130999475194,-0.02485215139027782,0.04597915860447412,0.07083130999475194,0.11554086857235331,0.08477857650081652,298,299
2018-11-12,positive,0.008591218533461304,0.019558996169851264,0.01096777763638996,0.008612490101731507,0.019575459196219502,0.8847677402746449,0.9155017107189557,297,297
2018-11-12,negative,-0.05435185031805538,-0.06714758745621616,-0.012795737138160776,0.05435185031805538,0.06714758745621616,0.11424585582551226,0.08586935936211787,296,297
2018-11-13,positive,0.022594326883446446,0.03273113870199883,0.010136811818552381,0.022594326883446446,0.03273113870199883,0.8935770863769174,0.9064012876512876,296,297
2018-11-13,negative,-0.032142419086700416,-0.04000885031223716,-0.007866431225536742,0.032142419086700416,0.04000885031223716,0.10972596329437544,0.0906118745434624,296,296
2018-11-14,positive,0.01786768537738147,0.026626949786883788,0.008759264409502317,0.01786768537738147,0.026626949786883788,0.8857769243407542,0.9142426175523103,296,297
2018-11-14,negative,-0.036382753086044,-0.05043571517968408,-0.014052962093640077,0.036382753086044,0.05043571517968408,0.11644109915386512,0.08382907983971814,296,296
2018-11-15,positive,0.04287172159062477,0.05237258006823538,0.009500858477610605,0.04287172159062477,0.05237258006823538,0.8912248183291954,0.9087457347524459,297,298
2018-11-15,negative,-0.021046092117191596,-0.026663494275522337,-0.005617402158330741,0.021046092117191596,0.026663494275522337,0.10716933646226576,0.09316736387443458,297,297
2018-11-16,positive,0.02791950449842024,0.04014747025317414,0.012227965754753899,0.02791950449842024,0.04014747025317414,0.8906829979943189,0.909519158339913,297,297
2018-11-16,negative,-0.02425175801523421,-0.0300191764656983,-0.0057674184504640895,0.02425175801523421,0.0300191764656983,0.10804777992277992,0.0921138609817855,296,297
2018-11-19,positive,0.010691489773475121,0.017634678669793128,0.006943188896318007,0.010691489773475121,0.017634678669793128,0.8887571081720017,0.9112724680100568,296,297
2018-11-19,negative,-0.05503861026347796,-0.06933841354980223,-0.01429980328632427,0.05503861026347796,0.06933841354980223,0.11646848215997152,0.08380169683361173,296,296
2018-11-20,positive,0.00980184598943495,0.019671644856277308,0.009869798866842357,0.00994251301921251,0.019795091310083657,0.8904488769463966,0.9096541282135794,295,296
2018-11-20,negative,-0.04929930422595604,-0.057049576717310535,-0.007750272491354494,0.04929930422595604,0.057049576717310535,0.1102010702310413,0.09000218180147904,295,295
2018-11-21,positive,0.04188740858009564,0.04911495816107208,0.00722754958097644,0.04188740858009564,0.04911495816107208,0.8938749028216033,0.9061250971783966,296,296
2018-11-21,negative,-0.009178029878909954,-0.01396483657876056,-0.004786806699850606,0.009178029878909954,0.01396483657876056,0.1071209383693252,0.09324095669273334,295,296
2018-11-23,positive,0.019066648534837204,0.028895867253474802,0.009829218718637598,0.019066648534837204,0.028895867253474802,0.8877881053642475,0.9122118946357526,296,296
2018-11-23,negative,-0.022843687379928958,-0.0312621458512046,-0.00841845847127564,0.022843687379928958,0.0312621458512046,0.11617310505033124,0.08421937165591988,295,296
2018-11-26,positive,0.03785198276171523,0.04322609177597936,0.0053741090142641265,0.03785198276171523,0.04322609177597936,0.8940738991307893,0.9061303214274138,294,294
2018-11-26,negative,-0.015962045528490235,-0.02286464981682783,-0.006902604288337593,0.015962045528490235,0.02286464981682783,0.10783554088244655,0.0923270261133725,293,294
2018-11-27,positive,0.015693057321565257,0.021555593328962404,0.005862536007397147,0.015693057321565257,0.021555593328962404,0.890800141322814,0.9093365173720953,293,293
2018-11-27,negative,-0.0333195118987158,-0.041263642568959445,-0.007944130670243646,0.0333195118987158,0.041263642568959445,0.11217713213304567,0.088069066278301,292,293
2018-11-28,positive,0.05445465034991654,0.0588812654805649,0.004426615130648362,0.05445465034991654,0.0588812654805649,0.8957872908856934,0.9044176271470933,293,293
2018-11-28,negative,-0.0028885106628853963,-0.009384602672715672,-0.006496092009830276,0.006665124445720624,0.012434187369747335,0.10713166217531252,0.09302905686417129,292,293
2018-11-29,positive,0.019523872393215347,0.033139112238037546,0.0136152398448222,0.019523872393215347,0.033139112238037546,0.889096528635673,0.9111385863138712,293,294
2018-11-29,negative,-0.025692674219645557,-0.031096726952959963,-0.005404052733314405,0.025692674219645557,0.031096726952959963,0.10684606275489669,0.09322210357093834,293,293
2018-11-30,positive,0.029047940551099383,0.03825792370153186,0.009209983150432477,0.029047940551099383,0.03825792370153186,0.89460127285253,0.9055852197296013,292,293
2018-11-30,negative,-0.02403304461863856,-0.02906070164171912,-0.00502765702308056,0.02403304461863856,0.02906070164171912,0.10575197184352725,0.09438487386293871,292,292
2018-12-03,positive,0.04972059545240682,0.0557124822913949,0.005991886838988082,0.04972059545240682,0.0557124822913949,0.8908578100366232,0.9094153207247286,293,293
2018-12-03,negative,-0.019190091239882873,-0.022616200535825304,-0.0034261092959424304,0.019190091239882873,0.022616200535825304,0.10192653063133428,0.0981482107255094,292,293
2018-12-04,positive,-0.0037338094429888702,0.0004144153222151097,0.00414822476520398,0.009882053704090196,0.013924798629990074,0.8995452871183723,0.9006596309144146,293,293
2018-12-04,negative,-0.07158203784766135,-0.07650750821117501,-0.004925470363513665,0.07158203784766135,0.07650750821117501,0.10662287596376974,0.09353610660400231,292,293
2018-12-06,positive,0.031441997936228004,0.03701804242230038,0.005576044486072379,0.031441997936228004,0.03701804242230038,0.8945496739763611,0.9055189131292632,292,292
2018-12-06,negative,-0.03923830526154693,-0.0475520212673591,-0.008313716005812169,0.03923830526154693,0.0475520212673591,0.10520932030414021,0.09508239848168817,291,292
2018-12-07,positive,0.01109306714774213,0.017521220471800755,0.006428153324058626,0.011212915326145533,0.017583314471052842,0.8934436109417319,0.9067627164310327,291,291
2018-12-07,negative,-0.04923302045000588,-0.05648713745805775,-0.007254117008051869,0.04923302045000588,0.05648713745805775,0.10530877958544799,0.09484677888228704,290,291
2018-12-10,positive,0.023535879334956697,0.0326855008247473,0.0091496214897906,0.023535879334956697,0.0326855008247473,0.8939964328180736,0.9059829363668682,290,291
2018-12-10,negative,-0.034256111519463624,-0.040741985596400465,-0.006485874076936841,0.034256111519463624,0.040741985596400465,0.10727705112960761,0.09306777645659929,290,290
2018-12-11,positive,0.01858888802762537,0.026552692779931365,0.007963804752305997,0.01858888802762537,0.026552692779931365,0.8910171164848758,0.909258840741754,290,290
2018-12-11,negative,-0.026435772797357864,-0.03501858145729574,-0.00858280865993788,0.026435772797357864,0.03501858145729574,0.10922570842349887,0.09087497472374541,289,290
2018-12-12,positive,0.0324791169820259,0.040829307465830994,0.008350190483805094,0.0324791169820259,0.040829307465830994,0.8868744199328906,0.9133326194045835,290,290
2018-12-12,negative,-0.016295245855532905,-0.02257263727581811,-0.006277391420285206,0.016295245855532905,0.02257263727581811,0.10588199474163067,0.09427607624759049,289,290
2018-12-13,positive,0.010849077891871381,0.023827009362988975,0.012977931471117594,0.010849077891871381,0.023827009362988975,0.8827943171271507,0.9174127222103234,290,290
2018-12-13,negative,-0.04297656102133656,-0.05327992428786292,-0.01030336326652636,0.04297656102133656,0.05327992428786292,0.10955354008611118,0.09061719140429784,289,290
2018-12-14,positive,0.008277822004122738,0.01552793099805351,0.007250108993930773,0.008391785973445379,0.015613888780780015,0.8919528636448478,0.9081574617255687,289,290
2018-12-14,negative,-0.04119844481976473,-0.0488692956447563,-0.007670850824991568,0.04119844481976473,0.0488692956447563,0.11013737933542955,0.0900700895442385,289,289
2018-12-17,positive,0.0043002505032159995,0.009659309355095538,0.005359058851879538,0.007037628499065467,0.011770347491772096,0.8919512405671575,0.9081180595021425,289,289
2018-12-17,negative,-0.05920549532671574,-0.0645858849172968,-0.0053803895905810625,0.05920549532671574,0.0645858849172968,0.10855206167706169,0.0917542509238011,288,289
2018-12-18,positive,0.025453311451213965,0.029299295982297257,0.003845984531083292,0.025453311451213965,0.029299295982297257,0.8969719588992514,0.9032357973334356,289,289
2018-12-18,negative,-0.034980790746550264,-0.043095501026946585,-0.008114710280396321,0.034980790746550264,0.043095501026946585,0.10795088392582332,0.09221489231182127,288,289
2018-12-19,positive,0.007044926810503802,0.018651009548218817,0.011606082737715014,0.007475420158962512,0.01892024798305988,0.8879506783057772,0.9122153850216099,288,289
2018-12-19,negative,-0.04782009210209965,-0.058311908505765314,-0.010491816403665664,0.04782009210209965,0.058311908505765314,0.11325129109338267,0.08688745327012756,288,288
2018-12-20,positive,0.00935928080373754,0.018334757593312517,0.008975476789574978,0.009443014129834386,0.018397593804427674,0.8929066599151234,0.907068795655517,288,289
2018-12-20,negative,-0.052457883473060414,-0.06679160570233796,-0.014333722229277542,0.052457883473060414,0.06679160570233796,0.10829897280092593,0.09204824942129629,288,288
2018-12-21,positive,0.013576594377324395,0.013283822369180505,-0.00029277200814389025,0.015240445626722603,0.01450729144913863,0.8937051192958074,0.9065033588139912,288,288
2018-12-21,negative,-0.06204625091978836,-0.06629557784536673,-0.004249326925578369,0.06204625091978836,0.06629557784536673,0.10365248321400121,0.0964989431318045,287,288
2018-12-24,positive,0.01201495313389308,0.02065508153393863,0.008640128400045551,0.012832095463493643,0.0213572480450873,0.891203731380759,0.9090418940495197,289,290
2018-12-24,negative,-0.05057078036277897,-0.05288492385788478,-0.002314143495105808,0.05057078036277897,0.05288492385788478,0.10340090343222944,0.0966682050681161,289,289
2018-12-26,positive,0.08638880849295119,0.09527560210404566,0.00888679361109447,0.08638880849295119,0.09527560210404566,0.8919239312482926,0.9082546435551326,290,291
2018-12-26,negative,0.014203682932090953,0.01219961800954827,-0.0020040649225426827,0.0186687261989169,0.018061182908458973,0.10419542209604808,0.09594236639861262,290,290
2018-12-27,positive,0.025714562029477576,0.033520555941766644,0.007805993912289068,0.025714562029477576,0.033520555941766644,0.8909329508528442,0.909205123016676,290,290
2018-12-27,negative,-0.024913320352465084,-0.027502930749251933,-0.002589610396786849,0.024913320352465084,0.027502930749251933,0.10308420714424779,0.09713318176948806,289,290
2018-12-28,positive,0.06400989778370855,0.03855394098012893,-0.02545595680357962,0.06400989778370855,0.03855394098012893,0.8943633148204009,0.9056366851795992,291,291
2018-12-28,negative,-0.015642860743045345,-0.022259362644654855,-0.00661650190160951,0.015642860743045345,0.022259362644654855,0.1100243337883554,0.09035375670576266,290,291
2018-12-31,positive,0.02986119222573726,0.04049407157985478,0.010632879354117521,0.02986119222573726,0.04049407157985478,0.8895069568117155,0.9105618663128542,291,291
2018-12-31,negative,-0.01724574634451579,-0.020451000943156588,-0.003205254598640798,0.01724574634451579,0.020451000943156588,0.11161627548235516,0.08869846247720678,290,291
2019-01-02,positive,0.05250064024446546,0.055226224861246447,0.0027255846167809836,0.05250064024446546,0.055226224861246447,0.8992765733707645,0.9009290469171041,292,292
2019-01-02,negative,-0.022972493220930222,-0.029466558004467017,-0.006494064783536795,0.022972493220930222,0.029466558004467017,0.1087820825354654,0.09138483855521234,291,292
2019-01-03,positive,0.013466593677048283,0.021626522565515,0.008159928888466719,0.013466593677048283,0.021626522565515,0.8872445888767312,0.9128925383087333,292,292
2019-01-03,negative,-0.05006282351809325,-0.056937812607592,-0.006874989089498754,0.05006282351809325,0.056937812607592,0.10968761154837091,0.09055090377146723,291,292
2019-01-04,positive,0.10161765324976177,0.07654737617571968,-0.025070277074042094,0.10161765324976177,0.07654737617571968,0.8954664430234757,0.9046019096764562,293,293
2019-01-04,negative,0.007906242304646666,0.0039059833120335063,-0.00400025899261316,0.011005262025567805,0.01335003164399274,0.10469667318982387,0.09559230063990258,292,293
2019-01-07,positive,0.05173019252233852,0.07909382491145531,0.027363632389116786,0.05173019252233852,0.07909382491145531,0.8860944814338201,0.9141104365989668,293,293
2019-01-07,negative,-0.010363897438876881,-0.02217186347393585,-0.011807966035058967,0.010363897438876881,0.02217186347393585,0.10875789052195213,0.08967107122668175,290,290
2019-01-08,positive,0.038349165992001805,0.0476395496158792,0.009290383623877393,0.038349165992001805,0.0476395496158792,0.8874284696580977,0.9126649636662305,293,294
2019-01-08,negative,-0.014090551925662238,-0.021631851951984235,-0.0075413000263219974,0.014090551925662238,0.021631851951984235,0.1109808678161187,0.08922377065591403,293,293
2019-01-09,positive,0.03531788722960499,0.04227659910732763,0.006958711877722644,0.03531788722960499,0.04227659910732763,0.890321960651842,0.9096451208469736,293,294
2019-01-09,negative,-0.015491827814845769,-0.022502653750567023,-0.007010825935721254,0.015491827814845769,0.022502653750567023,0.10957145686030123,0.09076984006802642,293,293
2019-01-10,positive,0.02485298886273337,0.03300112721020604,0.008148138347472668,0.02485298886273337,0.03300112721020604,0.8869357694577741,0.9131325832421577,293,293
2019-01-10,negative,-0.020202360557894837,-0.028847003224944934,-0.008644642667050097,0.020202360557894837,0.028847003224944934,0.11053240198878266,0.08977648900408015,292,293
2019-01-11,positive,0.020267727262401124,0.033704124918463474,0.01343639765606235,0.020267727262401124,0.033704124918463474,0.890871249742331,0.9093707250341998,292,293
2019-01-11,negative,-0.020568791569120632,-0.023890747814364916,-0.003321956245244284,0.020568791569120632,0.023890747814364916,0.10553075164439779,0.09453764780840658,292,292
2019-01-14,positive,0.011897670403423002,0.02408058981324089,0.012182919409817888,0.011897670403423002,0.02408058981324089,0.889419368990087,0.9108184625943722,291,292
2019-01-14,negative,-0.034207696599265064,-0.04263785163265235,-0.008430155033387288,0.034207696599265064,0.04263785163265235,0.10664477920313593,0.09342385497668561,291,291
2019-01-15,positive,0.032180490532177204,0.043084121210886055,0.01090363067870885,0.032180490532177204,0.043084121210886055,0.8871791655137806,0.9128454302315936,292,293
2019-01-15,negative,-0.014743475710282583,-0.025248312971572352,-0.010504837261289769,0.014743475710282583,0.025248312971572352,0.11444698991244322,0.08582688889618398,292,292
2019-01-16,positive,0.027481537003379457,0.036953630413832234,0.009472093410452777,0.027481537003379457,0.036953630413832234,0.888401216404567,0.9118728500565497,292,292
2019-01-16,negative,-0.017321669982148194,-0.026838083717035575,-0.009516413734887381,0.017321669982148194,0.026838083717035575,0.10758933354053135,0.09250505662006597,291,292
2019-01-17,positive,0.027039084355464538,0.0342553341687445,0.007216249813279965,0.027039084355464538,0.0342553341687445,0.8892829124152056,0.9107856746904185,292,292
2019-01-17,negative,-0.013365247683383118,-0.019543700911300695,-0.006178453227917578,0.013365247683383118,0.019543700911300695,0.10530713353037395,0.0949849202322566,291,292
2019-01-18,positive,0.033079076580855696,0.0429008908038658,0.009821814223010102,0.033079076580855696,0.0429008908038658,0.8851230057097206,0.9148769942902794,292,292
2019-01-18,negative,-0.01281384214171686,-0.020488996900587957,-0.007675154758871098,0.01281384214171686,0.020488996900587957,0.10633233718236636,0.09403181465729928,291,292
2019-01-22,positive,0.006189137019305937,0.01021179224532635,0.004022655226020413,0.0065400583820268005,0.010433752018715681,0.8876994072719065,0.9124646502669947,290,291
2019-01-22,negative,-0.0481696995200207,-0.05200012746958301,-0.003830427949562308,0.0481696995200207,0.05200012746958301,0.10629610272369842,0.09384168577096226,290,290
2019-01-23,positive,0.018577439050978344,0.026808924383409642,0.008231485332431298,0.018577439050978344,0.026808924383409642,0.8871182775256065,0.9129750545304696,290,291
2019-01-23,negative,-0.026906451150849633,-0.03253965566701991,-0.005633204516170279,0.026906451150849633,0.03253965566701991,0.10618538938662991,0.09402136457615438,290,290
2019-01-24,positive,0.03049541792536009,0.04474251915239055,0.014247101227030462,0.03049541792536009,0.04474251915239055,0.8849109547680895,0.9152968014645977,289,289
2019-01-24,negative,-0.014303123447532876,-0.02198757938927619,-0.007684455941743315,0.014303123447532876,0.02198757938927619,0.11090972703139429,0.08926628741768827,288,289
2019-01-25,positive,0.038452259452381995,0.046332308232942196,0.0078800487805602,0.038452259452381995,0.046332308232942196,0.8903455405309062,0.9097588817760474,290,291
2019-01-25,negative,-0.008716370106372946,-0.016305908032587288,-0.007589537926214342,0.008716370106372946,0.016305908032587288,0.11198452587065992,0.08654352362355462,287,288
2019-01-28,positive,0.015598130086022064,0.02373949512166565,0.008141365035643585,0.015598130086022064,0.02373949512166565,0.8891094392357871,0.910991081222874,289,290
2019-01-28,negative,-0.030590806940642246,-0.03691044977904088,-0.006319642838398632,0.030590806940642246,0.03691044977904088,0.10921848602755722,0.09098898285211082,289,289
2019-01-29,positive,0.019155462951428337,0.028934929821286603,0.009779466869858266,0.019155462951428337,0.028934929821286603,0.8885155373865368,0.9116922188461503,289,289
2019-01-29,negative,-0.02192168441642119,-0.030300607114038643,-0.008378922697617454,0.02192168441642119,0.030300607114038643,0.11328245229301324,0.08690177227808182,288,289
2019-01-30,positive,0.03486129987320018,0.0449335874139924,0.010072287540792223,0.03486129987320018,0.0449335874139924,0.8865816841595389,0.9134876159097614,289,289
2019-01-30,negative,-0.01124286441327177,-0.01973815857280672,-0.008495294159534952,0.01124286441327177,0.01973815857280672,0.11069422788172788,0.08923647204897206,288,288
2019-01-31,positive,0.03344856976023728,0.046151161511573564,0.012702591751336284,0.03344856976023728,0.046151161511573564,0.888937080730974,0.9111631916513186,288,289
2019-01-31,negative,-0.01838276701504739,-0.027923822740337074,-0.009541055725289682,0.01838276701504739,0.027923822740337074,0.1096822229932917,0.09052596576451538,288,288
2019-02-01,positive,0.02544142880307357,0.036630073965717366,0.011188645162643795,0.02544142880307357,0.036630073965717366,0.8846326748042732,0.9153834512958663,288,289
2019-02-01,negative,-0.01828160911976764,-0.027513405066027126,-0.009231795946259485,0.01828160911976764,0.027513405066027126,0.11176915808554128,0.08850852327509738,288,288
2019-02-04,positive,0.02897080998287449,0.038455295504083616,0.009484485521209125,0.02897080998287449,0.038455295504083616,0.8871503681856735,0.913335405582543,288,288
2019-02-04,negative,-0.012664718269554932,-0.01499390585854176,-0.002329187588986828,0.012664718269554932,0.01499390585854176,0.10434256689027682,0.09586562186753027,288,288
2019-02-05,positive,0.023418974730265454,0.03726905589366792,0.013850081163402465,0.023418974730265454,0.03726905589366792,0.8853485010809976,0.9148599770288008,288,288
2019-02-05,negative,-0.01671723675416294,-0.026312278156893482,-0.009595041402730542,0.01671723675416294,0.026312278156893482,0.11358122292629655,0.08660467821017681,287,288
2019-02-06,positive,0.01644782295099684,0.034807120133641435,0.018359297182644594,0.01644782295099684,0.034807120133641435,0.8815334984358708,0.9186055352798053,288,288
2019-02-06,negative,-0.022467107916231095,-0.03754466053200537,-0.015077552615774276,0.022467107916231095,0.03754466053200537,0.11685856468277181,0.08340816050670065,287,288
2019-02-07,positive,0.013955772980337717,0.029631022820035238,0.015675249839697522,0.013955772980337717,0.029631022820035238,0.8811931673323701,0.9187415311653118,287,288
2019-02-07,negative,-0.037854734846222204,-0.05413682960045994,-0.01628209475423774,0.037854734846222204,0.05413682960045994,0.11455644720708034,0.08579198484866879,287,287
2019-02-08,positive,0.020854332918709816,0.03905192393551707,0.018197591016807253,0.020854332918709816,0.03905192393551707,0.884503162148559,0.915566621522062,287,287
2019-02-08,negative,-0.022077237462411956,-0.03475055360882336,-0.012673316146411408,0.022077237462411956,0.03475055360882336,0.11577440354481526,0.08455920791886616,286,287
2019-02-11,positive,0.026526281045569422,0.03617435143912295,0.009648070393553525,0.026526281045569422,0.03617435143912295,0.8887631269892601,0.9113066566813609,287,287
2019-02-11,negative,-0.014127321093989792,-0.020061918704490842,-0.0059345976105010505,0.014127321093989792,0.020061918704490842,0.11109450563393342,0.08922279956525016,286,287
2019-02-12,positive,0.035852543222249296,0.04729648177556532,0.011443938553316026,0.035852543222249296,0.04729648177556532,0.8855149051158852,0.9146251018844648,286,286
2019-02-12,negative,-0.010789296150409588,-0.018404376551999124,-0.007615080401589536,0.010789296150409588,0.018404376551999124,0.11148610062082051,0.08876370391946171,285,286
2019-02-13,positive,0.024625577093954173,0.03675066174064359,0.012125084646689419,0.024625577093954173,0.03675066174064359,0.8883327907654125,0.9118072162349375,286,286
2019-02-13,negative,-0.014938203157484032,-0.02434291230480489,-0.00940470914732086,0.014938203157484032,0.02434291230480489,0.10954688085281458,0.09069614319876834,285,286
2019-02-14,positive,0.020525247133132488,0.036413016111711424,0.015887768978578937,0.020525247133132488,0.036413016111711424,0.8870431386160151,0.9129814993660996,286,287
2019-02-14,negative,-0.019865354339989597,-0.032463611217532405,-0.012598256877542808,0.019865354339989597,0.032463611217532405,0.11389850973912491,0.08638111277048711,286,286
2019-02-15,positive,0.036503633296815774,0.04428200426264592,0.007778370965830145,0.036503633296815774,0.04428200426264592,0.8889286342149472,0.9113116325696377,286,287
2019-02-15,negative,-0.0071047644498139235,-0.018193852342417886,-0.011089087892603962,0.007425924601166756,0.018447184243384537,0.10886651756065165,0.091203314841583,286,286
2019-02-19,positive,0.024347322112218368,0.03973085421289279,0.015383532100674422,0.024347322112218368,0.03973085421289279,0.8818538305270148,0.9183617853736398,286,287
2019-02-19,negative,-0.01739107771123921,-0.027207677613254447,-0.009816599902015236,0.01739107771123921,0.027207677613254447,0.11139672129546431,0.08867311110677031,286,286
2019-02-20,positive,0.026564514553128686,0.040528214086282426,0.01396369953315374,0.026564514553128686,0.040528214086282426,0.8844859297182036,0.9156692195633099,286,287
2019-02-20,negative,-0.018858604627512474,-0.029551475196061747,-0.010692870568549274,0.018858604627512474,0.029551475196061747,0.11329746048572456,0.0868422531014218,286,286
2019-02-21,positive,0.014238122488147317,0.02957724985328916,0.015339127365141845,0.014238122488147317,0.02957724985328916,0.8808532632820718,0.9191467367179282,287,287
2019-02-21,negative,-0.025724767879565496,-0.041375449437460854,-0.015650681557895358,0.025724767879565496,0.041375449437460854,0.11895068282502837,0.0814637794844665,286,287
2019-02-22,positive,0.029492212842650006,0.051974246098793024,0.02248203325614302,0.029492212842650006,0.051974246098793024,0.8806750947090622,0.9193249052909376,287,287
2019-02-22,negative,-0.010456385548989762,-0.029245589911916968,-0.018789204362927206,0.010456385548989762,0.029245589911916968,0.11612052868597371,0.08428407245927358,286,287
2019-02-25,positive,0.022370147370924,0.0450450667183891,0.0226749193474651,0.022370147370924,0.0450450667183891,0.8813407413070995,0.9186640107976315,287,288
2019-02-25,negative,-0.0211550922013115,-0.0266747892477613,-0.005519697046449799,0.0211550922013115,0.0266747892477613,0.11201951025332019,0.08825913830119043,287,287
2019-02-26,positive,0.013970814338729782,0.02674228828745138,0.0127714739487216,0.013970814338729782,0.02674228828745138,0.8858075485931132,0.9143516504234831,287,288
2019-02-26,negative,-0.02703552667370485,-0.040222792442895734,-0.013187265769190885,0.02703552667370485,0.040222792442895734,0.1148515980212261,0.08528762926732247,287,287
2019-02-27,positive,0.022501160679254575,0.042128735983055894,0.01962757530380132,0.022501160679254575,0.042128735983055894,0.8793076804203369,0.9207618606088703,288,288
2019-02-27,negative,-0.02029968690464831,-0.03844888040583119,-0.018149193501182884,0.02029968690464831,0.03844888040583119,0.11840450587100744,0.08193707985628187,287,288
2019-02-28,positive,0.01659472026184721,0.03301176849850903,0.01641704823666182,0.01659472026184721,0.03301176849850903,0.8825054347826087,0.9174945652173913,288,288
2019-02-28,negative,-0.027325752755831816,-0.045646142300170285,-0.01832038954433847,0.027325752755831816,0.045646142300170285,0.11622845023481293,0.08417512077294687,287,288
2019-03-01,positive,0.031691055726906364,0.05293426424203218,0.021243208515125817,0.031691055726906364,0.05293426424203218,0.8823959782104774,0.9176735628187297,288,288
2019-03-01,negative,-0.01475543541729945,-0.03097275761075544,-0.01621732219345599,0.01475543541729945,0.03097275761075544,0.11669687380362777,0.08363878264564983,287,288
2019-03-04,positive,0.016971934224930263,0.02501197489675338,0.008040040671823116,0.016971934224930263,0.02501197489675338,0.885857784922566,0.9142812487931101,288,288
2019-03-04,negative,-0.032401029548724904,-0.044085943360035705,-0.011684913811310801,0.032401029548724904,0.044085943360035705,0.1171086558176769,0.08315893774379175,287,288
2019-03-05,positive,0.013928689948068614,0.022159022116693274,0.00823033216862466,0.013928689948068614,0.022159022116693274,0.8864251784336419,0.9135278498654364,288,289
2019-03-05,negative,-0.025279954527465467,-0.035588449122467364,-0.010308494595001896,0.025279954527465467,0.035588449122467364,0.11030815972222222,0.09003906249999999,288,288
2019-03-06,positive,0.004732394090144173,0.018368562076806084,0.01363616798666191,0.005633582801336758,0.01903852025208371,0.8895273638789268,0.9107514789234432,287,287
2019-03-06,negative,-0.044339101498109476,-0.05373556639486377,-0.009396464896754296,0.044339101498109476,0.05373556639486377,0.114892253093717,0.08522922554326376,286,287
2019-03-07,positive,0.015433662165114147,0.038129235563088816,0.02269557339797467,0.015433662165114147,0.038129235563088816,0.8900281929479009,0.9101108407677749,288,288
2019-03-07,negative,-0.029946115592487263,-0.03826985021287779,-0.00832373462039053,0.029946115592487263,0.03826985021287779,0.10899492430050174,0.09124449658208783,287,288
2019-03-08,positive,0.01594638430332322,0.029888731908933135,0.013942347605609914,0.01594638430332322,0.029888731908933135,0.8866670764395079,0.9133560891126566,288,289
2019-03-08,negative,-0.026019954119414407,-0.03757869253433535,-0.011558738414920944,0.026019954119414407,0.03757869253433535,0.11368966697520151,0.08658801438543716,288,288
2019-03-11,positive,0.03913389321805765,0.04960341016187612,0.010469516943818466,0.03913389321805765,0.04960341016187612,0.8892859411536981,0.910852610976541,289,289
2019-03-11,negative,-0.007137177477169477,-0.012022117995850191,-0.004884940518680714,0.008965407773419825,0.013478360930813954,0.10755890870954084,0.09267471531492444,288,289
2019-03-12,positive,0.023965987409838525,0.03726357318728294,0.013297585777444415,0.023965987409838525,0.03726357318728294,0.8893544107108649,0.9107144124137051,291,291
2019-03-12,negative,-0.01696255838523473,-0.02543216039337291,-0.00846960200813818,0.01696255838523473,0.02543216039337291,0.11262667014737643,0.08769153995880073,290,291
2019-03-13,positive,0.02582348973228518,0.03676878090367181,0.010945291171386633,0.02582348973228518,0.03676878090367181,0.8909385063892513,0.909267113898617,292,292
2019-03-13,negative,-0.016286284232048472,-0.028333165175351078,-0.012046880943302606,0.016286284232048472,0.028333165175351078,0.10715572733760591,0.0930056240434901,291,292
2019-03-14,positive,0.015614761232300241,0.02790639900365006,0.01229163777134982,0.015614761232300241,0.02790639900365006,0.886252865625646,0.9138157214799784,292,292
2019-03-14,negative,-0.02613219503656947,-0.036728515487231994,-0.010596320450662524,0.02613219503656947,0.036728515487231994,0.11283521653255647,0.08748261833624595,291,292
2019-03-15,positive,0.029756452957897344,0.03698630263290406,0.007229849675006717,0.029756452957897344,0.03698630263290406,0.8946607079580001,0.905544210074787,293,293
2019-03-15,negative,-0.021046700829966854,-0.029216246680982803,-0.008169545851015949,0.021046700829966854,0.029216246680982803,0.1045959184819223,0.09555614614222571,292,293
2019-03-18,positive,0.03224147739146238,0.04451059225190616,0.012269114860443776,0.03224147739146238,0.04451059225190616,0.8884231068680749,0.9116052489501423,297,298
2019-03-18,negative,-0.016955290707690095,-0.024708188075463385,-0.007752897367773289,0.016955290707690095,0.024708188075463385,0.10720239532087396,0.09306687428531926,297,297
2019-03-19,positive,0.016734411859335444,0.03285351868721997,0.016119106827884522,0.016734411859335444,0.03285351868721997,0.8838077385233095,0.9163266249298311,298,298
2019-03-19,negative,-0.029399308507319706,-0.03446428906099925,-0.005064980553679543,0.029399308507319706,0.03446428906099925,0.10767511640874086,0.09255184603210746,297,298
2019-03-20,positive,0.0164121299229467,0.029138266823340683,0.012726136900393984,0.0164121299229467,0.029138266823340683,0.8847735884314304,0.9152424665018921,298,299
2019-03-20,negative,-0.03168698684453095,-0.03622256630596742,-0.00453557946143647,0.03168698684453095,0.03622256630596742,0.11166976983985825,0.08859859648016859,298,298
2019-03-21,positive,0.033655474917828276,0.04506962649904814,0.011414151581219861,0.033655474917828276,0.04506962649904814,0.8859516310233266,0.9140683638517747,298,299
2019-03-21,negative,-0.015197678459780406,-0.02085692161204741,-0.005659243152267004,0.015197678459780406,0.02085692161204741,0.10804502340325417,0.09222334291677267,298,298
2019-03-22,positive,-0.0006112216565101072,0.0034195613894462645,0.004030783045956372,0.007355975520219084,0.010263537088378577,0.892968457728037,0.9072330197736419,298,298
2019-03-22,negative,-0.06413991358623475,-0.06723546352444938,-0.003095549938214634,0.06413991358623475,0.06723546352444938,0.10021470582249628,0.09992010763496063,297,298
2019-03-25,positive,0.023356568468181016,0.03041933466472133,0.007062766196540313,0.023356568468181016,0.03041933466472133,0.8946956474800728,0.9055542604033103,298,299
2019-03-25,negative,-0.023465177703614885,-0.029192809743197136,-0.0057276320395822505,0.023465177703614885,0.029192809743197136,0.10624336506108642,0.0938236590675999,298,298
2019-03-26,positive,0.03046415780753166,0.038272066838001266,0.007807909030469604,0.03046415780753166,0.038272066838001266,0.8938026420286127,0.9061767001114828,299,300
2019-03-26,negative,-0.012742074269568155,-0.01888846909641351,-0.0061463948268453555,0.012742074269568155,0.01888846909641351,0.108086039306048,0.09224840885448708,299,299
2019-03-27,positive,0.01865254294827279,0.026202847792336538,0.007550304844063747,0.01865254294827279,0.026202847792336538,0.892336962766209,0.9079315837259023,298,298
2019-03-27,negative,-0.02843356025678565,-0.03737188297839848,-0.008938322721612834,0.02843356025678565,0.03737188297839848,0.10756270323239105,0.09252969894406259,297,298
2019-03-28,positive,0.02612922046752088,0.035398154879550024,0.009268934412029143,0.02612922046752088,0.035398154879550024,0.8896243866674186,0.9103756133325813,298,298
2019-03-28,negative,-0.014452482829938742,-0.028185042854868295,-0.013732560024929553,0.014452482829938742,0.028185042854868295,0.11290099878335173,0.08747786362867294,297,298
2019-03-29,positive,0.02678400475767651,0.034192953740306516,0.007408948982630007,0.02678400475767651,0.034192953740306516,0.8921777478790598,0.9079974806818412,297,298
2019-03-29,negative,-0.018596672103725443,-0.024290464837539046,-0.005693792733813603,0.018596672103725443,0.024290464837539046,0.10513872891942182,0.09499581531199426,297,297
2019-04-01,positive,0.03667462071751049,0.05005931597470273,0.013384695257192242,0.03667462071751049,0.05005931597470273,0.886934238087417,0.9132228671501944,298,299
2019-04-01,negative,-0.01694095440308657,-0.02060121822882631,-0.003660263825739741,0.01694095440308657,0.02060121822882631,0.10420402414577459,0.09593006904899576,298,298
2019-04-02,positive,0.022185928186659452,0.032342974163809324,0.010157045977149871,0.022185928186659452,0.032342974163809324,0.891506314681144,0.9087613333616796,299,299
2019-04-02,negative,-0.02008463394676836,-0.029006620797103165,-0.008921986850334806,0.02008463394676836,0.029006620797103165,0.10771205830775481,0.09238053464710627,298,299
2019-04-03,positive,0.02553011877915226,0.034566797097153455,0.009036678318001194,0.02553011877915226,0.034566797097153455,0.8877052244653083,0.9124955787475432,299,299
2019-04-03,negative,-0.018531730401063918,-0.02583461978005418,-0.007302889378990263,0.018531730401063918,0.02583461978005418,0.10872123842124651,0.09144157454791295,298,299
2019-04-04,positive,0.026703250664237236,0.03624961505480033,0.009546364390563094,0.026703250664237236,0.03624961505480033,0.8878545811333605,0.9122123981030764,299,299
2019-04-04,negative,-0.02058369325422184,-0.028060228016117413,-0.007476534761895571,0.02058369325422184,0.028060228016117413,0.1087103350310397,0.09158626544834647,298,299
2019-04-05,positive,0.030409358377298173,0.03685154518492905,0.006442186807630878,0.030409358377298173,0.03685154518492905,0.8918208657557575,0.9081791342442423,299,299
2019-04-05,negative,-0.010077930906075859,-0.014028295752306616,-0.003950364846230757,0.010077930906075859,0.014028295752306616,0.1039717603678347,0.09637597127219151,298,299
2019-04-08,positive,0.01823478449544194,0.02876967934829333,0.01053489485285139,0.01823478449544194,0.02876967934829333,0.8926865174467477,0.9074225713012477,299,300
2019-04-08,negative,-0.019591107885203397,-0.024544013148171093,-0.004952905262967697,0.019591107885203397,0.024544013148171093,0.11022481354962173,0.08997572120973656,299,299
2019-04-09,positive,0.006031014535181692,0.013722689281462723,0.007691674746281031,0.006209476292818432,0.013824297229355317,0.8888948905963746,0.9112018824204986,298,299
2019-04-09,negative,-0.0332473437436315,-0.04042814709079861,-0.007180803347167107,0.0332473437436315,0.04042814709079861,0.10564336803820686,0.0945578392052539,298,298
2019-04-10,positive,0.029295200064504274,0.03663452734508083,0.007339327280576558,0.029295200064504274,0.03663452734508083,0.8858694059376924,0.9142649575154485,298,298
2019-04-10,negative,-0.009230957836930889,-0.013618734609300286,-0.004387776772369397,0.009237188458225637,0.013620034388402829,0.10564665804840478,0.0945734974851941,297,298
2019-04-11,positive,0.027018138967186033,0.025262351056825234,-0.0017557879103607989,0.027018138967186033,0.025262351056825234,0.8863335940777018,0.9136205454997401,297,298
2019-04-11,negative,-0.023304519908302224,-0.03308844337693502,-0.009783923468632796,0.023304519908302224,0.03308844337693502,0.10914872632044348,0.09118797401625683,297,297
2019-04-12,positive,0.023561878689361965,0.035870044500726526,0.012308165811364562,0.023561878689361965,0.035870044500726526,0.884280544260315,0.9157868866230295,297,297
2019-04-12,negative,-0.020706659258484316,-0.024540511271003214,-0.003833852012518898,0.020706659258484316,0.024540511271003214,0.10314248419019154,0.09713736601801334,296,297
2019-04-15,positive,0.013510813589444082,0.02595629626877703,0.012445482679332947,0.013510813589444082,0.02595629626877703,0.8870692785784834,0.9129547772866371,294,295
2019-04-15,negative,-0.025757096992870526,-0.03496253392198739,-0.009205436929116868,0.025757096992870526,0.03496253392198739,0.11070555389785973,0.08956646242311952,294,294
2019-04-16,positive,0.026628466647611645,0.03253711719606598,0.005908650548454335,0.026628466647611645,0.03253711719606598,0.8933694373429809,0.9068122305178467,293,294
2019-04-16,negative,-0.02331375187954151,-0.03376257151210992,-0.010448819632568412,0.02331375187954151,0.03376257151210992,0.11540560574095643,0.08473077339303604,293,293
2019-04-17,positive,0.014669408261599572,0.023864717127576426,0.009195308865976854,0.014669408261599572,0.023864717127576426,0.884587751868208,0.9154963055366725,292,293
2019-04-17,negative,-0.039681583390924466,-0.05029492718787902,-0.010613343796954555,0.039681583390924466,0.05029492718787902,0.11440020440118889,0.08580513440784601,292,292
2019-04-18,positive,0.019289301198150668,0.026670830026395847,0.007381528828245179,0.019289301198150668,0.026670830026395847,0.8858124487675648,0.9143242099273448,293,293
2019-04-18,negative,-0.0226975979460095,-0.03147613067619679,-0.008778532730187291,0.0226975979460095,0.03147613067619679,0.11049346893120734,0.08974698318934808,292,293
2019-04-22,positive,0.02459619040853336,0.04445386841686299,0.01985767800832963,0.02459619040853336,0.04445386841686299,0.8851235931295378,0.9148764068704622,292,292
2019-04-22,negative,-0.027643944493393174,-0.0328328410069599,-0.005188896513566726,0.027643944493393174,0.0328328410069599,0.11125179041926755,0.08912920886299021,291,292
2019-04-23,positive,0.03725012878295411,0.04229648497879233,0.0050463561958382155,0.03725012878295411,0.04229648497879233,0.8964989340934122,0.9037073932793526,291,291
2019-04-23,negative,-0.010557574679629558,-0.015544177819059172,-0.004986603139429615,0.010558706154158054,0.015544177819059172,0.1058773656500498,0.0942801467216873,290,291
2019-04-24,positive,0.024568932580413212,0.032018900219660314,0.0074499676392471015,0.024568932580413212,0.032018900219660314,0.8903987622262001,0.9098424234446838,291,292
2019-04-24,negative,-0.024040833296154154,-0.028160547906094065,-0.004119714609939911,0.024040833296154154,0.028160547906094065,0.10292532554064159,0.09714330863917997,291,291
2019-04-25,positive,0.015610785099102157,0.02728065773400573,0.011669872634903574,0.015610785099102157,0.02728065773400573,0.8869375455250359,0.913062454474964,292,292
2019-04-25,negative,-0.03422090635314848,-0.04982830111058755,-0.015607394757439073,0.03422090635314848,0.04982830111058755,0.11579341361484916,0.08460313917150308,291,292
2019-04-26,positive,0.09125124640835622,0.04255894914498992,-0.048692297263366296,0.09125124640835622,0.04255894914498992,0.8832555357477953,0.9166873159100473,292,293
2019-04-26,negative,-0.014404199283011902,-0.02128237997526852,-0.006878180692256618,0.014404199283011902,0.02128237997526852,0.10933688309251267,0.091005582660912,292,292
2019-04-29,positive,0.02560937317563578,0.0328307511564659,0.0072213779808301196,0.02560937317563578,0.0328307511564659,0.8914455153182421,0.9087601049696264,292,292
2019-04-29,negative,-0.017493692882004423,-0.022866061590494546,-0.005372368708490123,0.017493692882004423,0.022866061590494546,0.10994679310076808,0.09022411672472232,291,292
2019-04-30,positive,0.01707098972243375,0.028564359941745165,0.011493370219311416,0.01707098972243375,0.028564359941745165,0.8877324920561346,0.9125444203703105,289,289
2019-04-30,negative,-0.02990840527321153,-0.044732065499560644,-0.014823660226349115,0.02990840527321153,0.044732065499560644,0.11498055363255258,0.08514039052796611,288,289
2019-05-01,positive,0.013678990170662337,0.027868729694942744,0.014189739524280407,0.013678990170662337,0.027868729694942744,0.8834499170462043,0.9165614055997114,306,307
2019-05-01,negative,-0.032900084846616336,-0.04399928059116812,-0.011099195744551787,0.032900084846616336,0.04399928059116812,0.11252570286526896,0.08773564963391432,306,306
2019-05-02,positive,0.022406748196892527,0.037502542857325405,0.015095794660432878,0.022406748196892527,0.037502542857325405,0.8794715707633818,0.9204615613889421,306,307
2019-05-02,negative,-0.023566044493057596,-0.04146645962494355,-0.017900415131885956,0.023566044493057596,0.04146645962494355,0.11589773164167629,0.08442906574394464,306,306
2019-05-03,positive,0.04241239334049529,0.05973269720464191,0.017320303864146618,0.04241239334049529,0.05973269720464191,0.88870193386279,0.9115595895108615,306,306
2019-05-03,negative,-0.005343977204138072,-0.02160528789870478,-0.01626131069456671,0.006283455163417393,0.02207090865217011,0.1176710486122648,0.08245197392458127,305,306
2019-05-06,positive,0.024318660701423016,0.033261036410501175,0.00894237570907816,0.024318660701423016,0.033261036410501175,0.8948661219332061,0.9052475761515009,306,307
2019-05-06,negative,-0.02048788049774006,-0.026008072205102397,-0.005520191707362336,0.02048788049774006,0.026008072205102397,0.11118155078273417,0.08901439957650815,306,306
2019-05-07,positive,0.0031268315690624014,0.01824741402818504,0.01512058245912264,0.005764691606805063,0.020074164340685822,0.8848330712535969,0.915166928746403,306,306
2019-05-07,negative,-0.04242183547971408,-0.054405743877915164,-0.011983908398201085,0.04242183547971408,0.054405743877915164,0.11481902819886775,0.0855561973834815,305,306
2019-05-08,positive,0.04554584034118544,0.03670375107177182,-0.00884208926941362,0.04554584034118544,0.03670375107177182,0.8862648008381718,0.9138860264521063,306,307
2019-05-08,negative,-0.02347170111720256,-0.043141001879345386,-0.019669300762142825,0.02347170111720256,0.043141001879345386,0.11887294911435027,0.0812576418095805,306,306
2019-05-09,positive,0.01741121626782893,0.039044428909581756,0.021633212641752827,0.01741121626782893,0.039044428909581756,0.8796187648811432,0.9205774417898838,306,306
2019-05-09,negative,-0.026599643841075726,-0.05321136867280766,-0.026611724831731933,0.026599643841075726,0.05321136867280766,0.11663253599802721,0.0835524094093709,305,306
2019-05-10,positive,0.022745550848397116,0.04059757598566336,0.017852025137266244,0.022745550848397116,0.04059757598566336,0.8818705464129527,0.9181294535870471,307,307
2019-05-10,negative,-0.02033352956644661,-0.03481073362882177,-0.014477204062375158,0.02033352956644661,0.03481073362882177,0.1176747806245935,0.0827085248497537,306,307
2019-05-13,positive,0.0017810544485685625,0.008277161426979448,0.006496106978410886,0.006492242555390673,0.011732529040450414,0.8895819173538174,0.9106142893172093,306,306
2019-05-13,negative,-0.05988053203337402,-0.06783948742555448,-0.007958955392180465,0.05988053203337402,0.06783948742555448,0.11156171932796535,0.08860665478312536,305,306
2019-05-14,positive,0.03514446068451868,0.04339485032955401,0.008250389645035328,0.03514446068451868,0.04339485032955401,0.8901541522155557,0.9100407795583235,308,308
2019-05-14,negative,-0.011360347234706318,-0.015597299409336365,-0.004236952174630047,0.011360347234706318,0.015597299409336365,0.10629655027906355,0.09385363661679451,307,308
2019-05-15,positive,0.023934874919914226,0.03222252252309586,0.008287647603181635,0.023934874919914226,0.03222252252309586,0.8881240957808024,0.9121357288375802,308,308
2019-05-15,negative,-0.015182976216259764,-0.024738986576518317,-0.009556010360258552,0.015182976216259764,0.024738986576518317,0.1146428522310958,0.08546954020321997,307,308
2019-05-16,positive,0.02386383858163223,0.037061147642087885,0.013197309060455655,0.02386383858163223,0.037061147642087885,0.8861987704054545,0.913886141264971,308,309
2019-05-16,negative,-0.019299563092322204,-0.03263703113164447,-0.013337468039322266,0.019299563092322204,0.03263703113164447,0.11068036441170767,0.08951431436830527,308,308
2019-05-17,positive,0.00836900704006923,0.01772156589364819,0.009352558853578958,0.00836900704006923,0.01772156589364819,0.8889807849420153,0.9109834383857186,307,308
2019-05-17,negative,-0.03588637826682913,-0.044058434222732396,-0.008172055955903264,0.03588637826682913,0.044058434222732396,0.11041761716304682,0.08990811573597597,307,307
2019-05-20,positive,0.013185635457706693,0.021131760766075043,0.00794612530836835,0.013185635457706693,0.021131760766075043,0.8907159251864365,0.9095145048944981,306,307
2019-05-20,negative,-0.03169814722921869,-0.038261935317110335,-0.006563788087891646,0.03169814722921869,0.038261935317110335,0.11065835167835628,0.08940692247307976,306,306
2019-05-21,positive,0.03438632787843976,0.04207201523910135,0.0076856873606615875,0.03438632787843976,0.04207201523910135,0.8938057963030579,0.9062392588485806,306,307
2019-05-21,negative,-0.006985587146778299,-0.01272098502407445,-0.00573539787729615,0.007049220221836092,0.012754149328074635,0.11109082639916472,0.08917052610001858,306,306
2019-05-22,positive,0.01000505635904502,0.017272369096708783,0.007267312737663763,0.01000505635904502,0.017272369096708783,0.8860419551891098,0.9141739537989393,305,306
2019-05-22,negative,-0.03391486827315186,-0.04422360829642874,-0.010308740023276877,0.03391486827315186,0.04422360829642874,0.11407238021621736,0.08599310766852396,305,305
2019-05-23,positive,0.005717128754987861,0.012163080376097734,0.006445951621109873,0.006206230723205935,0.012569928302682283,0.8906530502553077,0.9093164041572912,305,306
2019-05-23,negative,-0.0447622306668126,-0.05522667267736681,-0.010464442010554215,0.0447622306668126,0.05522667267736681,0.11336468691212041,0.08696318194033861,305,305
2019-05-24,positive,0.024767143129904776,0.03241598835868257,0.007648845228777793,0.024767143129904776,0.03241598835868257,0.8935895986433013,0.9064104013566987,305,305
2019-05-24,negative,-0.013337583590472905,-0.01830935219312091,-0.004971768602648004,0.013337583590472905,0.01830935219312091,0.10925049693198514,0.09110770141861153,304,305
2019-05-28,positive,0.015363970830225764,0.02650953197020989,0.011145561139984127,0.015363970830225764,0.02650953197020989,0.8940907341084465,0.9060211681270949,304,305
2019-05-28,negative,-0.029037753675580452,-0.0349107938637176,-0.005873040188137148,0.029037753675580452,0.0349107938637176,0.102305118689228,0.09789211996954912,304,304
2019-05-29,positive,0.01384435544809088,0.01889375577664792,0.005049400328557042,0.01384435544809088,0.01889375577664792,0.8921203977425425,0.9078538519232829,305,306
2019-05-29,negative,-0.03314898559613317,-0.038777914816042834,-0.005628929219909665,0.03314898559613317,0.038777914816042834,0.10710077936038698,0.09322708949207202,305,305
2019-05-30,positive,0.017031396484744044,0.026501329847943407,0.009469933363199363,0.017031396484744044,0.026501329847943407,0.8868448148790428,0.9131551851209573,304,304
2019-05-30,negative,-0.026608788587830175,-0.03541569752155491,-0.008806908933724739,0.026608788587830175,0.03541569752155491,0.1080126793568978,0.09234262550940779,303,304
2019-05-31,positive,0.01075626731740127,0.01729980972227405,0.006543542404872779,0.01075626731740127,0.01729980972227405,0.8899559483845382,0.9103081651842967,303,303
2019-05-31,negative,-0.040894174854216994,-0.049166235011505716,-0.008272060157288721,0.040894174854216994,0.049166235011505716,0.10964757892251285,0.09045018070641662,302,303
2019-06-03,positive,0.03066057243672683,0.03656281858931583,0.005902246152589,0.03066057243672683,0.03656281858931583,0.89645894650277,0.9035294434857637,304,305
2019-06-03,negative,-0.02934188632582815,-0.03838156689423596,-0.009039680568407812,0.02934188632582815,0.03838156689423596,0.1103515625,0.08997738486842105,304,304
2019-06-04,positive,0.05415618189463321,0.058771975350725175,0.004615793456091963,0.05415618189463321,0.058771975350725175,0.8949759781855955,0.9050075496117342,304,305
2019-06-04,negative,-0.006086173780411722,-0.008787949511102709,-0.002701775730690987,0.007815487984318747,0.010474125178748357,0.10422708189058172,0.09610186547783933,304,304
2019-06-05,positive,0.023297384241885936,0.036375762599012505,0.01307837835712657,0.023297384241885936,0.036375762599012505,0.88834698556559,0.9117186743162222,305,305
2019-06-05,negative,-0.031719589733964736,-0.04219002491631716,-0.010470435182352425,0.031719589733964736,0.04219002491631716,0.11137287469329923,0.08892662239109608,304,305
2019-06-06,positive,0.018901228563739873,0.029793829563957302,0.010892601000217429,0.018901228563739873,0.029793829563957302,0.8895970281838004,0.9104029718161997,305,305
2019-06-06,negative,-0.02690912509067034,-0.04132401022302667,-0.01441488513235633,0.02690912509067034,0.04132401022302667,0.1116746607899058,0.08869148563891359,304,305
2019-06-07,positive,0.03101828118600722,0.04174913423636788,0.010730853050360659,0.03101828118600722,0.04174913423636788,0.8916113947863478,0.908361191471124,305,306
2019-06-07,negative,-0.013402360346134942,-0.01763247962550508,-0.004230119279370139,0.013402360346134942,0.01763247962550508,0.11088524590163934,0.08944262295081967,305,305
2019-06-10,positive,0.027650731959429256,0.040575392298327975,0.012924660338898719,0.027650731959429256,0.040575392298327975,0.8838395961379073,0.9162260637439049,305,305
2019-06-10,negative,-0.01996783314277258,-0.02731366682054868,-0.007345833677776102,0.01996783314277258,0.02731366682054868,0.11036367799011645,0.08993251025262908,304,305
2019-06-11,positive,0.01700578004450976,0.02642677767475667,0.00942099763024691,0.01700578004450976,0.02642677767475667,0.887487772104273,0.9124713382620807,305,306
2019-06-11,negative,-0.02549402802130902,-0.037240120014502866,-0.011746091993193847,0.02549402802130902,0.037240120014502866,0.1117237301800591,0.0886041386723999,305,305
2019-06-12,positive,0.022230970571875664,0.028867558703700107,0.0066365881318244425,0.022230970571875664,0.028867558703700107,0.8914328266725452,0.9088295544360151,305,305
2019-06-12,negative,-0.0254232683325572,-0.036632848726234395,-0.011209580393677195,0.0254232683325572,0.036632848726234395,0.11421507914588046,0.08589701541489012,304,305
2019-06-13,positive,0.03434043208505335,0.04456908207723397,0.010228649992180622,0.03434043208505335,0.04456908207723397,0.8884771840673442,0.9115882609588337,306,306
2019-06-13,negative,-0.010368966964244303,-0.015492087802751811,-0.005123120838507508,0.010368966964244303,0.015492087802751811,0.10903087717792462,0.09125998785203436,305,306
2019-06-14,positive,0.011911631572199788,0.017839343390043953,0.005927711817844164,0.011911631572199788,0.017839343390043953,0.8885390976352822,0.9114888936017976,305,306
2019-06-14,negative,-0.032264399302792096,-0.03895898905918926,-0.006694589756397161,0.032264399302792096,0.03895898905918926,0.11012621500072536,0.09013599411104127,305,305
2019-06-17,positive,0.030706462518049198,0.04992486615857993,0.019218403640530735,0.030706462518049198,0.04992486615857993,0.8846515386212985,0.9153637985779052,304,305
2019-06-17,negative,-0.01833152741738557,-0.02508260006549785,-0.0067510726481122794,0.01833152741738557,0.02508260006549785,0.11169445213658942,0.08856861922151647,304,304
2019-06-18,positive,0.0358189690263532,0.04205182437233343,0.006232855345980226,0.0358189690263532,0.04205182437233343,0.8884374243053393,0.9116559424882251,304,305
2019-06-18,negative,-0.010613584937158181,-0.018354208118465887,-0.007740623181307705,0.010613584937158181,0.018354208118465887,0.10847747759438041,0.0917197610643967,304,304
2019-06-19,positive,0.022138188782943005,0.032142264868150326,0.010004076085207321,0.022138188782943005,0.032142264868150326,0.8835190039318481,0.9165579840498892,305,306
2019-06-19,negative,-0.017730172588566774,-0.023160972629023533,-0.005430800040456759,0.017730172588566774,0.023160972629023533,0.10758438433276755,0.0926122080656597,305,305
2019-06-20,positive,0.028246648835107514,0.03769906287997844,0.00945241404487093,0.028246648835107514,0.03769906287997844,0.8851138709711925,0.9148861290288073,306,306
2019-06-20,negative,-0.015942797233951943,-0.023004326255585177,-0.007061529021633234,0.015942797233951943,0.023004326255585177,0.10705213168415122,0.09329771188344406,305,306
2019-06-21,positive,0.017090058487193457,0.02470394280369971,0.007613884316506253,0.017090058487193457,0.02470394280369971,0.888683372728379,0.9113449970044493,306,307
2019-06-21,negative,-0.02899475918841238,-0.03260982862965327,-0.003615069441240886,0.02899475918841238,0.03260982862965327,0.1047571919980014,0.09550416050118185,306,306
2019-06-24,positive,0.009363991411275866,0.021394580052990646,0.01203058864171478,0.009363991411275866,0.021394580052990646,0.885419256275086,0.9146459752969949,307,307
2019-06-24,negative,-0.03551925178435529,-0.04431522026699395,-0.00879596848263866,0.03551925178435529,0.04431522026699395,0.11121396808342819,0.08908306082684736,306,307
2019-06-25,positive,0.016165015923336405,0.024930650220069593,0.008765634296733188,0.016165015923336405,0.024930650220069593,0.8909977439470004,0.9090380475922643,307,308
2019-06-25,negative,-0.02908064939362812,-0.03914629543653186,-0.010065646042903737,0.02908064939362812,0.03914629543653186,0.11236087938336674,0.08789962208195401,307,307
2019-06-26,positive,0.026009725879334998,0.03457560582370956,0.008565879944374563,0.026009725879334998,0.03457560582370956,0.8921662320785128,0.9080286996953665,308,308
2019-06-26,negative,-0.027433137465711983,-0.03210037044587307,-0.004667232980161088,0.027433137465711983,0.03210037044587307,0.10679393319829915,0.09335786857716681,307,308
2019-06-27,positive,0.03815007331254471,0.04825895993224734,0.010108886619702627,0.03815007331254471,0.04825895993224734,0.8904650481055159,0.9097947765128667,308,308
2019-06-27,negative,-0.007947224956939137,-0.01355721768539033,-0.005609992728451193,0.007976854967238212,0.013564111355131827,0.1069348629414559,0.09315250355360781,307,308
2019-06-28,positive,0.03914104244847248,0.049418762209842745,0.010277719761370263,0.03914104244847248,0.049418762209842745,0.8883374663829581,0.9119215171068443,309,309
2019-06-28,negative,-0.009209584004897976,-0.01478045492326348,-0.005570870918365504,0.009246897684323902,0.014803458090622968,0.108132438943381,0.09195852073491803,308,309
2019-07-01,positive,0.029276721799721826,0.035300380454474464,0.006023658654752639,0.029276721799721826,0.035300380454474464,0.8912577781803811,0.9089946673860435,317,317
2019-07-01,negative,-0.02075503652736684,-0.02437007096747713,-0.0036150344401102916,0.02075503652736684,0.02437007096747713,0.10484280070780623,0.09523548811285988,316,317
2019-07-02,positive,0.017831953281549445,0.026796776010396737,0.008964822728847292,0.017831953281549445,0.026796776010396737,0.8928391884313411,0.9074772672648614,316,316
2019-07-02,negative,-0.03129061260948884,-0.03705012010999571,-0.005759507500506876,0.03129061260948884,0.03705012010999571,0.1090870854029803,0.09122937029322224,316,316
2019-07-03,positive,0.024557327133571307,0.03180060606554531,0.007243278931974,0.024557327133571307,0.03180060606554531,0.895921738572934,0.9043315061247552,316,316
2019-07-03,negative,-0.012464188445072421,-0.015873294798032924,-0.003409106352960503,0.012464188445072421,0.015873294798032924,0.10033263490053614,0.09973162874006757,315,316
2019-07-05,positive,0.01998463541885733,0.027175457919837494,0.007190822500980163,0.01998463541885733,0.027175457919837494,0.8885408934983651,0.911459106501635,316,316
2019-07-05,negative,-0.017196352711433643,-0.019035076283655097,-0.0018387235722214547,0.017196352711433643,0.019035076283655097,0.10422257439690086,0.09610724387650706,315,316
2019-07-08,positive,0.01074281589093367,0.019823181858737285,0.009080365967803615,0.01074281589093367,0.019823181858737285,0.8916463651449351,0.9084807400346009,315,315
2019-07-08,negative,-0.029648089699162803,-0.03514255587721325,-0.005494466178050449,0.029648089699162803,0.03514255587721325,0.11026880316710486,0.08995415134595305,314,315
2019-07-09,positive,0.02016511929141595,0.027332647829894165,0.007167528538478216,0.02016511929141595,0.027332647829894165,0.8943103636894055,0.9059256230057758,314,315
2019-07-09,negative,-0.020569230495251962,-0.024467361031533085,-0.0038981305362811233,0.020569230495251962,0.024467361031533085,0.10511883924085509,0.09494477399069708,314,314
2019-07-10,positive,0.024132390797368578,0.03663944495515746,0.012507054157788883,0.024132390797368578,0.03663944495515746,0.8929190774865886,0.9073124924269963,314,315
2019-07-10,negative,-0.017674895197946044,-0.023607621182422305,-0.005932725984476261,0.017674895197946044,0.023607621182422305,0.10974953809500655,0.0903140751365456,314,314
2019-07-11,positive,0.01627453681213429,0.023842402715387484,0.0075678659032531945,0.01627453681213429,0.023842402715387484,0.8877763564932881,0.9123119436614028,314,315
2019-07-11,negative,-0.025715907130244298,-0.03367824510324834,-0.007962337973004045,0.025715907130244298,0.03367824510324834,0.10949149999797282,0.09069946117325571,314,314
2019-07-12,positive,0.028191902267172553,0.035908828113331,0.007716925846158448,0.028191902267172553,0.035908828113331,0.8912033326366667,0.9090515255984402,314,314
2019-07-12,negative,-0.015044072765397626,-0.021437310082443713,-0.006393237317046087,0.015044072765397626,0.021437310082443713,0.1081692038835347,0.09192042579181572,313,314
2019-07-15,positive,0.015073691816107978,0.021176909795584887,0.006103217979476909,0.015073691816107978,0.021176909795584887,0.8926440095336932,0.9075874221096745,313,314
2019-07-15,negative,-0.025901671621741618,-0.034745503219822095,-0.008843831598080477,0.025901671621741618,0.034745503219822095,0.11036534270119946,0.0896984735081177,313,313
2019-07-16,positive,0.018372507973256673,0.027620760785518648,0.009248252812261975,0.018372507973256673,0.027620760785518648,0.8875907922672924,0.9124092077327075,314,314
2019-07-16,negative,-0.022927626069244023,-0.029103722891118306,-0.006176096821874283,0.022927626069244023,0.029103722891118306,0.10622824851847888,0.09411005800546532,313,314
2019-07-17,positive,0.012700849207635475,0.020177036202338447,0.007476186994702972,0.012700849207635475,0.020177036202338447,0.8877837591994526,0.9123685403583387,313,314
2019-07-17,negative,-0.03163953881960199,-0.04051405045573647,-0.00887451163613448,0.03163953881960199,0.04051405045573647,0.11122096124018359,0.0889067119165352,313,313
2019-07-18,positive,0.019996482375076587,0.028307593582586936,0.008311111207510349,0.019996482375076587,0.028307593582586936,0.8866855177310174,0.9133995900139101,313,314
2019-07-18,negative,-0.023186785842409297,-0.03186738330565721,-0.00868059746324791,0.023186785842409297,0.03186738330565721,0.10881695290090132,0.09137461798032472,313,313
2019-07-19,positive,0.01730451542445251,0.024281474384108322,0.0069769589596558115,0.01730451542445251,0.024281474384108322,0.889610084911396,0.9104843367417493,313,314
2019-07-19,negative,-0.025854973550883027,-0.030455491615348967,-0.004600518064465941,0.025854973550883027,0.030455491615348967,0.1031799950220133,0.09701157585921273,313,313
2019-07-22,positive,0.020134037523481096,0.02664586986996529,0.006511832346484194,0.020134037523481096,0.02664586986996529,0.8929469726835197,0.9071584120116334,312,313
2019-07-22,negative,-0.023998497696620207,-0.033292806904397745,-0.009294309207777539,0.023998497696620207,0.033292806904397745,0.10714799027579297,0.09304419422132426,312,312
2019-07-23,positive,0.027292753603471803,0.0349591591186183,0.007666405515146496,0.027292753603471803,0.0349591591186183,0.8882395886729731,0.9117604113270268,311,311
2019-07-23,negative,-0.019783421235917,-0.02569942785138659,-0.00591600661546959,0.019783421235917,0.02569942785138659,0.10195158693054905,0.09837623167694466,310,311
2019-07-24,positive,0.03832850859556399,0.049612493815856556,0.011283985220292565,0.03832850859556399,0.049612493815856556,0.8859603987209268,0.9141687585280239,310,310
2019-07-24,negative,-0.009848489682354458,-0.01823810440123359,-0.008389614718879132,0.009848489682354458,0.01823810440123359,0.11207160494601205,0.0881607591113148,309,310
2019-07-25,positive,0.03675048469079814,0.025099846327413296,-0.011650638363384844,0.03675048469079814,0.025099846327413296,0.8803040423339598,0.9196959576660403,311,311
2019-07-25,negative,-0.04047215124135709,-0.05221923211134401,-0.011747080869986916,0.04047215124135709,0.05221923211134401,0.10982702197288452,0.09052611957686751,310,311
2019-07-26,positive,0.03038009799124434,0.04657931129876966,0.01619921330752532,0.03038009799124434,0.04657931129876966,0.8871825431310962,0.913010507061954,311,311
2019-07-26,negative,-0.012981696115407027,-0.023639780540906624,-0.010658084425499597,0.012981696115407027,0.023639780540906624,0.11202879146427532,0.08813837953709337,310,311
2019-07-29,positive,0.01504487069123924,0.020931019460192452,0.005886148768953213,0.01504487069123924,0.020931019460192452,0.8903559115481163,0.9097732457008344,310,310
2019-07-29,negative,-0.02791927772651889,-0.036211192959064456,-0.008291915232545567,0.02791927772651889,0.036211192959064456,0.11011125705740914,0.09011478329705126,309,310
2019-07-30,positive,0.032703321390066965,0.05344348869049365,0.020740167300426687,0.032703321390066965,0.05344348869049365,0.8856300758619038,0.9145858992818237,303,304
2019-07-30,negative,-0.016937466125922066,-0.028675981166142832,-0.011738515040220766,0.016937466125922066,0.028675981166142832,0.11149491679556879,0.0885710027825459,303,303
2019-07-31,positive,0.014682131557156086,0.030852639456060635,0.01617050789890455,0.014682131557156086,0.030852639456060635,0.8839985816763494,0.9160014183236506,303,303
2019-07-31,negative,-0.031619077141754305,-0.04703861168658978,-0.015419534544835474,0.031619077141754305,0.04703861168658978,0.11241147173115866,0.08795952322504977,302,303
2019-08-01,positive,0.01890553720010221,0.03971039507016844,0.020804857870066234,0.01890553720010221,0.03971039507016844,0.8818846736158764,0.9180557364947021,303,304
2019-08-01,negative,-0.05382493388246799,-0.073212279075144,-0.019387345192676,0.05382493388246799,0.073212279075144,0.11391094555000054,0.08641908745329979,303,303
2019-08-02,positive,0.01420871282696242,0.03304034978884136,0.018831636961878936,0.01420871282696242,0.03304034978884136,0.8837346231703519,0.9163433246030975,304,305
2019-08-02,negative,-0.040951265427063725,-0.05426723197117105,-0.013315966544107327,0.040951265427063725,0.05426723197117105,0.11117220751583098,0.08902503114294612,304,304
2019-08-05,positive,-0.001253425729154912,0.006430723610170878,0.007684149339325791,0.009773222900562543,0.016024980926631537,0.894337297737431,0.9058602006167493,304,304
2019-08-05,negative,-0.056975039028916985,-0.06665512647543731,-0.009680087446520325,0.056975039028916985,0.06665512647543731,0.10929057026835008,0.09087143983229964,303,304
2019-08-06,positive,0.03390048904557991,0.054787418803495115,0.02088692975791521,0.03390048904557991,0.054787418803495115,0.8852056163117975,0.9148768834751027,305,306
2019-08-06,negative,-0.019298359717580826,-0.03529116413799231,-0.015992804420411486,0.019298359717580826,0.03529116413799231,0.11487602861869668,0.08532056377973057,305,305
2019-08-07,positive,0.02741865974935411,0.04956415146869358,0.022145491719339466,0.02741865974935411,0.04956415146869358,0.8828561306322265,0.9173493671644601,305,306
2019-08-07,negative,-0.025817634682105146,-0.047830568420371436,-0.02201293373826629,0.025817634682105146,0.047830568420371436,0.11871826253126776,0.08134722535347354,305,305
2019-08-08,positive,0.04543038315033091,0.07005061610878478,0.02462023295845387,0.04543038315033091,0.07005061610878478,0.8795425735341511,0.9205214195770052,305,306
2019-08-08,negative,-0.0076268855137185225,-0.03169919369094817,-0.024072308177229645,0.009862377497516055,0.033106885168622396,0.1149173882216445,0.08527920417678277,305,305
2019-08-09,positive,0.010682985334322243,0.03159286239267424,0.020909877058351997,0.010682985334322243,0.03159286239267424,0.8781727637352285,0.9218272362647716,305,305
2019-08-09,negative,-0.03635023786228224,-0.06224164697121404,-0.025891409108931798,0.03635023786228224,0.06224164697121404,0.11734454671160659,0.08304018950711997,304,305
2019-08-12,positive,0.010202038298861396,0.02265263631253949,0.012450598013678095,0.010202038298861396,0.02265263631253949,0.8861669428745449,0.9140971706942898,303,303
2019-08-12,negative,-0.03754846455119372,-0.04895635725114654,-0.01140789269995282,0.03754846455119372,0.04895635725114654,0.1162761079979623,0.0838435279645495,302,303
2019-08-13,positive,0.03272671087185823,0.04364076022480184,0.010914049352943607,0.03272671087185823,0.04364076022480184,0.8896884571256728,0.9105756564431615,303,303
2019-08-13,negative,-0.012250791785692133,-0.02208394852650903,-0.009833156740816897,0.012250791785692133,0.02208394852650903,0.11084625660557221,0.08925545905531457,302,303
2019-08-14,positive,-0.0036887062230416393,0.004592487135678743,0.008281193358720382,0.007365869622134386,0.013218192677053082,0.8910668296015978,0.9091678017008049,302,303
2019-08-14,negative,-0.056309096272403214,-0.06714691970950748,-0.010837823437104266,0.056309096272403214,0.06714691970950748,0.11219953397105716,0.08786660359508042,302,302
2019-08-15,positive,0.017766513515867634,0.029612112555637282,0.011845599039769648,0.017766513515867634,0.029612112555637282,0.8887043859706526,0.911361707882619,303,303
2019-08-15,negative,-0.031826999094806886,-0.04368758273306327,-0.011860583638256386,0.031826999094806886,0.04368758273306327,0.11305331716733125,0.0872537022373751,302,303
2019-08-16,positive,0.0430195493613978,0.05385474252079249,0.010835193159394692,0.0430195493613978,0.05385474252079249,0.8879982378206127,0.9122650066677058,304,304
2019-08-16,negative,-0.003318625967109085,-0.007125449122388556,-0.0038068231552794707,0.00737568432836888,0.010070700378018202,0.10900808738326943,0.09108724736322543,303,304
2019-08-19,positive,0.032697888288809415,0.04109657729884635,0.008398689010036937,0.032697888288809415,0.04109657729884635,0.8886017898543201,0.9114921158426833,304,305
2019-08-19,negative,-0.00996420596360453,-0.015542783544957467,-0.0055785775813529375,0.00996420596360453,0.015542783544957467,0.10380548033742297,0.09047459855804055,295,295
2019-08-20,positive,0.014914746718380228,0.021366590497630036,0.0064518437792498076,0.014914746718380228,0.021366590497630036,0.8910571285262122,0.9091104011895077,304,305
2019-08-20,negative,-0.02423061439781727,-0.03287295489610177,-0.008642340498284502,0.02423061439781727,0.03287295489610177,0.1114345694172994,0.08869687981043638,304,304
2019-08-21,positive,0.02842542650469205,0.03869925183850682,0.010273825333814768,0.02842542650469205,0.03869925183850682,0.8862969585070134,0.9138549640938892,304,305
2019-08-21,negative,-0.009970877782773207,-0.015173203278498271,-0.005202325495725064,0.009970877782773207,0.015173203278498271,0.10739704585156612,0.09273440337616963,304,304
2019-08-22,positive,0.014563771145564588,0.030346120555941315,0.015782349410376727,0.014563771145564588,0.030346120555941315,0.8790381222838949,0.921158728109806,305,305
2019-08-22,negative,-0.02551565106180164,-0.03142376436808038,-0.005908113306278738,0.02551565106180164,0.03142376436808038,0.10712643752590137,0.09302794630179424,304,305
2019-08-23,positive,-0.0030788018207456905,0.0032030943038764068,0.006281896124622098,0.0066043022845140254,0.012036897232800322,0.8948854674524802,0.9053609530583213,303,304
2019-08-23,negative,-0.053483819815165354,-0.05814530239454134,-0.004661482579375986,0.053483819815165354,0.05814530239454134,0.10417686462120175,0.09588905495691295,303,303
2019-08-26,positive,0.029353932420904616,0.03680620009708608,0.0074522676761814635,0.029353932420904616,0.03680620009708608,0.8930438108188502,0.9068673871870168,303,304
2019-08-26,negative,-0.01095112514143885,-0.01741356286522236,-0.00646243772378351,0.01095112514143885,0.01741356286522236,0.10879872053592317,0.09129623758017928,302,303
2019-08-27,positive,0.010642023187197213,0.018669291715547185,0.008027268528349972,0.010642023187197213,0.018669291715547185,0.889726946960615,0.9103051363975759,303,304
2019-08-27,negative,-0.037653904462121635,-0.04110813885902987,-0.003454234396908236,0.037653904462121635,0.04110813885902987,0.10456580135083783,0.09569813794312457,303,303
2019-08-28,positive,0.03320245043559238,0.04194214012532182,0.008739689689729435,0.03320245043559238,0.04194214012532182,0.89172403887273,0.9084462361393095,303,304
2019-08-28,negative,-0.009807454544999001,-0.014293680742415138,-0.004486226197416137,0.009807454544999001,0.014293680742415138,0.10404091843407881,0.09609096419038542,303,303
2019-08-29,positive,0.03669517051864237,0.04903165891138304,0.012336488392740666,0.03669517051864237,0.04903165891138304,0.8875205522530493,0.9126358955003732,303,304
2019-08-29,negative,-0.006427291405573247,-0.012708656823720257,-0.006281365418147011,0.007281683024186597,0.013543049272306297,0.10582982135997972,0.0943020612644845,303,303
2019-08-30,positive,0.017447772996157525,0.02505866572563339,0.007610892729475866,0.017447772996157525,0.02505866572563339,0.890918898866687,0.9092136831684473,302,302
2019-08-30,negative,-0.02119985202579794,-0.027497271125553783,-0.0062974190997558445,0.02119985202579794,0.027497271125553783,0.10466107340794192,0.0955529044026455,301,302
2019-09-03,positive,0.013858427450118704,0.025346233612542506,0.011487806162423802,0.013858427450118704,0.025346233612542506,0.8918592270726021,0.9081407729273979,295,295
2019-09-03,negative,-0.04022077283434281,-0.04878970637162759,-0.00856893353728478,0.04022077283434281,0.04878970637162759,0.10909705138422092,0.09127276912894593,294,295
2019-09-04,positive,0.034513426099931445,0.04313719784478723,0.008623771744855784,0.034513426099931445,0.04313719784478723,0.8880188413382184,0.9121168899139025,295,295
2019-09-04,negative,-0.011853136584869733,-0.01997900106111556,-0.008125864476245828,0.011853136584869733,0.01997900106111556,0.1098834511748371,0.09035330384821104,294,295
2019-09-05,positive,0.047913138225753736,0.06098611823953281,0.013072980013779073,0.047913138225753736,0.06098611823953281,0.8873243320884803,0.912632844709116,295,296
2019-09-05,negative,-0.011842033097890657,-0.025817779810326343,-0.013975746712435686,0.011842033097890657,0.025817779810326343,0.11351565642056881,0.08682332663027865,295,295
2019-09-06,positive,0.019163269758895082,0.029411945059201895,0.010248675300306813,0.019163269758895082,0.029411945059201895,0.8846665825137993,0.9155519771633515,295,296
2019-09-06,negative,-0.02388199341371628,-0.03290808713790321,-0.009026093724186932,0.02388199341371628,0.03290808713790321,0.10967432840274031,0.09039337640430098,295,295
2019-09-09,positive,0.05135879921081955,0.06646529335583717,0.015106494145017621,0.05135879921081955,0.06646529335583717,0.8891151967825339,0.9108480302336236,295,296
2019-09-09,negative,-0.028599341347569845,-0.042851721822640514,-0.014252380475070669,0.028599341347569845,0.042851721822640514,0.11686641769606436,0.08347256535478312,295,295
2019-09-10,positive,0.049998029858352215,0.062059611995623494,0.012061582137271279,0.049998029858352215,0.062059611995623494,0.8868491745850237,0.9133529817492082,297,297
2019-09-10,negative,-0.0200495470899448,-0.03390418118172897,-0.013854634091784172,0.0200495470899448,0.03390418118172897,0.11876115502294748,0.0814365578516522,296,297
2019-09-11,positive,0.04532240706781527,0.05789947816290574,0.012577071095090472,0.04532240706781527,0.05789947816290574,0.8875084202392135,0.9127601262528979,298,298
2019-09-11,negative,-0.00966079270461328,-0.017194327056242825,-0.007533534351629545,0.00966079270461328,0.017194327056242825,0.10618183942890336,0.09086414915787075,293,293
2019-09-12,positive,0.0215934424542793,0.028699319107668615,0.007105876653389315,0.0215934424542793,0.028699319107668615,0.891895865970263,0.9081438760726624,299,300
2019-09-12,negative,-0.028565738003366918,-0.04149549101515949,-0.012929753011792569,0.028565738003366918,0.04149549101515949,0.10565755236724667,0.09460991670664165,299,299
2019-09-13,positive,0.025645772331709327,0.03362058781934676,0.00797481548763743,0.025645772331709327,0.03362058781934676,0.8889499132312071,0.9112133867914022,299,300
2019-09-13,negative,-0.022469453204160425,-0.027254386570830298,-0.004784933366669873,0.022469453204160425,0.027254386570830298,0.10809223751741802,0.09204140765465015,299,299
2019-09-16,positive,0.029458063740167878,0.07077694942140009,0.04131888568123221,0.029458063740167878,0.07077694942140009,0.8777977777777778,0.9221284606866003,300,301
2019-09-16,negative,-0.02237563021511982,-0.029336964455031034,-0.0069613342399112155,0.02237563021511982,0.029336964455031034,0.11013944444444443,0.09019388888888889,300,300
2019-09-17,positive,0.020573939506050232,0.028191130477499868,0.007617190971449635,0.020573939506050232,0.028191130477499868,0.8898414023372286,0.9101585976627712,300,300
2019-09-17,negative,-0.02926509101193933,-0.04123890197611493,-0.011973810964175602,0.02926509101193933,0.04123890197611493,0.11485251338630159,0.0855303283249861,299,300
2019-09-18,positive,0.011855471899587751,0.01869251380802816,0.006837041908440408,0.011855471899587751,0.01869251380802816,0.8876580580544774,0.9124342691622104,299,300
2019-09-18,negative,-0.027494385023709392,-0.03423576946133799,-0.006741384437628596,0.027494385023709392,0.03423576946133799,0.10901534526854219,0.0911851894908161,299,299
2019-09-19,positive,0.01614195233061729,0.019108034422259335,0.002966082091642043,0.01614195233061729,0.019108034422259335,0.8899513224479007,0.910115656788536,299,299
2019-09-19,negative,-0.0243004137484098,-0.03031390897196904,-0.006013495223559241,0.0243004137484098,0.03031390897196904,0.10669927221890074,0.09359060229790304,298,299
2019-09-20,positive,0.021792627764650404,0.025575013959649756,0.003782386194999352,0.021792627764650404,0.025575013959649756,0.8974051782494755,0.9028529280783789,299,300
2019-09-20,negative,-0.026139249838670716,-0.02664650786370447,-0.0005072580250337529,0.026139249838670716,0.02664650786370447,0.09938327044278077,0.1006835298244203,299,299
2019-09-23,positive,0.02137294933528665,0.02785757167986862,0.0064846223445819695,0.02137294933528665,0.02785757167986862,0.8943268352451385,0.905739477752209,302,302
2019-09-23,negative,-0.021323550436291396,-0.029690588038214623,-0.008367037601923227,0.021323550436291396,0.029690588038214623,0.1092512139023767,0.09104423208670753,301,302
2019-09-24,positive,0.006781090457545125,0.012843952663258088,0.006062862205712963,0.006781090457545125,0.012843952663258088,0.8864101307821572,0.9087425916614019,309,309
2019-09-24,negative,-0.04671932453190626,-0.05384778115879824,-0.007128456626891981,0.04671932453190626,0.05384778115879824,0.10623287580574711,0.09396632738150389,301,301
2019-09-25,positive,0.030757140002996154,0.03593788114338459,0.005180741140388433,0.030757140002996154,0.03593788114338459,0.8943402600308421,0.9059247283759149,302,302
2019-09-25,negative,-0.01674294716928642,-0.025943731248549623,-0.009200784079263204,0.01674294716928642,0.025943731248549623,0.11012040025574461,0.08997924842443773,301,302
2019-09-26,positive,0.011398356530780574,0.017636348718155694,0.00623799218737512,0.011398356530780574,0.017636348718155694,0.8875978199262629,0.9125352030201954,301,301
2019-09-26,negative,-0.035062574808572604,-0.046592193283511704,-0.0115296184749391,0.035062574808572604,0.046592193283511704,0.1159394745593615,0.08431268347278277,300,301
2019-09-27,positive,0.015132741635977281,0.018975544203413207,0.0038428025674359257,0.015132741635977281,0.018975544203413207,0.892746695412455,0.9074527726726516,301,301
2019-09-27,negative,-0.032834266102434215,-0.04351910045009297,-0.010684834347658753,0.032834266102434215,0.04351910045009297,0.11237367021276595,0.08780019615466178,300,301
2019-09-30,positive,0.022249622745306633,0.030738751557761165,0.008489128812454533,0.022249622745306633,0.030738751557761165,0.8896890298175344,0.9103777258566977,300,300
2019-09-30,negative,-0.021042616875620795,-0.029459084382999556,-0.008416467507378761,0.021042616875620795,0.029459084382999556,0.10882961004862671,0.09146639964396976,299,300
2019-10-01,positive,0.004184188851067643,0.009418333027435563,0.005234144176367921,0.005491781800523061,0.01046891552350918,0.8911424917569872,0.9089960603732518,289,289
2019-10-01,negative,-0.04816727724071295,-0.05439495594710358,-0.006227678706390627,0.04816727724071295,0.05439495594710358,0.1070200948697225,0.09321166474699255,288,289
2019-10-02,positive,0.016108478535068048,0.01805604348991839,0.0019475649548503435,0.016108478535068048,0.01805604348991839,0.8983256134276143,0.9019445702166194,289,290
2019-10-02,negative,-0.03777884601036963,-0.042157390439633485,-0.004378544429263859,0.03777884601036963,0.042157390439633485,0.10331063194821406,0.09675847655213149,289,289
2019-10-03,positive,0.03304773035605098,0.03636010119341027,0.003312370837359295,0.03304773035605098,0.03636010119341027,0.8949166905047163,0.9051348417800784,289,290
2019-10-03,negative,-0.015878991306623465,-0.02021734654107328,-0.004338355234449816,0.015878991306623465,0.02021734654107328,0.10467277638872101,0.09560394446911367,289,289
2019-10-04,positive,0.028999014554665987,0.03645443391575318,0.007455419361087196,0.028999014554665987,0.03645443391575318,0.8935722569946996,0.9066354992379876,289,289
2019-10-04,negative,-0.013954688891819401,-0.018943049368216218,-0.004988360476396817,0.013954688891819401,0.018943049368216218,0.1075252721991382,0.09263903133356978,288,289
2019-10-07,positive,0.01679483185232776,0.024824017055874944,0.008029185203547184,0.01679483185232776,0.024824017055874944,0.8894577602481123,0.9107826740062102,288,289
2019-10-07,negative,-0.021534823076177215,-0.026729387789251855,-0.00519456471307464,0.021534823076177215,0.026729387789251855,0.10785620376791492,0.09221314435968561,288,288
2019-10-08,positive,0.004905149837101924,0.007360304776764411,0.002455154939662487,0.006777667824545626,0.008894945201279422,0.8943206788961867,0.9056596012388695,287,288
2019-10-08,negative,-0.04125739535645214,-0.048542857093207784,-0.007285461736755643,0.04125739535645214,0.048542857093207784,0.11081292719348299,0.08953550486226615,287,287
2019-10-09,positive,0.02328317771440259,0.029361215265758422,0.0060780375513558305,0.02328317771440259,0.029361215265758422,0.8898674985253966,0.9101325014746033,287,287
2019-10-09,negative,-0.017649468772274267,-0.024977840967130058,-0.007328372194855791,0.017649468772274267,0.024977840967130058,0.10833668948852196,0.09204079026579347,286,287
2019-10-10,positive,0.024140854145484083,0.0332350523349984,0.009094198189514315,0.024140854145484083,0.0332350523349984,0.8910604594566859,0.9090479112338294,286,287
2019-10-10,negative,-0.01635701677242079,-0.028398383461643507,-0.012041366689222718,0.01635701677242079,0.028398383461643507,0.11215810744112631,0.0880515361647437,286,286
2019-10-11,positive,0.04156044497606463,0.049063646706321754,0.007503201730257127,0.04156044497606463,0.049063646706321754,0.8898100501874087,0.9102939636763844,286,287
2019-10-11,negative,-0.009040881984560595,-0.013765174813773403,-0.0047242928292128075,0.009351249790646804,0.014040872965805407,0.10700436879682163,0.09320527480904839,286,286
2019-10-14,positive,0.01271944770983493,0.032189583200940765,0.019470135491105836,0.01271944770983493,0.032189583200940765,0.8849072687703493,0.9152493485914851,286,287
2019-10-14,negative,-0.02494776995220073,-0.030854362717062055,-0.005906592764861326,0.02494776995220073,0.030854362717062055,0.10861265873490812,0.09152705485223821,286,286
2019-10-15,positive,0.03349844115322536,0.04472505780409697,0.011226616650871608,0.03349844115322536,0.04472505780409697,0.8918012810307031,0.9081987189692969,286,286
2019-10-15,negative,-0.008894411287696287,-0.01797189135131442,-0.009077480063618132,0.008894411287696287,0.01797189135131442,0.11457277168402617,0.08582783241277112,285,286
2019-10-16,positive,0.022100425076470195,0.031625789719788674,0.00952536464331848,0.022100425076470195,0.031625789719788674,0.8943768643943468,0.9056035427986646,286,287
2019-10-16,negative,-0.020462198633748985,-0.029675704236189246,-0.009213505602440261,0.020462198633748985,0.029675704236189246,0.11502029439092376,0.0853293559587266,286,286
2019-10-17,positive,0.030372017328761474,0.038556693011087495,0.008184675682326021,0.030372017328761474,0.038556693011087495,0.8902154159237056,0.9100644021945176,286,286
2019-10-17,negative,-0.010396327954875415,-0.021528696473726468,-0.011132368518851053,0.010396327954875415,0.021528696473726468,0.11127065652939626,0.08883858359199388,285,286
2019-10-18,positive,0.01758577596027798,0.022324404994493605,0.0047386290342156245,0.01758577596027798,0.022324404994493605,0.8922467878396525,0.9080330302785706,286,286
2019-10-18,negative,-0.03202754355940761,-0.03857332695123881,-0.006545783391831199,0.03202754355940761,0.03857332695123881,0.11071470211029497,0.08939259411452485,285,286
2019-10-21,positive,0.03211447067774868,0.04123695594916586,0.00912248527141718,0.03211447067774868,0.04123695594916586,0.890982072009522,0.9089862861378799,284,285
2019-10-21,negative,-0.012284685339711469,-0.019358631710086182,-0.007073946370374713,0.012284685339711469,0.019358631710086182,0.1075295080341202,0.09282260464193612,284,284
2019-10-22,positive,0.02622779589864582,0.03533656300459566,0.00910876710594984,0.02622779589864582,0.03533656300459566,0.8902704663961837,0.9099770642201835,283,284
2019-10-22,negative,-0.02602814010153787,-0.037451060672321894,-0.011422920570784024,0.02602814010153787,0.037451060672321894,0.11287533259686146,0.08719523903334322,283,283
2019-10-23,positive,0.0252591616708442,0.035043601348351903,0.009784439677507705,0.0252591616708442,0.035043601348351903,0.8861180507103399,0.9139527206980111,283,283
2019-10-23,negative,-0.01793473515043825,-0.029043764803145557,-0.011109029652707308,0.01793473515043825,0.029043764803145557,0.11081372061857223,0.08950707589045687,282,283
2019-10-24,positive,0.025555498646604734,0.03934272882791459,0.013787230181309857,0.025555498646604734,0.03934272882791459,0.8858046025141211,0.9143368902343755,283,283
2019-10-24,negative,-0.027489219381018913,-0.040537218859593584,-0.01304799947857467,0.027489219381018913,0.040537218859593584,0.11210477989598777,0.08814985731981236,282,283
2019-10-25,positive,0.031461446800234626,0.04369438697928252,0.012232940179047892,0.031461446800234626,0.04369438697928252,0.8887555898265158,0.9113458114506247,283,284
2019-10-25,negative,-0.01627429927088351,-0.029292863117967374,-0.013018563847083865,0.01627429927088351,0.029292863117967374,0.11591154099538842,0.08430032341139128,283,283
2019-10-28,positive,0.030507955677977875,0.04102647489595847,0.010518519217980592,0.030507955677977875,0.04102647489595847,0.8879814357181605,0.9122588814702851,282,283
2019-10-28,negative,-0.018431706226938547,-0.028433199393851985,-0.010001493166913438,0.018431706226938547,0.028433199393851985,0.10889375263697185,0.09117706889277319,282,282
2019-10-29,positive,0.02281945504676428,0.04069537670524148,0.017875921658477203,0.02281945504676428,0.04069537670524148,0.8850887782304713,0.9148585319399544,282,283
2019-10-29,negative,-0.022696487400407823,-0.03630643980240434,-0.013609952401996517,0.022696487400407823,0.03630643980240434,0.11187566017805946,0.08847894975101857,282,282
2019-10-30,positive,0.02312078758291217,0.03752582461035289,0.014405037027440722,0.02312078758291217,0.03752582461035289,0.8840057536627731,0.916150446382424,281,282
2019-10-30,negative,-0.030630536589041815,-0.044752322061592575,-0.01412178547255076,0.030630536589041815,0.044752322061592575,0.11118371364268337,0.08895848330008235,281,281
2019-10-31,positive,0.01905247977550916,0.03751638060502179,0.01846390082951263,0.01905247977550916,0.03751638060502179,0.8837607289651838,0.9163102937620891,282,282
2019-10-31,negative,-0.03237691443719617,-0.05064611100586624,-0.01826919656867007,0.03237691443719617,0.05064611100586624,0.11513517065674539,0.08520208736299163,281,282
2019-11-01,positive,0.04735268803579906,0.0671803515137945,0.019827663477995444,0.04735268803579906,0.0671803515137945,0.8841490116726816,0.9160639052897028,282,282
2019-11-01,negative,-0.00956221964271862,-0.02145957455075406,-0.011897354908035439,0.00956221964271862,0.02145957455075406,0.11042889002826264,0.08974978481796354,281,282
2019-11-04,positive,0.038978579652460155,0.04985110260697988,0.010872522954519723,0.038978579652460155,0.04985110260697988,0.8879281595089726,0.9123546259275773,283,283
2019-11-04,negative,-0.022789205664450272,-0.03370635112339031,-0.010917145458940035,0.022789205664450272,0.03370635112339031,0.11306528883975242,0.08705144971253062,282,283
2019-11-05,positive,0.02694669414294125,0.05541495402050003,0.02846825987755878,0.02694669414294125,0.05541495402050003,0.8825103941346002,0.9174985447833591,283,284
2019-11-05,negative,-0.026313489901412346,-0.04062280125785271,-0.014309311356440365,0.026313489901412346,0.04062280125785271,0.11675318564155307,0.08352940001722474,283,283
2019-11-06,positive,0.017133252063029153,0.04603407585375738,0.028900823790728225,0.017133252063029153,0.04603407585375738,0.8806463200617657,0.9194969499311435,283,284
2019-11-06,negative,-0.035186485578367205,-0.05993162382882201,-0.024745138250454803,0.035186485578367205,0.05993162382882201,0.11763179787935972,0.08250939520217927,283,283
2019-11-07,positive,0.028996906813669055,0.05983649943689933,0.030839592623230275,0.028996906813669055,0.05983649943689933,0.8780800553851651,0.922131361105321,284,284
2019-11-07,negative,-0.02827961139670564,-0.05201139370134816,-0.023731782304642523,0.02827961139670564,0.05201139370134816,0.1131663416978562,0.08702071484580493,283,284
2019-11-08,positive,0.029234334423809783,0.05702195865830555,0.027787624234495763,0.029234334423809783,0.05702195865830555,0.8825665844575186,0.9176530461174033,284,285
2019-11-08,negative,-0.019911393907557272,-0.04187659784029116,-0.021965203932733886,0.019911393907557272,0.04187659784029116,0.117162273924843,0.082908049563202,284,284
2019-11-11,positive,0.016406367024068516,0.029615184725231114,0.013208817701162598,0.016406367024068516,0.029615184725231114,0.8778731502314377,0.9221897107300269,284,285
2019-11-11,negative,-0.026621850853947724,-0.037871540859617,-0.011249690005669274,0.026621850853947724,0.037871540859617,0.11186577593640663,0.08834534299392413,284,284
2019-11-12,positive,0.021590112197117543,0.03470369915163829,0.013113586954520747,0.021590112197117543,0.03470369915163829,0.882987137788291,0.9172235363690124,285,285
2019-11-12,negative,-0.022872654672094934,-0.035001325095520196,-0.012128670423425261,0.022872654672094934,0.035001325095520196,0.11100945561006488,0.08916937709442145,284,285
2019-11-13,positive,0.01857529889725662,0.0366872516460745,0.018111952748817876,0.01857529889725662,0.0366872516460745,0.8839024149766759,0.9162380837939599,285,285
2019-11-13,negative,-0.026639957138741278,-0.043005322808935195,-0.016365365670193917,0.026639957138741278,0.043005322808935195,0.11661645319758382,0.08365222856931581,284,285
2019-11-14,positive,0.019634247281406517,0.033546334050839496,0.01391208676943298,0.019634247281406517,0.033546334050839496,0.8829522930132349,0.9169880996196786,285,286
2019-11-14,negative,-0.021216640822255484,-0.03598334742496245,-0.014766706602706969,0.021216640822255484,0.03598334742496245,0.11444136657433059,0.08590951061865189,285,285
2019-11-15,positive,0.0285918169737224,0.03980528836042663,0.011213471386704227,0.0285918169737224,0.03980528836042663,0.8861818965074127,0.9139581104929373,286,286
2019-11-15,negative,-0.014530242491030099,-0.026675073650885794,-0.012144831159855695,0.014530242491030099,0.026675073650885794,0.11057728325012743,0.0896693436070405,285,286
2019-11-18,positive,0.01915667352544669,0.043270662589681104,0.024113989064234415,0.01915667352544669,0.043270662589681104,0.8876256842981887,0.9123743157018114,286,286
2019-11-18,negative,-0.028493862333341374,-0.04066044128318612,-0.012166578949844745,0.028493862333341374,0.04066044128318612,0.11100685162995054,0.08938128421490943,285,286
2019-11-19,positive,0.023393991344954724,0.043646279214508185,0.02025228786955346,0.023393991344954724,0.043646279214508185,0.8820884141654521,0.9180588951882327,285,286
2019-11-19,negative,-0.023444521067568638,-0.034002476050813614,-0.010557954983244976,0.023444521067568638,0.034002476050813614,0.11064684142884373,0.08949336186593365,285,285
2019-11-20,positive,0.01831470392259834,0.03447288316585765,0.01615817924325931,0.01831470392259834,0.03447288316585765,0.8824216318808965,0.9177188668897394,285,285
2019-11-20,negative,-0.027149826927782877,-0.034907232189673884,-0.007757405261891007,0.027149826927782877,0.034907232189673884,0.11122345241098859,0.08902630654613351,284,285
2019-11-21,positive,0.01858220458556389,0.03495793974949512,0.01637573516393123,0.01858220458556389,0.03495793974949512,0.8857120987593843,0.9142879012406157,286,286
2019-11-21,negative,-0.023364978060315303,-0.033840875611768774,-0.010475897551453471,0.023364978060315303,0.033840875611768774,0.11291547608074476,0.08747933327618093,285,286
2019-11-22,positive,0.02443024867301594,0.03894075362118832,0.014510504948172378,0.02443024867301594,0.03894075362118832,0.888234271853453,0.9119057351468972,286,286
2019-11-22,negative,-0.015954433509441545,-0.024398697079534785,-0.00844426357009324,0.015954433509441545,0.024398697079534785,0.11200130181947696,0.0882503041235978,285,286
2019-11-25,positive,0.0411595206024468,0.053543491811524256,0.012383971209077457,0.0411595206024468,0.053543491811524256,0.8873473863952401,0.9129314564071299,287,287
2019-11-25,negative,-0.007560081680911464,-0.015486931535390873,-0.007926849854479409,0.00792411111503669,0.01587373837842675,0.10823804985533811,0.09186024340450545,286,287
2019-11-26,positive,0.02325933959662414,0.0445645406025227,0.02130520100589856,0.02325933959662414,0.0445645406025227,0.8896128321556195,0.9105601808974529,286,287
2019-11-26,negative,-0.025191472930627175,-0.030549404617095585,-0.00535793168646841,0.025191472930627175,0.030549404617095585,0.10640581911975555,0.0937338944673908,286,286
2019-11-27,positive,0.02568789921560945,0.03648872279774649,0.010800823582137038,0.02568789921560945,0.03648872279774649,0.89110708575705,0.9091021192638704,287,287
2019-11-27,negative,-0.010512679413950576,-0.01774067263517814,-0.007227993221227566,0.010512679413950576,0.01774067263517814,0.11014290799855654,0.09003166017912421,286,287
2019-11-29,positive,0.015357327909494504,0.029856627245602278,0.014499299336107774,0.015357327909494504,0.029856627245602278,0.8836406900654373,0.9163025067750676,287,288
2019-11-29,negative,-0.020000049429791198,-0.024862257865303397,-0.004862208435512199,0.020000049429791198,0.024862257865303397,0.11243914579514139,0.08790928626060776,287,287
2019-12-02,positive,0.012361957566262662,0.022558323880187366,0.010196366313924704,0.012361957566262662,0.022558323880187366,0.8927938332617104,0.9074599011153719,286,287
2019-12-02,negative,-0.03497854242131712,-0.03920074957487924,-0.00422220715356212,0.03497854242131712,0.03920074957487924,0.10706637984920109,0.09300345255303355,286,286
2019-12-03,positive,0.01927411174802539,0.03542234581621398,0.016148234068188588,0.01927411174802539,0.03542234581621398,0.8890537197459809,0.9112251230563891,287,287
2019-12-03,negative,-0.027606865681521937,-0.036662488145609975,-0.009055622464088038,0.027606865681521937,0.036662488145609975,0.11002834739328292,0.09007618383707613,286,287
2019-12-04,positive,0.030619181060204656,0.04536174294868879,0.014742561888484135,0.030619181060204656,0.04536174294868879,0.888576690821256,0.911423309178744,288,288
2019-12-04,negative,-0.015561908201714868,-0.021591623848449443,-0.006029715646734575,0.015561908201714868,0.021591623848449443,0.10426662626874715,0.09609541062801932,287,288
2019-12-05,positive,0.017836848739312374,0.036422165749424376,0.018585317010112002,0.017836848739312374,0.036422165749424376,0.8845179295813238,0.9157061876594759,287,288
2019-12-05,negative,-0.026103069535125232,-0.03734643752518663,-0.011243367990061402,0.026103069535125232,0.03734643752518663,0.1089620022355905,0.09110758718681729,287,287
2019-12-06,positive,0.037518806243803146,0.05186543899472816,0.014346632750925015,0.037518806243803146,0.05186543899472816,0.8911018277391975,0.9088673827374087,288,289
2019-12-06,negative,-0.009519115926157255,-0.01705127232182547,-0.007532156395668213,0.009519115926157255,0.01705127232182547,0.10761529713511421,0.09203748064266357,287,287
2019-12-09,positive,0.02298901057398689,0.05285990336642854,0.02987089279244165,0.02298901057398689,0.05285990336642854,0.8890907043899962,0.9111862080364488,289,289
2019-12-09,negative,-0.024223677940336294,-0.031943419781108436,-0.007719741840772142,0.024223677940336294,0.031943419781108436,0.10923017383946772,0.09087087281311645,288,289
2019-12-10,positive,0.021792040603309863,0.03734493132404229,0.015552890720732428,0.021792040603309863,0.03734493132404229,0.8865463348471493,0.9136143127883002,289,290
2019-12-10,negative,-0.020609485302045472,-0.02844917257810074,-0.007839687276055267,0.020609485302045472,0.02844917257810074,0.10727241629658513,0.09286584848046293,289,289
2019-12-11,positive,0.02410275157318252,0.03589959383350206,0.011796842260319539,0.02410275157318252,0.03589959383350206,0.8892208702678296,0.910879687192859,290,291
2019-12-11,negative,-0.022591219773850178,-0.03186894321429517,-0.009277723440444991,0.022591219773850178,0.03186894321429517,0.10832541172556381,0.09188134223722047,290,290
2019-12-12,positive,0.04110826308358535,0.05258259293589383,0.011474329852308479,0.04110826308358535,0.05258259293589383,0.8917744540859887,0.9082943690385812,291,291
2019-12-12,negative,-0.018625638503433392,-0.027073289161536337,-0.008447650658102945,0.018625638503433392,0.027073289161536337,0.11046230154021407,0.08984847087315496,290,291
2019-12-13,positive,0.01912738796760406,0.02839919275402286,0.009271804786418803,0.01912738796760406,0.02839919275402286,0.8901972309299896,0.910044091335094,290,291
2019-12-13,negative,-0.029253626637017742,-0.03467653610759132,-0.005422909470573577,0.029253626637017742,0.03467653610759132,0.10404198727082739,0.09602688325258858,290,290
2019-12-16,positive,0.0329992465170993,0.04268100368589907,0.009681757168799772,0.0329992465170993,0.04268100368589907,0.8908121999628815,0.9093253989363276,291,291
2019-12-16,negative,-0.018394312943934277,-0.026598661410751064,-0.008204348466816787,0.018394312943934277,0.026598661410751064,0.1048384992230407,0.0953841716345307,290,291
2019-12-17,positive,0.026294043321023745,0.03832662874566058,0.012032585424636838,0.026294043321023745,0.03832662874566058,0.890003121860535,0.9102024984273334,292,292
2019-12-17,negative,-0.020555845574047084,-0.027826709694640604,-0.00727086412059352,0.020555845574047084,0.027826709694640604,0.10678417406829044,0.09337590487010244,291,292
2019-12-18,positive,0.025825474883210593,0.036143711548938084,0.010318236665727492,0.025825474883210593,0.036143711548938084,0.8930093094779664,0.9068538448155677,293,293
2019-12-18,negative,-0.02121108721365637,-0.0220195667858007,-0.0008084795721443293,0.02121108721365637,0.0220195667858007,0.10175790494847196,0.098378940757994,292,292
2019-12-19,positive,0.028789361802121907,0.04058952253691,0.011800160734788092,0.028789361802121907,0.04058952253691,0.8904995981316032,0.9094680875763277,293,294
2019-12-19,negative,-0.01682775598425774,-0.023608457172426853,-0.006780701188169112,0.01682775598425774,0.023608457172426853,0.10581893790259642,0.09452235902573122,293,293
2019-12-20,positive,0.02793228183424781,0.037527425399265985,0.009595143565018175,0.02793228183424781,0.037527425399265985,0.8939898158955517,0.9061468427993578,293,293
2019-12-20,negative,-0.019704204860738442,-0.02342522606695604,-0.0037210212062175965,0.019704204860738442,0.02342522606695604,0.10006271323670503,0.1001421390350637,292,293
2019-12-23,positive,0.030162887857859092,0.0601233845770948,0.029960496719235705,0.030162887857859092,0.0601233845770948,0.8828551289304158,0.917221960773615,296,297
2019-12-23,negative,-0.018744818896045075,-0.026210724636655785,-0.00746590574061071,0.018744818896045075,0.026210724636655785,0.11002313082833001,0.09017943500556601,296,296
2019-12-24,positive,0.017313434257000323,0.032457704497179406,0.015144270240179083,0.017313434257000323,0.032457704497179406,0.8848834136809887,0.9153860373126119,297,297
2019-12-24,negative,-0.010006160530138192,-0.015822409785036465,-0.005816249254898273,0.010006160530138192,0.015822409785036465,0.1125890963378333,0.08752054053502352,296,297
2019-12-26,positive,0.01843877302389671,0.035347388736564386,0.016908615712667677,0.01843877302389671,0.035347388736564386,0.8841274385459059,0.9159539350288842,296,297
2019-12-26,negative,-0.014965672137660079,-0.02525760965464482,-0.010291937516984742,0.014965672137660079,0.02525760965464482,0.11531596164023579,0.08488660419366023,296,296
2019-12-27,positive,0.009203417620208067,0.01754826363205109,0.008344846011843023,0.009203417620208067,0.01754826363205109,0.8869860977728997,0.9130139022271001,296,296
2019-12-27,negative,-0.025974655664044364,-0.03432706758583676,-0.008352411921792393,0.025974655664044364,0.03432706758583676,0.11345034271129083,0.08693293547354462,295,296
2019-12-30,positive,0.014122278365392395,0.021624020154758176,0.00750174178936578,0.014122278365392395,0.021624020154758176,0.8886848888117066,0.9114503834236669,296,296
2019-12-30,negative,-0.02362791911132896,-0.03195384133042259,-0.008325922219093628,0.02362791911132896,0.03195384133042259,0.10996543679748717,0.09027079582118473,295,296
2019-12-31,positive,0.022923252759975577,0.03990727881507229,0.016984026055096715,0.022923252759975577,0.03990727881507229,0.8886737087207993,0.9114897613194364,297,298
2019-12-31,negative,-0.010654898745378248,-0.016029839961447617,-0.005374941216069368,0.010654898745378248,0.016029839961447617,0.10797627582020451,0.09215826841121157,297,297
2020-01-02,positive,0.024870938075767252,0.04576155195186393,0.02089061387609668,0.024870938075767252,0.04576155195186393,0.8854992273565625,0.9145864760132604,297,298
2020-01-02,negative,-0.03003818593248273,-0.035310159050076985,-0.0052719731175942565,0.03003818593248273,0.035310159050076985,0.1059422171467932,0.09425966710623507,297,297
2020-01-03,positive,0.017570823792723903,0.02768601454441405,0.010115190751690147,0.017570823792723903,0.02768601454441405,0.8909461869367531,0.9092559693974789,297,297
2020-01-03,negative,-0.028214665305206124,-0.030354108288953376,-0.002139442983747252,0.028214665305206124,0.030354108288953376,0.10362219530851607,0.09652454463775219,296,297
2020-01-06,positive,0.030245769016396425,0.038619878537483665,0.00837410952108724,0.030245769016396425,0.038619878537483665,0.8924964733639917,0.9077468936600425,297,298
2020-01-06,negative,-0.022412642736248125,-0.025927339380286418,-0.0035146966440382926,0.022412642736248125,0.025927339380286418,0.10345383899519743,0.09661341050043136,297,297
2020-01-07,positive,0.02105916061849934,0.03345787320683775,0.012398712588338408,0.02105916061849934,0.03345787320683775,0.888678805328575,0.9115897411635363,298,298
2020-01-07,negative,-0.02353614078007118,-0.028585927115458244,-0.005049786335387066,0.02353614078007118,0.028585927115458244,0.10445396111727095,0.09562800903866213,297,298
2020-01-08,positive,0.02372642990117011,0.03308290860630857,0.009356478705138456,0.02372642990117011,0.03308290860630857,0.8885611325086777,0.9116690286735601,297,298
2020-01-08,negative,-0.0271309004513579,-0.033882979697604364,-0.006752079246246465,0.0271309004513579,0.033882979697604364,0.1085898210982273,0.0914774283974015,297,297
2020-01-09,positive,0.02494275775035709,0.04003730158542371,0.015094543835066618,0.02494275775035709,0.04003730158542371,0.8860203651589922,0.9140670869954024,297,298
2020-01-09,negative,-0.022941573736229827,-0.028964145672133703,-0.006022571935903876,0.022941573736229827,0.028964145672133703,0.10752998808180504,0.09267189617122322,297,297
2020-01-10,positive,0.017759371122732757,0.028283697221502518,0.01052432609876976,0.017759371122732757,0.028283697221502518,0.8918018569533721,0.9085348433833281,297,297
2020-01-10,negative,-0.028089183301855742,-0.03757811379757844,-0.009488930495722695,0.028089183301855742,0.03757811379757844,0.11152376741602331,0.08881293292067703,297,297
2020-01-13,positive,0.029172618114427572,0.04818162704328603,0.01900900892885846,0.029172618114427572,0.04818162704328603,0.8811288374252348,0.9190726400764443,298,298
2020-01-13,negative,-0.024810052412229288,-0.03414263504910858,-0.009332582636879295,0.024810052412229288,0.03414263504910858,0.10547494194236975,0.09467752331414714,297,298
2020-01-14,positive,0.030788246800146697,0.04971998374065312,0.01893173694050642,0.030788246800146697,0.04971998374065312,0.8896583667353144,0.9105072947989754,299,300
2020-01-14,negative,-0.0179996803415428,-0.023391257513789208,-0.005391577172246406,0.0179996803415428,0.023391257513789208,0.10375379788067364,0.09637984729139452,299,299
2020-01-15,positive,0.030733445009184946,0.0412521593894258,0.010518714380240855,0.030733445009184946,0.0412521593894258,0.8898138268311659,0.9104529287540292,300,300
2020-01-15,negative,-0.019146548939291876,-0.028221401423100603,-0.009074852483808727,0.019146548939291876,0.028221401423100603,0.11388523041682788,0.08622763143269978,299,300
2020-01-16,positive,0.036789234820078266,0.055316514470729175,0.01852727965065091,0.036789234820078266,0.055316514470729175,0.887530328324986,0.9124696716750138,300,300
2020-01-16,negative,-0.009539045038774903,-0.015269085433832496,-0.005730040395057593,0.00956863581766738,0.015280646242494079,0.11037794317172991,0.08998998330550918,299,300
2020-01-17,positive,0.02010761241557019,0.02830771586244616,0.00820010344687597,0.02010761241557019,0.02830771586244616,0.8924359309477374,0.907805611222445,299,300
2020-01-17,negative,-0.027457945909502037,-0.034176864627149514,-0.006718918717647477,0.027457945909502037,0.034176864627149514,0.10832143663022813,0.09174536363697294,299,299
2020-01-21,positive,0.020962093053241544,0.03400768226540528,0.013045589212163734,0.020962093053241544,0.03400768226540528,0.8927920417917085,0.9074747137934867,300,300
2020-01-21,negative,-0.038389907568667565,-0.04248578246014497,-0.004095874891477405,0.038389907568667565,0.04248578246014497,0.10710091769720344,0.0929893297765922,299,300
2020-01-22,positive,0.01990276084468057,0.03281532726174121,0.01291256641706064,0.01990276084468057,0.03281532726174121,0.8845790292124847,0.9154362720732069,300,301
2020-01-22,negative,-0.028551711875670696,-0.03236037455515773,-0.0038086626794870335,0.028551711875670696,0.03236037455515773,0.10521714983894258,0.09504942796845496,300,300
2020-01-23,positive,0.02069523212029128,0.033224150219198945,0.012528918098907663,0.02069523212029128,0.033224150219198945,0.8862044627522421,0.913883607179311,297,298
2020-01-23,negative,-0.027336668714847186,-0.0333613871389745,-0.0060247184241273115,0.027336668714847186,0.0333613871389745,0.10536386747692265,0.09483801677610562,297,297
2020-01-24,positive,0.008203999034083186,0.02019410128167115,0.011990102247587965,0.008256110907758123,0.020243381473939972,0.8869742960805356,0.9130257039194645,297,297
2020-01-24,negative,-0.04404224400019714,-0.04834080198179856,-0.00429855798160142,0.04404224400019714,0.04834080198179856,0.10279157741215077,0.09755452217509553,296,297
2020-01-27,positive,0.010098937249653545,0.02992286018458623,0.019823922934932688,0.010145664150876655,0.029948795318047464,0.8918856239502924,0.9083838270433084,297,297
2020-01-27,negative,-0.04525673299079616,-0.046855858956501274,-0.001599125965705113,0.04525673299079616,0.046855858956501274,0.10360037959819031,0.09647899223513907,296,297
2020-01-28,positive,0.03322467683143127,0.0448917323919646,0.01166705556053333,0.03322467683143127,0.0448917323919646,0.8948807921826473,0.9051192078173528,297,297
2020-01-28,negative,-0.016645786806604654,-0.027756899191774227,-0.011111112385169573,0.016645786806604654,0.027756899191774227,0.10882138462239642,0.09154501734602916,296,297
2020-01-29,positive,0.017933441691634244,0.03136200397187635,0.013428562280242105,0.017933441691634244,0.03136200397187635,0.8879984557523226,0.9122298172528807,297,298
2020-01-29,negative,-0.030512822272802602,-0.038115953459920825,-0.007603131187118223,0.030512822272802602,0.038115953459920825,0.10681065304468128,0.09325659645094751,297,297
2020-01-30,positive,0.019771189090383882,0.03192653763881027,0.012155348548426391,0.019771189090383882,0.03192653763881027,0.8836897728407164,0.9165123834935156,297,297
2020-01-30,negative,-0.032456550118908134,-0.037011622682218755,-0.004555072563310621,0.032456550118908134,0.037011622682218755,0.1046398065855613,0.09551035966130306,296,297
2020-01-31,positive,0.005726619863998694,0.015259283977012499,0.009532664113013805,0.009186742348618403,0.01825544614937525,0.8953723515885904,0.904746883646276,296,297
2020-01-31,negative,-0.04679837700264457,-0.050680251553811215,-0.0038818745511666475,0.04679837700264457,0.050680251553811215,0.10362280325565268,0.09657976257824334,296,296
2020-02-03,positive,0.03706248844566993,0.04496912747702717,0.007906639031357243,0.03706248844566993,0.04496912747702717,0.8980714899608675,0.9019961690377792,296,296
2020-02-03,negative,-0.023111174869487397,-0.027212841038849286,-0.0041016661693618894,0.023111174869487397,0.027212841038849286,0.10385770968555767,0.0964255019566251,295,296
2020-02-04,positive,0.04217640617326869,0.05671870164427126,0.014542295471002567,0.04217640617326869,0.05671870164427126,0.8876920425165182,0.9122663765460377,295,296
2020-02-04,negative,-0.016545344157497817,-0.025185364965978868,-0.008640020808481051,0.016545344157497817,0.025185364965978868,0.10874059178397014,0.09159839126687733,295,295
2020-02-05,positive,0.04616493563314544,0.06530925259425951,0.019144316961114072,0.04616493563314544,0.06530925259425951,0.8878980927884806,0.9121019072115195,297,297
2020-02-05,negative,-0.015211344356464979,-0.028290109186725282,-0.013078764830260303,0.015211344356464979,0.028290109186725282,0.10915409507315073,0.09121342713248277,296,297
2020-02-06,positive,0.02146586650962499,0.04550971497175353,0.02404384846212854,0.02146586650962499,0.04550971497175353,0.8791397672976621,0.9210594473752367,296,297
2020-02-06,negative,-0.03310510950996157,-0.04713472824728152,-0.014029618737319956,0.03310510950996157,0.04713472824728152,0.10675915034467666,0.09330832603858918,296,296
2020-02-07,positive,0.011639457673542245,0.027645946394448555,0.01600648872090631,0.011639457673542245,0.027645946394448555,0.8845083941123391,0.9157628842871183,295,295
2020-02-07,negative,-0.0386921450703032,-0.055322150466024254,-0.016630005395721056,0.0386921450703032,0.055322150466024254,0.11315665635531932,0.08695564713117344,294,295
2020-02-10,positive,0.02997418152739889,0.04851186920365065,0.01853768767625176,0.02997418152739889,0.04851186920365065,0.8893650684064575,0.9107028202561358,295,295
2020-02-10,negative,-0.022188989991194195,-0.031344184428952926,-0.00915519443775873,0.022188989991194195,0.031344184428952926,0.11246080237933596,0.08785253201698366,294,295
2020-02-11,positive,0.031052547435617573,0.04792208741338548,0.016869539977767908,0.031052547435617573,0.04792208741338548,0.8824481460385379,0.917756074519665,294,294
2020-02-11,negative,-0.01811019014298578,-0.031203566605059057,-0.013093376462073276,0.01811019014298578,0.031203566605059057,0.11071530631922066,0.08945705579713166,293,294
2020-02-12,positive,0.033074790387755494,0.04442784126346067,0.011353050875705178,0.033074790387755494,0.04442784126346067,0.8857994931487211,0.9142881010266278,294,295
2020-02-12,negative,-0.016329539479825104,-0.027351203839351072,-0.011021664359525968,0.016329539479825104,0.027351203839351072,0.10940426476504947,0.09079967813093966,294,294
2020-02-13,positive,0.021692853191540528,0.03413775230274685,0.01244489911120632,0.021692853191540528,0.03413775230274685,0.8867735401434537,0.9133173558861148,294,295
2020-02-13,negative,-0.02564719373626717,-0.03773530960040971,-0.012088115864142539,0.02564719373626717,0.03773530960040971,0.11286979101633855,0.08733415187965057,294,294
2020-02-14,positive,0.02062525409948702,0.041642605473874605,0.021017351374387587,0.02062525409948702,0.041642605473874605,0.8848025079967294,0.9153336853978907,294,294
2020-02-14,negative,-0.02575176518034972,-0.038453433881710915,-0.012701668701361194,0.02575176518034972,0.038453433881710915,0.11555289056535364,0.08470395308276528,293,294
2020-02-18,positive,0.026042740862882625,0.04366285386894117,0.017620113006058546,0.026042740862882625,0.04366285386894117,0.8871021401434519,0.9131261911717652,293,294
2020-02-18,negative,-0.0255753453364093,-0.03470115636262667,-0.00912581102621737,0.0255753453364093,0.03470115636262667,0.11352950345600946,0.08653866286982559,293,293
2020-02-19,positive,0.03407088282356996,0.059236211645175695,0.025165328821605736,0.03407088282356996,0.059236211645175695,0.8848667613613191,0.9154063694000328,293,293
2020-02-19,negative,-0.01856206855474815,-0.031787985488709376,-0.013225916933961225,0.01856206855474815,0.031787985488709376,0.11764265703849552,0.08248572297502789,292,293
2020-02-20,positive,0.028407083863935444,0.05437115290830448,0.025964069044369036,0.028407083863935444,0.05437115290830448,0.8798000643907545,0.9203361290038659,294,294
2020-02-20,negative,-0.022887746001867354,-0.038717019727705346,-0.015829273725837992,0.022887746001867354,0.038717019727705346,0.1124711082911796,0.08777525310430608,293,294
2020-02-21,positive,0.015910734039016574,0.03286301855483895,0.01695228451582238,0.015910734039016574,0.03286301855483895,0.8836565453957513,0.9164925931677561,292,293
2020-02-21,negative,-0.037878320759693725,-0.049686547762205796,-0.011808227002512071,0.037878320759693725,0.049686547762205796,0.11078175453067077,0.08935509117579518,292,292
2020-02-24,positive,-0.0004704936211964469,0.011841996479422023,0.01231249010061847,0.009714210867771255,0.01905297602113402,0.8883114324576521,0.9118541587310546,291,292
2020-02-24,negative,-0.06696462457777741,-0.07073070407865022,-0.003766079500872807,0.06696462457777741,0.07073070407865022,0.10505401193606573,0.0950833035462549,291,291
2020-02-25,positive,-0.003438941446444733,0.008701073500231553,0.012140014946676285,0.011750134316964481,0.021774396447868667,0.8937485888429043,0.9063890100563045,291,291
2020-02-25,negative,-0.06803466073929254,-0.08011645340263844,-0.0120817926633459,0.06803466073929254,0.08011645340263844,0.11097410531060581,0.08926965010396755,290,291
2020-02-26,positive,0.019373102085056052,0.040538535426132456,0.021165433341076404,0.019373102085056052,0.040538535426132456,0.889475624256837,0.9104882095034956,290,291
2020-02-26,negative,-0.04833909233276652,-0.06560240424295696,-0.01726331191019044,0.04833909233276652,0.06560240424295696,0.1132705112960761,0.08707431629013081,290,290
2020-02-27,positive,0.0012425580740701467,0.05055891325617845,0.04931635518210831,0.01282606195591229,0.058236509486817925,0.8861104729907585,0.9139797062049889,289,290
2020-02-27,negative,-0.07695617736268168,-0.08493572087416046,-0.007979543511478782,0.07695617736268168,0.08493572087416046,0.10551898328284207,0.094688485596826,289,289
2020-02-28,positive,0.04363102439394166,0.07788450713550094,0.034253482741559274,0.04363102439394166,0.07788450713550094,0.8951363628298172,0.904863637170183,291,291
2020-02-28,negative,-0.05822891061893863,-0.06137277901271908,-0.003143868393780447,0.05822891061893863,0.06137277901271908,0.09984272063623953,0.10050038149653104,290,291
2020-03-02,positive,0.07224897211719156,0.09246382812953761,0.020214856012346058,0.07224897211719156,0.09246382812953761,0.8953903617506876,0.9047988239676146,292,293
2020-03-02,negative,-0.020609065046720332,-0.03418303818003315,-0.013573973133312815,0.02081784833179247,0.03437460329156708,0.10675898284273522,0.09337786286373073,292,292
2020-03-03,positive,0.013599179331291775,0.026755982725878705,0.01315680339458693,0.014116744344380814,0.027182721348428137,0.8954932708749844,0.9045750818249472,293,293
2020-03-03,negative,-0.0602154174793073,-0.06410601888329617,-0.0038906014039888706,0.0602154174793073,0.06410601888329617,0.10522628957199974,0.09506449182217101,292,293
2020-03-04,positive,0.06739874239353942,0.07972713166973214,0.012328389276192717,0.06739874239353942,0.07972713166973214,0.8928684206539991,0.9074047101073528,293,293
2020-03-04,negative,-0.011277793727357639,-0.017679089434280888,-0.006401295706923249,0.01408375270025192,0.019717800145654114,0.10689397943100877,0.09319771567600445,292,293
2020-03-05,positive,0.005532100811095023,0.01798929491471558,0.012457194103620558,0.012195739747579525,0.023006165198902015,0.8923358607211981,0.907732726384426,292,292
2020-03-05,negative,-0.07640743463110597,-0.09021228405713311,-0.013804849426027138,0.07640743463110597,0.09021228405713311,0.11114175139884698,0.0891702839318263,291,292
2020-03-06,positive,0.01683342279825459,0.02618126381374858,0.009347841015493987,0.01683342279825459,0.02618126381374858,0.8904180103609404,0.9091381842628617,292,293
2020-03-06,negative,-0.06796305146448076,-0.08110108001075242,-0.013138028546271663,0.06796305146448076,0.08110108001075242,0.10592011075811288,0.09414852342170868,291,291
2020-03-09,positive,-0.0343262386416952,-0.018172827614266276,0.016153411027428923,0.03616096078075012,0.045871509690575935,0.8944927536231884,0.9055072463768118,288,288
2020-03-09,negative,-0.16475980832030776,-0.2127719048501343,-0.04801209652982655,0.16475980832030776,0.2127719048501343,0.1151831540675655,0.08521678743961353,287,288
2020-03-10,positive,0.08538894543002384,0.11019345659071436,0.024804511160690518,0.08538894543002384,0.11019345659071436,0.8893446180555556,0.9106185121107266,288,289
2020-03-10,negative,-0.03396374045800337,-0.032999542320493735,0.0009641981375096351,0.03396374045800337,0.032999542320493735,0.10120924961419754,0.09913797260802469,288,288
2020-03-11,positive,-0.006039572736193564,-0.005312847354890622,0.0007267253813029416,0.02637683198034757,0.02706006803132403,0.9004723882474494,0.8997384629801589,286,287
2020-03-11,negative,-0.1141742110509372,-0.12624269053617798,-0.012068479485240785,0.1141742110509372,0.12624269053617798,0.1116084404592962,0.08853127312785014,286,286
2020-03-12,positive,-0.04034714995722554,-0.03308724646870925,0.007259903488516288,0.046231230452942904,0.05341675736340974,0.9003280001114871,0.8999567987493174,281,281
2020-03-12,negative,-0.19575265997854216,-0.20741857188041907,-0.011665911901876908,0.19575265997854216,0.20741857188041907,0.10765778365457968,0.09244054126986338,280,281
2020-03-13,positive,0.16330002234609325,0.17803188691651436,0.01473186457042111,0.16330002234609325,0.17803188691651436,0.8921039141166889,0.9080796995172589,283,284
2020-03-13,negative,-0.020917018168164877,-0.022079105864715905,-0.0011620876965510278,0.030438905749829055,0.031776051335636324,0.09976750538516897,0.10037368769637002,283,283
2020-03-16,positive,-0.035384753518632885,-0.010354876988432769,0.025029876530200116,0.0500363100060899,0.062037737463249504,0.8921496412015648,0.9081099936201004,277,278
2020-03-16,negative,-0.2324317179777429,-0.2535299947118618,-0.021098276734118876,0.2324317179777429,0.2535299947118618,0.1104629371757865,0.08960916087756605,277,277
2020-03-17,positive,0.16942842726783497,0.1898407497065996,0.02041232243876462,0.16942842726783497,0.1898407497065996,0.8951753695055857,0.9050232587100173,277,278
2020-03-17,negative,-0.06402582119861197,-0.10056297945922406,-0.03653715826061209,0.06402582119861197,0.10056297945922406,0.11674462747405683,0.08339962063268677,277,277
2020-03-18,positive,0.01812128908510321,0.029796809627290942,0.01167552054218773,0.03339618115885183,0.04566437085949664,0.899222687924611,0.9010697558898666,270,271
2020-03-18,negative,-0.23422927474041022,-0.2627701260053458,-0.028540851264935607,0.23422927474041022,0.2627701260053458,0.11030229563883409,0.08977166885820731,270,270
2020-03-19,positive,0.2081255388170243,0.29033621789444386,0.08221067907741955,0.2081255388170243,0.29033621789444386,0.88480635225472,0.9152833582111011,276,277
2020-03-19,negative,-0.04164657756665142,-0.050681973424091614,-0.009035395857440197,0.04164657756665142,0.050681973424091614,0.10755569897889579,0.09266153490959082,276,276
2020-03-20,positive,0.06423507168276153,0.10442589698699914,0.04019082530423761,0.06423507168276153,0.10442589698699914,0.8859886830215313,0.9141558778747461,277,277
2020-03-20,negative,-0.1120587804410228,-0.13232125612687554,-0.020262475685852738,0.1120587804410228,0.13232125612687554,0.10982961717551054,0.09042231874111988,276,277
2020-03-23,positive,0.06677764228188916,0.09309685851812319,0.026319216236234025,0.06677764228188916,0.09309685851812319,0.8878798902080097,0.9124111247065049,275,275
2020-03-23,negative,-0.10849282201210644,-0.1235047618240591,-0.01501193981195266,0.10849282201210644,0.1235047618240591,0.10821187797553457,0.09189060484804391,274,275
2020-03-24,positive,0.20061694689748408,0.23590470179540782,0.03528775489792374,0.20061694689748408,0.23590470179540782,0.8876840952570797,0.9126037780786527,278,278
2020-03-24,negative,0.004864710934479788,-0.0040466920694198745,-0.008911403003899664,0.03182875860990642,0.03993096293566233,0.1005569101941716,0.0995169319743917,277,278
2020-03-25,positive,0.1222771350756623,0.1630824909530776,0.04080535587741531,0.1222771350756623,0.1630824909530776,0.8831364074283666,0.9168748155044391,281,282
2020-03-25,negative,-0.04895554751986444,-0.05123290545492279,-0.002277357935058351,0.04895554751986444,0.05123290545492279,0.10192292354261537,0.09836167268648459,281,281
2020-03-26,positive,0.12796528199719037,0.18239627821237,0.05443099621517963,0.12796528199719037,0.18239627821237,0.8814062182483237,0.9188745820324767,285,285
2020-03-26,negative,-0.01245303284163267,-0.02061105328055892,-0.00815802043892625,0.022167539878218363,0.02684735799888505,0.10822119448880012,0.09187772871983399,284,285
2020-03-27,positive,0.021261840067596675,0.04666586230712538,0.025404022239528708,0.021589770864976994,0.04692521024147817,0.8872705556328094,0.9127999662289674,284,284
2020-03-27,negative,-0.10123914711754828,-0.11055399336880153,-0.009314846251253256,0.10123914711754828,0.11055399336880153,0.1077177829720853,0.09259098313434912,283,284
2020-03-30,positive,0.07345041198645551,0.09493634419688014,0.021485932210424635,0.07345041198645551,0.09493634419688014,0.8884691934541871,0.9118156054066177,281,281
2020-03-30,negative,-0.0558745190733126,-0.07646617301124371,-0.020591653937931116,0.0558745190733126,0.07646617301124371,0.10969206123175507,0.0904135031146708,280,281
2020-03-31,positive,0.05422347741105276,0.06809634883116504,0.01387287142011228,0.05422347741105276,0.06809634883116504,0.8900702923517085,0.9100007303755643,282,282
2020-03-31,negative,-0.055432900098951174,-0.06860148004067822,-0.013168579941727043,0.055432900098951174,0.06860148004067822,0.11183931171142025,0.08848625886524823,281,282
2020-04-01,positive,-0.005488181615440479,0.010576001583057996,0.016064183198498474,0.017520223590432156,0.030537589568889717,0.8945412762671898,0.9056754867385904,277,277
2020-04-01,negative,-0.12533398289413947,-0.1401708050307455,-0.014836822136606032,0.12533398289413947,0.1401708050307455,0.1099332694563123,0.0902468385467749,276,277
2020-04-02,positive,0.06315012843769341,0.07428184028574976,0.01113171184805635,0.06315012843769341,0.07428184028574976,0.8907793525451457,0.9094762730725626,276,277
2020-04-02,negative,-0.04901797000250003,-0.06321091437999392,-0.01419294437749389,0.04901797000250003,0.06321091437999392,0.10970959437068731,0.0903627645294574,276,276
2020-04-03,positive,0.020910501650525055,0.03639119686373689,0.015480695213211833,0.020910501650525055,0.03639119686373689,0.889392835860425,0.9106799973515196,275,275
2020-04-03,negative,-0.07848533587565627,-0.08852278741846957,-0.010037451542813297,0.07848533587565627,0.08852278741846957,0.10957544085358399,0.09075018208302985,274,275
2020-04-06,positive,0.15092740278742414,0.17550553143244316,0.024578128645019015,0.15092740278742414,0.17550553143244316,0.8884479138052467,0.9117265149294196,277,278
2020-04-06,negative,0.010081069186813918,0.010142953407831709,6.188422101779077e-05,0.02166151211329128,0.02291874243413827,0.09877610428565291,0.10136814382109069,277,277
2020-04-07,positive,0.06712203769664778,0.09382997765778185,0.026707939961134075,0.06712203769664778,0.09382997765778185,0.8832256520698732,0.9168461354391002,279,279
2020-04-07,negative,-0.042260259262862934,-0.04979752873202549,-0.007537269469162555,0.042260259262862934,0.04979752873202549,0.10738171845868603,0.09293137474366198,278,279
2020-04-08,positive,0.10264495482765491,0.1412393985046961,0.03859444367704119,0.10264495482765491,0.1412393985046961,0.8831412654460042,0.9169409471061207,281,282
2020-04-08,negative,-0.0014447933949661826,-0.009373446432931368,-0.007928653037965186,0.011772956970259207,0.018035946160176456,0.10757151607498114,0.0926418551910217,281,281
2020-04-09,positive,0.10271102981100225,0.12779607686042108,0.02508504704941883,0.10271102981100225,0.12779607686042108,0.8848562224525215,0.9150904543870999,283,284
2020-04-09,negative,-0.013588732883006894,-0.023884434506453375,-0.010295701623446481,0.014277774556286201,0.024325248621000432,0.11214211689495437,0.088211239995505,283,283
2020-04-13,positive,0.028903317804526714,0.06432490478654808,0.035421586982021365,0.028903317804526714,0.06432490478654808,0.8783044340697052,0.9216896747388028,282,283
2020-04-13,negative,-0.06755260194141632,-0.0782076289151329,-0.010655026973716578,0.06755260194141632,0.0782076289151329,0.1113639849055086,0.08891960247485299,282,282
2020-04-14,positive,0.06391793185647718,0.08325484796948386,0.019336916113006683,0.06391793185647718,0.08325484796948386,0.8818619160513215,0.9183510009110631,282,282
2020-04-14,negative,-0.025771521283479294,-0.035359162257181054,-0.00958764097370176,0.025771521283479294,0.035359162257181054,0.10867478765132134,0.09149766697371003,281,282
2020-04-15,positive,0.0017234684108477416,0.025102878163250453,0.023379409752402713,0.01004428041121803,0.028337658765899068,0.8766158875085297,0.9233722130132132,281,282
2020-04-15,negative,-0.08430909557638816,-0.09177064869650924,-0.0074615531201210755,0.08430909557638816,0.09177064869650924,0.10641911352325828,0.09386548270584169,281,281
2020-04-16,positive,0.03697484450286072,0.05898526666729316,0.02201042216443244,0.03697484450286072,0.05898526666729316,0.8852693690190658,0.9148924607436961,279,280
2020-04-16,negative,-0.059742014399908464,-0.0690127583428666,-0.00927074394295814,0.059742014399908464,0.0690127583428666,0.10684417136030039,0.09329904382050877,279,279
2020-04-17,positive,0.09765733917934988,0.11822527515660812,0.020567935977258242,0.09765733917934988,0.11822527515660812,0.8859624647742637,0.9141088110632275,281,281
2020-04-17,negative,-0.006784598793403245,-0.01642018657635811,-0.009635587782954865,0.015197601607736307,0.022091057724640612,0.11037954383464006,0.08994199009240494,280,281
2020-04-20,positive,0.027499379768504438,0.05420455303955364,0.026705173271049203,0.027499379768504438,0.05420455303955364,0.8816857936746176,0.918534614991308,279,280
2020-04-20,negative,-0.057470201798443296,-0.06486626330121804,-0.007396061502774748,0.057470201798443296,0.06486626330121804,0.11169159207005283,0.0883799898912929,279,279
2020-04-21,positive,0.014442293238506624,0.031028058195506424,0.0165857649569998,0.014653970772322182,0.03116272003378493,0.8867482273174266,0.9132042752894458,278,279
2020-04-21,negative,-0.056202410557213534,-0.06660003669608172,-0.010397626138868188,0.056202410557213534,0.06660003669608172,0.11316766730500491,0.0871920449252109,278,278
2020-04-22,positive,0.053523254440472304,0.0714024565696948,0.01787920212922249,0.053523254440472304,0.0714024565696948,0.8848793203522132,0.9153541622361807,277,278
2020-04-22,negative,-0.023603256564346895,-0.035938689944748026,-0.01233543338040113,0.023603256564346895,0.035938689944748026,0.11389214964120156,0.08617994841215099,277,277
2020-04-23,positive,0.05077067018373111,0.07869997817335213,0.027929307989621018,0.05077067018373111,0.07869997817335213,0.88238625490693,0.9176941371695668,278,279
2020-04-23,negative,-0.024010710327114666,-0.0354243227531871,-0.011413612426072431,0.024010710327114666,0.0354243227531871,0.11508916518833819,0.0851265069899508,278,278
2020-04-24,positive,0.05115775041181923,0.07080397654375764,0.019646226131938407,0.05115775041181923,0.07080397654375764,0.8889535832623062,0.9111904570689865,278,278
2020-04-24,negative,-0.01908403332932551,-0.026702568541208806,-0.007618535211883295,0.01908403332932551,0.026702568541208806,0.11058475434493499,0.08966899220990511,277,278
2020-04-27,positive,0.08496016388002006,0.1084663585135778,0.023506194633557742,0.08496016388002006,0.1084663585135778,0.8840866831372916,0.916129299584091,278,278
2020-04-27,negative,-0.0049463459392692765,-0.018837757025179785,-0.013891411085910509,0.010377693227865472,0.022784351901012755,0.11016483302274446,0.09001546063365291,277,278
2020-04-28,positive,0.0661966691581587,0.09294269500847295,0.026746025850314256,0.0661966691581587,0.09294269500847295,0.8795219819452237,0.9204764185642902,280,281
2020-04-28,negative,-0.03435945256660816,-0.04427557160890562,-0.009916119042297458,0.03435945256660816,0.04427557160890562,0.10835925944815628,0.09192635283317183,280,280
2020-04-29,positive,0.11321481507257614,0.15046136351201575,0.037246548439439614,0.11321481507257614,0.15046136351201575,0.8880539150195408,0.9119040213009507,283,284
2020-04-29,negative,-0.010950898283888462,-0.022474092181587944,-0.011523193897699482,0.013956491908467082,0.024360312514806262,0.11152655171122128,0.08882680517923809,283,283
2020-04-30,positive,0.008614922828093646,0.03929320765208768,0.030678284823994033,0.010579010828092952,0.04019196380102842,0.8797589093566013,0.9204516087349786,283,284
2020-04-30,negative,-0.07315245199964374,-0.08556044673701138,-0.012407994737367645,0.07315245199964374,0.08556044673701138,0.11216151177897864,0.08790905985122603,283,283
2020-05-01,positive,0.0048298693546582555,0.022469583026521703,0.017639713671863448,0.012573707112598054,0.028326018042140216,0.888871930922036,0.9113009116182195,282,283
2020-05-01,negative,-0.08331622694983065,-0.08911731038306332,-0.0058010834332326705,0.08331622694983065,0.08911731038306332,0.10513122954052703,0.09501046369362105,282,282
2020-05-04,positive,0.046238796077120115,0.07456644092043922,0.028327644843319108,0.046238796077120115,0.07456644092043922,0.8898133755828889,0.9103987884906611,283,283
2020-05-04,negative,-0.0352776186631646,-0.04477734685645364,-0.009499728193289037,0.0352776186631646,0.04477734685645364,0.1092055634134842,0.0909681578960521,282,283
2020-05-05,positive,0.04243926207620934,0.0745241898169145,0.032084927740705156,0.04243926207620934,0.0745241898169145,0.8819988636392204,0.9180082996907344,282,283
2020-05-05,negative,-0.041497021318014485,-0.054162899551279474,-0.012665878233264989,0.041497021318014485,0.054162899551279474,0.110591536123451,0.08969205125691056,282,282
2020-05-06,positive,0.0290439385113748,0.06680208169349079,0.037758143182116,0.0290439385113748,0.06680208169349079,0.8799302425318141,0.9202115053462521,281,282
2020-05-06,negative,-0.054863362402859314,-0.0682425150160406,-0.013379152613181289,0.054863362402859314,0.0682425150160406,0.11233431968757156,0.08780787725519418,281,281
2020-05-07,positive,0.06279650077615886,0.08848488633321551,0.025688385557056645,0.06279650077615886,0.08848488633321551,0.8861459643448923,0.9139462481101297,283,284
2020-05-07,negative,-0.0226181349307489,-0.040512807350359115,-0.017894672419610215,0.0226181349307489,0.040512807350359115,0.11554470863029286,0.0846671557764868,283,283
2020-05-08,positive,0.08302254734782151,0.10478948980352851,0.021766942455706997,0.08302254734782151,0.10478948980352851,0.8847323429635163,0.9152676570364836,286,286
2020-05-08,negative,-0.00862881299689287,-0.026275766523059428,-0.017646953526166558,0.011079527274133971,0.027756098046051062,0.1152739115740314,0.08512914406084283,285,286
2020-05-11,positive,0.047374000091458035,0.07992339100356259,0.032549390912104556,0.047374000091458035,0.07992339100356259,0.8842092934373883,0.9158609806314804,285,285
2020-05-11,negative,-0.05482403118542652,-0.06486403764840432,-0.010040006462977799,0.05482403118542652,0.06486403764840432,0.11344189522235311,0.0868858724464006,284,285
2020-05-12,positive,0.008223612344295878,0.04275026916370998,0.034526656819414095,0.010592510716752133,0.04422427927302421,0.8797756599477102,0.9205061294147414,284,284
2020-05-12,negative,-0.06897086956900361,-0.07970000306270177,-0.010729133493698154,0.06897086956900361,0.07970000306270177,0.11234359383498643,0.08777019283719223,283,284
2020-05-13,positive,0.004147487882268022,0.024809428160409187,0.020661940278141167,0.009889122136341646,0.02908496533012646,0.8891109386615232,0.9111333697034005,282,283
2020-05-13,negative,-0.0803495081475515,-0.08961864402606344,-0.009269135878511942,0.0803495081475515,0.08961864402606344,0.10805368874691099,0.09201713278283406,282,282
2020-05-14,positive,0.04917791410470399,0.06546000914768883,0.01628209504298484,0.04917791410470399,0.06546000914768883,0.8884793683963782,0.9117618555368912,283,284
2020-05-14,negative,-0.033506569947412,-0.04145153905482603,-0.007944969107414025,0.033506569947412,0.04145153905482603,0.10659620309667317,0.09347436853353151,283,283
2020-05-15,positive,0.05009690881492645,0.07704531103782529,0.02694840222289884,0.05009690881492645,0.07704531103782529,0.8845839119222377,0.9153619965406474,284,285
2020-05-15,negative,-0.02953852418717694,-0.03560880097193316,-0.006070276784756221,0.02953852418717694,0.03560880097193316,0.1028745536599881,0.09747755901606824,284,284
2020-05-18,positive,0.1242419646114129,0.14659550614344727,0.022353541532034366,0.1242419646114129,0.14659550614344727,0.8856865783639639,0.9143333329273774,286,287
2020-05-18,negative,-0.005407780638857411,-0.012254174966725378,-0.006846394327867968,0.015438521911237669,0.021694165250587566,0.10475211611178058,0.09552750639783145,286,286
2020-05-19,positive,0.02326462833627616,0.043923299092792835,0.020658670756516676,0.02326462833627616,0.043923299092792835,0.8826709815874444,0.9173384223980553,286,287
2020-05-19,negative,-0.05396281331064613,-0.062276413665844015,-0.008313600355197882,0.05396281331064613,0.062276413665844015,0.10616306098654928,0.09411656152306276,286,286
2020-05-20,positive,0.06567124239618408,0.08432163545004503,0.01865039305386096,0.06567124239618408,0.08432163545004503,0.8875714282288677,0.9124978718404323,289,289
2020-05-20,negative,-0.011590376773922016,-0.02007208984622429,-0.008481713072302274,0.012357895625300453,0.020496438175179224,0.1102845634095634,0.09002774400698277,288,289
2020-05-21,positive,0.033583714943327944,0.05871291420170571,0.02512919925837777,0.033583714943327944,0.05871291420170571,0.882234682470678,0.917765317529322,291,291
2020-05-21,negative,-0.02974193584938656,-0.036543253916003895,-0.006801318066617334,0.02974193584938656,0.036543253916003895,0.10996617009911568,0.09041172051978164,290,291
2020-05-22,positive,0.03147620203751548,0.05596805364327927,0.02449185160576379,0.03147620203751548,0.05596805364327927,0.8790390537711135,0.9211665665167549,292,292
2020-05-22,negative,-0.024214219420390874,-0.03291130827047527,-0.008697088850084394,0.024214219420390874,0.03291130827047527,0.10912831600988296,0.09103979081187151,291,292
2020-05-26,positive,0.08598448073280504,0.10333692628821241,0.017352445555407367,0.08598448073280504,0.10333692628821241,0.883747099929148,0.9164571206290548,294,294
2020-05-26,negative,-0.024218674861074152,-0.03266497312709636,-0.008446298266022209,0.024218674861074152,0.03266497312709636,0.10651647123603389,0.09364160912833479,293,294
2020-05-27,positive,0.07802722700872201,0.09531603328061973,0.017288806271897716,0.07802722700872201,0.09531603328061973,0.8872473242014196,0.9129807249447309,294,295
2020-05-27,negative,-0.02265190712722072,-0.030265419450798036,-0.007613512323577317,0.02265190712722072,0.030265419450798036,0.10560277099970422,0.09446516378290447,294,294
2020-05-28,positive,0.020410180921284705,0.035805785675690226,0.015395604754405521,0.020410180921284705,0.035805785675690226,0.8875428045236109,0.9124571954763889,295,295
2020-05-28,negative,-0.0588171503341168,-0.06946798236927783,-0.010650832035161026,0.0588171503341168,0.06946798236927783,0.11198560918425095,0.08839400305027194,294,295
2020-05-29,positive,0.03756232099954044,0.0539266153518815,0.01636429435234106,0.03756232099954044,0.0539266153518815,0.8913841857015379,0.9086158142984622,294,294
2020-05-29,negative,-0.04334046908937491,-0.0571221761588868,-0.013781707069511893,0.04334046908937491,0.0571221761588868,0.11124651871318848,0.08875348128681151,293,293
2020-06-01,positive,0.052297720170621016,0.08234047265489172,0.030042752484270706,0.052297720170621016,0.08234047265489172,0.8842207855269913,0.9162550812303168,294,294
2020-06-01,negative,-0.023141996981833238,-0.03133174031451961,-0.00818974333268637,0.023141996981833238,0.03133174031451961,0.10671797610954646,0.09348596678644266,294,294
2020-06-02,positive,0.04539838573292603,0.06483217139778465,0.019433785664858615,0.04539838573292603,0.06483217139778465,0.8810918193927701,0.9189795740862815,295,296
2020-06-02,negative,-0.022366372112420443,-0.03226455549387291,-0.009898183381452465,0.022366372112420443,0.03226455549387291,0.11086020394102246,0.08934304809149786,295,295
2020-06-03,positive,0.07598244247610642,0.10301896069154953,0.027036518215443117,0.07598244247610642,0.10301896069154953,0.8794076477626664,0.9208627138459852,296,296
2020-06-03,negative,-0.023366484932479534,-0.03575791907519001,-0.012391434142710479,0.023366484932479534,0.03575791907519001,0.11117647395764715,0.08892876062950412,295,296
2020-06-04,positive,0.04924316755004395,0.09139900397515291,0.04215583642510896,0.04924316755004395,0.09139900397515291,0.8770512407202422,0.9230831227328986,298,298
2020-06-04,negative,-0.03670824320112993,-0.0456943023988676,-0.008986059197737671,0.03670824320112993,0.0456943023988676,0.10685966144481428,0.09336456456998059,297,298
2020-06-05,positive,0.08975984393197607,0.1297003151554913,0.039940471223515225,0.08975984393197607,0.1297003151554913,0.8794219909911204,0.9207110319553379,301,301
2020-06-05,negative,-0.019287466383227075,-0.02421264313764131,-0.004925176754414236,0.019519336607756968,0.02453394330871541,0.10089402505265492,0.09930814809740726,300,301
2020-06-08,positive,0.08185699357589506,0.16536392584424678,0.08350693226835172,0.08185699357589506,0.16536392584424678,0.8790588558427629,0.9210037615460064,304,305
2020-06-08,negative,-0.01588231625976226,-0.02299335932891228,-0.00711104306915002,0.01588231625976226,0.02299335932891228,0.1087543037821378,0.09144293487663935,304,304
2020-06-09,positive,0.0174628312920603,0.05680681445726629,0.03934398316520599,0.0174628312920603,0.05680681445726629,0.8841551547194952,0.9158585099067487,305,306
2020-06-09,negative,-0.06141103295097067,-0.08720739002122706,-0.02579635707025639,0.06141103295097067,0.08720739002122706,0.11787159275915984,0.08239061635260678,305,305
2020-06-10,positive,0.018801489986517372,0.03879492137673178,0.01999343139021441,0.018801489986517372,0.03879492137673178,0.885578607901102,0.9143742633665488,305,306
2020-06-10,negative,-0.07594903008118267,-0.09391806327543951,-0.017969033194256842,0.07594903008118267,0.09391806327543951,0.1141832840634238,0.0861445847890352,305,305
2020-06-11,positive,-0.030826959377585745,-0.017773098975055298,0.013053860402530447,0.03237527592469826,0.04038468887288147,0.8967443406729343,0.9034551274121722,301,301
2020-06-11,negative,-0.12939996164672726,-0.1386773347658618,-0.009277373119134541,0.12939996164672726,0.1386773347658618,0.10746564716312058,0.09269191347988973,300,301
2020-06-12,positive,0.07359071855255715,0.08241446453958884,0.008823745987031686,0.07359071855255715,0.08241446453958884,0.8961524124671384,0.9040457381273133,303,303
2020-06-12,negative,-0.011948675493910361,-0.016604196833196604,-0.0046555213392862425,0.012129636909157042,0.016748322278977195,0.10581372969284471,0.0943373399427129,302,303
2020-06-15,positive,0.05896343950069805,0.07951539493835151,0.02055195543765346,0.05896343950069805,0.07951539493835151,0.8855089929896109,0.9146222836759619,305,305
2020-06-15,negative,-0.015269502870288007,-0.01978162660633861,-0.004512123736050604,0.015269502870288007,0.01978162660633861,0.10600860639455546,0.09420768614116545,304,305
2020-06-16,positive,0.0539061168169985,0.08345605480051828,0.029549937983519778,0.0539061168169985,0.08345605480051828,0.8862598834589918,0.9137605921719818,306,307
2020-06-16,negative,-0.012387590560735129,-0.019216246403245027,-0.006828655842509898,0.012751907244758071,0.019559754657545333,0.10529366924816319,0.0949676832510201,306,306
2020-06-17,positive,0.016097117773358906,0.039517816464634016,0.02342069869127511,0.016097117773358906,0.039517816464634016,0.8811155917587108,0.9190189013699157,305,306
2020-06-17,negative,-0.05721478833597218,-0.0660634754458583,-0.008848687109886122,0.05721478833597218,0.0660634754458583,0.10632003994995516,0.09381097872020534,305,305
2020-06-18,positive,0.031244714560580138,0.06150690352584432,0.030262188965264183,0.031244714560580138,0.06150690352584432,0.880964425831295,0.9191039898556862,306,307
2020-06-18,negative,-0.027871011078827824,-0.036274101907407305,-0.008403090828579481,0.027871011078827824,0.036274101907407305,0.10833781585789116,0.09185813450135118,306,306
2020-06-19,positive,0.03554987973240193,0.051687157340405805,0.016137277608003875,0.03554987973240193,0.051687157340405805,0.8919880522190554,0.9081159319196429,307,308
2020-06-19,negative,-0.04493354041351232,-0.04751485183015746,-0.002581311416645138,0.04493354041351232,0.04751485183015746,0.09972548096498371,0.10046983153501629,307,307
2020-06-22,positive,0.040238606976883064,0.06831685740878732,0.028078250431904254,0.040238606976883064,0.06831685740878732,0.8843704721105582,0.9158885113792443,309,309
2020-06-22,negative,-0.03185106750132619,-0.037933160720453905,-0.006082093219127713,0.03185106750132619,0.037933160720453905,0.1037857416135176,0.0962911510831314,308,309
2020-06-23,positive,0.035810581698370224,0.0600279790554514,0.02421739735708118,0.035810581698370224,0.0600279790554514,0.8866586963388791,0.91355641512188,309,310
2020-06-23,negative,-0.02839295504618478,-0.03473604111757332,-0.006343086071388542,0.02839295504618478,0.03473604111757332,0.10742213240785485,0.09264250883325696,309,309
2020-06-24,positive,0.0008000707761033346,0.02997700462475973,0.029176933848656397,0.010267104734276895,0.03548577556441727,0.8832243705661428,0.9167861483211122,308,309
2020-06-24,negative,-0.07216607319585985,-0.07691691165235223,-0.004750838456492379,0.07216607319585985,0.07691691165235223,0.1037238078377319,0.09653584811812659,308,308
2020-06-25,positive,0.04502992837991422,0.07210288167381607,0.027072953293901844,0.04502992837991422,0.07210288167381607,0.8836727618373188,0.9163392081543734,308,309
2020-06-25,negative,-0.022360274458916328,-0.0286588102380628,-0.0062985357791464705,0.022360274458916328,0.0286588102380628,0.10599790504853795,0.09426175090732053,308,308
2020-06-26,positive,0.010240450140091367,0.031208415208353723,0.020967965068262356,0.011503067607788485,0.03189086518832114,0.88712001820373,0.9129678748511558,308,309
2020-06-26,negative,-0.0724110645695793,-0.08107563976199297,-0.008664575192413676,0.0724110645695793,0.08107563976199297,0.11107225026757798,0.089122428512435,308,308
2020-06-29,positive,0.07052660699931954,0.0835591735789301,0.013032566579610563,0.07052660699931954,0.0835591735789301,0.8928677410111266,0.9073007495715426,313,314
2020-06-29,negative,-0.025867063682611303,-0.03375829091186842,-0.007891227229257114,0.025867063682611303,0.03375829091186842,0.10355802245293581,0.09656965070378297,313,313
2020-06-30,positive,0.045495231163810275,0.05671990554617352,0.011224674382363242,0.045495231163810275,0.05671990554617352,0.8893052904490194,0.910660649966423,313,314
2020-06-30,negative,-0.021167386479343676,-0.0319421910909253,-0.010774804611581621,0.021167386479343676,0.0319421910909253,0.1042937051516296,0.09602578366626179,313,313
2020-07-01,positive,0.03416899904458833,0.04739129535105431,0.013222296306465979,0.03416899904458833,0.04739129535105431,0.8905485069059053,0.9095154726206464,313,313
2020-07-01,negative,-0.04685507568022738,-0.053789425400959004,-0.0069343497207316265,0.04685507568022738,0.053789425400959004,0.1029993479009794,0.09726574397151379,312,313
2020-07-02,positive,0.03133649781442148,0.04750449530411267,0.016167997489691194,0.03133649781442148,0.04750449530411267,0.8869239249150243,0.9130344315337497,313,314
2020-07-02,negative,-0.027249389727562294,-0.03683516031734608,-0.009585770589783785,0.027249389727562294,0.03683516031734608,0.10573548775633108,0.09458400106156029,313,313
2020-07-06,positive,0.041677649171288196,0.06863548774181061,0.026957838570522412,0.041677649171288196,0.06863548774181061,0.8845688559795074,0.9156223486094027,314,314
2020-07-06,negative,-0.021743448082701438,-0.03255896913059818,-0.01081552104789674,0.021743448082701438,0.03255896913059818,0.11079990307413812,0.08936175827030889,313,314
2020-07-07,positive,0.015705733018100312,0.04031578084262579,0.02461004782452548,0.015705733018100312,0.04031578084262579,0.8857522588887401,0.9161789428605759,310,311
2020-07-07,negative,-0.05751069380320114,-0.06034177622120405,-0.0028310824180029087,0.05751069380320114,0.06034177622120405,0.10276703234581935,0.09748847707609058,313,313
2020-07-08,positive,0.03866985766855964,0.06067482479247536,0.022004967123915718,0.03866985766855964,0.06067482479247536,0.884518180841303,0.9155605266627117,311,312
2020-07-08,negative,-0.02430587716547388,-0.027862431322673714,-0.003556554157199833,0.02430587716547388,0.027862431322673714,0.10617080237065936,0.0940219996858959,311,311
2020-07-09,positive,0.017057845778186583,0.035778283611473366,0.018720437833286783,0.017057845778186583,0.035778283611473366,0.8864786680541104,0.9134778549942951,310,311
2020-07-09,negative,-0.056604456147015356,-0.059494246750182125,-0.0028897906031667697,0.056604456147015356,0.059494246750182125,0.10346097814776277,0.09686160249739856,310,310
2020-07-10,positive,0.05217846873412211,0.06683590332024994,0.01465743458612783,0.05217846873412211,0.06683590332024994,0.8888993390422346,0.9113222851128717,310,311
2020-07-10,negative,-0.024870249069047397,-0.030206107350951934,-0.005335858281904537,0.024870249069047397,0.030206107350951934,0.10564983787828398,0.09441459511140672,310,310
2020-07-13,positive,0.017423650662765237,0.0348601235817821,0.017436472919016864,0.017423650662765237,0.0348601235817821,0.8848381667421232,0.9153561337760115,309,309
2020-07-13,negative,-0.0621808513640726,-0.07199635843439026,-0.009815507070317656,0.0621808513640726,0.07199635843439026,0.10838404632931836,0.0917724105840334,308,309
2020-07-14,positive,0.046313751216022096,0.06758657619494474,0.02127282497892264,0.046313751216022096,0.06758657619494474,0.8869008771200532,0.9133143211124738,310,311
2020-07-14,negative,-0.02372434176643713,-0.02718182884486791,-0.0034574870784307814,0.02372434176643713,0.02718182884486791,0.10128450282673762,0.09877993016295311,310,310
2020-07-15,positive,0.07469928908288492,0.09317454517773804,0.01847525609485312,0.07469928908288492,0.09317454517773804,0.886159796954734,0.9140523360176539,311,312
2020-07-15,negative,-0.007999852813246616,-0.012473171887891727,-0.004473319074645111,0.009977988240217702,0.014877456673786243,0.09879870391366032,0.10126552216212643,311,311
2020-07-16,positive,0.024239778727872592,0.04902167124100302,0.024781892513130427,0.024239778727872592,0.04902167124100302,0.8853814483025261,0.9147468802184875,312,312
2020-07-16,negative,-0.031669681167816356,-0.0390695275187233,-0.007399846350906944,0.031669681167816356,0.0390695275187233,0.10583182980584636,0.09437904625585088,311,312
2020-07-17,positive,0.03861276744166042,0.06385550022942715,0.02524273278776673,0.03861276744166042,0.06385550022942715,0.8840907968796288,0.9159733879727461,312,312
2020-07-17,negative,-0.0293824804309314,-0.03362081563955562,-0.004238335208624221,0.0293824804309314,0.03362081563955562,0.10387368998922683,0.09639505365195353,311,312
2020-07-20,positive,0.042572342045534735,0.07053308766790935,0.027960745622374612,0.042572342045534735,0.07053308766790935,0.8834366051150391,0.9166275797373359,312,312
2020-07-20,negative,-0.03563750522153376,-0.044086568983371835,-0.008449063761838072,0.03563750522153376,0.044086568983371835,0.11000169233372821,0.09028669234060761,311,312
2020-07-21,positive,0.06303183914381258,0.08250615687281042,0.01947431772899784,0.06303183914381258,0.08250615687281042,0.8829689484776042,0.917040649803427,311,312
2020-07-21,negative,-0.025750472116072752,-0.038369156887343416,-0.012618684771270663,0.025750472116072752,0.038369156887343416,0.10698940901541157,0.09326774302573276,311,311
2020-07-22,positive,0.030000428456858536,0.04723975704798373,0.017239328591125192,0.030000428456858536,0.04723975704798373,0.8849004785954587,0.9151794542218707,311,312
2020-07-22,negative,-0.031432649003478634,-0.03880255159451308,-0.007369902591034448,0.031432649003478634,0.03880255159451308,0.10737400705907636,0.0928187949974789,311,311
2020-07-23,positive,0.026406491331028674,0.052406530451118115,0.02600003912008944,0.026406491331028674,0.052406530451118115,0.8842608577699954,0.9159956346955384,312,312
2020-07-23,negative,-0.036215861822330685,-0.042736876167267346,-0.006521014344936661,0.036215861822330685,0.042736876167267346,0.10680983372319225,0.09327601302192517,311,312
2020-07-24,positive,0.011909990702357567,0.02815743373705796,0.016247443034700392,0.011909990702357567,0.02815743373705796,0.8860721245542748,0.9146530596219179,310,311
2020-07-24,negative,-0.0399985624963841,-0.04629485716127372,-0.0062962946648896165,0.0399985624963841,0.04629485716127372,0.10764574843567894,0.09254705362087635,311,311
2020-07-27,positive,0.043501090396711316,0.06049158254693595,0.016990492150224634,0.043501090396711316,0.06049158254693595,0.887908401999967,0.9122840290455749,312,312
2020-07-27,negative,-0.032409246199791256,-0.03555299262796258,-0.0031437464281713276,0.032409246199791256,0.03555299262796258,0.10288512505955462,0.09725220391111988,311,312
2020-07-28,positive,0.02519713615340326,0.04009677121137605,0.014899635057972791,0.02519713615340326,0.04009677121137605,0.8880915697273974,0.912129591293547,307,308
2020-07-28,negative,-0.03988332757781313,-0.04787757875579398,-0.007994251177980853,0.03988332757781313,0.04787757875579398,0.10782882174547903,0.09223624006323922,307,307
2020-07-29,positive,0.04888344338210084,0.09364727875988821,0.044763835377787366,0.04888344338210084,0.09364727875988821,0.8797760095437933,0.9204846616846197,307,307
2020-07-29,negative,-0.0259524815065054,-0.03557591011941418,-0.009623428612908783,0.0259524815065054,0.03557591011941418,0.1099387294833215,0.09015870589896018,306,307
2020-07-30,positive,0.031327464801044695,0.07504459538561796,0.043717130584573265,0.031327464801044695,0.07504459538561796,0.8843100932211176,0.9159514301525338,306,306
2020-07-30,negative,-0.03709413975022264,-0.047650873991111224,-0.010556734240888585,0.03709413975022264,0.047650873991111224,0.11307509686547088,0.08703290622122228,305,306
2020-07-31,positive,0.01964592289756664,0.043027013150463256,0.023381090252896617,0.01964592289756664,0.043027013150463256,0.8821520980627185,0.9181094253109329,306,306
2020-07-31,negative,-0.04807930081119948,-0.055708957785610455,-0.007629656974410974,0.04807930081119948,0.055708957785610455,0.10599145761767212,0.09409339632115242,305,306
2020-08-03,positive,0.05487543984983159,0.07534872317695979,0.020473283327128194,0.05487543984983159,0.07534872317695979,0.8881832818785169,0.9118167181214828,307,307
2020-08-03,negative,-0.023489796691824636,-0.02923165251580917,-0.005741855823984534,0.023489796691824636,0.02923165251580917,0.10582211133501797,0.09452258609604072,306,307
2020-08-04,positive,0.044480406158053466,0.06637956749910837,0.0218991613410549,0.044480406158053466,0.06637956749910837,0.8869250602128405,0.9130324886839545,307,308
2020-08-04,negative,-0.023596857017181744,-0.03314064059010869,-0.009543783572926946,0.023596857017181744,0.03314064059010869,0.11003034514955065,0.09029538774947214,307,307
2020-08-05,positive,0.05182478715895382,0.0720579739667343,0.02023318680778048,0.05182478715895382,0.0720579739667343,0.8837799562556057,0.9162200437443943,309,309
2020-08-05,negative,-0.01985863822602933,-0.03619395529421819,-0.016335317068188863,0.01985863822602933,0.03619395529421819,0.11674840556526131,0.08362942098996606,308,309
2020-08-06,positive,0.029943421021033034,0.06280054317534776,0.03285712215431473,0.029943421021033034,0.06280054317534776,0.8803542683233563,0.9198400321947783,309,309
2020-08-06,negative,-0.03798196114569013,-0.059045438342713835,-0.021063477197023707,0.03798196114569013,0.059045438342713835,0.11435973353071797,0.08581606217616582,308,309
2020-08-07,positive,0.0499672603208092,0.0723088615012372,0.02234160118042801,0.0499672603208092,0.0723088615012372,0.8857658033248215,0.9142341966751786,310,310
2020-08-07,negative,-0.02850371870536876,-0.04554063198864894,-0.017036913283280178,0.02850371870536876,0.04554063198864894,0.11388344286379012,0.08648392308093178,309,310
2020-08-10,positive,0.0514471115390729,0.08663132209214065,0.03518421055306775,0.0514471115390729,0.08663132209214065,0.8828099156359551,0.917199202414738,310,311
2020-08-10,negative,-0.02746734470071343,-0.038550294632460895,-0.011082949931747466,0.02746734470071343,0.038550294632460895,0.11239922605611094,0.08785875524024508,310,310
2020-08-11,positive,0.027319741613079766,0.04296564133924494,0.01564589972616517,0.027319741613079766,0.04296564133924494,0.8824481556748427,0.9175598250905334,309,310
2020-08-11,negative,-0.05346204372547556,-0.06533044923980787,-0.011868405514332304,0.05346204372547556,0.06533044923980787,0.10628204443634773,0.09397677148083118,309,309
2020-08-12,positive,0.03243545899406827,0.04768686102280136,0.01525140202873309,0.03243545899406827,0.04768686102280136,0.8849680009441326,0.9150963905561894,311,311
2020-08-12,negative,-0.031809516723002584,-0.045576361955513574,-0.01376684523251099,0.031809516723002584,0.045576361955513574,0.11082711920736141,0.08946484658880334,310,311
2020-08-13,positive,0.033388807617442,0.04618019028530532,0.012791382667863317,0.033388807617442,0.04618019028530532,0.890662333987985,0.9095642301928429,311,312
2020-08-13,negative,-0.03233844344649359,-0.03836114978896152,-0.006022706342467932,0.03233844344649359,0.03836114978896152,0.10820906310470091,0.09185516297108588,311,311
2020-08-14,positive,0.024376157561495325,0.03863784389542124,0.014261686333925917,0.024376157561495325,0.03863784389542124,0.8824193734020602,0.9178371190634738,312,312
2020-08-14,negative,-0.027978597077388156,-0.03858247724369613,-0.010603880166307974,0.027978597077388156,0.03858247724369613,0.1053536616670567,0.0947275178599321,311,312
2020-08-17,positive,0.04007300321304874,0.05892914041836022,0.018856137205311478,0.04007300321304874,0.05892914041836022,0.8854230801826058,0.9148325925562883,313,313
2020-08-17,negative,-0.03146114425239872,-0.03764807172909667,-0.006186927476697947,0.03146114425239872,0.03764807172909667,0.10195616277831042,0.09811390302202318,312,313
2020-08-18,positive,0.018847815620140373,0.029947998481997133,0.01110018286185676,0.018847815620140373,0.029947998481997133,0.8903621213730665,0.9098296944837108,313,313
2020-08-18,negative,-0.039314033283531544,-0.0509235926454589,-0.011609559361927355,0.039314033283531544,0.0509235926454589,0.11148886812249983,0.08867551048756772,312,313
2020-08-19,positive,0.021244682651187848,0.04344278203560119,0.02219809938441334,0.021244682651187848,0.04344278203560119,0.8820416317613626,0.9180289115889912,312,313
2020-08-19,negative,-0.03127885054769682,-0.03932128135276251,-0.008042430805065691,0.03127885054769682,0.03932128135276251,0.10533907422920875,0.09485311026790846,312,312
2020-08-20,positive,0.021231847578394945,0.03847164267512339,0.017239795096728443,0.021231847578394945,0.03847164267512339,0.8845655293498462,0.9156269016956957,312,312
2020-08-20,negative,-0.03346926572556721,-0.04151064446263827,-0.008041378737071059,0.03346926572556721,0.04151064446263827,0.10965218036955836,0.0905068378809559,311,312
2020-08-21,positive,0.015363744054101423,0.029329192936604496,0.013965448882503072,0.015363744054101423,0.029329192936604496,0.8867368773780923,0.9135204400873308,311,311
2020-08-21,negative,-0.03978278172435768,-0.04728766763802326,-0.0075048859136655766,0.03978278172435768,0.04728766763802326,0.10334201433922327,0.09673295763052811,310,311
2020-08-24,positive,0.0480683827771617,0.06335621371091536,0.01528783093375366,0.0480683827771617,0.06335621371091536,0.8865570478741261,0.9135922969845232,311,312
2020-08-24,negative,-0.035256316530901166,-0.05371636802412292,-0.018460051493221753,0.035256316530901166,0.05371636802412292,0.11023578128437637,0.0898927121303361,311,311
2020-08-25,positive,0.0320201235478195,0.04137643051973528,0.009356306971915779,0.0320201235478195,0.04137643051973528,0.8918756079276868,0.9083548449516657,311,312
2020-08-25,negative,-0.018966465524466555,-0.028354742766357043,-0.009388277241890487,0.018966465524466555,0.028354742766357043,0.11316696508042716,0.08689726099535962,311,311
2020-08-26,positive,0.025916118210606735,0.043341196100695395,0.01742507789008866,0.025916118210606735,0.043341196100695395,0.8867982015088124,0.9133948486842378,311,311
2020-08-26,negative,-0.03610772734647248,-0.04231009991706001,-0.006202372570587526,0.03610772734647248,0.04231009991706001,0.10431560592850915,0.0958267638331947,310,311
2020-08-27,positive,0.02992080411480831,0.043427674742009474,0.013506870627201163,0.02992080411480831,0.043427674742009474,0.8834423859108923,0.9165687658062797,310,311
2020-08-27,negative,-0.034062848476574016,-0.04858093482265288,-0.014518086346078866,0.034062848476574016,0.04858093482265288,0.11074731356170225,0.08951066773465376,310,310
2020-08-28,positive,0.038718583096832,0.06053037076773153,0.02181178767089953,0.038718583096832,0.06053037076773153,0.8837933837654236,0.9162066162345766,311,311
2020-08-28,negative,-0.015612462513482521,-0.019437036697054055,-0.0038245741835715337,0.015612462513482521,0.019437036697054055,0.10349176666147214,0.09684100429242327,310,311
2020-08-31,positive,0.02543409198312889,0.0427760629228276,0.017341970939698713,0.02543409198312889,0.0427760629228276,0.8906621392190152,0.9094670180299355,310,310
2020-08-31,negative,-0.04216909430771688,-0.04658935942786928,-0.0044202651201524015,0.04216909430771688,0.04658935942786928,0.10353844883815948,0.09666638890914205,309,310
2020-09-01,positive,0.03952943276414546,0.06075530500460679,0.02122587224046133,0.03952943276414546,0.06075530500460679,0.8848083972672632,0.9154505862225393,309,309
2020-09-01,negative,-0.035765435258468294,-0.03726451378266739,-0.0014990785241990948,0.035765435258468294,0.03726451378266739,0.09774577154797291,0.10231157431998501,308,309
2020-09-02,positive,0.147621155348047,0.057536837604081,-0.09008431774396601,0.147621155348047,0.057536837604081,0.8896062480002936,0.9103937519997061,309,309
2020-09-02,negative,-0.02622692952746251,-0.03049554777252054,-0.004268618245058028,0.02622692952746251,0.03049554777252054,0.1047648866530552,0.09557415828756956,308,309
2020-09-03,positive,0.03240313587044851,0.014023244534757385,-0.018379891335691127,0.03337978511641958,0.014796216147631623,0.8911024404445458,0.9090924913293335,308,308
2020-09-03,negative,-0.06892222193776056,-0.07961750339994728,-0.01069528146218672,0.06892222193776056,0.07961750339994728,0.11019518575664641,0.0899676590466064,307,308
2020-09-04,positive,0.027448832545508815,0.038640782910407255,0.01119195036489844,0.027448832545508815,0.038640782910407255,0.8898500098803521,0.9102152216917289,307,307
2020-09-04,negative,-0.04188404954925409,-0.043707890943440644,-0.0018238413941865511,0.04188404954925409,0.043707890943440644,0.10355831830449073,0.09671377363582083,306,307
2020-09-08,positive,0.02254166774263148,0.03968656817477074,0.01714490043213926,0.02254166774263148,0.03968656817477074,0.8908845371121124,0.909281880674532,305,306
2020-09-08,negative,-0.0541617563178788,-0.06127461128778174,-0.0071128549699029445,0.0541617563178788,0.06127461128778174,0.1064231366084421,0.09370788206171839,305,305
2020-09-09,positive,0.05009015089248461,0.06136039864631611,0.011270247753831501,0.05009015089248461,0.06136039864631611,0.8946685493619161,0.905331450638084,306,306
2020-09-09,negative,-0.020802484303545702,-0.02503032137754505,-0.0042278370739993465,0.020802484303545702,0.02503032137754505,0.1050012073730246,0.09534193382754085,305,306
2020-09-10,positive,0.018049191222330598,0.03187945328495234,0.013830262062621744,0.018049191222330598,0.03187945328495234,0.8883147627066666,0.9118165139589061,305,305
2020-09-10,negative,-0.03991946496426948,-0.05323357195131268,-0.013314106987043203,0.03991946496426948,0.05323357195131268,0.110963328899867,0.08926920862767462,304,305
2020-09-11,positive,0.025135012996211282,0.03300683853337202,0.007871825537160735,0.025135012996211282,0.03300683853337202,0.889063770171403,0.9110972239431537,304,305
2020-09-11,negative,-0.033800011068166845,-0.04066787364818405,-0.006867862580017203,0.033800011068166845,0.04066787364818405,0.10639820468028434,0.09373324454745144,304,304
2020-09-14,positive,0.0657283766217183,0.08924328210981976,0.02351490548810145,0.0657283766217183,0.08924328210981976,0.8875595707697537,0.9125712764660984,306,306
2020-09-14,negative,-0.010306969028670315,-0.015610332668350586,-0.005303363639680271,0.011036044065892842,0.016259893743656956,0.10759289349356758,0.09262787003363115,305,306
2020-09-15,positive,0.03112954266365703,0.050576828062749546,0.019447285399092518,0.03112954266365703,0.050576828062749546,0.8825433730864025,0.9175957859942754,305,306
2020-09-15,negative,-0.029613911205296762,-0.0377971597952896,-0.00818324858999284,0.029613911205296762,0.0377971597952896,0.10991070325882094,0.09022031541133957,305,305
2020-09-16,positive,0.041531670994998236,0.0597610318681049,0.018229360873106663,0.041531670994998236,0.0597610318681049,0.8879696043176996,0.9122919190559519,306,306
2020-09-16,negative,-0.023574717794014315,-0.028520627050780397,-0.004945909256766082,0.023574717794014315,0.028520627050780397,0.10594268993938875,0.09414200462793812,305,306
2020-09-17,positive,0.025358463735374443,0.04335033428107955,0.01799187054570511,0.025358463735374443,0.04335033428107955,0.8840036322409742,0.9160095372137712,305,306
2020-09-17,negative,-0.032473720898358746,-0.036677419931184944,-0.004203699032826198,0.032473720898358746,0.036677419931184944,0.10222662819500192,0.09803558091676472,305,305
2020-09-18,positive,0.03901472497098191,0.046806877965933726,0.007792152994951819,0.03901472497098191,0.046806877965933726,0.8954711099166892,0.904514089788921,305,306
2020-09-18,negative,-0.03537078843400858,-0.03815563217276577,-0.0027848437387571895,0.03537078843400858,0.03815563217276577,0.10475248589088955,0.09557538296156948,305,305
2020-09-21,positive,0.013452754482912587,0.02403284354760574,0.010580089064693153,0.014772381029504834,0.025319704246763258,0.8963335122295966,0.9036664877704034,307,307
2020-09-21,negative,-0.077043236787076,-0.07872540639405909,-0.001682169606983086,0.077043236787076,0.07872540639405909,0.0993773256991758,0.10094637894479545,306,307
2020-09-22,positive,0.034971663863840215,0.0473817236448956,0.012410059781055388,0.034971663863840215,0.0473817236448956,0.8885230469711071,0.911476953028893,306,306
2020-09-22,negative,-0.03184166008536572,-0.038177181005189006,-0.006335520919823284,0.03184166008536572,0.038177181005189006,0.10301145662847791,0.09732518211867397,305,306
2020-09-23,positive,0.0004398720211373012,0.007629647725493396,0.007189775704356095,0.009060654546589325,0.013735351989323763,0.8899926248392803,0.9102377007945043,303,304
2020-09-23,negative,-0.06839253273861318,-0.08210246082066072,-0.013709928082047546,0.06839253273861318,0.08210246082066072,0.10830771607154124,0.09175820350657347,303,303
2020-09-24,positive,0.025645587030458116,0.042038377300472454,0.016392790270014338,0.025645587030458116,0.042038377300472454,0.8890123928317659,0.9111489622919812,303,304
2020-09-24,negative,-0.03548748892778943,-0.04213362296440443,-0.006646134036614994,0.03548748892778943,0.04213362296440443,0.1052204626990889,0.09491141992537531,303,303
2020-09-25,positive,0.04760003169942793,0.059735030644710196,0.012134998945282263,0.04760003169942793,0.059735030644710196,0.8943026332773978,0.905894217116303,305,305
2020-09-25,negative,-0.011750599119417547,-0.020345108591198716,-0.008594509471781168,0.011750599119417547,0.020345108591198716,0.10794394944053046,0.09221311475409837,304,305
2020-09-28,positive,0.05018686064646052,0.0676418117241408,0.017454951077680282,0.05018686064646052,0.0676418117241408,0.8849755543578687,0.915089890668309,306,306
2020-09-28,negative,-0.010465119118441533,-0.016221685769215465,-0.005756566650773932,0.011361970755734793,0.017671140099888474,0.09886275856149687,0.10139487732265681,305,306
2020-09-29,positive,0.027988832881953783,0.047926034236476775,0.019937201354522992,0.027988832881953783,0.047926034236476775,0.8870951367248446,0.9131010699461821,306,306
2020-09-29,negative,-0.03216442177913273,-0.03993286823042316,-0.007768446451290434,0.03216442177913273,0.03993286823042316,0.11031693274292637,0.08984737343814787,305,306
2020-09-30,positive,0.02912464129764254,0.036171351390302635,0.007046710092660096,0.02912464129764254,0.036171351390302635,0.8931620236028638,0.9068809345692953,306,307
2020-09-30,negative,-0.029340867862470806,-0.03460463807414568,-0.0052637702116748765,0.029340867862470806,0.03460463807414568,0.10189758142176614,0.09836377107741714,306,306
2020-10-01,positive,0.04318098286629334,0.06167221829311842,0.018491235426825077,0.04318098286629334,0.06167221829311842,0.8874294002382143,0.9126600739973234,306,307
2020-10-01,negative,-0.021685912778842825,-0.02973313748101814,-0.008047224702175313,0.021685912778842825,0.02973313748101814,0.1095027386090513,0.09069321175019104,306,306
2020-10-02,positive,0.03632598513637455,0.05893924292088217,0.022613257784507623,0.03632598513637455,0.05893924292088217,0.8895046405870166,0.9106262066488355,306,306
2020-10-02,negative,-0.034099043870537894,-0.03565555458487446,-0.0015565107143365661,0.034099043870537894,0.03565555458487446,0.10336019991741609,0.09684673127783444,305,306
2020-10-05,positive,0.05978779706098034,0.08117942945308601,0.021391632392105668,0.05978779706098034,0.08117942945308601,0.8870856236427793,0.9130024435200217,307,308
2020-10-05,negative,-0.011182828698386622,-0.012143275214541617,-0.0009604465161549957,0.011811046861707687,0.012749066226493211,0.1009506904858849,0.0992446220141151,307,307
2020-10-06,positive,0.02131112725033607,0.03216202364740749,0.010850896397071416,0.02131112725033607,0.03216202364740749,0.8885847175796076,0.9115085199045992,306,307
2020-10-06,negative,-0.037584720013411725,-0.04190685532313756,-0.004322135309725833,0.037584720013411725,0.04190685532313756,0.10213752385343425,0.09805842650580808,306,306
2020-10-07,positive,0.05251902649516942,0.06744452368988849,0.014925497194719063,0.05251902649516942,0.06744452368988849,0.88717110262949,0.9128939168763616,308,308
2020-10-07,negative,-0.008827046941529384,-0.014292307625199103,-0.005465260683669719,0.008965249783257249,0.014382254577108643,0.10906651474269641,0.09122257781230474,307,308
2020-10-08,positive,0.041900187410920546,0.060918972128227444,0.0190187847173069,0.041900187410920546,0.060918972128227444,0.8823075689341533,0.9178224278159279,308,308
2020-10-08,negative,-0.018348015752672475,-0.024446891602299747,-0.0060988758496272714,0.018348015752672475,0.024446891602299747,0.10679794080066565,0.09341880901029422,307,308
2020-10-09,positive,0.031626628134762816,0.05434498199599945,0.022718353861236634,0.031626628134762816,0.05434498199599945,0.8813074506662169,0.9186320556466187,308,309
2020-10-09,negative,-0.026362891138336546,-0.02746839223667996,-0.001105501098343415,0.026362891138336546,0.02746839223667996,0.10165025721032214,0.0986744181143532,308,308
2020-10-12,positive,0.029540229860793767,0.042877449768250246,0.013337219907456479,0.029540229860793767,0.042877449768250246,0.8850521841028168,0.9149642500386017,308,309
2020-10-12,negative,-0.02625593488058286,-0.03321120339509232,-0.00695526851450946,0.02625593488058286,0.03321120339509232,0.10649266345468876,0.09376699250116971,308,308
2020-10-13,positive,0.02421530004189263,0.03954601443261042,0.015330714390717787,0.02421530004189263,0.03954601443261042,0.8831110815759938,0.9170838501978852,308,308
2020-10-13,negative,-0.03739853672970378,-0.04478866068611845,-0.007390123956414668,0.03739853672970378,0.04478866068611845,0.10752783756955424,0.09262634701231193,307,308
2020-10-14,positive,0.01760128572190669,0.03218331237720464,0.014582026655297953,0.01760128572190669,0.03218331237720464,0.889486081731377,0.9106094684870286,308,309
2020-10-14,negative,-0.03314929262602241,-0.04085752850668378,-0.007708235880661371,0.03314929262602241,0.04085752850668378,0.11023685918234913,0.08995781959766386,308,308
2020-10-15,positive,0.032184745491744354,0.04345549755003925,0.011270752058294899,0.032184745491744354,0.04345549755003925,0.885091777503111,0.9150377981366687,309,309
2020-10-15,negative,-0.02354591707490305,-0.031253558553121855,-0.007707641478218806,0.02354591707490305,0.031253558553121855,0.10724382517385433,0.09297366658175059,308,309
2020-10-16,positive,0.022658592996719438,0.03825923814971258,0.015600645152993139,0.022658592996719438,0.03825923814971258,0.8870427505260079,0.9130868251137718,309,309
2020-10-16,negative,-0.029661524927812762,-0.0369370565215923,-0.007275531593779538,0.029661524927812762,0.0369370565215923,0.11174005780419773,0.08849198486606848,308,309
2020-10-19,positive,0.013994235427249759,0.03916294162214042,0.025168706194890665,0.013994235427249759,0.03916294162214042,0.8874141849521404,0.9127166622837118,306,306
2020-10-19,negative,-0.0402602697207106,-0.04329047661637994,-0.003030206895669345,0.0402602697207106,0.04329047661637994,0.10244695056226774,0.09775699615796596,305,306
2020-10-20,positive,0.027907064359430803,0.04073344963478911,0.012826385275358305,0.027907064359430803,0.04073344963478911,0.8840188089793554,0.916190488419773,305,306
2020-10-20,negative,-0.029845011563320395,-0.038904649800584945,-0.00905963823726455,0.029845011563320395,0.038904649800584945,0.10664379958560125,0.09342168829914008,305,305
2020-10-21,positive,0.020115716725476934,0.035342698530549325,0.015226981805072391,0.020115716725476934,0.035342698530549325,0.8834363919859882,0.9165096548934449,306,307
2020-10-21,negative,-0.042211643970023575,-0.05180309811287207,-0.009591454142848496,0.042211643970023575,0.05180309811287207,0.11056911871502413,0.08975767867059677,306,306
2020-10-22,positive,0.04921022935927025,0.06065719800263627,0.011446968643366022,0.04921022935927025,0.06065719800263627,0.8873172400458108,0.91274799152627,307,307
2020-10-22,negative,-0.019309295210607126,-0.030048957003959972,-0.010739661793352846,0.019309295210607126,0.030048957003959972,0.11117506363275904,0.0891218385529215,306,307
2020-10-23,positive,0.032579667125555,0.0436884284453347,0.011108761319779704,0.032579667125555,0.0436884284453347,0.8899110837221587,0.9101211796994928,307,308
2020-10-23,negative,-0.02278216641835811,-0.02964380887882333,-0.006861642460465219,0.02278216641835811,0.02964380887882333,0.10562294958511748,0.09463755188020327,307,307
2020-10-26,positive,0.0045611330376299575,0.009647916663494157,0.005086783625864199,0.007623091703782464,0.012255546092398697,0.8930262550046196,0.9070391900215583,306,306
2020-10-26,negative,-0.05780569741211329,-0.06239810408337997,-0.004592406671266681,0.05780569741211329,0.06239810408337997,0.10405651875375505,0.09621809020292237,305,306
2020-10-27,positive,0.026232235888437348,0.041748293576173386,0.015516057687736038,0.026232235888437348,0.041748293576173386,0.8919755463560218,0.9080244536439781,306,306
2020-10-27,negative,-0.04272708240498767,-0.05075307035412303,-0.008025987949135359,0.04272708240498767,0.05075307035412303,0.1078838775455448,0.09246868414578051,305,306
2020-10-28,positive,-0.00042056876831968475,0.01514277066522679,0.015563339433546475,0.009690595878268399,0.022520169804324242,0.8887662146481702,0.9114970298401482,304,304
2020-10-28,negative,-0.06624069528265061,-0.0744634032815681,-0.008222707998917486,0.06624069528265061,0.0744634032815681,0.10887288136513554,0.09122200862472074,303,304
2020-10-29,positive,0.04595165857734761,0.0631143437414277,0.017162685164080094,0.04595165857734761,0.0631143437414277,0.8861476755767315,0.9138523244232686,305,305
2020-10-29,negative,-0.025748043727789036,-0.030152828657494996,-0.00440478492970596,0.025748043727789036,0.030152828657494996,0.10250356494684988,0.09783251231527093,304,305
2020-10-30,positive,0.01929747172204216,0.031615056960104436,0.012317585238062277,0.01929747172204216,0.031615056960104436,0.8848640562767871,0.9152680877602132,303,303
2020-10-30,negative,-0.05551941221153522,-0.059493327840162334,-0.003973915628627117,0.05551941221153522,0.059493327840162334,0.1012843569026663,0.09891777086529269,302,303
2020-11-02,positive,0.0526993633903701,0.06270347080865293,0.01000410741828283,0.0526993633903701,0.06270347080865293,0.8905808332610768,0.9094191667389232,304,304
2020-11-02,negative,-0.02078356875644662,-0.025176064655133924,-0.004392495898687305,0.02078356875644662,0.025176064655133924,0.1081926479303614,0.09216324893783057,303,304
2020-11-03,positive,0.061777117501299515,0.07043805772821496,0.008660940226915444,0.061777117501299515,0.07043805772821496,0.891324175254167,0.9089097606686629,304,305
2020-11-03,negative,-0.006057555721356888,-0.016414825857880233,-0.010357270136523345,0.008975011229108158,0.018270296250861885,0.11201068538626462,0.08805501763607441,304,304
2020-11-04,positive,0.053628805267190716,0.07256295111275504,0.018934145845564326,0.053628805267190716,0.07256295111275504,0.8819828228405115,0.918214675513669,304,304
2020-11-04,negative,-0.05293087939373444,-0.06119381559256938,-0.00826293619883494,0.05293087939373444,0.06119381559256938,0.11028946870987295,0.08987582724091335,303,304
2020-11-05,positive,0.0662203792455056,0.0962617265148333,0.03004134726932771,0.0662203792455056,0.0962617265148333,0.8795335833824192,0.9206639149717614,304,304
2020-11-05,negative,-0.012043564717138905,-0.02382090193410019,-0.011777337216961286,0.01240129251046466,0.024043709668502937,0.1132448827502895,0.0869301349572087,303,304
2020-11-06,positive,0.022464235896455877,0.05992975516519158,0.0374655192687357,0.022464235896455877,0.05992975516519158,0.8739606138831705,0.925953730241445,303,304
2020-11-06,negative,-0.044610978161692454,-0.06311066457137016,-0.018499686409677703,0.044610978161692454,0.06311066457137016,0.11542223529283621,0.08490779771046413,303,303
2020-11-09,positive,0.14984510255889544,0.2064882150562487,0.056643112497353265,0.14984510255889544,0.2064882150562487,0.8814275799361909,0.9187036967293818,305,305
2020-11-09,negative,-0.05439533441205156,-0.087127310212122,-0.03273197580007044,0.05439533441205156,0.087127310212122,0.12018562261413297,0.08007715194198002,304,305
2020-11-10,positive,0.061074786967878526,0.08015998478255519,0.019085197814676665,0.061074786967878526,0.08015998478255519,0.8877707574486974,0.9123849752377063,306,307
2020-11-10,negative,-0.0351146326762003,-0.04977040422076744,-0.014655771544567146,0.0351146326762003,0.04977040422076744,0.11266241179244577,0.08746817913148501,306,306
2020-11-11,positive,0.042651724584697154,0.06669207470377593,0.024040350119078777,0.042651724584697154,0.06669207470377593,0.8885602520870917,0.9115049794849893,307,307
2020-11-11,negative,-0.03792114431844108,-0.046970074965685275,-0.009048930647244192,0.03792114431844108,0.046970074965685275,0.11069275503199756,0.08960257611589546,306,307
2020-11-12,positive,0.015734989650985368,0.033058290111459006,0.017323300460473638,0.015734989650985368,0.033058290111459006,0.8874025188596165,0.91255658022759,307,308
2020-11-12,negative,-0.04627471122008673,-0.05266341101008949,-0.006388699790002762,0.04627471122008673,0.05266341101008949,0.10804676972699977,0.09227896317202305,307,307
2020-11-13,positive,0.05312580560129067,0.07015719795166904,0.01703139235037837,0.05312580560129067,0.07015719795166904,0.8859388415560399,0.91419073408374,309,309
2020-11-13,negative,-0.012613706691437085,-0.023193056936117295,-0.01057935024468021,0.012906835391793495,0.023357689114908646,0.11259723431735096,0.08763758238693843,308,309
2020-11-16,positive,0.06166052515906097,0.08470778186188255,0.02304725670282158,0.06166052515906097,0.08470778186188255,0.88543802617321,0.9146265733099942,310,310
2020-11-16,negative,-0.018086975645199187,-0.028857282402470555,-0.010770306757271367,0.018086975645199187,0.028857282402470555,0.10828619034478143,0.09199852046344921,309,310
2020-11-17,positive,0.032774025959691776,0.05442717121230285,0.021653145252611077,0.032774025959691776,0.05442717121230285,0.8818401357357732,0.9184180120538362,310,310
2020-11-17,negative,-0.021936797574357337,-0.03597917865459269,-0.014042381080235356,0.021936797574357337,0.03597917865459269,0.11548040865045725,0.08463396100719274,309,310
2020-11-18,positive,0.019893396466571407,0.04009015222785233,0.020196755761280924,0.019893396466571407,0.04009015222785233,0.8783963519893515,0.9216629246560148,310,311
2020-11-18,negative,-0.038907829713563234,-0.04695585428126063,-0.008048024567697397,0.038907829713563234,0.04695585428126063,0.11406792703978703,0.0861254965578919,310,310
2020-11-19,positive,0.0383291757824633,0.07046981253577514,0.03214063675331184,0.0383291757824633,0.07046981253577514,0.881089344460346,0.9191065370617394,311,312
2020-11-19,negative,-0.018302477188005695,-0.025243665809998032,-0.006941188621992337,0.018302477188005695,0.025243665809998032,0.10873619190999263,0.09132803416579413,311,311
2020-11-20,positive,0.030009639322628283,0.055727676256291526,0.025718036933663244,0.030009639322628283,0.055727676256291526,0.8826115372284016,0.9176449552371323,312,312
2020-11-20,negative,-0.024495277063582423,-0.031906396249223215,-0.007411119185640792,0.024495277063582423,0.031906396249223215,0.1067701433698038,0.09331557616264252,311,312
2020-11-23,positive,0.061578757586268205,0.10691872921051217,0.04533997162424396,0.061578757586268205,0.10691872921051217,0.8799464425384116,0.920180897412179,313,314
2020-11-23,negative,-0.017793632740206018,-0.028141422440876054,-0.010347789700670035,0.017793632740206018,0.028141422440876054,0.11252573603268921,0.08760193712402957,313,313
2020-11-24,positive,0.05887462431842516,0.0819919118153166,0.023117287496891445,0.05887462431842516,0.0819919118153166,0.8852831729896533,0.9149074242149209,315,315
2020-11-24,negative,-0.027352787906588245,-0.03908960642799885,-0.011736818521410605,0.027352787906588245,0.03908960642799885,0.10871982210927573,0.09143472297856034,314,315
2020-11-25,positive,0.02998261047110391,0.054738740651611245,0.024756130180507336,0.02998261047110391,0.054738740651611245,0.8815416587005704,0.9186477352388235,317,317
2020-11-25,negative,-0.028894067353400905,-0.039536666328152024,-0.01064259897475112,0.028894067353400905,0.039536666328152024,0.11288667929292931,0.08728003616607717,316,317
2020-11-27,positive,0.03615307837671856,0.06074146704355238,0.02458838866683382,0.03615307837671856,0.06074146704355238,0.8806895494640244,0.9192499162082768,318,319
2020-11-27,negative,-0.02111176632545337,-0.026544193800664834,-0.005432427475211464,0.02111176632545337,0.026544193800664834,0.11083669554210672,0.08947776986669832,318,318
2020-11-30,positive,0.024896437300252722,0.059032804859425116,0.03413636755917239,0.024896437300252722,0.059032804859425116,0.8864445841190027,0.9136384324836611,318,319
2020-11-30,negative,-0.054478035850328385,-0.05804183765521634,-0.0035638018048879533,0.054478035850328385,0.05804183765521634,0.10368217054263566,0.09650639011104127,318,318
2020-12-01,positive,0.03901103218299001,0.05492951671470314,0.01591848453171313,0.03901103218299001,0.05492951671470314,0.88640229121051,0.9137228260869567,320,320
2020-12-01,negative,-0.03809154091101561,-0.046656288653153855,-0.008564747742138244,0.03809154091101561,0.046656288653153855,0.10433860898197074,0.09586233187363154,319,320
2020-12-02,positive,0.03382055755146637,0.05297655676989938,0.019155999218433015,0.03382055755146637,0.05297655676989938,0.8825577207406349,0.9176915781063578,321,321
2020-12-02,negative,-0.02755322907686488,-0.03972866409757899,-0.01217543502071411,0.02755322907686488,0.03972866409757899,0.11271570193206606,0.08738613847929645,320,321
2020-12-03,positive,0.03901704033663586,0.06587683235757173,0.02685979202093587,0.03901704033663586,0.06587683235757173,0.8816044392009901,0.9184625629140218,322,323
2020-12-03,negative,-0.020943946254724784,-0.03315654657569035,-0.012212600320965567,0.020943946254724784,0.03315654657569035,0.11450730806450991,0.08567891167478245,322,322
2020-12-04,positive,0.05968373260774856,0.08149922394144543,0.021815491333696868,0.05968373260774856,0.08149922394144543,0.8842819350324455,0.9156695524213584,323,324
2020-12-04,negative,-0.014889407842794182,-0.021550079968840067,-0.006660672126045885,0.014962586796075615,0.02157871537959019,0.10630265793786964,0.09400693958535018,323,323
2020-12-07,positive,0.027825781216217274,0.06684797125238526,0.039022190036167984,0.027825781216217274,0.06684797125238526,0.8799516415787602,0.9200483584212398,325,325
2020-12-07,negative,-0.036048076809183795,-0.0460765043047651,-0.010028427495581305,0.036048076809183795,0.0460765043047651,0.10752296981110539,0.09247703018889458,324,324
2020-12-08,positive,0.039300695083276306,0.07462309590575097,0.03532240082247467,0.039300695083276306,0.07462309590575097,0.8846311587209315,0.9153830788664479,326,327
2020-12-08,negative,-0.020420024881274458,-0.02772972877965098,-0.007309703898376523,0.020420024881274458,0.02772972877965098,0.10780077999334013,0.09244454352705238,326,326
2020-12-09,positive,0.021298687651990028,0.045498447012313384,0.024199759360323356,0.021298687651990028,0.045498447012313384,0.8812583847093051,0.9188030403521201,326,326
2020-12-09,negative,-0.048170007611060696,-0.05801272960129822,-0.009842721990237523,0.048170007611060696,0.05801272960129822,0.10814118314118315,0.09212911321807027,325,326
2020-12-10,positive,0.04260651885407146,0.0822830351730852,0.03967651631901374,0.04260651885407146,0.0822830351730852,0.8804322964318391,0.9198116803903628,328,328
2020-12-10,negative,-0.02068570257745785,-0.03184408134916794,-0.011158378771710092,0.02068570257745785,0.03184408134916794,0.11025168969804137,0.08984046668005564,327,328
2020-12-11,positive,0.019401781492739346,0.036695625331666905,0.01729384383892756,0.019401781492739346,0.036695625331666905,0.8824068513779437,0.9175398360504744,329,330
2020-12-11,negative,-0.03764099881047431,-0.04900946677138306,-0.011368467960908755,0.03764099881047431,0.04900946677138306,0.10736874197392857,0.09293520939385261,329,329
2020-12-14,positive,0.03293502318837874,0.0591042488456676,0.02616922565728886,0.03293502318837874,0.0591042488456676,0.882847436746102,0.9172132428655486,330,330
2020-12-14,negative,-0.04028888716160529,-0.04917766478029463,-0.008888777618689343,0.04028888716160529,0.04917766478029463,0.10646828060908314,0.09379367093262723,329,330
2020-12-15,positive,0.050571284208870776,0.06840860180731624,0.017837317598445465,0.050571284208870776,0.06840860180731624,0.8884560583504824,0.9116297618008266,331,332
2020-12-15,negative,-0.016342699884672966,-0.026920119926818007,-0.010577420042145042,0.01636069294962943,0.026932942466688457,0.10791254360231768,0.09226861581797217,331,331
2020-12-16,positive,0.027601955640313893,0.04192505135722759,0.0143230957169137,0.027601955640313893,0.04192505135722759,0.8866979651457818,0.9135024013182858,332,333
2020-12-16,negative,-0.030968834608504706,-0.03771869886418663,-0.006749864255681921,0.030968834608504706,0.03771869886418663,0.10682259724819858,0.09323757122352225,332,332
2020-12-17,positive,0.042106188111157544,0.0639332174303136,0.02182702931915606,0.042106188111157544,0.0639332174303136,0.8816615644273672,0.9183384355726327,334,334
2020-12-17,negative,-0.019166294171227134,-0.025246959828564095,-0.006080665657336962,0.019166294171227134,0.025246959828564095,0.10630945788367077,0.09400883390640008,333,334
2020-12-18,positive,0.03608857645501717,0.0508300089903345,0.014741432535317331,0.03608857645501717,0.0508300089903345,0.8940494717925164,0.9060700382164468,335,335
2020-12-18,negative,-0.040769530858871715,-0.04522800110876691,-0.004458470249895194,0.040769530858871715,0.04522800110876691,0.10751607033915438,0.09268536314543209,334,335
2020-12-21,positive,0.036910469277644326,0.06707731148337313,0.030166842205728808,0.036910469277644326,0.06707731148337313,0.8843364851082954,0.9157936373201842,340,341
2020-12-21,negative,-0.03387966937979565,-0.03750046666743201,-0.003620797287636361,0.03387966937979565,0.03750046666743201,0.10389275898428722,0.09622478435982093,340,340
2020-12-22,positive,0.04536552157305547,0.0843957550656685,0.03903023349261303,0.04536552157305547,0.0843957550656685,0.8795493628959244,0.9206248265655351,341,342
2020-12-22,negative,-0.026273931544779767,-0.036018307065344375,-0.009744375520564608,0.026273931544779767,0.036018307065344375,0.11071626749953185,0.08934231480861107,341,341
2020-12-23,positive,0.0460756120195325,0.0826554704566655,0.036579858437133,0.0460756120195325,0.0826554704566655,0.8820766609361888,0.9179815462815063,344,344
2020-12-23,negative,-0.02188530333347495,-0.03421263245404632,-0.01232732912057137,0.02188530333347495,0.03421263245404632,0.10975581817626433,0.09050503221701817,343,344
2020-12-24,positive,0.017121797194076548,0.03679432651840021,0.01967252932432366,0.017121797194076548,0.03679432651840021,0.8778603562059353,0.922308400997248,342,343
2020-12-24,negative,-0.02595923409380894,-0.041560427799071896,-0.015601193705262955,0.02595923409380894,0.041560427799071896,0.11445096873804447,0.0856074424769088,342,342
2020-12-28,positive,0.026884158175057446,0.06238991678555336,0.035505758610495916,0.026884158175057446,0.06238991678555336,0.8789293421167728,0.9211839261883633,343,344
2020-12-28,negative,-0.03785819527507037,-0.05420994217312029,-0.01635174689804992,0.03785819527507037,0.05420994217312029,0.11594929678417078,0.08416721938244731,343,343
2020-12-29,positive,0.010207628824483226,0.02325095955016284,0.013043330725679614,0.010207628824483226,0.02325095955016284,0.8898344706381941,0.9102815722976921,345,345
2020-12-29,negative,-0.04695244171704977,-0.05875903546221786,-0.011806593745168091,0.04695244171704977,0.05875903546221786,0.10947040230466669,0.09073086027337363,344,345
2020-12-30,positive,0.0415300798447677,0.07024367196666725,0.028713592121899556,0.0415300798447677,0.07024367196666725,0.8852016939691174,0.9149290472053286,345,346
2020-12-30,negative,-0.014197277338074323,-0.022710846078049643,-0.00851356873997532,0.014197277338074323,0.022710846078049643,0.11151865422631865,0.08859718707110388,345,345
2020-12-31,positive,0.023154075673255923,0.0380718030626044,0.01491772738934848,0.023154075673255923,0.0380718030626044,0.8859200040351056,0.9142540098860082,345,345
2020-12-31,negative,-0.034290317214943335,-0.04058658891909491,-0.0062962717041515764,0.034290317214943335,0.04058658891909491,0.10306488763287111,0.09705983725074815,344,345
2021-01-04,positive,0.03657446512298486,0.08007014226574355,0.04349567714275869,0.03657446512298486,0.08007014226574355,0.8852246857492546,0.9148330176552463,347,347
2021-01-04,negative,-0.05146487613506827,-0.053487458606917,-0.0020225824718487287,0.05146487613506827,0.053487458606917,0.10077957966572051,0.09945314799509768,346,347
2021-01-05,positive,0.052665779149478446,0.08840584622817492,0.03574006707869647,0.052665779149478446,0.08840584622817492,0.8843336794511185,0.9158383388975052,349,349
2021-01-05,negative,-0.02003592100693439,-0.022733293707084302,-0.0026973727001499137,0.02003592100693439,0.022733293707084302,0.09837834809659392,0.10173151993901315,348,349
2021-01-06,positive,0.0764800412706107,0.09850603998590164,0.022025998715290943,0.0764800412706107,0.09850603998590164,0.8807225311209373,0.9194500407461064,351,352
2021-01-06,negative,-0.0268822915389198,-0.034048942291226875,-0.007166650752307074,0.0268822915389198,0.034048942291226875,0.10612657226203041,0.093930342934327,351,351
2021-01-07,positive,0.06378628782725973,0.1077262850943179,0.043939997267058176,0.06378628782725973,0.1077262850943179,0.8866141492230291,0.9134045988156555,353,354
2021-01-07,negative,-0.01976568644642162,-0.025264885519314214,-0.0054991990728925945,0.01976568644642162,0.025264885519314214,0.10498273888176193,0.09524382583078407,353,353
2021-01-08,positive,0.03226218465905831,0.0691123183973236,0.03685013373826529,0.03226218465905831,0.0691123183973236,0.8817003743996612,0.9183610220678095,353,354
2021-01-08,negative,-0.03424724503431889,-0.046124853984969,-0.011877608950650112,0.03424724503431889,0.046124853984969,0.11334211851818582,0.08682775690650274,353,353
2021-01-11,positive,0.03601515347172839,0.07246429080338698,0.036449137331658596,0.03601515347172839,0.07246429080338698,0.8811787800440487,0.9187682024349487,354,355
2021-01-11,negative,-0.03206765151659122,-0.04087210308325845,-0.008804451566667232,0.03206765151659122,0.04087210308325845,0.10847537425388618,0.09180711162182004,354,354
2021-01-12,positive,0.05299055091455501,0.09514502124121431,0.042154470326659296,0.05299055091455501,0.09514502124121431,0.8798841686655727,0.9200594844679445,356,357
2021-01-12,negative,-0.02103608901830696,-0.0255281037968235,-0.0044920147785165385,0.02103608901830696,0.0255281037968235,0.10525699091023862,0.09502390796616589,356,356
2021-01-13,positive,0.03247019972938976,0.05809975510103824,0.02562955537164848,0.03247019972938976,0.05809975510103824,0.8836306383539962,0.9165375230809812,357,357
2021-01-13,negative,-0.036367749031246,-0.04439249574095917,-0.008024746709713176,0.036367749031246,0.04439249574095917,0.11044057351236962,0.08970062240142694,356,357
2021-01-14,positive,0.05745074332147375,0.09191303780171486,0.034462294480241115,0.05745074332147375,0.09191303780171486,0.8778952347957937,0.9221605376526169,359,359
2021-01-14,negative,-0.021289652049730733,-0.025957240510941764,-0.0046675884612110315,0.021289652049730733,0.025957240510941764,0.10670063904632228,0.09354080477002022,358,359
2021-01-15,positive,0.020384925059715786,0.039284701028746635,0.01889977596903085,0.020384925059715786,0.039284701028746635,0.8868324268123308,0.9131309965954812,359,360
2021-01-15,negative,-0.052002559231690434,-0.05685862603310387,-0.004856066801413435,0.052002559231690434,0.05685862603310387,0.10240609554550323,0.0978724559865302,359,359
2021-01-19,positive,0.05748354043936066,0.11176154725899068,0.05427800681963002,0.05748354043936066,0.11176154725899068,0.8844142901892378,0.9157520069282787,361,361
2021-01-19,negative,-0.022241795061115996,-0.028402476989185216,-0.00616068192806922,0.022241795061115996,0.028402476989185216,0.10683627432865238,0.0932933739120821,360,361
2021-01-20,positive,0.038256765845316267,0.07972598131147025,0.04146921546615399,0.038256765845316267,0.07972598131147025,0.8828842742980132,0.917289500316449,361,362
2021-01-20,negative,-0.032880213546866544,-0.037463452074634196,-0.004583238527767652,0.032880213546866544,0.037463452074634196,0.10217613252249255,0.09787920782061757,361,361
2021-01-21,positive,0.02764645716468367,0.05832155553015691,0.03067509836547324,0.02764645716468367,0.05832155553015691,0.8834483983566553,0.9166628054242735,360,360
2021-01-21,negative,-0.038049860000322504,-0.049557473134265055,-0.011507613133942551,0.038049860000322504,0.049557473134265055,0.11218571960694575,0.08801470361103389,359,360
2021-01-22,positive,0.0425937023043053,0.07187187041369704,0.02927816810939174,0.0425937023043053,0.07187187041369704,0.8855133956098162,0.9146681434294305,360,361
2021-01-22,negative,-0.023742990822094672,-0.028741405557956314,-0.004998414735861642,0.023742990822094672,0.028741405557956314,0.10708356455789862,0.09297192933777285,360,360
2021-01-25,positive,0.04160085991559763,0.10132623254959734,0.05972537263399971,0.04160085991559763,0.10132623254959734,0.8771767497939624,0.9227603762385279,362,363
2021-01-25,negative,-0.038114260903510194,-0.04026595307544466,-0.0021516921719344634,0.038114260903510194,0.04026595307544466,0.10357704282531059,0.09669920026861206,362,362
2021-01-26,positive,0.034954133097476234,0.08697745977153762,0.052023326674061385,0.034954133097476234,0.08697745977153762,0.8765782597294891,0.9235776640577964,362,363
2021-01-26,negative,-0.04754077823276048,-0.05492765651314165,-0.007386878280381169,0.04754077823276048,0.05492765651314165,0.10592901223275157,0.0941261754052175,362,362
2021-01-27,positive,0.015179577599736944,0.10860545883135475,0.09342588123161781,0.016290172817266097,0.10898521968390353,0.8714569899692957,0.9285196007517682,363,364
2021-01-27,negative,-0.08585302063875097,-0.08306006632039789,0.0027929543183530803,0.08585302063875097,0.08306006632039789,0.09557923695025922,0.10464108802908532,363,363
2021-01-28,positive,0.053741751739618045,0.10902101922021375,0.0552792674805957,0.053741751739618045,0.10902101922021375,0.8859516923800679,0.9142290573357594,364,365
2021-01-28,negative,-0.04798531396630399,-0.06896494525519273,-0.020979631288888738,0.04798531396630399,0.06896494525519273,0.1101373927938143,0.08991749194822742,364,364
2021-01-29,positive,0.02390179017383934,0.04754311319475818,0.02364132302091884,0.02390179017383934,0.04754311319475818,0.8900876375135026,0.909994884641135,364,365
2021-01-29,negative,-0.05400648569360855,-0.05856334795356467,-0.004556862259956121,0.05400648569360855,0.05856334795356467,0.10076993983501399,0.09939480481078501,364,364
2021-02-01,positive,0.06274849693256748,0.09865753063584394,0.03590903370327646,0.06274849693256748,0.09865753063584394,0.8825599703621377,0.9176040536947241,366,366
2021-02-01,negative,-0.018018002852733157,-0.024108982031127255,-0.006090979178394098,0.018037140427573886,0.024148836979255277,0.10609959780402495,0.09402626775059977,365,366
2021-02-02,positive,0.05525594441491576,0.08437034169765095,0.02911439728273519,0.05525594441491576,0.08437034169765095,0.8874787984736389,0.9125757569000655,367,367
2021-02-02,negative,-0.02767642078789054,-0.04932597612681424,-0.0216495553389237,0.02767642078789054,0.04932597612681424,0.11130227850667336,0.08894644208285578,366,367
2021-02-03,positive,0.05265253642494847,0.08714980451165887,0.03449726808671039,0.05265253642494847,0.08714980451165887,0.8859142883332545,0.9141401186308369,368,368
2021-02-03,negative,-0.020142963350782396,-0.032246979578741584,-0.012104016227959188,0.020142963350782396,0.032246979578741584,0.11425981326699737,0.08599626839191939,367,368
2021-02-04,positive,0.05228592911463138,0.09109202059537204,0.038806091480740657,0.05228592911463138,0.09109202059537204,0.87845829896172,0.9215959603980196,369,369
2021-02-04,negative,-0.020638482222175035,-0.030418307352863622,-0.009779825130688587,0.020638482222175035,0.030418307352863622,0.10754669548703673,0.09269049961253818,368,369
2021-02-05,positive,0.047056913088058205,0.08120173530662313,0.03414482221856492,0.047056913088058205,0.08120173530662313,0.8787390307649625,0.9213115661236515,370,371
2021-02-05,negative,-0.019752628853196535,-0.036137364662033766,-0.01638473580883723,0.019752628853196535,0.036137364662033766,0.11090389416969645,0.08925818038459855,370,370
2021-02-08,positive,0.07680755679061446,0.1424317886961325,0.06562423190551803,0.07680755679061446,0.1424317886961325,0.8831689367903989,0.9168310632096012,373,373
2021-02-08,negative,-0.011311244825015178,-0.017299339764477405,-0.005988094939462228,0.011319352936974557,0.017302396494912144,0.10925957999567004,0.0910333411303237,372,373
2021-02-09,positive,0.04336394802877313,0.10154798350997257,0.05818403548119944,0.04336394802877313,0.10154798350997257,0.8778823969122181,0.9220584651116113,373,374
2021-02-09,negative,-0.028069240962823948,-0.04232118089201917,-0.014251939929195219,0.028069240962823948,0.04232118089201917,0.11400606631255886,0.08626203020218645,373,373
2021-02-10,positive,0.03230851177746023,0.08778408691310549,0.05547557513564526,0.03230851177746023,0.08778408691310549,0.875370486225131,0.9247891731681632,376,376
2021-02-10,negative,-0.039274299932635016,-0.05622539751533072,-0.016951097582695702,0.039274299932635016,0.05622539751533072,0.11416959375554374,0.08597438938774586,375,376
2021-02-11,positive,0.031463584407761334,0.0688450975813441,0.03738151317358277,0.031463584407761334,0.0688450975813441,0.8792864038463298,0.9208197814470068,377,377
2021-02-11,negative,-0.04524208984964366,-0.06036912505508005,-0.015127035205436387,0.04524208984964366,0.06036912505508005,0.10743565340668404,0.0927431365079544,376,377
2021-02-12,positive,0.037545528250463235,0.07385987698111986,0.03631434873065662,0.037545528250463235,0.07385987698111986,0.8823997418202234,0.9178119543957067,378,378
2021-02-12,negative,-0.029028516845957857,-0.04020313328118444,-0.011174616435226582,0.029028516845957857,0.04020313328118444,0.10742775761344805,0.09264474658758862,377,378
2021-02-16,positive,0.05004043118383434,0.08850833422357811,0.03846790303974377,0.05004043118383434,0.08850833422357811,0.8832318213871923,0.9169346336320505,379,380
2021-02-16,negative,-0.0401721577548021,-0.05008165888518668,-0.00990950113038458,0.0401721577548021,0.05008165888518668,0.10483641021860653,0.09521630459425592,379,379
2021-02-17,positive,0.024123152403417957,0.06556468715907189,0.04144153475565393,0.024123152403417957,0.06556468715907189,0.8805008511286102,0.9196055331369142,380,381
2021-02-17,negative,-0.05013994859938609,-0.058155078837985284,-0.008015130238599191,0.05013994859938609,0.058155078837985284,0.10219217515258039,0.09791300496837677,380,380
2021-02-18,positive,0.015277248936242273,0.04149153255118784,0.02621428361494557,0.015277248936242273,0.04149153255118784,0.8802478692206989,0.9198577552841863,379,379
2021-02-18,negative,-0.06639011363345364,-0.07504321745043978,-0.00865310381698614,0.06639011363345364,0.07504321745043978,0.10252772293965852,0.09763717425186706,378,379
2021-02-19,positive,0.05497686263897251,0.0770268019918838,0.022049939352911295,0.05497686263897251,0.0770268019918838,0.886082117445112,0.9139864223968323,380,381
2021-02-19,negative,-0.02441552260709043,-0.02734449953758412,-0.0029289769304936923,0.02441552260709043,0.02734449953758412,0.10032012237326617,0.09983768930479804,380,380
2021-02-22,positive,0.04156189431528487,0.06367587967363936,0.022113985358354488,0.04156189431528487,0.06367587967363936,0.8839512176615243,0.9160487823384756,381,381
2021-02-22,negative,-0.06987511236610082,-0.07451653828038012,-0.004641425914279296,0.06987511236610082,0.07451653828038012,0.10256725914655232,0.09770194625803182,380,381
2021-02-23,positive,0.021088785933775146,0.03443628226484521,0.01334749633107006,0.021088785933775146,0.03443628226484521,0.8843462761170534,0.9158121188143089,379,379
2021-02-23,negative,-0.0935198224872803,-0.09083468537816039,0.0026851371091199117,0.0935198224872803,0.09083468537816039,0.09574931697423776,0.10434492481464869,378,379
2021-02-24,positive,0.07498464175072415,0.08486523878136143,0.009880597030637275,0.07498464175072415,0.08486523878136143,0.9002449189131905,0.8999652012288702,381,382
2021-02-24,negative,-0.016051794248858886,-0.024288599485576663,-0.008236805236717777,0.016051794248858886,0.024288599485576663,0.10897446484632525,0.09107797353857248,381,381
2021-02-25,positive,0.003047126638158825,0.023862397733810173,0.020815271095651348,0.008521895656641323,0.027386880748149045,0.885965815378558,0.9141552305493499,379,380
2021-02-25,negative,-0.08548873439694196,-0.08965496193038242,-0.004166227533440453,0.08548873439694196,0.08965496193038242,0.10067949082708252,0.09942596659448351,379,379
2021-02-26,positive,0.03330116773194506,0.04547817521232615,0.012177007480381093,0.03330116773194506,0.04547817521232615,0.8919027080524699,0.9081286703966459,379,380
2021-02-26,negative,-0.052575229761235895,-0.058249283716050315,-0.00567405395481442,0.052575229761235895,0.058249283716050315,0.09988140221006703,0.10032962390441463,379,379
2021-03-01,positive,0.08027341337934489,0.09365297237758789,0.013379558998243002,0.08027341337934489,0.09365297237758789,0.8961478836427633,0.9039046649646988,381,381
2021-03-01,negative,-0.010157410353100827,-0.01676858421920662,-0.006611173866105794,0.01229453441012753,0.01857206230614237,0.10456861741848052,0.09565329228749192,380,381
2021-03-02,positive,0.024768137437578257,0.039684334583914696,0.014916197146336439,0.024768137437578257,0.039684334583914696,0.8918560692262392,0.9081964793812229,381,381
2021-03-02,negative,-0.05267658019172268,-0.057236286551260854,-0.004559706359538174,0.05267658019172268,0.057236286551260854,0.10062470614265565,0.09958685209015188,380,381
2021-03-03,positive,0.030756380001066553,0.041216961656099615,0.010460581655033063,0.030756380001066553,0.041216961656099615,0.8909834354192206,0.9092265934597503,381,381
2021-03-03,negative,-0.07116924307379624,-0.07540815061932635,-0.004238907545530107,0.07116924307379624,0.07540815061932635,0.10242224095286787,0.09763655494756514,380,381
2021-03-04,positive,0.009001145080420731,0.023153613074667918,0.014152467994247186,0.009631205558998894,0.02356916538622342,0.8870579535834306,0.913065966392385,379,380
2021-03-04,negative,-0.10879238305719353,-0.10251751341353238,0.0062748696436611545,0.10879238305719353,0.10251751341353238,0.09130379737149465,0.1088016600500714,379,379
2021-03-05,positive,0.0582575570808434,0.07211749088570994,0.01385993380486654,0.0582575570808434,0.07211749088570994,0.8929864290564964,0.9072041906551449,382,383
2021-03-05,negative,-0.029021446153905162,-0.03755047732396767,-0.008529031170062509,0.029021446153905162,0.03755047732396767,0.10785182862713312,0.092200472628097,382,382
2021-03-08,positive,0.05480519994669914,0.0682251140565441,0.013419914109844965,0.05480519994669914,0.0682251140565441,0.8924841986762152,0.9074962797619048,384,385
2021-03-08,negative,-0.0510926076473523,-0.059432907441603476,-0.008340299794251174,0.0510926076473523,0.059432907441603476,0.10919799804687498,0.09106241861979168,384,384
2021-03-09,positive,0.09634329540995953,0.11830083232115893,0.021957536911199393,0.09634329540995953,0.11830083232115893,0.895179400789283,0.9048081428820071,386,387
2021-03-09,negative,-0.025123577777707802,-0.03315239697837956,-0.008028819200671757,0.025123577777707802,0.03315239697837956,0.1056189427904105,0.09464012456710247,386,386
2021-03-10,positive,0.05179968973024128,0.07077487519758963,0.018975185467348346,0.05179968973024128,0.07077487519758963,0.8915566218423016,0.9084433781576986,386,386
2021-03-10,negative,-0.02606449194232056,-0.030353387785828512,-0.004288895843507952,0.02606449194232056,0.030353387785828512,0.10161604932032947,0.09864720469345375,385,386
2021-03-11,positive,0.07937907283130545,0.09857994397916037,0.019200871147854917,0.07937907283130545,0.09857994397916037,0.8909065990085274,0.9090934009914726,387,387
2021-03-11,negative,-0.011777166260980531,-0.022704838315196214,-0.010927672054215683,0.011777166260980531,0.022704838315196214,0.11178706204881059,0.08850179340867989,386,387
2021-03-12,positive,0.041523109715546784,0.05885556699462296,0.017332457279076174,0.041523109715546784,0.05885556699462296,0.8919302392350889,0.9080489624124245,387,388
2021-03-12,negative,-0.02383579916854883,-0.03275667473255316,-0.008920875564004328,0.02383579916854883,0.03275667473255316,0.10930299327631218,0.09095540465650435,387,387
2021-03-15,positive,0.049683255833224915,0.0864767791316771,0.03679352329845219,0.049683255833224915,0.0864767791316771,0.8846604589291652,0.9153395410708347,388,388
2021-03-15,negative,-0.028638568071484214,-0.03192282391907098,-0.003284255847586768,0.028638568071484214,0.03192282391907098,0.10634692006334916,0.09392716993681412,387,388
2021-03-16,positive,0.014176126201940076,0.027265645408529215,0.013089519206589139,0.014176126201940076,0.027265645408529215,0.8849628557143591,0.915049988415045,387,388
2021-03-16,negative,-0.05640173513186546,-0.0635977592939556,-0.007196024162090142,0.05640173513186546,0.0635977592939556,0.10429570709649771,0.09591095784796108,387,387
2021-03-17,positive,0.04375332705369611,0.06760889144254568,0.023855564388849573,0.04375332705369611,0.06760889144254568,0.8952040178261258,0.904795982173874,389,389
2021-03-17,negative,-0.019482522177792207,-0.027914344007193868,-0.008431821829401661,0.019482522177792207,0.027914344007193868,0.10655242871737715,0.09372148498112508,388,389
2021-03-18,positive,0.009975540005425335,0.02399976637664851,0.014024226371223174,0.009975540005425335,0.02399976637664851,0.8830171115527723,0.917963786743562,386,386
2021-03-18,negative,-0.06726501028951873,-0.07789763992818954,-0.010632629638670815,0.06726501028951873,0.07789763992818954,0.10931153025737075,0.09074009596875213,387,387
2021-03-19,positive,0.0483492305375659,0.06166152160528318,0.01331229106771728,0.0483492305375659,0.06166152160528318,0.8936722750062474,0.9064824439210349,388,388
2021-03-19,negative,-0.02606173257052218,-0.03053869064287824,-0.004476958072356062,0.02606173257052218,0.03053869064287824,0.10479975159682993,0.09531563192845713,387,388
2021-03-22,positive,0.029174472106583284,0.04829537908343756,0.019120906976854278,0.029174472106583284,0.04829537908343756,0.8892773594080616,0.9107975974023421,390,391
2021-03-22,negative,-0.04193516979136747,-0.049086154324222774,-0.007150984532855301,0.04193516979136747,0.049086154324222774,0.10867470987922039,0.09147905741960072,390,390
2021-03-23,positive,0.0018943298781687321,0.01538368552585949,0.013489355647690758,0.006114838660238,0.018289923511396813,0.888106339149038,0.9119451276548733,389,389
2021-03-23,negative,-0.07551087550534623,-0.08475173994191146,-0.00924086443656523,0.07551087550534623,0.08475173994191146,0.10525757278308068,0.09496154543301576,388,389
2021-03-24,positive,0.015159309119343569,0.02677262722845858,0.01161331810911501,0.015159309119343569,0.02677262722845858,0.8918632047264812,0.9083430339948387,388,388
2021-03-24,negative,-0.07835065332854946,-0.08414438076521635,-0.005793727436666896,0.07835065332854946,0.08414438076521635,0.10393172539074443,0.09612990115956124,387,388
2021-03-25,positive,0.053001416650650925,0.06649711091764712,0.013495694266996199,0.053001416650650925,0.06649711091764712,0.8907327340163707,0.9093977637675795,388,389
2021-03-25,negative,-0.016655300679470228,-0.027294931420653153,-0.010639630741182925,0.016655300679470228,0.027294931420653153,0.11035281998454803,0.08975019314962658,388,388
2021-03-26,positive,0.04208005847222966,0.05612880479398587,0.014048746321756206,0.04208005847222966,0.05612880479398587,0.8816726772981985,0.91843022982812,389,389
2021-03-26,negative,-0.03205190144387439,-0.040788680631951194,-0.008736779188076804,0.03205190144387439,0.040788680631951194,0.10437845952275494,0.09578695843967401,388,389
2021-03-29,positive,0.009844071218880429,0.02109734812763075,0.011253276908750323,0.009880730463229785,0.02114142038080354,0.8917338020799966,0.9083480659453012,387,388
2021-03-29,negative,-0.06301603414992296,-0.06815145197303385,-0.005135417823110888,0.06301603414992296,0.06815145197303385,0.1027638968970893,0.09739106178059666,387,387
2021-03-30,positive,0.04493753160524356,0.053978440489777395,0.009040908884533835,0.04493753160524356,0.053978440489777395,0.8911672763551712,0.9088327236448287,388,388
2021-03-30,negative,-0.020613561083481637,-0.03242798726419523,-0.01181442618071359,0.020613561083481637,0.03242798726419523,0.11151854630324248,0.08876887263052877,387,388
2021-03-31,positive,0.058527173252414376,0.07295306545911863,0.014425892206704254,0.058527173252414376,0.07295306545911863,0.8924250011684661,0.907555475638669,387,388
2021-03-31,negative,-0.022569819005384743,-0.026270518172322913,-0.00370069916693817,0.022569819005384743,0.026270518172322913,0.10442648345118148,0.09583191448163506,387,387
2021-04-01,positive,0.04951616128528572,0.06420662049075886,0.014690459205473134,0.04951616128528572,0.06420662049075886,0.88786636357866,0.9122879574089943,389,389
2021-04-01,negative,-0.013561070998450647,-0.021292131109677568,-0.0077310601112269214,0.013561070998450647,0.021292131109677568,0.10793022941326205,0.0921929052016884,388,389
2021-04-05,positive,0.03489518371350341,0.05033639942687363,0.015441215713370218,0.03489518371350341,0.05033639942687363,0.8892653807781842,0.9107346192218158,388,388
2021-04-05,negative,-0.030843278996394687,-0.03687039850319432,-0.006027119506799631,0.030843278996394687,0.03687039850319432,0.10440476785863133,0.09586431659461257,387,388
2021-04-06,positive,0.025987527255108587,0.03860076411814484,0.01261323686303625,0.025987527255108587,0.03860076411814484,0.8913992054730496,0.9087563155222846,386,386
2021-04-06,negative,-0.031789852033236116,-0.036906690223739186,-0.00511683819050307,0.031789852033236116,0.036906690223739186,0.10322083308086419,0.09689105740846689,385,386
2021-04-07,positive,0.013351394600381363,0.021235630578696967,0.007884235978315604,0.013351394600381363,0.021235630578696967,0.8863511423573825,0.9137008597227008,385,385
2021-04-07,negative,-0.0451302807537372,-0.05360470403636784,-0.008474423282630643,0.0451302807537372,0.05360470403636784,0.10748789326573065,0.0927392939873439,384,385
2021-04-08,positive,0.03578884796719364,0.04902159049536311,0.013232742528169465,0.03578884796719364,0.04902159049536311,0.8907626538179929,0.9094451923758237,385,385
2021-04-08,negative,-0.02039787226646259,-0.023007286626878592,-0.0026094143604160035,0.02039787226646259,0.023007286626878592,0.10268731867584653,0.09737155543858583,384,385
2021-04-09,positive,0.02110282098451084,0.03229322401231155,0.011190403027800711,0.02110282098451084,0.03229322401231155,0.8842808867763379,0.9158230903486946,385,385
2021-04-09,negative,-0.03198562755812705,-0.038065016670198855,-0.006079389112071808,0.03198562755812705,0.038065016670198855,0.1045142724850533,0.09565321603273254,384,385
2021-04-12,positive,0.017337214984326717,0.028743004049505257,0.01140578906517854,0.017337214984326717,0.028743004049505257,0.8832643077938837,0.9168924320180286,383,383
2021-04-12,negative,-0.05459568219561707,-0.06733116137606286,-0.012735479180445791,0.05459568219561707,0.06733116137606286,0.10967444347792787,0.09045517295944955,382,383
2021-04-13,positive,0.028134631676961584,0.041985923020484116,0.013851291343522532,0.028134631676961584,0.041985923020484116,0.8892294911477713,0.9108229197536962,382,382
2021-04-13,negative,-0.031837334176342644,-0.04025033502742268,-0.008413000851080037,0.031837334176342644,0.04025033502742268,0.10806859637828288,0.09216189480500948,381,382
2021-04-14,positive,0.034252868536625646,0.04430638403002853,0.010053515493402887,0.034252868536625646,0.04430638403002853,0.8870802383962235,0.9129907346873748,381,382
2021-04-14,negative,-0.025352685468843096,-0.03636835592987275,-0.011015670461029657,0.025352685468843096,0.03636835592987275,0.10957523279159885,0.09058216489990169,381,381
2021-04-15,positive,0.027846806593811734,0.03615658150295234,0.008309774909140605,0.027846806593811734,0.03615658150295234,0.888865118597599,0.9111582046719299,380,381
2021-04-15,negative,-0.037994633907919746,-0.051323650742910745,-0.013329016834990999,0.037994633907919746,0.051323650742910745,0.11095937357205167,0.0892510973566513,380,380
2021-04-16,positive,0.023912734143123983,0.03356763918691093,0.009654905043786945,0.023912734143123983,0.03356763918691093,0.8895119604423687,0.9105936640625164,379,379
2021-04-16,negative,-0.035568465878238954,-0.043768574576279515,-0.00820010869804056,0.035568465878238954,0.043768574576279515,0.10945513962413883,0.09072803571167296,378,379
2021-04-19,positive,0.013693300950953533,0.02311591630983976,0.009422615358886229,0.013693300950953533,0.02311591630983976,0.8903652613308698,0.9096093171950692,378,379
2021-04-19,negative,-0.04743471528090334,-0.05586540249581788,-0.008430687214914544,0.04743471528090334,0.05586540249581788,0.11002841465804429,0.09023613560650598,378,378
2021-04-20,positive,0.013236721689397638,0.019507174258311392,0.006270452568913754,0.013236721689397638,0.019507174258311392,0.8911092466336957,0.9091052880941134,373,373
2021-04-20,negative,-0.05533803176363825,-0.060966594959783287,-0.005628563196145034,0.05533803176363825,0.060966594959783287,0.10451539373177969,0.0955502736683785,372,373
2021-04-21,positive,0.06167338654519496,0.07926854606240744,0.017595159517212473,0.06167338654519496,0.07926854606240744,0.8893621977443659,0.9108523369834434,373,373
2021-04-21,negative,-0.0034941845754587835,-0.008767925183538756,-0.0052737406080799725,0.005209460215856848,0.009997951150317833,0.11200212227902778,0.088083616779434,372,373
2021-04-22,positive,0.027891261325078975,0.038760762899485206,0.010869501574406231,0.027891261325078975,0.038760762899485206,0.8919485086614857,0.9080514913385144,372,372
2021-04-22,negative,-0.02660011095101197,-0.03180069033751699,-0.005200579386505023,0.02660011095101197,0.03180069033751699,0.10730955222689392,0.09297891431135039,371,372
2021-04-23,positive,0.04906695239621303,0.05988238312620276,0.01081543072998973,0.04906695239621303,0.05988238312620276,0.8943540117685618,0.9058616797925059,371,371
2021-04-23,negative,-0.01242436732491075,-0.0162188882748747,-0.0037945209499639504,0.01242436732491075,0.0162188882748747,0.10277014034765451,0.09406035670361247,364,365
2021-04-26,positive,0.056250234180256375,0.06898610919318285,0.012735875012926473,0.056250234180256375,0.06898610919318285,0.8926891338152017,0.907364832725543,371,371
2021-04-26,negative,-0.014104049404280682,-0.018922977989154165,-0.004818928584873483,0.014104049404280682,0.018922977989154165,0.10904085412989893,0.09119908998738842,370,371
2021-04-27,positive,0.02571073795189688,0.03968876674466939,0.013978028792772507,0.02571073795189688,0.03968876674466939,0.8866034963166533,0.9137757019498688,369,369
2021-04-27,negative,-0.02722089914667081,-0.0328629146066729,-0.005642015460002089,0.02722089914667081,0.0328629146066729,0.10519228567150243,0.09497022787129279,369,369
2021-04-28,positive,0.03494916136186167,0.052895843776352716,0.017946682414491044,0.03494916136186167,0.052895843776352716,0.8852884872294009,0.9147799478785394,369,370
2021-04-28,negative,-0.020236712178734087,-0.028164448293078258,-0.00792773611434417,0.020236712178734087,0.028164448293078258,0.10960598907180838,0.09055652447098686,369,369
2021-04-29,positive,0.022921883750029147,0.03816113614188068,0.015239252391851532,0.022921883750029147,0.03816113614188068,0.8800948876697438,0.9198513147293635,369,370
2021-04-29,negative,-0.03524164852845869,-0.05233009000806608,-0.01708844147960739,0.03524164852845869,0.05233009000806608,0.11093374754885758,0.08933725516116948,369,369
2021-04-30,positive,0.01717715528535376,0.026435277463685302,0.009258122178331541,0.01717715528535376,0.026435277463685302,0.893941332251087,0.9061129271086525,369,369
2021-04-30,negative,-0.038652208121559936,-0.04651199131413749,-0.007859783192577553,0.038652208121559936,0.04651199131413749,0.10836464059071929,0.09187477116225315,368,369
2021-05-03,positive,0.03920565807647703,0.057266035151667914,0.018060377075190884,0.03920565807647703,0.057266035151667914,0.8888770773537437,0.911147038664084,368,369
2021-05-03,negative,-0.03746639497004302,-0.040366739338320246,-0.0029003443682772273,0.03746639497004302,0.040366739338320246,0.09950517049950981,0.10071216174716228,368,368
2021-05-04,positive,0.017217500520929716,0.03468971299966074,0.017472212478731024,0.017217500520929716,0.03468971299966074,0.884470636523629,0.9155415379201334,368,369
2021-05-04,negative,-0.0535553680410443,-0.06066586046990518,-0.00711049242886088,0.0535553680410443,0.06066586046990518,0.10574682860281351,0.0944705036438586,368,368
2021-05-05,positive,0.02591939204487389,0.049201248557735645,0.023281856512861757,0.02591939204487389,0.049201248557735645,0.8789688993234612,0.9210855076406301,368,368
2021-05-05,negative,-0.03677477860477787,-0.05082781383148102,-0.014053035226703155,0.03677477860477787,0.05082781383148102,0.10902036332585176,0.09122148069735535,367,368
2021-05-06,positive,0.02528678341542056,0.04824676450407359,0.022959981088653034,0.02528678341542056,0.04824676450407359,0.876977371638496,0.923131709354141,367,367
2021-05-06,negative,-0.053981547166393126,-0.0681559719483325,-0.01417442478193938,0.053981547166393126,0.0681559719483325,0.10765153987491449,0.09253270757897411,366,367
2021-05-07,positive,0.04612505298566694,0.06487601394515854,0.018750960959491608,0.04612505298566694,0.06487601394515854,0.8852201072196112,0.9148483282768731,368,369
2021-05-07,negative,-0.014481636252536696,-0.028100665869131475,-0.01361902961659478,0.014481636252536696,0.028100665869131475,0.11595150024797486,0.08421145466783175,368,368
2021-05-10,positive,0.012303957130988018,0.028447812620168968,0.01614385548918095,0.012303957130988018,0.028447812620168968,0.8830844627317078,0.917087021608956,367,368
2021-05-10,negative,-0.06932738830418049,-0.0816626238601084,-0.012335235555927915,0.06932738830418049,0.0816626238601084,0.10829134399024591,0.09176309259113676,367,367
2021-05-11,positive,0.03473685704840148,0.04835028885037829,0.013613431801976807,0.03473685704840148,0.04835028885037829,0.8905349615048531,0.9095478773907782,368,369
2021-05-11,negative,-0.033795922949181774,-0.044777526182452024,-0.01098160323327025,0.033795922949181774,0.044777526182452024,0.10985249923245874,0.09031045568334788,368,368
2021-05-12,positive,0.0073028751098209565,0.024815695894211807,0.01751282078439085,0.009526767568243555,0.026309013444107278,0.8870768433057187,0.9131406070884102,368,368
2021-05-12,negative,-0.06439593033478584,-0.07584398533330976,-0.011448054998523916,0.06439593033478584,0.07584398533330976,0.11004204584085386,0.0900395310634979,367,368
2021-05-13,positive,0.03925009706159864,0.050862005911473294,0.011611908849874654,0.03925009706159864,0.050862005911473294,0.8851348357750473,0.914824879227053,368,369
2021-05-13,negative,-0.04479225017800653,-0.06326223528856371,-0.018469985110557183,0.04479225017800653,0.06326223528856371,0.11359212547258979,0.08667961365784499,368,368
2021-05-14,positive,0.06554677799442962,0.08259798225320597,0.017051204258776348,0.06554677799442962,0.08259798225320597,0.8889900849754864,0.9112261896933429,370,370
2021-05-14,negative,-0.003527963087039785,-0.012957331028245672,-0.009429367941205887,0.005419380856818358,0.014367324003490828,0.11298922802691125,0.08709987359622397,369,370
2021-05-17,positive,0.040375259853890476,0.056338132404837996,0.01596287255094752,0.040375259853890476,0.056338132404837996,0.8902255172514492,0.9098560405171825,370,371
2021-05-17,negative,-0.023852415713271468,-0.02863815828325365,-0.004785742569982182,0.023852415713271468,0.02863815828325365,0.10870749193277557,0.09145458262151941,370,370
2021-05-18,positive,0.03876792931758482,0.05543980043452012,0.0166718711169353,0.03876792931758482,0.05543980043452012,0.8903530350520588,0.9098626565090089,371,371
2021-05-18,negative,-0.02719159986617714,-0.03374767711200467,-0.006556077245827532,0.02719159986617714,0.03374767711200467,0.10765850779331503,0.09241598530274214,370,371
2021-05-19,positive,0.019366599157639216,0.03048894197440599,0.011122342816766773,0.019366599157639216,0.03048894197440599,0.8898211262102201,0.9101788737897798,372,372
2021-05-19,negative,-0.03869273587049891,-0.041356788836767785,-0.0026640529662688775,0.03869273587049891,0.041356788836767785,0.1032022143782219,0.09707521092924647,371,372
2021-05-20,positive,0.0424693989401013,0.05703220521431946,0.01456280627421816,0.0424693989401013,0.05703220521431946,0.8912031413582283,0.9089582357262258,372,372
2021-05-20,negative,-0.013553402247386517,-0.024886297269750758,-0.011332895022364241,0.013553402247386517,0.024886297269750758,0.11329563034933136,0.08684755071231498,371,372
2021-05-21,positive,0.02866813688684388,0.0438332693444425,0.015165132457598623,0.02866813688684388,0.0438332693444425,0.8882356893308251,0.911786447904906,372,373
2021-05-21,negative,-0.02112744546912104,-0.024598185133885984,-0.003470739664764945,0.02112744546912104,0.024598185133885984,0.10275810352749433,0.09745689244133124,372,372
2021-05-24,positive,0.029109598175414843,0.039269081242037714,0.01015948306662287,0.029109598175414843,0.039269081242037714,0.8878972215470444,0.9121565997661956,372,372
2021-05-24,negative,-0.02888454860389657,-0.0356854085615739,-0.006800859957677329,0.02888454860389657,0.0356854085615739,0.10334236158057675,0.09688161915344282,371,372
2021-05-25,positive,0.0156079076196421,0.02904892800823987,0.013441020388597768,0.0156079076196421,0.02904892800823987,0.8902734808242369,0.909915993782492,370,371
2021-05-25,negative,-0.03921545710997494,-0.04503771755433335,-0.005822260444358407,0.03921545710997494,0.04503771755433335,0.10455241959021656,0.09550157609012899,370,370
2021-05-26,positive,0.047743389513490615,0.0676988218222762,0.019955432308785583,0.047743389513490615,0.0676988218222762,0.8840719478362998,0.9160356658306357,372,372
2021-05-26,negative,-0.008534043370648805,-0.014593888635405677,-0.006059845264756872,0.008534043370648805,0.014593888635405677,0.11185186152064493,0.0883412018595179,371,372
2021-05-27,positive,0.04086983397439072,0.052974857463621926,0.012105023489231204,0.04086983397439072,0.052974857463621926,0.8889654256164096,0.911165935396157,372,373
2021-05-27,negative,-0.016360155025918092,-0.020480258506184994,-0.004120103480266903,0.016360155025918092,0.020480258506184994,0.10331772272909753,0.09678971750727099,372,372
2021-05-28,positive,0.02023466019457981,0.04091310045979092,0.020678440265211113,0.02023466019457981,0.04091310045979092,0.8805981422429328,0.9195091826832815,373,373
2021-05-28,negative,-0.024411386902903107,-0.03409561740079472,-0.009684230497891612,0.024411386902903107,0.03409561740079472,0.10914649275412493,0.09103880026270147,372,373
2021-06-01,positive,0.04527928810057642,0.0666822957266718,0.02140300762609537,0.04527928810057642,0.0666822957266718,0.8855724144270828,0.9145495228995332,373,374
2021-06-01,negative,-0.019669319490517354,-0.02886993566741114,-0.009200616176893786,0.019669319490517354,0.02886993566741114,0.11059286459653735,0.08951428782778621,373,373
2021-06-02,positive,0.032420302024985886,0.06949685028639646,0.037076548261410575,0.032420302024985886,0.06949685028639646,0.8807998332482804,0.9191488294074637,373,374
2021-06-02,negative,-0.027906457894239046,-0.03738451550631402,-0.009478057612074972,0.027906457894239046,0.03738451550631402,0.10991633663722156,0.09035175987752372,373,373
2021-06-03,positive,0.01910061788869095,0.038036541639394704,0.018935923750703753,0.01910061788869095,0.038036541639394704,0.8816465607072106,0.9184069724833676,374,374
2021-06-03,negative,-0.03505921891681254,-0.045910463699200876,-0.010851244782388338,0.03505921891681254,0.045910463699200876,0.11051338760326308,0.08972856954734394,373,374
2021-06-04,positive,0.02910972737787232,0.048897390175737694,0.019787662797865375,0.02910972737787232,0.048897390175737694,0.8842928565074284,0.9158138955608932,375,375
2021-06-04,negative,-0.022143864325688913,-0.029802986740654683,-0.007659122414965771,0.022143864325688913,0.029802986740654683,0.1068020191554313,0.09337603416066187,374,375
2021-06-07,positive,0.05145512081163038,0.07756014946712317,0.026105028655492787,0.05145512081163038,0.07756014946712317,0.8843984707282471,0.915720010686615,374,375
2021-06-07,negative,-0.0181682475609385,-0.027281636105215366,-0.009113388544276867,0.0181682475609385,0.027281636105215366,0.11345349107996247,0.08665337507018447,374,374
2021-06-08,positive,0.03899691096187388,0.06812227160780776,0.02912536064593388,0.03899691096187388,0.06812227160780776,0.8809849188416458,0.9191221188891544,374,374
2021-06-08,negative,-0.01770316340437019,-0.023660445598803002,-0.005957282194432811,0.01770316340437019,0.023660445598803002,0.10561115889865921,0.09456418614834458,373,374
2021-06-09,positive,0.02132781830875112,0.054223137005974205,0.032895318697223085,0.02132781830875112,0.054223137005974205,0.8811976654759253,0.9187520609023526,373,374
2021-06-09,negative,-0.033868404998917086,-0.0418420880607208,-0.007973683061803717,0.033868404998917086,0.0418420880607208,0.10928742390155899,0.09098067261318633,373,373
2021-06-10,positive,0.026951114504715087,0.04354414086908384,0.016593026364368754,0.026951114504715087,0.04354414086908384,0.8848656818468071,0.9151343181531928,373,373
2021-06-10,negative,-0.034346837787178015,-0.04857243730222047,-0.014225599515042452,0.034346837787178015,0.04857243730222047,0.11131702388684421,0.08898141317451465,372,373
2021-06-11,positive,0.03125213170681508,0.04679512700958635,0.01554299530277127,0.03125213170681508,0.04679512700958635,0.8862931225794443,0.9137068774205556,374,374
2021-06-11,negative,-0.017967873401748376,-0.029908197462922458,-0.011940324061174082,0.017967873401748376,0.029908197462922458,0.11103610151060002,0.08926078646135345,373,374
2021-06-14,positive,0.02550093615158435,0.04857991121197219,0.023078975060387842,0.02550093615158435,0.04857991121197219,0.8817125901108891,0.9182874098891108,374,374
2021-06-14,negative,-0.0325193497356864,-0.0384048592905713,-0.005885509554884906,0.0325193497356864,0.0384048592905713,0.10605316709196033,0.09423039752593261,373,374
2021-06-15,positive,0.01986621770588332,0.032277400819894865,0.012411183114011546,0.01986621770588332,0.032277400819894865,0.887740570219337,0.9122267379679145,374,375
2021-06-15,negative,-0.04370145908289439,-0.05135766620720107,-0.007656207124306681,0.04370145908289439,0.05135766620720107,0.1052718121764992,0.0949955675026452,374,374
2021-06-16,positive,0.02443749870474288,0.03696716222105688,0.012529663516313998,0.02443749870474288,0.03696716222105688,0.8878170042614975,0.9122572599323,374,375
2021-06-16,negative,-0.0257803491846038,-0.03218940852463464,-0.0064090593400308385,0.0257803491846038,0.03218940852463464,0.11194434043964022,0.08821600162342767,374,374
2021-06-17,positive,0.0252952707756612,0.03712081049882588,0.01182553972316468,0.0252952707756612,0.03712081049882588,0.8885340822166191,0.911465917783381,376,376
2021-06-17,negative,-0.04600906276608007,-0.05662551174734588,-0.010616448981265812,0.04600906276608007,0.05662551174734588,0.11636466932978251,0.08394481117375414,375,376
2021-06-18,positive,0.013154009197287956,0.023792171225921838,0.010638162028633881,0.013156226231803049,0.023800671759846292,0.8869528774332277,0.9130125148146059,376,377
2021-06-18,negative,-0.051686455221879424,-0.05163966671273036,4.6788509149062185e-05,0.051686455221879424,0.05163966671273036,0.10171528406518786,0.09855067338162064,376,376
2021-06-21,positive,0.04484665774683637,0.05967811955816264,0.014831461811326274,0.04484665774683637,0.05967811955816264,0.892165306802681,0.9079935073847198,378,378
2021-06-21,negative,-0.022535642155325226,-0.027584069445229203,-0.005048427289903977,0.022535642155325226,0.027584069445229203,0.10361010906364224,0.0965051775665857,377,378
2021-06-22,positive,0.024801500717236052,0.0419841027182006,0.017182602000964546,0.024801500717236052,0.0419841027182006,0.8887039739520828,0.9113488522497133,379,379
2021-06-22,negative,-0.023113417220852226,-0.03170788826003183,-0.008594471039179607,0.023113417220852226,0.03170788826003183,0.1105252014523013,0.08971359556873189,378,379
2021-06-23,positive,0.03536474332664608,0.04423786884009313,0.008873125513447044,0.03536474332664608,0.04423786884009313,0.89190731907526,0.9080926809247398,381,381
2021-06-23,negative,-0.01680933114237164,-0.023038256695961476,-0.006228925553589837,0.01680933114237164,0.023038256695961476,0.10701777439656962,0.093263112150403,380,381
2021-06-24,positive,0.03812926968126521,0.05400139783434605,0.01587212815308084,0.03812926968126521,0.05400139783434605,0.8859765261821244,0.9141806241583681,382,382
2021-06-24,negative,-0.012257697856516942,-0.01892917731901963,-0.0066714794625026864,0.012257697856516942,0.01892917731901963,0.10785868568419518,0.09226651655563753,381,382
2021-06-25,positive,0.03022338965655876,0.039815721625557944,0.009592331968999186,0.03022338965655876,0.039815721625557944,0.8900801032921648,0.9099721706231515,383,383
2021-06-25,negative,-0.030254447870643828,-0.030721306335468556,-0.00046685846482472787,0.030254447870643828,0.030721306335468556,0.10129063202174157,0.09892156046508771,382,383
2021-06-28,positive,0.027359757603019296,0.04652675255888845,0.01916699495586915,0.027359757603019296,0.04652675255888845,0.8858328492472086,0.914181968850674,394,395
2021-06-28,negative,-0.03941221305551588,-0.047031394583867264,-0.007619181528351386,0.03941221305551588,0.047031394583867264,0.10952282203104934,0.09068017213286844,394,394
2021-06-29,positive,0.01668368283733113,0.04403899548778617,0.02735531265045504,0.01668368283733113,0.04403899548778617,0.8851443910498039,0.9150587061829962,394,394
2021-06-29,negative,-0.03466922972320755,-0.04015635284004383,-0.00548712311683628,0.03466922972320755,0.04015635284004383,0.10365096991202352,0.0964090063828718,393,394
2021-06-30,positive,0.026299384390486912,0.04616451207944981,0.0198651276889629,0.026299384390486912,0.04616451207944981,0.8878948773125974,0.9122067228906032,394,394
2021-06-30,negative,-0.029383501605827117,-0.04090630049003492,-0.011522798884207805,0.029383501605827117,0.04090630049003492,0.10763740102543819,0.09253419014452242,393,394
2021-07-01,positive,0.0320090281391961,0.045137803995169326,0.013128775855973225,0.0320090281391961,0.045137803995169326,0.8900841213371032,0.910042430375089,395,396
2021-07-01,negative,-0.025554263066198655,-0.03293382819344736,-0.007379565127248706,0.025554263066198655,0.03293382819344736,0.10492783881493627,0.09517335015546596,395,395
2021-07-02,positive,0.014398736079837625,0.031079873918470148,0.016681137838632523,0.014398736079837625,0.031079873918470148,0.8870654644181671,0.913137118514221,395,395
2021-07-02,negative,-0.03384393224711114,-0.04537310567558925,-0.01152917342847811,0.03384393224711114,0.04537310567558925,0.11187661722494803,0.08820403178500566,394,395
2021-07-06,positive,0.01634408482249502,0.03259779287990415,0.01625370805740913,0.01634408482249502,0.03259779287990415,0.8902921679067287,0.9097845981927825,394,395
2021-07-06,negative,-0.046251842937390826,-0.0488479038227896,-0.0025960608853987724,0.046251842937390826,0.0488479038227896,0.09937076183338613,0.10078144516813593,394,394
2021-07-07,positive,0.016646193682126317,0.030740217199970263,0.014094023517843945,0.016646193682126317,0.030740217199970263,0.8911702244753931,0.9088073649268287,393,394
2021-07-07,negative,-0.049011210482998724,-0.053151505332782574,-0.00414029484978385,0.049011210482998724,0.053151505332782574,0.10348917765734968,0.09676527526885899,393,393
2021-07-08,positive,0.01843821081625617,0.03307239810777809,0.014634187291521918,0.01843821081625617,0.03307239810777809,0.8981721528014133,0.9018278471985868,393,393
2021-07-08,negative,-0.03420713890250966,-0.036937026694572654,-0.002729887792062992,0.03420713890250966,0.036937026694572654,0.10480696737293643,0.09545971702241454,392,393
2021-07-09,positive,0.048341493184643924,0.06542049892803349,0.017079005743389566,0.048341493184643924,0.06542049892803349,0.891725179726352,0.9082538713615628,394,395
2021-07-09,negative,-0.00796708148600863,-0.01101385757571544,-0.0030467760897068107,0.009122223921237778,0.012529600072498004,0.09747610090442939,0.10277770620216961,394,394
2021-07-12,positive,0.023836015770317343,0.04682197883762724,0.022985963067309895,0.023836015770317343,0.04682197883762724,0.889136952716342,0.9110154088885337,394,394
2021-07-12,negative,-0.03023191872542729,-0.03305743936233883,-0.0028255206369115354,0.03023191872542729,0.03305743936233883,0.10268577712818404,0.0974224850667581,393,394
2021-07-13,positive,0.00670308945885671,0.01765323726956329,0.01095014781070658,0.007395968734965934,0.01821956420009836,0.889723029803641,0.9104297196871939,393,393
2021-07-13,negative,-0.046999123358511544,-0.05599736921271207,-0.008998245854200525,0.046999123358511544,0.05599736921271207,0.1071590932707095,0.09296082668698144,392,393
2021-07-14,positive,0.010483800771924064,0.02105961657283131,0.010575815800907246,0.010483800771924064,0.02105961657283131,0.8871098630778842,0.9128573375915253,392,393
2021-07-14,negative,-0.05582841546303537,-0.06343304233537365,-0.007604626872338281,0.05582841546303537,0.06343304233537365,0.10777345376926281,0.0924816482715535,392,392
2021-07-15,positive,0.019030838703895235,0.02837179549312876,0.009340956789233523,0.019030838703895235,0.02837179549312876,0.8929229269824241,0.9070590192598778,391,392
2021-07-15,negative,-0.038038809841077506,-0.04155779952541834,-0.003518989684340834,0.038038809841077506,0.04155779952541834,0.10573190913193921,0.09452384534376412,391,391
2021-07-16,positive,0.016191804703942457,0.021194013485802805,0.005002208781860348,0.016191804703942457,0.021194013485802805,0.8965599495327841,0.9035336328278107,390,391
2021-07-16,negative,-0.04413307893646501,-0.04998874140985407,-0.005855662473389062,0.04413307893646501,0.04998874140985407,0.10600218165569268,0.09415158564312845,390,390
2021-07-19,positive,0.018881326302160675,0.03418790252305213,0.015306576220891453,0.018881326302160675,0.03418790252305213,0.8949573056791277,0.9052354395728042,388,389
2021-07-19,negative,-0.04865083530157655,-0.05162425649305031,-0.0029734211914737574,0.04865083530157655,0.05162425649305031,0.10544714238695362,0.09460435091891663,388,388
2021-07-20,positive,0.05757329896261959,0.06251954658470402,0.0049462476220844265,0.05757329896261959,0.06251954658470402,0.8967628892522324,0.9034344976027153,388,389
2021-07-20,negative,-0.010539560415289572,-0.009993105918033702,0.0005464544972558702,0.013345321980006819,0.013317771360061632,0.09728883763152026,0.10276265567434997,388,388
2021-07-21,positive,0.05117169576975537,0.06794177958822506,0.016770083818469693,0.05117169576975537,0.06794177958822506,0.8916056087686384,0.9083943912313617,390,390
2021-07-21,negative,-0.01077391069019672,-0.012663427870976513,-0.0018895171807797925,0.010913147532879858,0.012770031194853036,0.1038751810870835,0.09639116553108851,389,390
2021-07-22,positive,0.012731570140607246,0.026683353904894232,0.013951783764286987,0.012731570140607246,0.026683353904894232,0.8859065087856861,0.9140934912143137,389,389
2021-07-22,negative,-0.042670390535154694,-0.04638028372996663,-0.0037098931948119362,0.042670390535154694,0.04638028372996663,0.10147076384189786,0.09879008645075482,388,389
2021-07-23,positive,0.022786333741836032,0.03622441958837481,0.013438085846538775,0.022786333741836032,0.03622441958837481,0.8859220234485548,0.9141295761386486,388,388
2021-07-23,negative,-0.033690673027656326,-0.043128931349131656,-0.00943825832147533,0.033690673027656326,0.043128931349131656,0.10413750023333147,0.0960792957986233,387,388
2021-07-26,positive,0.030073099092382486,0.04551962324420807,0.015446524151825586,0.030073099092382486,0.04551962324420807,0.8883936279575091,0.9116280024825976,388,389
2021-07-26,negative,-0.03178253955071666,-0.04025964790860451,-0.008477108357887848,0.03178253955071666,0.04025964790860451,0.10198508727424382,0.09822104516584897,388,388
2021-07-27,positive,0.020981977042285004,0.02418682016120902,0.0032048431189240154,0.020981977042285004,0.02418682016120902,0.8868979520764888,0.9131557247887823,373,373
2021-07-27,negative,-0.042432810037454395,-0.051594913424168894,-0.009162103386714499,0.042432810037454395,0.051594913424168894,0.10718743326465002,0.09304625564290638,372,373
2021-07-28,positive,0.04975864126094113,0.06243365111213319,0.012675009851192062,0.04975864126094113,0.06243365111213319,0.8916060708487169,0.9084787503619518,372,373
2021-07-28,negative,-0.013814617722599927,-0.019449742052998265,-0.005635124330398337,0.013814617722599927,0.019449742052998265,0.10852898776816718,0.0916322158857823,372,372
2021-07-29,positive,0.03269582140231557,0.047679804419117434,0.014983983016801865,0.03269582140231557,0.047679804419117434,0.8846139385841619,0.9155474385002922,372,372
2021-07-29,negative,-0.02741392023844124,-0.03642535217635939,-0.009011431937918146,0.02741392023844124,0.03642535217635939,0.10512854344494402,0.09499268308201311,371,372
2021-07-30,positive,0.0201245304056137,0.028660922783372338,0.008536392377758637,0.0201245304056137,0.028660922783372338,0.8910013280018679,0.9091901084570918,370,371
2021-07-30,negative,-0.035317752518368016,-0.04305835842458983,-0.0077406059062218105,0.035317752518368016,0.04305835842458983,0.10888338392388068,0.09117061175646489,370,370
2021-08-02,positive,0.029385310982857637,0.04136494461859699,0.01197963363573935,0.029385310982857637,0.04136494461859699,0.8971711932133074,0.9028827733274374,371,371
2021-08-02,negative,-0.026028512700015834,-0.03134904394005204,-0.0053205312400362095,0.026028512700015834,0.03134904394005204,0.10544186928428699,0.09478837406522243,370,371
2021-08-03,positive,0.027943641203204216,0.04311797107195768,0.015174329868753465,0.027943641203204216,0.04311797107195768,0.8870524745524744,0.9130016380016378,370,370
2021-08-03,negative,-0.03448375422858024,-0.04864866966469712,-0.014164915436116879,0.03448375422858024,0.04864866966469712,0.10936125189173969,0.0908802065052065,369,370
2021-08-04,positive,0.01975009447002942,0.04357634724157152,0.0238262527715421,0.01975009447002942,0.04357634724157152,0.8849116146706658,0.9151559848026509,368,369
2021-08-04,negative,-0.04569276778669438,-0.06443867135441525,-0.01874590356772087,0.04569276778669438,0.06443867135441525,0.11498395543537301,0.0851789994804336,368,368
2021-08-05,positive,0.05216574779809305,0.07727796476854869,0.02511221697045564,0.05216574779809305,0.07727796476854869,0.8817569164588674,0.9184605339352613,368,368
2021-08-05,negative,-0.012818399422921413,-0.035090829585106495,-0.02227243016218508,0.012818399422921413,0.035090829585106495,0.12017022751562184,0.07993887162154177,367,368
2021-08-06,positive,0.03395977129061788,0.05579916081589483,0.021839389525276955,0.03395977129061788,0.05579916081589483,0.8819269446909198,0.9180730553090801,368,368
2021-08-06,negative,-0.027299324802901256,-0.04389466073326566,-0.016595335930364403,0.027299324802901256,0.04389466073326566,0.1134401008359747,0.08686816030760129,367,368
2021-08-09,positive,0.03166822303101356,0.04786629221903085,0.016198069188017285,0.03166822303101356,0.04786629221903085,0.8857835457980977,0.9141778225328752,367,368
2021-08-09,negative,-0.02820107790227891,-0.03837607809400138,-0.010175000191722468,0.02820107790227891,0.03837607809400138,0.11345284321659527,0.08681963634743742,367,367
2021-08-10,positive,0.03608001478447088,0.055005405975280544,0.018925391190809666,0.03608001478447088,0.055005405975280544,0.8871462068883949,0.9129082000756965,368,368
2021-08-10,negative,-0.03489523167966019,-0.050328567424526904,-0.015433335744866716,0.03489523167966019,0.050328567424526904,0.11155540170722232,0.08869333100723849,367,368
2021-08-11,positive,0.029142102323479385,0.04286311962491662,0.013721017301437231,0.029142102323479385,0.04286311962491662,0.8845201098784122,0.9155342970856791,368,368
2021-08-11,negative,-0.02848711519772834,-0.04443173491128385,-0.015944619713555507,0.02848711519772834,0.04443173491128385,0.11114512575865841,0.08910249207550741,367,368
2021-08-12,positive,0.02244039811912728,0.04459899544340349,0.02215859732427621,0.02244039811912728,0.04459899544340349,0.8795775147509195,0.9205312695841364,368,368
2021-08-12,negative,-0.03025866959588615,-0.048161300269978134,-0.017902630674091983,0.03025866959588615,0.048161300269978134,0.11480082018053163,0.08540235423490321,367,368
2021-08-13,positive,0.014433155266714128,0.030979369370786554,0.016546214104072428,0.014433155266714128,0.030979369370786554,0.8789070946485666,0.9212019863440704,367,367
2021-08-13,negative,-0.042291260614788544,-0.058649190863122924,-0.01635793024833438,0.042291260614788544,0.058649190863122924,0.11191605532134932,0.08827981206563583,366,367
2021-08-16,positive,0.01366541045022434,0.02297451303391945,0.00930910258369511,0.01366541045022434,0.02297451303391945,0.886461528869399,0.9135560888515153,367,368
2021-08-16,negative,-0.04994987218523121,-0.05976903623962482,-0.009819164054393606,0.04994987218523121,0.05976903623962482,0.10980384588834943,0.09041407838296628,367,367
2021-08-17,positive,0.019301747157860955,0.03614007638575614,0.016838329227895188,0.019301747157860955,0.03614007638575614,0.8950470112665705,0.9051170127902911,366,366
2021-08-17,negative,-0.048287607526886996,-0.054533149926597003,-0.006245542399710008,0.048287607526886996,0.054533149926597003,0.10778140611307924,0.09234905454621506,365,366
2021-08-18,positive,0.02449069004668059,0.03701709910924754,0.01252640906256695,0.02449069004668059,0.03701709910924754,0.8927711476591447,0.9074480904882929,365,365
2021-08-18,negative,-0.030392394974307856,-0.035268529470257826,-0.004876134495949969,0.030392394974307856,0.035268529470257826,0.10921929536618494,0.09086069743258614,364,365
2021-08-19,positive,0.014403520285200968,0.023067357441788148,0.00866383715658718,0.014403520285200968,0.023067357441788148,0.8916571543323398,0.9085626862832139,364,364
2021-08-19,negative,-0.05234397022516912,-0.05754682731874114,-0.005202857093572016,0.05234397022516912,0.05754682731874114,0.10301962895082883,0.09704355139227358,363,364
2021-08-20,positive,0.04475144003491282,0.05426933226257953,0.009517892227666712,0.04475144003491282,0.05426933226257953,0.892372495446266,0.9076067211625795,366,367
2021-08-20,negative,-0.011019856095633376,-0.01661222539316635,-0.0055923692975329755,0.01103718230398482,0.016631301780781763,0.10822516655438282,0.09179730657827943,365,366
2021-08-23,positive,0.059659527980908525,0.08376946095032804,0.024109932969419517,0.059659527980908525,0.08376946095032804,0.8832316788271363,0.9169402055572651,367,368
2021-08-23,negative,-0.009118760381191422,-0.012341514309042163,-0.0032227539278507408,0.009118760381191422,0.012341514309042163,0.10796242540927559,0.09209201117210711,367,367
2021-08-24,positive,0.04481472002387539,0.055969074896664875,0.011154354872789485,0.04481472002387539,0.055969074896664875,0.8912175361136725,0.9089455960233587,368,368
2021-08-24,negative,-0.014211941057476061,-0.018873740970350623,-0.004661799912874562,0.014211941057476061,0.018873740970350623,0.1075301557385915,0.09259891363453673,367,368
2021-08-25,positive,0.03068569265361459,0.04265119383370701,0.01196550118009242,0.03068569265361459,0.04265119383370701,0.8883718877894342,0.9116281122105658,369,369
2021-08-25,negative,-0.01951934226713612,-0.025466038815645627,-0.0059466965485095065,0.01951934226713612,0.025466038815645627,0.10723629874343697,0.0930543145322905,368,369
2021-08-26,positive,0.015861498223133843,0.02896326229733205,0.013101764074198208,0.015861498223133843,0.02896326229733205,0.8892853707729709,0.9110397443719763,369,369
2021-08-26,negative,-0.03341509520385345,-0.03829857821612229,-0.004883483012268847,0.03341509520385345,0.03829857821612229,0.10326994762767999,0.09694679580228475,369,369
2021-08-27,positive,0.054154143575750185,0.07332267003341522,0.019168526457665036,0.054154143575750185,0.07332267003341522,0.8883090014547953,0.9117991943796651,370,370
2021-08-27,negative,-0.0047854030355067,-0.01092616854787279,-0.006140765512366091,0.00694170630176437,0.01259163997556623,0.10920009118944313,0.09098684835768957,369,370
2021-08-30,positive,0.0212521311382077,0.041770860503073944,0.020518729364866244,0.0212521311382077,0.041770860503073944,0.8831846379959625,0.9169324818417882,368,369
2021-08-30,negative,-0.031102871954710037,-0.03812442028322716,-0.007021548328517126,0.031102871954710037,0.03812442028322716,0.10834186745210073,0.09176673966166524,368,368
2021-08-31,positive,0.034456405159173094,0.04628375729550967,0.011827352136336573,0.034456405159173094,0.04628375729550967,0.8936462128021951,0.9064081941618963,368,368
2021-08-31,negative,-0.02253791388006796,-0.030078604974771807,-0.007540691094703848,0.02253791388006796,0.030078604974771807,0.10747080258425665,0.09276683067606568,367,368
2021-09-01,positive,0.03261813383218664,0.046279741978801685,0.013661608146615045,0.03261813383218664,0.046279741978801685,0.8896157991127214,0.9106010618252022,369,369
2021-09-01,negative,-0.0228457720562385,-0.023216562710637326,-0.0003707906543988261,0.0228457720562385,0.023216562710637326,0.10193826829469517,0.0981211262370146,368,369
2021-09-02,positive,0.03531525919365937,0.051291981542675634,0.015976722349016266,0.03531525919365937,0.051291981542675634,0.8864713714851125,0.9139078267814097,369,369
2021-09-02,negative,-0.018704477982998142,-0.02580000918906071,-0.0070955312060625685,0.018704477982998142,0.02580000918906071,0.10467773285533506,0.09548478068746019,369,369
2021-09-03,positive,0.019114087353828215,0.033543233129065105,0.01442914577523689,0.019114087353828215,0.033543233129065105,0.8831241443610444,0.9170469826305211,368,369
2021-09-03,negative,-0.0299040884622359,-0.037826078301271486,-0.007921989839035585,0.0299040884622359,0.037826078301271486,0.10942700219515651,0.09062728662134731,368,368
2021-09-07,positive,0.02174301004438787,0.03776355705314164,0.01602054700875377,0.02174301004438787,0.03776355705314164,0.8859714397080188,0.9140448019530454,368,369
2021-09-07,negative,-0.036577085867907116,-0.04641441011385703,-0.009837324245949915,0.036577085867907116,0.04641441011385703,0.10822319076810412,0.09199414147856795,368,368
2021-09-08,positive,0.015291006047359132,0.026599535382278983,0.011308529334919852,0.015291006047359132,0.026599535382278983,0.8876375332741793,0.9123624667258207,368,368
2021-09-08,negative,-0.04546510238792211,-0.05196259862114553,-0.006497496233223418,0.04546510238792211,0.05196259862114553,0.10569167176407349,0.0945955338657202,367,368
2021-09-09,positive,0.03033798738560785,0.04310602108223752,0.012768033696629665,0.03033798738560785,0.04310602108223752,0.8904736024844719,0.909526397515528,368,368
2021-09-09,negative,-0.02201980367865989,-0.032579862290156913,-0.010560058611497024,0.02201980367865989,0.032579862290156913,0.11137259263378377,0.08893005028098196,367,368
2021-09-10,positive,0.01496519010278444,0.035011093306057665,0.020045903203273225,0.01496519010278444,0.035011093306057665,0.8827618481145214,0.9174087595559869,367,368
2021-09-10,negative,-0.03754022155328396,-0.04359696273815736,-0.006056741184873399,0.03754022155328396,0.04359696273815736,0.10343024626990754,0.09662419031147514,367,367
2021-09-13,positive,0.03205374613565865,0.04873636856296695,0.0166826224273083,0.03205374613565865,0.04873636856296695,0.8841393078970718,0.9158606921029281,368,368
2021-09-13,negative,-0.03223781117544145,-0.04747645392267875,-0.015238642747237297,0.03223781117544145,0.04747645392267875,0.11057331924595451,0.08972715173025732,367,368
2021-09-14,positive,0.011857825875626326,0.023813059876265273,0.011955234000638948,0.011857825875626326,0.023813059876265273,0.8866802299617548,0.9134288510308823,367,367
2021-09-14,negative,-0.04672614312017745,-0.05261887862430762,-0.005892735504130171,0.04672614312017745,0.05261887862430762,0.1043791100958035,0.0957962206556897,366,367
2021-09-15,positive,0.036631226401750136,0.05556764880373608,0.018936422401985946,0.036631226401750136,0.05556764880373608,0.8827655377521068,0.9173507617277666,367,368
2021-09-15,negative,-0.017375489920735794,-0.0242003353420622,-0.006824845421326407,0.017375489920735794,0.0242003353420622,0.104864943460305,0.09524395934394221,367,367
2021-09-16,positive,0.028124212834813204,0.04396507836881211,0.015840865533998907,0.028124212834813204,0.04396507836881211,0.8862582918494519,0.9138504924856039,368,368
2021-09-16,negative,-0.02545681442261831,-0.03262772457148731,-0.007170910148869003,0.02545681442261831,0.03262772457148731,0.10798957211741891,0.09219509347175746,367,368
2021-09-17,positive,0.039464727898946846,0.047431968874449865,0.007967240975503019,0.039464727898946846,0.047431968874449865,0.9005864931707375,0.8995777861661322,368,369
2021-09-17,negative,-0.03353978255098524,-0.04173258473987577,-0.008192802188890527,0.03353978255098524,0.04173258473987577,0.10934862293262818,0.09075998418113777,368,368
2021-09-20,positive,0.00489159877468805,0.009169727406775166,0.004278128632087116,0.006666067207239499,0.0107043008094325,0.8966381040072265,0.9035775875538411,371,371
2021-09-20,negative,-0.06703271421770553,-0.07440678620639973,-0.007374071988694206,0.06703271421770553,0.07440678620639973,0.10485123840475687,0.09521568792744972,370,371
2021-09-21,positive,0.032209651301451155,0.049982163621626156,0.017772512320175002,0.032209651301451155,0.049982163621626156,0.8894744906893935,0.9107128303051121,370,371
2021-09-21,negative,-0.021266914759765575,-0.027632025319538275,-0.006365110559772701,0.021266914759765575,0.027632025319538275,0.1104813641935672,0.08957263148677837,370,370
2021-09-22,positive,0.039783846367882826,0.054586361934614386,0.01480251556673156,0.039783846367882826,0.054586361934614386,0.8894325532931012,0.9105674467068988,372,372
2021-09-22,negative,-0.015914905683751684,-0.022401675780292233,-0.006486770096540549,0.015914905683751684,0.022401675780292233,0.10499033204790081,0.0950096679520992,371,371
2021-09-23,positive,0.04827676687693311,0.059407107302441,0.011130340425507895,0.04827676687693311,0.059407107302441,0.890290954322161,0.909762578868417,374,374
2021-09-23,negative,-0.010632327976032807,-0.020792157900860298,-0.010159829924827491,0.010632327976032807,0.020792157900860298,0.11483221571058268,0.08916297133093908,380,381
2021-09-24,positive,0.019020355652169536,0.03220439880903432,0.013184043156864785,0.019020355652169536,0.03220439880903432,0.8866495274934353,0.9133682616056312,374,375
2021-09-24,negative,-0.0363149395250904,-0.04017204312472851,-0.0038571035996381106,0.0363149395250904,0.04017204312472851,0.10550419044923502,0.09470965611585452,374,374
2021-09-27,positive,0.04909814818262446,0.06296715816908019,0.013869009986455731,0.04909814818262446,0.06296715816908019,0.887030367607885,0.9131479613235244,375,376
2021-09-27,negative,-0.022691909420556176,-0.027077227098697344,-0.004385317678141168,0.022691909420556176,0.027077227098697344,0.1071383413248091,0.09291493518025216,375,375
2021-09-28,positive,0.006871130418575949,0.01590390113432742,0.009032770715751471,0.007721296939313184,0.01659841134781046,0.8906327724014741,0.9095546388091004,376,377
2021-09-28,negative,-0.0553864327744625,-0.05973459297084413,-0.00434816019638163,0.0553864327744625,0.05973459297084413,0.10660731849322812,0.09344581646957742,376,376
2021-09-29,positive,0.018876464882472545,0.031268162435519165,0.012391697553046619,0.018876464882472545,0.031268162435519165,0.8842706884070266,0.9157937746866966,376,377
2021-09-29,negative,-0.04485645849887117,-0.04774915448255008,-0.00289269598367891,0.04485645849887117,0.04774915448255008,0.10490579083104279,0.09525369880213105,376,376
2021-09-30,positive,0.02840387239106906,0.03703666569419806,0.008632793303128997,0.02840387239106906,0.03703666569419806,0.8942391613361762,0.9058519853241391,375,376
2021-09-30,negative,-0.0357786928438275,-0.046686459577792924,-0.010907766733965422,0.0357786928438275,0.046686459577792924,0.11250248756218906,0.08765742714996447,375,375
2021-10-01,positive,0.04335571792203242,0.052030107192527056,0.008674389270494638,0.04335571792203242,0.052030107192527056,0.8866581242213918,0.9133952660615768,375,375
2021-10-01,negative,-0.022713652091779914,-0.030380669102854085,-0.007667017011074171,0.022713652091779914,0.030380669102854085,0.10124774804354592,0.09896885566826838,374,375
2021-10-04,positive,0.01642174463881024,0.030341457524018598,0.013919712885208359,0.01642174463881024,0.030341457524018598,0.8864752532486952,0.9136317844821049,374,374
2021-10-04,negative,-0.05609532639958728,-0.061802673941651946,-0.0057073475420646655,0.05609532639958728,0.061802673941651946,0.10551394969944064,0.09466113542991819,373,374
2021-10-05,positive,0.033434839306948606,0.03892149943248635,0.005486660125537744,0.033434839306948606,0.03892149943248635,0.8961773363345873,0.9039297013962126,374,374
2021-10-05,negative,-0.02398485552372868,-0.03292997011118189,-0.008945114587453212,0.02398485552372868,0.03292997011118189,0.10757184333751105,0.09260874418125437,373,374
2021-10-06,positive,0.020083228157438876,0.03132020855455193,0.011236980397113051,0.020083228157438876,0.03132020855455193,0.8875914234997487,0.9126231112280603,373,373
2021-10-06,negative,-0.03920253878774175,-0.04482203207402908,-0.00561949328628733,0.03920253878774175,0.04482203207402908,0.10566412050853959,0.09440462658807104,372,373
2021-10-07,positive,0.04204490025794387,0.05209597513936117,0.0100510748814173,0.04204490025794387,0.05209597513936117,0.8928232569950028,0.9072840679312113,373,373
2021-10-07,negative,-0.013185048529944149,-0.017396218615789816,-0.004211170085845668,0.013185048529944149,0.017396218615789816,0.10262477243942056,0.09754303607254072,372,373
2021-10-08,positive,0.020205149048160124,0.03384607780582578,0.01364092875766566,0.020205149048160124,0.03384607780582578,0.8869538093628968,0.913172158576604,372,373
2021-10-08,negative,-0.0351584137095069,-0.043578841786647,-0.0084204280771401,0.0351584137095069,0.043578841786647,0.10687379238040774,0.09323364785596076,372,372
2021-10-11,positive,0.02063744275164942,0.03710281235553195,0.01646536960388253,0.02063744275164942,0.03710281235553195,0.8865593566313063,0.9136557549578306,372,372
2021-10-11,negative,-0.03300136736553424,-0.039493015773129365,-0.006491648407595127,0.03300136736553424,0.039493015773129365,0.1074590378394911,0.09261471895266099,371,372
2021-10-12,positive,0.035294970301988665,0.04966485289403976,0.014369882592051096,0.035294970301988665,0.04966485289403976,0.8889040640536477,0.9110661881288018,372,373
2021-10-12,negative,-0.018472974870643186,-0.024981961835246418,-0.006508986964603232,0.018472974870643186,0.024981961835246418,0.10785495432998034,0.09241386287432073,372,372
2021-10-13,positive,0.035819949187268385,0.049702047863689404,0.013882098676421019,0.035819949187268385,0.049702047863689404,0.8877569002675171,0.912317601450977,372,373
2021-10-13,negative,-0.018988085422311483,-0.026805846651836,-0.007817761229524517,0.018988085422311483,0.026805846651836,0.11021866495640567,0.0899425386975438,372,372
2021-10-14,positive,0.03619328693869065,0.04588925452725521,0.009695967588564558,0.03619328693869065,0.04588925452725521,0.887635853855937,0.9123309982991726,372,373
2021-10-14,negative,-0.01713581352844074,-0.022828853007838493,-0.0056930394793977546,0.01713581352844074,0.022828853007838493,0.10367961614059429,0.0965892010637068,372,372
2021-10-15,positive,0.021819822198265018,0.032650300971098875,0.010830478772833857,0.021819822198265018,0.032650300971098875,0.8906489498921262,0.9095124271923279,372,372
2021-10-15,negative,-0.03103885070354722,-0.036286988060951465,-0.005248137357404245,0.03103885070354722,0.036286988060951465,0.10516479166696872,0.09495653230144546,371,372
2021-10-18,positive,0.025312903365508815,0.037110161713875406,0.01179725834836659,0.025312903365508815,0.037110161713875406,0.8886394272268272,0.9114693571082285,368,368
2021-10-18,negative,-0.03107551560343309,-0.038214483532910626,-0.007138967929477536,0.03107551560343309,0.038214483532910626,0.10606620875476766,0.09411323030353193,367,368
2021-10-19,positive,0.03266483587142572,0.048692511127091616,0.016027675255665896,0.03266483587142572,0.048692511127091616,0.8851433680530698,0.915034193805552,366,367
2021-10-19,negative,-0.01737423103015378,-0.027265980285424776,-0.009891749255270997,0.01737423103015378,0.027265980285424776,0.10992607142004915,0.09012851373278925,366,366
2021-10-20,positive,0.03070089235977546,0.043177071884179186,0.012476179524403726,0.03070089235977546,0.043177071884179186,0.8859067468940272,0.9143118920783695,366,366
2021-10-20,negative,-0.019484399236549405,-0.027752203108473667,-0.008267803871924263,0.019484399236549405,0.027752203108473667,0.1112445574245527,0.08884075048125963,365,366
2021-10-21,positive,0.027984150904762507,0.040276755227169114,0.012292604322406607,0.027984150904762507,0.040276755227169114,0.891058401001717,0.9091358074540663,365,366
2021-10-21,negative,-0.026718633522689408,-0.03124214381487092,-0.004523510292181513,0.026718633522689408,0.03124214381487092,0.10401624041208359,0.09603849412540957,365,365
2021-10-22,positive,0.01818967451304421,0.047397056338001085,0.029207381824956875,0.01818967451304421,0.047397056338001085,0.8834615355864037,0.9165384644135962,366,366
2021-10-22,negative,-0.03709719451723547,-0.051651715871423184,-0.014554521354187715,0.03709719451723547,0.051651715871423184,0.11378033468882935,0.0865305405425609,365,366
2021-10-25,positive,0.03762087265243122,0.06191041184778176,0.02428953919535054,0.03762087265243122,0.06191041184778176,0.8885317625752543,0.9115776166973737,366,366
2021-10-25,negative,-0.019815286233680573,-0.02482319304988959,-0.0050079068162090165,0.019815286233680573,0.02482319304988959,0.1042766546424384,0.09589887497739943,365,366
2021-10-26,positive,0.019224954288372575,0.03958969526809759,0.020364740979725012,0.019224954288372575,0.03958969526809759,0.8855726068840822,0.9145516584208682,366,367
2021-10-26,negative,-0.03354003257550725,-0.04819136975071208,-0.01465133717520483,0.03354003257550725,0.04819136975071208,0.11321008042319518,0.08689911968600492,366,366
2021-10-27,positive,0.010181253267604943,0.031937937409469354,0.02175668414186441,0.010181253267604943,0.031937937409469354,0.8811769677868133,0.9156731227005566,373,374
2021-10-27,negative,-0.04773121658097068,-0.06271414746169617,-0.014982930880725484,0.04773121658097068,0.06271414746169617,0.11185682990465069,0.08825207289959652,367,367
2021-10-28,positive,0.04767924459513298,0.07240936093444167,0.02473011633930869,0.04767924459513298,0.07240936093444167,0.8799854583911694,0.9199604482531312,369,370
2021-10-28,negative,-0.0127396453713267,-0.027834403866411738,-0.015094758495085039,0.0127396453713267,0.027834403866411738,0.11204010239548377,0.0842043599994011,361,362
2021-10-29,positive,0.030694004279821805,0.0455297449696263,0.014835740689804495,0.030694004279821805,0.0455297449696263,0.8850575853195473,0.9150509039671356,369,369
2021-10-29,negative,-0.02997777234498147,-0.04282024114850201,-0.012842468803520541,0.02997777234498147,0.04282024114850201,0.11009967453213995,0.09009020928289023,368,369
2021-11-01,positive,0.05777609273929473,0.07936050678054066,0.021584414041245926,0.05777609273929473,0.07936050678054066,0.8848829373992548,0.9151844016280636,369,370
2021-11-01,negative,-0.012362512316237223,-0.016584931988574688,-0.004222419672337465,0.012375034772340542,0.016593714430155372,0.10796947622780671,0.09219303731498854,369,369
2021-11-02,positive,0.029027782789374065,0.05491712128629067,0.025889338496916606,0.029027782789374065,0.05491712128629067,0.8826946676406136,0.9172586872586872,370,371
2021-11-02,negative,-0.03399388574146877,-0.04862785088579684,-0.014633965144328069,0.03399388574146877,0.04862785088579684,0.11429474068663256,0.08597552958363769,370,370
2021-11-03,positive,0.047916204758225424,0.07073616452530983,0.022819959767084404,0.047916204758225424,0.07073616452530983,0.8794599719560305,0.920484812914819,371,372
2021-11-03,negative,-0.01758915961198129,-0.03684066902718954,-0.019251509415208253,0.01758915961198129,0.03684066902718954,0.11200587034386557,0.08826367143511017,371,371
2021-11-04,positive,0.028378992602266125,0.054066325151449574,0.02568733254918345,0.028378992602266125,0.054066325151449574,0.8818259620027351,0.9183891495864016,372,372
2021-11-04,negative,-0.03293199813443358,-0.05387135642070966,-0.020939358286276077,0.03293199813443358,0.05387135642070966,0.11638928529754325,0.08370847753616276,371,372
2021-11-05,positive,0.04356310366999087,0.06983834920191263,0.026275245531921766,0.04356310366999087,0.06983834920191263,0.8784181591328534,0.9216849250258699,372,373
2021-11-05,negative,-0.03329409944721799,-0.0593451811363012,-0.02605108168908321,0.03329409944721799,0.0593451811363012,0.11579068215885559,0.08431675807751293,372,372
2021-11-08,positive,0.0367296706846125,0.0639358059228297,0.027206135238217202,0.0367296706846125,0.0639358059228297,0.8803296035447359,0.9197248396581666,373,374
2021-11-08,negative,-0.02786874009003267,-0.037523461796514807,-0.009654721706482138,0.02786874009003267,0.037523461796514807,0.10930859546735859,0.09085217623682144,373,373
2021-11-09,positive,0.02244516824996602,0.04617078538848066,0.02372561713851464,0.02244516824996602,0.04617078538848066,0.8784422277069337,0.9217136752136751,374,375
2021-11-09,negative,-0.03399437674429444,-0.057740000765258155,-0.023745624020963717,0.03399437674429444,0.057740000765258155,0.11902394990630286,0.08102946889711596,374,374
2021-11-10,positive,0.014460258170832548,0.035011662033505704,0.020551403862673158,0.014460258170832548,0.035011662033505704,0.8784716227018385,0.9216307804819975,375,376
2021-11-10,negative,-0.05386334370103614,-0.07049791567963026,-0.016634571978594123,0.05386334370103614,0.07049791567963026,0.11499777955413447,0.08510880184741096,375,375
2021-11-11,positive,0.03683555590567441,0.06334141960240078,0.02650586369672637,0.03683555590567441,0.06334141960240078,0.8775706411265956,0.9224824656179611,377,377
2021-11-11,negative,-0.022091145319119487,-0.03881127982091872,-0.01672013450179923,0.022091145319119487,0.03881127982091872,0.11506331849357633,0.08518878250322937,376,377
2021-11-12,positive,0.03172142189534545,0.0514831670747817,0.019761745179436248,0.03172142189534545,0.0514831670747817,0.8829671515003791,0.9171387526563592,378,378
2021-11-12,negative,-0.022993745346390548,-0.039591241914046636,-0.01659749656765609,0.022993745346390548,0.039591241914046636,0.11674458487747634,0.08345835907392699,377,378
2021-11-15,positive,0.0237019545861802,0.039808704898577685,0.016106750312397486,0.0237019545861802,0.039808704898577685,0.8842917265838158,0.915878413427433,377,378
2021-11-15,negative,-0.035315527945751775,-0.05179464266436137,-0.0164791147186096,0.035315527945751775,0.05179464266436137,0.11645293288295316,0.08360006128768806,377,377
2021-11-16,positive,0.028019489045533683,0.04654906647062111,0.01852957742508743,0.028019489045533683,0.04654906647062111,0.8873975584710645,0.9126748143197398,378,379
2021-11-16,negative,-0.03550713400077794,-0.04796249173089418,-0.012455357730116239,0.03550713400077794,0.04796249173089418,0.11121183886916304,0.08894680734976874,378,378
2021-11-17,positive,0.015384755579493687,0.029241141153089484,0.013856385573595796,0.015384755579493687,0.029241141153089484,0.8854934210526316,0.914468503937008,380,381
2021-11-17,negative,-0.04350267242579369,-0.05404500806525961,-0.010542335639465918,0.04350267242579369,0.05404500806525961,0.10807617728531856,0.09218698060941828,380,380
2021-11-18,positive,0.014671933220320257,0.03161811762575829,0.01694618440543803,0.014671933220320257,0.03161811762575829,0.8853494331605395,0.9146505668394606,381,381
2021-11-18,negative,-0.05482434915116848,-0.0654848215429887,-0.010660472391820212,0.05482434915116848,0.0654848215429887,0.10983747147105608,0.09045081585563962,380,381
2021-11-19,positive,0.022506592620807956,0.03135371893034225,0.008847126309534294,0.022506592620807956,0.03135371893034225,0.8960552210169094,0.9040912192180215,382,383
2021-11-19,negative,-0.041000519176619225,-0.052128020171357974,-0.011127500994738748,0.041000519176619225,0.052128020171357974,0.11236686738985448,0.08773776248197396,382,382
2021-11-22,positive,0.025152238310203922,0.04295234267716725,0.01780010436696333,0.025152238310203922,0.04295234267716725,0.8866710011222083,0.913346471300898,382,383
2021-11-22,negative,-0.059468014222938764,-0.07307012855724596,-0.013602114334307192,0.059468014222938764,0.07307012855724596,0.10980445622222741,0.09040491305283148,382,382
2021-11-23,positive,0.02667582754888639,0.04835562367961248,0.021679796130726087,0.02667582754888639,0.04835562367961248,0.8887479052115052,0.911431647858243,382,383
2021-11-23,negative,-0.04389357822959393,-0.05265006939595778,-0.008756491166363851,0.04389357822959393,0.05265006939595778,0.10868460973953428,0.09136769151569586,382,382
2021-11-24,positive,0.04028178604445404,0.05451979468950046,0.014238008645046422,0.04028178604445404,0.05451979468950046,0.8909940403490643,0.9091388381598401,383,384
2021-11-24,negative,-0.01760588583743397,-0.030130732633621208,-0.012524846796187237,0.01760588583743397,0.030130732633621208,0.11182025818115188,0.08828409871944819,383,383
2021-11-26,positive,0.008058938246431575,0.025822515784030053,0.01776357753759848,0.010949769586136972,0.02860275299902058,0.8928893463308697,0.9072673934810426,383,383
2021-11-26,negative,-0.060302540647341724,-0.06588967604310751,-0.005587135395765788,0.060302540647341724,0.06588967604310751,0.10978112502530266,0.09034876995397388,382,383
2021-11-29,positive,0.03362597048860703,0.04461997333639153,0.010994002847784505,0.03362597048860703,0.04461997333639153,0.8965174788135594,0.9034825211864407,384,384
2021-11-29,negative,-0.04163841007136635,-0.04464326151864747,-0.0030048514472811177,0.04163841007136635,0.04464326151864747,0.10278049162414345,0.09748716590612777,383,384
2021-11-30,positive,0.015836767582137038,0.03546841340519557,0.01963164582305853,0.015873769149122315,0.03551386994465149,0.8893010351199464,0.9107753512091161,383,384
2021-11-30,negative,-0.052583529653634026,-0.05468764973129581,-0.0021041200776617808,0.052583529653634026,0.05468764973129581,0.09857350768845018,0.10158306851196738,383,383
2021-12-01,positive,0.009701950753361619,0.019302435317850496,0.009600484564488877,0.009766604806738998,0.019357828398188472,0.8868377837557931,0.9132667367563573,383,383
2021-12-01,negative,-0.07753626966110676,-0.07988636762984913,-0.0023500979687423734,0.07753626966110676,0.07988636762984913,0.10360322153013103,0.09656276245257518,382,383
2021-12-02,positive,0.056669906125568804,0.061562950992679145,0.004893044867110341,0.056669906125568804,0.061562950992679145,0.8944365468587071,0.9056155907846716,384,384
2021-12-02,negative,-0.02058587573218275,-0.025779675193878644,-0.005193799461695896,0.020661146398791134,0.025820136792794785,0.10305930895161138,0.09688855340501012,383,383
2021-12-03,positive,0.011402529446703641,0.016522950389758408,0.005120420943054767,0.011402529446703641,0.016522950389758408,0.8902910863051138,0.9097613245963536,382,382
2021-12-03,negative,-0.07081887074959033,-0.07868085973278525,-0.007861988983194929,0.07081887074959033,0.07868085973278525,0.10625656855786109,0.0939691790971056,381,382
2021-12-06,positive,0.054908386873831934,0.06448530392843523,0.009576917054603291,0.054908386873831934,0.06448530392843523,0.8959208166624688,0.904277983840192,381,382
2021-12-06,negative,-0.02359396654442644,-0.03841982468000301,-0.014825858135576572,0.02359396654442644,0.03841982468000301,0.10714221812991782,0.0929102202549799,381,381
2021-12-07,positive,0.07572627814020017,0.08644245296609197,0.010716174825891808,0.07572627814020017,0.08644245296609197,0.8927500469291284,0.9072499530708714,383,383
2021-12-07,negative,-0.00800280756582237,-0.014039626097668921,-0.0060368185318465505,0.008106178916704412,0.014099880731093738,0.10764705882352942,0.0926340039932422,382,383
2021-12-08,positive,0.04386945548911046,0.057825001726015735,0.013955546236905272,0.04386945548911046,0.057825001726015735,0.8922339098364569,0.9077458659704091,383,384
2021-12-08,negative,-0.01552107727710694,-0.024307076807304127,-0.008785999530197187,0.01552107727710694,0.024307076807304127,0.10736796896836164,0.09289312763738249,383,383
2021-12-09,positive,0.006123388243543613,0.020014051868361863,0.01389066362481825,0.00661645319900906,0.02043157709966251,0.8884305545072153,0.9115694454927847,382,382
2021-12-09,negative,-0.057790475669970205,-0.0668110305702548,-0.00902055490028459,0.057790475669970205,0.0668110305702548,0.10719875611878789,0.09308186889722986,381,382
2021-12-10,positive,0.020129011582952033,0.031013715626966244,0.010884704044014211,0.020129011582952033,0.031013715626966244,0.8865365985302461,0.9135856275919757,380,381
2021-12-10,negative,-0.03870352681784995,-0.04696941183911691,-0.008265885021266961,0.03870352681784995,0.04696941183911691,0.10648864469878351,0.09361653542217363,380,380
2021-12-13,positive,0.020688982289596376,0.03517655772886845,0.014487575439272073,0.020688982289596376,0.03517655772886845,0.8905729879874865,0.9095075505218743,379,380
2021-12-13,negative,-0.05353797255085889,-0.06691282012766483,-0.013374847576805945,0.05353797255085889,0.06691282012766483,0.10918173797357024,0.09097648987453101,379,379
2021-12-14,positive,0.017503592094108494,0.02503894964578058,0.007535357551672086,0.017503592094108494,0.02503894964578058,0.8944072420634921,0.9056457240382028,378,378
2021-12-14,negative,-0.0473977438937964,-0.0598564479609447,-0.012458704067148302,0.0473977438937964,0.0598564479609447,0.10719383626309402,0.09303677921262668,377,378
2021-12-15,positive,0.05048250674029155,0.06110361293411755,0.010621106193826002,0.05048250674029155,0.06110361293411755,0.8935288635407467,0.9066295313906155,379,379
2021-12-15,negative,-0.015961586039409142,-0.023634715788222637,-0.007673129748813495,0.015961586039409142,0.023634715788222637,0.10935151662448388,0.09077861487324225,378,379
2021-12-16,positive,0.019800102291863103,0.029852429767127892,0.010052327475264789,0.019800102291863103,0.029852429767127892,0.8892238563471817,0.9109353793216083,377,377
2021-12-16,negative,-0.05589603323970917,-0.06696470783097747,-0.011068674591268299,0.05589603323970917,0.06696470783097747,0.11269417434611735,0.08744551352447245,376,377
2021-12-17,positive,0.0561460742990037,0.06810504406375645,0.011958969764752747,0.0561460742990037,0.06810504406375645,0.8944228852466858,0.9056153266574906,377,378
2021-12-17,negative,-0.031280977968353434,-0.03707469662200406,-0.005793718653650623,0.031280977968353434,0.03707469662200406,0.10898789941667072,0.09122424590287319,377,377
2021-12-20,positive,0.016370171937631756,0.035893692344760905,0.01952352040712915,0.016370171937631756,0.035893692344760905,0.8909115086363764,0.9090645111753292,378,379
2021-12-20,negative,-0.05201014249142553,-0.056170599582086304,-0.004160457090660777,0.05201014249142553,0.056170599582086304,0.10588414378096919,0.09438040648358109,378,378
2021-12-21,positive,0.06540120394822393,0.0772515427430257,0.011850338794801768,0.06540120394822393,0.0772515427430257,0.890476624416454,0.909656292061554,379,380
2021-12-21,negative,-0.006231677358103839,-0.013187791034644153,-0.006956113676540314,0.007727599797602431,0.014416043312689485,0.11117410422059243,0.0889313532009736,379,379
2021-12-22,positive,0.032397952922058146,0.046400984717754196,0.01400303179569605,0.032397952922058146,0.046400984717754196,0.8888542637220586,0.9112219526182208,378,379
2021-12-22,negative,-0.018190196138222106,-0.02602529433560422,-0.007835098197382113,0.018190196138222106,0.02602529433560422,0.10361074037700162,0.09654790584193018,378,378
2021-12-23,positive,0.03924786783952869,0.052837115278404796,0.013589247438876108,0.03924786783952869,0.052837115278404796,0.8893802135099147,0.9106446579928416,377,378
2021-12-23,negative,-0.011541677159691668,-0.019199436230049563,-0.007657759070357895,0.011541677159691668,0.019199436230049563,0.10826515632704425,0.09194698899249966,377,377
2021-12-27,positive,0.03234553537837964,0.04738173702059609,0.015036201642216446,0.03234553537837964,0.04738173702059609,0.8862284320011147,0.9139838258922256,377,377
2021-12-27,negative,-0.03183864896392441,-0.04071677846527477,-0.008878129501350362,0.03183864896392441,0.04071677846527477,0.10718741355853745,0.09288464529496177,376,377
2021-12-28,positive,0.01322902374813192,0.02100491876334504,0.00777589501521312,0.01322902374813192,0.02100491876334504,0.886095821052572,0.9139204046556273,376,377
2021-12-28,negative,-0.03991475880842659,-0.051134579166609566,-0.011219820358182975,0.03991475880842659,0.051134579166609566,0.11385291089400172,0.08635979849179995,376,376
2021-12-29,positive,0.01723853475279933,0.028908738343012177,0.011670203590212848,0.01723853475279933,0.028908738343012177,0.8865817341862118,0.9134890469763643,375,376
2021-12-29,negative,-0.03149689079975561,-0.040146946242633846,-0.008650055442878238,0.03149689079975561,0.040146946242633846,0.1123823738450604,0.08777754086709309,375,375
2021-12-30,positive,0.03831667969183878,0.05037399740634125,0.012057317714502469,0.03831667969183878,0.05037399740634125,0.8870902504850061,0.912909749514994,374,374
2021-12-30,negative,-0.017222608170358065,-0.022923628905961335,-0.00570102073560327,0.017222608170358065,0.022923628905961335,0.11078738546680017,0.0895088374889934,373,374
2021-12-31,positive,0.018245813367897004,0.026354804360306634,0.00810899099240963,0.018245813367897004,0.026354804360306634,0.8864760376922187,0.9134877050361787,372,373
2021-12-31,negative,-0.028299817900187336,-0.03149534058859752,-0.0031955226884101857,0.028299817900187336,0.03149534058859752,0.10689928026361428,0.09336953694068678,372,372
2022-01-03,positive,0.05917056328362005,0.07142231727654759,0.012251753992927536,0.05917056328362005,0.07142231727654759,0.8930077957753966,0.9070805463372136,373,374
2022-01-03,negative,-0.024031746213231366,-0.03153433190796174,-0.007502585694730373,0.024031746213231366,0.03153433190796174,0.10803887255789361,0.09212189914628645,373,373
2022-01-04,positive,0.030704112723065707,0.04215772497017236,0.011453612247106653,0.030704112723065707,0.04215772497017236,0.8834255177501485,0.9165744822498516,373,373
2022-01-04,negative,-0.052209374560115436,-0.06148322981296128,-0.009273855252845846,0.052209374560115436,0.06148322981296128,0.10908060907844411,0.09121183223275817,372,373
2022-01-05,positive,0.003836564364205925,0.009245518868853511,0.005408954504647586,0.005419347229667659,0.010545378547506343,0.8899383177977492,0.910034634669449,371,372
2022-01-05,negative,-0.08300322287996537,-0.08855114237401447,-0.0055479194940491056,0.08300322287996537,0.08855114237401447,0.10485792750706548,0.09541161427191025,371,371
2022-01-06,positive,0.032616532973006,0.0433968057444109,0.010780272771404899,0.032616532973006,0.0433968057444109,0.8888518159904862,0.9113099963072486,371,371
2022-01-06,negative,-0.03568492037458689,-0.046913659459826985,-0.011228739085240094,0.03568492037458689,0.046913659459826985,0.10843173270357738,0.09169872381999145,370,371
2022-01-07,positive,0.023139123218490137,0.03044561751087504,0.007306494292384905,0.023139123218490137,0.03044561751087504,0.8906717033456174,0.9095439882154502,371,371
2022-01-07,negative,-0.04453538356837782,-0.050071007356933206,-0.005535623788555384,0.04453538356837782,0.050071007356933206,0.10623938848527688,0.09383127949135164,370,371
2022-01-10,positive,0.024892414555085694,0.034578209112690154,0.00968579455760446,0.024892414555085694,0.034578209112690154,0.8910449233016801,0.9089309390252787,370,371
2022-01-10,negative,-0.043061201352641576,-0.04993003667226253,-0.0068688353196209515,0.043061201352641576,0.04993003667226253,0.10374762600438274,0.09652264426588751,370,370
2022-01-11,positive,0.049579804443391086,0.06191848778001847,0.012338683336627382,0.049579804443391086,0.06191848778001847,0.8905230620468769,0.9096128395147535,371,372
2022-01-11,negative,-0.015781339999714757,-0.019576092294950814,-0.0037947522952360563,0.015781339999714757,0.019576092294950814,0.10368393123018635,0.0964237983685209,371,371
2022-01-12,positive,0.0195626341079196,0.031593881309430374,0.012031247201510775,0.0195626341079196,0.031593881309430374,0.885082273260105,0.914917726739895,372,372
2022-01-12,negative,-0.0444788329719328,-0.04887523900162891,-0.004396406029696112,0.0444788329719328,0.04887523900162891,0.10506216148563592,0.09522026367964805,371,372
2022-01-13,positive,0.018988228943355737,0.026083187411448577,0.007094958468092841,0.018988228943355737,0.026083187411448577,0.8866496131334014,0.9135121991643333,371,371
2022-01-13,negative,-0.0580201700421672,-0.06748009737181229,-0.009459927329645089,0.0580201700421672,0.06748009737181229,0.11143254905390827,0.08870599592343503,370,371
2022-01-14,positive,0.0339143069350147,0.042353681210873594,0.00843937427585889,0.0339143069350147,0.042353681210873594,0.8946530946530947,0.905401017901018,370,370
2022-01-14,negative,-0.03357229893357781,-0.0394882231296095,-0.005915924196031687,0.03357229893357781,0.0394882231296095,0.10883002498856158,0.09140999765999766,369,370
2022-01-18,positive,0.005360879355273201,0.01541661500364661,0.01005573564837341,0.008056414520893876,0.017446992610839342,0.8912111801242236,0.9087888198757763,368,368
2022-01-18,negative,-0.07517967229886371,-0.07973205153269028,-0.0045523792338265645,0.07517967229886371,0.07973205153269028,0.10415985467756585,0.0961231884057971,367,368
2022-01-19,positive,0.017014590857307613,0.03130325121898026,0.014288660361672648,0.017014590857307613,0.03130325121898026,0.8909785567745425,0.9091314239788257,364,364
2022-01-19,negative,-0.04714738592248551,-0.049371096748359586,-0.0022237108258740743,0.04714738592248551,0.049371096748359586,0.10537246890885003,0.09480703514247645,363,364
2022-01-20,positive,0.014325818690936036,0.01921557661278611,0.004889757921850075,0.014325818690936036,0.01921557661278611,0.8937117262748742,0.9063435834596392,362,362
2022-01-20,negative,-0.04783056658551724,-0.05192627336843415,-0.004095706782916916,0.04783056658551724,0.05192627336843415,0.10426995746819308,0.09596277135383563,361,362
2022-01-21,positive,0.0071793142247028475,0.010005806548632666,0.0028264923239298186,0.007529810311930353,0.010341360932756265,0.8926944289951799,0.9073611883574343,360,360
2022-01-21,negative,-0.0685906266321045,-0.07146081975474107,-0.0028701931226365746,0.0685906266321045,0.07146081975474107,0.10325423481987103,0.09697696514645904,359,360
2022-01-24,positive,0.055928537158280694,0.0654421841469724,0.009513646988691712,0.055928537158280694,0.0654421841469724,0.8909682853124175,0.9091980118050991,361,361
2022-01-24,negative,-0.02934437085615697,-0.02804609269818876,0.0012982781579682114,0.02934437085615697,0.02804609269818876,0.1002336628479921,0.09987769561024744,360,361
2022-01-25,positive,0.033698475558274835,0.0368469853235746,0.0031485097652997687,0.033698475558274835,0.0368469853235746,0.9006427452452278,0.8995789228068641,361,361
2022-01-25,negative,-0.05015688091352774,-0.051268741182292805,-0.001111860268765065,0.05015688091352774,0.051268741182292805,0.1021173917059204,0.09794381390322286,360,361
2022-01-26,positive,0.01686763854174392,0.02517047069539025,0.008302832153646328,0.01686763854174392,0.02517047069539025,0.8916985598095245,0.9085006646880603,359,360
2022-01-26,negative,-0.04955960545645689,-0.04959076318588436,-3.115772942746675e-05,0.04955960545645689,0.04959076318588436,0.09967130299183256,0.1003843453108942,359,359
2022-01-27,positive,0.010309007263597257,0.01980964573832777,0.009500638474730514,0.010309007263597257,0.01980964573832777,0.8883582945319434,0.9187864295562087,346,347
2022-01-27,negative,-0.06750642997548226,-0.07469592840928024,-0.007189498433797986,0.06750642997548226,0.07469592840928024,0.1032780174057603,0.09678676177829036,358,359
2022-01-28,positive,0.05294741391381019,0.06355368241642281,0.01060626850261262,0.05294741391381019,0.06355368241642281,0.8895615294898598,0.9105206786686463,359,360
2022-01-28,negative,-0.011930648471423538,-0.018366954466464393,-0.006436305995040855,0.011930705551655513,0.018366954466464393,0.11058542350379363,0.08958161435812173,359,359
2022-01-31,positive,0.09342366746858727,0.10555152575800095,0.012127858289413679,0.09342366746858727,0.10555152575800095,0.8925982427477259,0.9075680543697907,361,361
2022-01-31,negative,-0.004705946509916127,-0.008432518707665397,-0.00372657219774927,0.007044240899687442,0.01064086885916943,0.10376362712490762,0.09635750962772786,360,361
2022-02-01,positive,0.049899548516464866,0.060177623737662195,0.010278075221197329,0.049899548516464866,0.060177623737662195,0.8894573308928757,0.9107089662246408,361,361
2022-02-01,negative,-0.013324201816723506,-0.019956611117151746,-0.00663240930042824,0.013324201816723506,0.019956611117151746,0.10982153855629466,0.09031637911443331,360,361
2022-02-02,positive,0.01841342890034338,0.02636670658563773,0.00795327768529435,0.01841342890034338,0.02636670658563773,0.8864509061646485,0.9136782169032378,359,360
2022-02-02,negative,-0.05805210041430567,-0.06433195712023727,-0.006279856705931605,0.05805210041430567,0.06433195712023727,0.10623915118146007,0.09387217639994822,359,359
2022-02-03,positive,0.007448484584786576,0.01723401807778394,0.009785533492997364,0.007998992037687174,0.017527588977501073,0.8854390342758991,0.91468798421432,357,358
2022-02-03,negative,-0.057367356459931344,-0.06915776298911684,-0.011790406529185497,0.057367356459931344,0.06915776298911684,0.11163049042734921,0.08848146031432444,357,357
2022-02-04,positive,0.049736429920402746,0.06177738876851284,0.012040958848110093,0.049736429920402746,0.06177738876851284,0.8923258553141302,0.9077645342108391,357,358
2022-02-04,negative,-0.020171960316347215,-0.029624665496104482,-0.009452705179757267,0.020171960316347215,0.029624665496104482,0.1162559088585042,0.08391206426579591,357,357
2022-02-07,positive,0.037524113358519545,0.050404088704383676,0.01287997534586413,0.037524113358519545,0.050404088704383676,0.8899223183114232,0.9101613574230357,357,358
2022-02-07,negative,-0.020484861229632424,-0.027050342224077685,-0.006565480994445261,0.020484861229632424,0.027050342224077685,0.10826542263041834,0.09190255049388178,357,357
2022-02-08,positive,0.044717138432372176,0.05890563338192761,0.014188494949555437,0.044717138432372176,0.05890563338192761,0.8853585143780123,0.9148656380456358,357,357
2022-02-08,negative,-0.018380730455100722,-0.02786995888471307,-0.009489228429612348,0.018380730455100722,0.02786995888471307,0.11034941962781881,0.08973552996429729,356,357
2022-02-09,positive,0.06092267568290171,0.07634280740245084,0.015420131719549125,0.06092267568290171,0.07634280740245084,0.8864235362362703,0.9137625869652013,356,357
2022-02-09,negative,-0.01211910812168338,-0.02020862371258037,-0.008089515590896991,0.01211910812168338,0.02020862371258037,0.10923805785697172,0.09081805886581167,356,356
2022-02-10,positive,0.013221716181569788,0.026748186536333485,0.013526470354763696,0.013221716181569788,0.026748186536333485,0.8840638284422953,0.9159361715577048,356,356
2022-02-10,negative,-0.044204046345052074,-0.05734350493575261,-0.013139458590700537,0.044204046345052074,0.05734350493575261,0.10924902438541233,0.09105785489656917,355,356
2022-02-11,positive,0.019809288637412117,0.037760330586783304,0.017951041949371187,0.019809288637412117,0.037760330586783304,0.8811572345111557,0.9187896872761996,354,355
2022-02-11,negative,-0.05311338575377662,-0.0669159633641056,-0.013802577610328985,0.05311338575377662,0.0669159633641056,0.11009687509974785,0.09018561077595837,354,354
2022-02-14,positive,0.01748775119300062,0.029568354072497645,0.012080602879497023,0.01748775119300062,0.029568354072497645,0.8901193842916926,0.9100222918375734,353,354
2022-02-14,negative,-0.03769486755631763,-0.04243545624927256,-0.0047405886929549265,0.03769486755631763,0.04243545624927256,0.10313482992008172,0.09697838830805301,353,353
2022-02-15,positive,0.07082448740900431,0.08262879669609499,0.011804309287090684,0.07082448740900431,0.08262879669609499,0.8924301915547564,0.9077739007407879,354,355
2022-02-15,negative,-0.0031457583627671547,-0.013062240863516338,-0.009916482500749182,0.0053929031172198485,0.014230301926903867,0.11792111438446139,0.08213531902411651,354,354
2022-02-16,positive,0.025667151548554545,0.04009311041370094,0.014425958865146398,0.025667151548554545,0.04009311041370094,0.8834653890891428,0.9165911719968299,354,354
2022-02-16,negative,-0.02891202004812711,-0.044227092864591505,-0.015315072816464395,0.02891202004812711,0.044227092864591505,0.11077520733723867,0.08948115589130047,353,354
2022-02-17,positive,0.006371953407058744,0.019211572560378583,0.01283961915331984,0.007236625763791042,0.019768330252420058,0.8825405055823741,0.9174667764946531,351,352
2022-02-17,negative,-0.06624486240734662,-0.07699650036591957,-0.010751637958572952,0.06624486240734662,0.07699650036591957,0.10637548575458003,0.09385236955729694,351,351
2022-02-18,positive,0.013600359610763902,0.025800284203482526,0.012199924592718623,0.013600359610763902,0.025800284203482526,0.8831612244897957,0.9167908017908017,350,351
2022-02-18,negative,-0.04743472090187345,-0.059146926113602435,-0.011712205211728985,0.04743472090187345,0.059146926113602435,0.10997714285714287,0.09030857142857143,350,350
2022-02-22,positive,0.012528126638797116,0.026939268013063174,0.014411141374266058,0.012528126638797116,0.026939268013063174,0.8869584502086411,0.9132715009267427,348,348
2022-02-22,negative,-0.05629799406583415,-0.0619135371110305,-0.005615543045196354,0.05629799406583415,0.0619135371110305,0.10552321752665023,0.09455005897453687,347,348
2022-02-23,positive,0.00883688080192022,0.02939358309115184,0.02055670228923162,0.009197311378059366,0.029652094392343016,0.883766929054817,0.9162330709451828,346,346
2022-02-23,negative,-0.05529828400149573,-0.07123263353152263,-0.015934349530026905,0.05529828400149573,0.07123263353152263,0.11172927284548753,0.08859364412805434,345,346
2022-02-24,positive,0.08989296381551261,0.10683671464628251,0.016943750830769905,0.08989296381551261,0.10683671464628251,0.8924819354822621,0.9076334380395146,347,347
2022-02-24,negative,-0.020144932725420606,-0.034643711060637954,-0.014498778335217347,0.020144932725420606,0.034643711060637954,0.11585368903501386,0.08436480974590395,346,347
2022-02-25,positive,0.05207658814605558,0.07513161619313082,0.023055028047075238,0.05207658814605558,0.07513161619313082,0.8808530458629218,0.9191494716485032,347,348
2022-02-25,negative,-0.010009237126457928,-0.028534557715339637,-0.01852532058888171,0.010547213208090262,0.028880009193821367,0.11565362073732376,0.0845768603920338,347,347
2022-02-28,positive,0.04505729350699069,0.05970829950065332,0.014651005993662626,0.04505729350699069,0.05970829950065332,0.8914035372248631,0.9085964627751371,347,347
2022-02-28,negative,-0.028716808316002887,-0.04029866446545884,-0.011581856149455956,0.028716808316002887,0.04029866446545884,0.1115527696452552,0.08876870807706543,346,347
2022-03-01,positive,0.02339158555152979,0.03846470133923371,0.015073115787703917,0.02339158555152979,0.03846470133923371,0.8873128819396312,0.9127082592610788,346,347
2022-03-01,negative,-0.05733486567189663,-0.0737333575805142,-0.016398491908617578,0.05733486567189663,0.0737333575805142,0.11485996729870247,0.08537117976861912,346,346
2022-03-02,positive,0.05336682346812126,0.06938250548426982,0.016015682016148558,0.05336682346812126,0.06938250548426982,0.8808070613064051,0.9192530012969132,346,347
2022-03-02,negative,-0.016382127774151076,-0.030673227109902706,-0.01429109933575163,0.01638563052319693,0.03067484625467044,0.10896045588269668,0.09121285434260659,346,346
2022-03-03,positive,0.017271099118744283,0.03680536241218708,0.019534263293442794,0.017271099118744283,0.03680536241218708,0.8792573988091616,0.920740516112185,344,345
2022-03-03,negative,-0.056654798054630216,-0.06836451772953073,-0.01170971967490051,0.056654798054630216,0.06836451772953073,0.10910878057352177,0.09112370998154945,344,344
2022-03-04,positive,0.020457400133243955,0.04589504776851276,0.025437647635268807,0.020457400133243955,0.04589504776851276,0.8796861551755224,0.920488873996006,343,343
2022-03-04,negative,-0.06267187305854778,-0.07485826948491024,-0.012186396426362461,0.06267187305854778,0.07485826948491024,0.11016005104164535,0.08998608611639354,342,343
2022-03-07,positive,0.02390885935784597,0.07420797797185333,0.05029911861400736,0.02390885935784597,0.07420797797185333,0.8830447807615669,0.9170225074249456,342,343
2022-03-07,negative,-0.07727483080935528,-0.08752642466193751,-0.01025159385258223,0.07727483080935528,0.08752642466193751,0.1113413979922907,0.0885750441758009,341,342
2022-03-08,positive,0.05114940198354744,0.07334034889321925,0.022190946909671806,0.05114940198354744,0.07334034889321925,0.886564053432837,0.9136678978573919,345,345
2022-03-08,negative,-0.034611017107672434,-0.04300295903415066,-0.008391941926478227,0.034611017107672434,0.04300295903415066,0.10971666880187719,0.09036939923775428,344,345
2022-03-09,positive,0.07722193329940505,0.10132579833847183,0.02410386503906678,0.07722193329940505,0.10132579833847183,0.887108106536887,0.912854847792242,347,348
2022-03-09,negative,-0.010082273501375468,-0.0297204765101475,-0.01963820300877203,0.011099337843569031,0.03006436563360721,0.11984901460854257,0.0804391698294978,347,347
2022-03-10,positive,0.02755620378537404,0.05304871244800916,0.02549250866263512,0.02755620378537404,0.05304871244800916,0.882499609438622,0.9176734009420009,347,347
2022-03-10,negative,-0.03823896776014835,-0.049755277817145505,-0.011516310056997152,0.03823896776014835,0.049755277817145505,0.1105187144562007,0.08962677289936148,346,347
2022-03-11,positive,0.009911621075099795,0.02628236966724961,0.016370748592149813,0.009911621075099795,0.02628236966724961,0.8839567640292668,0.9159971347179436,347,348
2022-03-11,negative,-0.06625262724494996,-0.0753672135365539,-0.009114586291603943,0.06625262724494996,0.0753672135365539,0.10957984868240744,0.09070833575563289,347,347
2022-03-14,positive,0.01928170164346799,0.030915644930701126,0.011633943287233137,0.01928170164346799,0.030915644930701126,0.8873576529627485,0.9128370892757328,345,346
2022-03-14,negative,-0.080743863228521,-0.0960844997629388,-0.015340636534417793,0.080743863228521,0.0960844997629388,0.11231338586641827,0.08774451801314168,345,345
2022-03-15,positive,0.05561318889707282,0.0688666700574524,0.013253481160379575,0.05561318889707282,0.0688666700574524,0.8903646065505025,0.9096651573132577,348,349
2022-03-15,negative,-0.01872672363889073,-0.030644759435398346,-0.011918035796507617,0.01872672363889073,0.030644759435398346,0.11420370682225679,0.08602611219526692,348,348
2022-03-16,positive,0.08804452976580995,0.10525861813135358,0.017214088365543626,0.08804452976580995,0.10525861813135358,0.8895732255166218,0.9105983010699993,350,350
2022-03-16,negative,-0.008170144416252904,-0.013382331490633658,-0.005212187074380753,0.009339355941763265,0.014345929658405431,0.11039218480965791,0.08975169484603447,349,350
2022-03-17,positive,0.06729895741930826,0.0825195963299338,0.015220638910625542,0.06729895741930826,0.0825195963299338,0.8879354377362345,0.9122576253427848,351,352
2022-03-17,negative,-0.010213329862452965,-0.016270595417773544,-0.006057265555320579,0.010213329862452965,0.016270595417773544,0.11034251273295097,0.08971440246340644,351,351
2022-03-18,positive,0.053514476260085264,0.06584276631363803,0.012328290053552765,0.053514476260085264,0.06584276631363803,0.8939473208365983,0.9060526791634018,353,353
2022-03-18,negative,-0.023353488138389597,-0.024730353541123844,-0.0013768654027342467,0.023353488138389597,0.024730353541123844,0.10199548678272082,0.09829345227332087,352,353
2022-03-21,positive,0.030428838454917,0.056068529114298694,0.025639690659381695,0.030428838454917,0.056068529114298694,0.8891869380178566,0.9108389312711406,355,356
2022-03-21,negative,-0.04672740892524614,-0.057608461260020095,-0.010881052334773954,0.04672740892524614,0.057608461260020095,0.1071874219124944,0.0930378667385898,355,355
2022-03-22,positive,0.047430589290280434,0.06182027551791533,0.014389686227634896,0.047430589290280434,0.06182027551791533,0.8867969509733227,0.9132591342762567,357,357
2022-03-22,negative,-0.016534370999973676,-0.018472047031203868,-0.0019376760312301913,0.016534370999973676,0.018472047031203868,0.1036391607378046,0.09659505978499083,356,357
2022-03-23,positive,0.01973652696514573,0.03386095213738208,0.014124425172236346,0.01973652696514573,0.03386095213738208,0.8861758268329752,0.9139923346020022,357,357
2022-03-23,negative,-0.04428821790369738,-0.052924089390029745,-0.008635871486332367,0.04428821790369738,0.052924089390029745,0.10891680732604422,0.09122012033512956,356,357
2022-03-24,positive,0.039435441878184985,0.05558374381279543,0.01614830193461045,0.039435441878184985,0.05558374381279543,0.8841129819900769,0.9158870180099231,358,358
2022-03-24,negative,-0.01837005649679822,-0.02402695510116178,-0.00565689860436356,0.01837005649679822,0.02402695510116178,0.1085690779808427,0.09173418760010939,357,358
2022-03-25,positive,0.027596601039690506,0.0420700356939535,0.014473434654262991,0.027596601039690506,0.0420700356939535,0.8841872080545384,0.9157684984106002,356,357
2022-03-25,negative,-0.046239745105744155,-0.05652950264433609,-0.010289757538591932,0.046239745105744155,0.05652950264433609,0.10893116399444513,0.09134973488195934,356,356
2022-03-28,positive,0.026956021402020178,0.04662109549738392,0.019665074095363742,0.026956021402020178,0.04662109549738392,0.889861609253909,0.9101944759956704,357,357
2022-03-28,negative,-0.03786827402260007,-0.044342359278151146,-0.006474085255551078,0.03786827402260007,0.044342359278151146,0.10425160851235452,0.09598432755042566,356,357
2022-03-29,positive,0.06564117115370023,0.08310976189258286,0.017468590738882628,0.06564117115370023,0.08310976189258286,0.8901354353804997,0.9097526138778267,358,358
2022-03-29,negative,-0.010391114264271655,-0.018075488040552572,-0.007684373776280918,0.01148876509299901,0.018820335828727993,0.10952357433317576,0.09058837640849791,357,357
2022-03-30,positive,0.01587106449870751,0.028500526243147688,0.012629461744440178,0.01587106449870751,0.028500526243147688,0.8909336283533021,0.9090410465862323,357,358
2022-03-30,negative,-0.05066092735984832,-0.05716045058889845,-0.006499523229050133,0.05066092735984832,0.05716045058889845,0.1029870771838147,0.09729303486100323,357,357
2022-03-31,positive,0.016456695248742315,0.03203514767350604,0.015578452424763727,0.016456695248742315,0.03203514767350604,0.8901181867314273,0.909910138937343,357,358
2022-03-31,negative,-0.04524838997138836,-0.04861431315446567,-0.00336592318307731,0.04524838997138836,0.04861431315446567,0.10467295291121209,0.09555107397201389,357,357
2022-04-01,positive,0.04556057856341426,0.05286465817684804,0.007304079613433781,0.04556057856341426,0.05286465817684804,0.8945394182453731,0.9054453712204913,358,359
2022-04-01,negative,-0.025793563939686584,-0.03379939809170192,-0.008005834152015334,0.025793563939686584,0.03379939809170192,0.11004221154146249,0.09023711806747604,358,358
2022-04-04,positive,0.04872091702888714,0.06318967799577706,0.01446876096688992,0.04872091702888714,0.06318967799577706,0.8916377073487164,0.9084734964322121,360,360
2022-04-04,negative,-0.02364546344785138,-0.030302365847917102,-0.006656902400065723,0.02364546344785138,0.030302365847917102,0.11165603028831671,0.08854292157044452,359,360
2022-04-05,positive,0.0072807816875425785,0.02442045489691511,0.01713967320937253,0.0076187263052151484,0.024550557992789428,0.8841258865706931,0.915997463909176,357,358
2022-04-05,negative,-0.05972486396461087,-0.0659414091960583,-0.006216545231447428,0.05972486396461087,0.0659414091960583,0.10671539816598342,0.09339655257569025,357,357
2022-04-06,positive,0.01770239056700391,0.027762624071974093,0.010060233504970182,0.01770239056700391,0.027762624071974093,0.8907430490496532,0.9094260603077314,355,355
2022-04-06,negative,-0.05481562407974123,-0.06119563167506867,-0.00638000759532744,0.05481562407974123,0.06119563167506867,0.10664677800495544,0.093484526096829,354,355
2022-04-07,positive,0.025662448297653934,0.03825182152636015,0.012589373228706215,0.025662448297653934,0.03825182152636015,0.8928288038087681,0.907151052381706,355,356
2022-04-07,negative,-0.04049349876402589,-0.041460319666863775,-0.000966820902837888,0.04049349876402589,0.041460319666863775,0.09107081928188852,0.10921087085895656,355,355
2022-04-08,positive,0.02248816661607567,0.03133784123164003,0.008849674615564362,0.02248816661607567,0.03133784123164003,0.887846651255531,0.9122097503237132,355,355
2022-04-08,negative,-0.04183606833458667,-0.05237053367668767,-0.010534465342101,0.04183606833458667,0.05237053367668767,0.10560598239123577,0.09463509767005872,354,355
2022-04-11,positive,0.018949322311323756,0.031072963533482628,0.012123641222158872,0.018949322311323756,0.031072963533482628,0.8955101716720297,0.9045902355221991,353,354
2022-04-11,negative,-0.04902460142515217,-0.05675253288793885,-0.007727931462786677,0.04902460142515217,0.05675253288793885,0.10395606017343656,0.09621381525125201,353,353
2022-04-12,positive,0.02741586825485599,0.033721220892208796,0.006305352637352806,0.02741586825485599,0.033721220892208796,0.8944463865951419,0.9055536134048581,353,353
2022-04-12,negative,-0.03543430450992632,-0.03833762971700029,-0.0029033252070739674,0.03543430450992632,0.03833762971700029,0.10067859445519019,0.09960661402768568,352,353
2022-04-13,positive,0.052291126409109795,0.0655929862479082,0.013301859838798405,0.052291126409109795,0.0655929862479082,0.8905182860207791,0.909481713979221,355,355
2022-04-13,negative,-0.008321412876305242,-0.015314670414723397,-0.006993257538418155,0.008809884327534044,0.015745572087253978,0.10865187699712334,0.09165418462822068,354,355
2022-04-14,positive,0.016821763662605273,0.03463902934521151,0.017817265682606234,0.016821763662605273,0.03463902934521151,0.8870514684270315,0.913004933152213,355,355
2022-04-14,negative,-0.04952764625532012,-0.050638030833126034,-0.0011103845778059132,0.04952764625532012,0.050638030833126034,0.1027799286854608,0.0974531906611695,354,355
2022-04-18,positive,0.01636627731912245,0.0302657527668112,0.013899475447688752,0.01636627731912245,0.0302657527668112,0.882440697123098,0.9177853554341215,354,354
2022-04-18,negative,-0.05602876436011788,-0.05766406254286917,-0.0016352981827512866,0.05602876436011788,0.05766406254286917,0.10169723525875574,0.09836399250961442,353,354
2022-04-19,positive,0.05307380700109333,0.06004126341120178,0.006967456410108451,0.05307380700109333,0.06004126341120178,0.8958495577231339,0.9042523846810934,351,352
2022-04-19,negative,-0.014420875104229404,-0.02352299135600947,-0.009102116251780064,0.014613638834753865,0.023594246914727043,0.11339631641453964,0.08677452641006171,351,351
2022-04-20,positive,0.02946105245110287,0.03724864428089424,0.0077875918297913745,0.02946105245110287,0.03724864428089424,0.8910540717144492,0.9091174548721719,350,350
2022-04-20,negative,-0.038142976957665005,-0.050539650550201855,-0.01239667359253685,0.038142976957665005,0.050539650550201855,0.11346270730224886,0.08668994527485092,349,350
2022-04-21,positive,0.005748881921144088,0.014173742124338076,0.008424860203193989,0.006425897570536284,0.014620933851796681,0.8849367749957013,0.9151207624036084,348,348
2022-04-21,negative,-0.06557838850703321,-0.07526000467857194,-0.009681616171538732,0.06557838850703321,0.07526000467857194,0.10888413924382259,0.09137120881446505,347,348
2022-04-22,positive,0.005710755043703991,0.011450301576830703,0.005739546533126712,0.008895399248160272,0.014823317166492435,0.8970008610447344,0.9032211100092512,346,347
2022-04-22,negative,-0.053343925294489704,-0.06142760163615501,-0.008083676341665305,0.053343925294489704,0.06142760163615501,0.11011193581545609,0.08994580090509818,346,346
2022-04-25,positive,0.047742050466161104,0.055228056830914876,0.007486006364753772,0.047742050466161104,0.055228056830914876,0.8966835548944873,0.9034219569362785,347,348
2022-04-25,negative,-0.030933182096776174,-0.0360640198460446,-0.005130837749268424,0.030933182096776174,0.0360640198460446,0.10525372182897515,0.09491908923093267,347,347
2022-04-26,positive,0.0009804975183414963,0.009954605366786523,0.008974107848445026,0.009663011110888438,0.018039823661403137,0.8953009742957125,0.9049167255188755,345,346
2022-04-26,negative,-0.0716503362001813,-0.0741893939025436,-0.0025390577023623045,0.0716503362001813,0.0741893939025436,0.10212398143719108,0.09793392244236884,345,345
2022-04-27,positive,0.028644378207860907,0.035355265881408124,0.006710887673547217,0.028644378207860907,0.035355265881408124,0.8926282940943921,0.9074297442108894,345,345
2022-04-27,negative,-0.03393610133591951,-0.040131088412480184,-0.0061949870765606735,0.03393610133591951,0.040131088412480184,0.10404842486738922,0.09619512646462608,344,345
2022-04-28,positive,0.05159396260360185,0.06746865986349257,0.01587469725989072,0.05159396260360185,0.06746865986349257,0.8852829887577218,0.9147323469950068,345,346
2022-04-28,negative,-0.01779327191618715,-0.028532998072499913,-0.010739726156312763,0.01779327191618715,0.028532998072499913,0.1151537856521919,0.08797574202094631,350,350
2022-04-29,positive,0.004913034851143039,0.01390553249532729,0.00899249764418425,0.010123028234138598,0.019313417576602192,0.8962356821374993,0.9039393470340296,343,343
2022-04-29,negative,-0.057213854782573584,-0.06679460999632739,-0.009580755213753803,0.057213854782573584,0.06679460999632739,0.11270701549673486,0.08744654721365125,342,343
2022-05-02,positive,0.057867273796619385,0.06432136925128966,0.006454095454670274,0.057867273796619385,0.06432136925128966,0.8957978892094272,0.904435414960885,343,343
2022-05-02,negative,-0.02902435036217471,-0.028721609919086254,0.00030274044308845754,0.02902435036217471,0.028721609919086254,0.10460528447589276,0.09546638302865204,342,343
2022-05-03,positive,0.043139676390647204,0.053592048359019026,0.010452371968371822,0.043139676390647204,0.053592048359019026,0.8935494244385821,0.9065672957248261,343,343
2022-05-03,negative,-0.02864427252812593,-0.04192198918479241,-0.01327771665666648,0.02864427252812593,0.04192198918479241,0.11210169670845728,0.0881084102322408,342,343
2022-05-04,positive,0.058365293216532395,0.07810316476496555,0.019737871548433157,0.058365293216532395,0.07810316476496555,0.8865497169945293,0.9136829087687741,344,344
2022-05-04,negative,-0.009655220683225043,-0.023886164377392303,-0.01423094369416726,0.011544299357970035,0.02516443736150943,0.11348135814787844,0.0866159037578528,343,344
2022-05-05,positive,-0.00133872360493661,0.011575739524645261,0.01291446312958187,0.010451360154688913,0.0204883472525654,0.8888499538769857,0.9112671078730874,342,342
2022-05-05,negative,-0.08506001902390893,-0.10090152932280243,-0.015841510298893496,0.08506001902390893,0.10090152932280243,0.11434976231487036,0.08586753196521692,341,342
2022-05-06,positive,0.01813108605120073,0.032401361181788664,0.014270275130587935,0.01813108605120073,0.032401361181788664,0.8899776960885548,0.9101983602494733,341,341
2022-05-06,negative,-0.06420328145433521,-0.082910086948354,-0.01870680549401879,0.06420328145433521,0.082910086948354,0.11278695457056061,0.08736774262387619,340,341
2022-05-09,positive,0.006808368311290468,0.015037633839125524,0.008229265527835056,0.008876352531820226,0.016755700752761074,0.8905747838739747,0.9094565726813633,337,338
2022-05-09,negative,-0.11966246816364305,-0.12817758042117533,-0.008515112257532279,0.11966246816364305,0.12817758042117533,0.10719683599069388,0.09304048231248024,337,337
2022-05-10,positive,0.04077279117638128,0.06534976454400257,0.02457697336762129,0.04077279117638128,0.06534976454400257,0.8848733348767239,0.9151411534863148,337,338
2022-05-10,negative,-0.04898758721850995,-0.07732517963666724,-0.02833759241815729,0.04898758721850995,0.07732517963666724,0.11860633594095916,0.08163098236221498,337,337
2022-05-11,positive,0.015497052467551488,0.027110043265804778,0.01161299079825329,0.015497052467551488,0.027110043265804778,0.8898579497197215,0.9103494144670223,336,337
2022-05-11,negative,-0.09237847390850222,-0.10954752065715474,-0.017169046748652522,0.09237847390850222,0.10954752065715474,0.10937146112904139,0.09068799190306324,336,336
2022-05-12,positive,0.06207697487046381,0.08885567465613418,0.026778699785670372,0.06207697487046381,0.08885567465613418,0.8825683939548454,0.9174986804872752,336,337
2022-05-12,negative,-0.024355246352618327,-0.03626250220296078,-0.011907255850342455,0.024355246352618327,0.03626250220296078,0.11306204144358516,0.08711642375570097,336,336
2022-05-13,positive,0.09926961699255493,0.13147567752499256,0.03220606053243763,0.09926961699255493,0.13147567752499256,0.8823066063881383,0.9177522864269383,340,340
2022-05-13,negative,-0.006098579081302434,-0.011148515720602416,-0.0050499366392999815,0.008414421266103481,0.013224151283821888,0.10831413670777003,0.09194554146747039,339,340
2022-05-16,positive,0.03296804099192099,0.049099488311639114,0.016131447319718127,0.03296804099192099,0.049099488311639114,0.8895672911159637,0.9106098045156773,339,339
2022-05-16,negative,-0.04886129292939098,-0.058211186939554994,-0.009349894010164013,0.04886129292939098,0.058211186939554994,0.11169948932186693,0.08845291206514054,338,339
2022-05-17,positive,0.07001188205660253,0.08484481400989675,0.014832931953294229,0.07001188205660253,0.08484481400989675,0.8873703298754633,0.9128643430491479,341,341
2022-05-17,negative,-0.0037821190456162686,-0.012100808308606735,-0.008318689262990467,0.008643598391135354,0.016202692141996645,0.1090211033078529,0.0910639337479107,340,341
2022-05-18,positive,0.002467236303255503,0.009039334646171224,0.00657209834291572,0.010124482608322986,0.015724472857378546,0.8932728611969389,0.9068253935026488,338,339
2022-05-18,negative,-0.0753380449597607,-0.0825104701374199,-0.007172425177659203,0.0753380449597607,0.0825104701374199,0.10717678695775408,0.09300062285892247,338,338
2022-05-19,positive,0.04718600551027951,0.056790953355571855,0.009604947845292346,0.04718600551027951,0.056790953355571855,0.8925032127968573,0.9076738828347838,339,339
2022-05-19,negative,-0.030492332460641116,-0.03342536507904964,-0.0029330326184085244,0.030492332460641116,0.03342536507904964,0.10449908483125267,0.09563207642451409,338,339
2022-05-20,positive,0.02728801539954922,0.03912625745881008,0.011838242059260859,0.02728801539954922,0.03912625745881008,0.893166986697835,0.9069306673140957,339,340
2022-05-20,negative,-0.03823545201573485,-0.045141647211175535,-0.006906195195440688,0.03823545201573485,0.045141647211175535,0.10574203748538986,0.09443484930706295,339,339
2022-05-23,positive,0.04309147803271644,0.05487914495730576,0.011787666924589317,0.04309147803271644,0.05487914495730576,0.8918288649821572,0.908171135017843,339,339
2022-05-23,negative,-0.027012747418277444,-0.029599237871681672,-0.0025864904534042277,0.027012747418277444,0.029599237871681672,0.10172795049513604,0.09857213195470212,338,339
2022-05-24,positive,0.016738711111920337,0.023495771895549106,0.006757060783628768,0.016738711111920337,0.023495771895549106,0.889558082686415,0.9104702658772441,337,338
2022-05-24,negative,-0.06917370897927935,-0.08356320922880424,-0.014389500249524886,0.06917370897927935,0.08356320922880424,0.11100484407500878,0.08923247422816534,337,337
2022-05-25,positive,0.05733695049122183,0.07487887747740225,0.01754192698618042,0.05733695049122183,0.07487887747740225,0.884413802391701,0.9157173164102659,338,339
2022-05-25,negative,-0.012948808863501181,-0.022064594222630407,-0.009115785359129226,0.012948808863501181,0.022064594222630407,0.10677692325183173,0.09334131499824215,338,338
2022-05-26,positive,0.05700035868467944,0.07263426997784171,0.015633911293162273,0.05700035868467944,0.07263426997784171,0.8861664295252447,0.9138518303306957,338,339
2022-05-26,negative,-0.010032359696277061,-0.01779920475262059,-0.0077668450563435285,0.010483061315556715,0.018035309553567892,0.11195919067395416,0.08827742571173054,338,338
2022-05-27,positive,0.06945133565238354,0.08275887475638788,0.01330753910400434,0.06945133565238354,0.08275887475638788,0.8924394923784609,0.9077148454430402,339,340
2022-05-27,negative,-0.0017439301727206577,-0.012574407453397676,-0.010830477280677018,0.0065929743900226025,0.016325742395353088,0.10868072128371181,0.09143716848935035,339,339
2022-05-31,positive,0.020475451477999555,0.04018868597151635,0.019713234493516793,0.020475451477999555,0.04018868597151635,0.8936200196772821,0.9064201085919475,339,340
2022-05-31,negative,-0.0447047141190452,-0.05163179047696173,-0.006927076357916534,0.0447047141190452,0.05163179047696173,0.10581671594686264,0.09441920266121757,339,339
2022-06-01,positive,0.024557311424410224,0.03637873106491774,0.011821419640507518,0.024557311424410224,0.03637873106491774,0.8881354633567023,0.9120416322749388,339,339
2022-06-01,negative,-0.043609083240045914,-0.052294551687291586,-0.008685468447245673,0.043609083240045914,0.052294551687291586,0.10672063950035977,0.09341707501401789,338,339
2022-06-02,positive,0.06985015146570066,0.082702724238273,0.012852572772572346,0.06985015146570066,0.082702724238273,0.8937742214532872,0.9062075211316197,340,341
2022-06-02,negative,-0.006411241655106289,-0.01512506766226113,-0.00871382600715484,0.007548831039012733,0.01566443458802009,0.11358607266435988,0.08670804498269896,340,340
2022-06-03,positive,0.022219193739141798,0.043424371907781166,0.021205178168639368,0.022219193739141798,0.043424371907781166,0.8850613502241144,0.9151740131180451,340,340
2022-06-03,negative,-0.04395880407539463,-0.05120958505035033,-0.007250780974955698,0.04395880407539463,0.05120958505035033,0.10537412964597431,0.0947004309225897,339,340
2022-06-06,positive,0.028702680763181096,0.047073760166614624,0.018371079403433528,0.028702680763181096,0.047073760166614624,0.8796689541682713,0.9202710722452043,338,339
2022-06-06,negative,-0.033255433678148705,-0.0612608530196476,-0.028005419341498895,0.033255433678148705,0.0612608530196476,0.1156879135884598,0.0846079443997059,338,338
2022-06-07,positive,0.0464240402912637,0.07584027921968647,0.029416238928422773,0.0464240402912637,0.07584027921968647,0.8855749162320318,0.9144250837679684,339,339
2022-06-07,negative,-0.013674704860836396,-0.029991427598678674,-0.01631672273784228,0.013674704860836396,0.029991427598678674,0.11906339314588377,0.08128782630292414,338,339
2022-06-08,positive,0.020939481365896778,0.038232303809529945,0.017292822443633168,0.020939481365896778,0.038232303809529945,0.8867810006840867,0.913218999315913,339,339
2022-06-08,negative,-0.034378778801106416,-0.05252195902113436,-0.018143180220027942,0.034378778801106416,0.05252195902113436,0.11862769090924982,0.0817222432822229,338,339
2022-06-09,positive,0.003694617985620205,0.018089073176878284,0.01439445519125808,0.00616981991021478,0.019900654426588837,0.8873623644928769,0.9126972302627846,336,336
2022-06-09,negative,-0.060662577013330325,-0.07588880728585853,-0.015226230272528209,0.060662577013330325,0.07588880728585853,0.11231743546866382,0.08795724785742663,335,336
2022-06-10,positive,0.003437622694956686,0.01678972212746873,0.013352099432512044,0.007388385356049783,0.020589140940254803,0.8945404864323784,0.905443167718617,333,334
2022-06-10,negative,-0.06866694661047316,-0.07788664798691423,-0.00921970137644107,0.06866694661047316,0.07788664798691423,0.10755304854403952,0.09274725175626077,333,333
2022-06-13,positive,-0.010156213242446956,0.00019929109432736286,0.010355504336774318,0.014958132239476469,0.022324798843625267,0.8941857152048235,0.9059356072094925,330,330
2022-06-13,negative,-0.10393021189926732,-0.10606486214093151,-0.0021346502416641905,0.10393021189926732,0.10606486214093151,0.1024017412900924,0.09778724460253124,329,330
2022-06-14,positive,0.03408920343154082,0.037853201738225956,0.003763998306685133,0.03408920343154082,0.037853201738225956,0.8998630942536341,0.9003188341878458,330,330
2022-06-14,negative,-0.04020003321023818,-0.0464530181113378,-0.006252984901099622,0.04020003321023818,0.0464530181113378,0.10684056469703478,0.09330126614844626,329,330
2022-06-15,positive,0.060078223119149066,0.06731510691492411,0.007236883795775043,0.060078223119149066,0.06731510691492411,0.8941839701869531,0.9058765258808028,331,331
2022-06-15,negative,-0.01400163219122226,-0.01608848714443145,-0.0020868549532091912,0.01400163219122226,0.01608848714443145,0.10868714366899485,0.09158072021391118,330,331
2022-06-16,positive,0.0002209836859066125,0.01351332877367644,0.013292345087769828,0.014464370220104392,0.028301863322358983,0.8998198464537468,0.9001796076264161,329,330
2022-06-16,negative,-0.08612945815343755,-0.09282170332526646,-0.006692245171828912,0.08612945815343755,0.09282170332526646,0.10508587319038072,0.09521807817740044,329,329
2022-06-17,positive,0.0669842241950547,0.07585115540914972,0.008866931214095014,0.0669842241950547,0.07585115540914972,0.8925407572546538,0.9076180859110963,330,331
2022-06-17,negative,-0.02957447337984187,-0.038899820694032895,-0.009325347314191025,0.02957447337984187,0.038899820694032895,0.108650538078331,0.09147056395012798,330,330
2022-06-21,positive,0.05455454094194944,0.06798383214622561,0.013429291204276168,0.05455454094194944,0.06798383214622561,0.8888094586922359,0.9113107697417887,333,333
2022-06-21,negative,-0.01965137301079841,-0.02309162926331014,-0.0034402562525117295,0.01965137301079841,0.02309162926331014,0.10634512803241823,0.09385399827239323,332,333
2022-06-22,positive,0.03460773731131784,0.044954090189602745,0.010346352878284906,0.03460773731131784,0.044954090189602745,0.8953054844301951,0.9048006465225007,332,333
2022-06-22,negative,-0.04225219294234468,-0.050373702382781264,-0.008121509440436582,0.04225219294234468,0.050373702382781264,0.10777864619223432,0.09240196789566453,332,332
2022-06-23,positive,0.07138634927585233,0.08937557282566347,0.01798922354981114,0.07138634927585233,0.08937557282566347,0.8904516721865872,0.9096990369718859,334,335
2022-06-23,negative,-0.03213229932692114,-0.0453081094439276,-0.013175810117006463,0.03213229932692114,0.0453081094439276,0.11535543928595098,0.0847642137203308,334,334
2022-06-24,positive,0.0662775940959828,0.08151722235702277,0.015239628261039972,0.0662775940959828,0.08151722235702277,0.8880133106136978,0.9120464622494223,335,335
2022-06-24,negative,-0.020041210805915533,-0.0316417892617374,-0.011600578455821867,0.020229355204086304,0.03177254696401534,0.11533299211499297,0.08495151261028987,334,335
2022-06-27,positive,0.04094162159710691,0.055453458243999804,0.014511836646892894,0.04094162159710691,0.055453458243999804,0.8936019244414447,0.9066334389007148,340,340
2022-06-27,negative,-0.04293184076894259,-0.04494095262682097,-0.0020091118578783804,0.04293184076894259,0.04494095262682097,0.10109471725589948,0.09896725680563488,339,340
2022-06-28,positive,0.009715944549813315,0.02100620199106354,0.011290257441250224,0.009864522266048193,0.021071134422938433,0.8866641376663927,0.9134543106605246,338,338
2022-06-28,negative,-0.05993965597771029,-0.060818481359283416,-0.000878825381573127,0.05993965597771029,0.060818481359283416,0.10169377592704709,0.098488644905583,337,338
2022-06-29,positive,0.01647561166847922,0.025035000273349907,0.008559388604870686,0.01647561166847922,0.025035000273349907,0.8916760586342307,0.9085621074866385,336,336
2022-06-29,negative,-0.05194573799773416,-0.059388227163246446,-0.007442489165512288,0.05194573799773416,0.059388227163246446,0.10659178060279137,0.09348729071860956,335,336
2022-06-30,positive,0.028543826690001467,0.03100814162755437,0.002464314937552902,0.028543826690001467,0.03100814162755437,0.8982676065112719,0.9019654037822643,335,336
2022-06-30,negative,-0.045553430507691534,-0.05110460440406957,-0.005551173896378034,0.045553430507691534,0.05110460440406957,0.10396363442180864,0.09609599587037976,335,335
2022-07-01,positive,0.045175038545614915,0.05189980929033485,0.0067247707447199365,0.045175038545614915,0.05189980929033485,0.89695907228605,0.9032707277012069,334,335
2022-07-01,negative,-0.024917565993070122,-0.0342022681020705,-0.009284702109000377,0.024917565993070122,0.0342022681020705,0.10615939174283012,0.09390041686961005,334,334
2022-07-05,positive,0.06543737454104888,0.08195519888032807,0.01651782433927919,0.06543737454104888,0.08195519888032807,0.8919255156199906,0.9081696073417433,335,336
2022-07-05,negative,-0.03921636270302256,-0.04689468172760597,-0.007678319024583408,0.03921636270302256,0.04689468172760597,0.11150304563103339,0.08867595198233179,335,335
2022-07-06,positive,0.029372631838943508,0.03136509813984212,0.00199246630089861,0.029372631838943508,0.03136509813984212,0.9018037794321945,0.8983207431242187,335,336
2022-07-06,negative,-0.04080397140559893,-0.04677545294140954,-0.005971481535810612,0.04080397140559893,0.04677545294140954,0.10677920065543403,0.09339979695793112,335,335
2022-07-07,positive,0.07178814884145299,0.08408571313739839,0.012297564295945404,0.07178814884145299,0.08408571313739839,0.8922670130637675,0.9079468648172765,337,338
2022-07-07,negative,-0.008729606364153236,-0.011804658093522779,-0.0030750517293695427,0.008844525890781739,0.01191633169176653,0.10384657328954705,0.09621270353321523,337,337
2022-07-08,positive,0.028837824991378647,0.04408839422504229,0.015250569233663646,0.028837824991378647,0.04408839422504229,0.8912713129925124,0.9087879287136487,338,338
2022-07-08,negative,-0.023677295505209816,-0.02874070077246037,-0.005063405267250555,0.023677295505209816,0.02874070077246037,0.10849186788923734,0.09176987226226198,337,338
2022-07-11,positive,0.007009339447852453,0.018693235197675143,0.01168389574982269,0.0071714910622404145,0.01882247792151004,0.8880418829235088,0.9121367948608866,336,336
2022-07-11,negative,-0.06532188133900846,-0.07115580157403438,-0.005833920235025922,0.06532188133900846,0.07115580157403438,0.10617460641995503,0.09396271164808985,335,336
2022-07-12,positive,0.03061904257092728,0.041239765294727934,0.010620722723800654,0.03061904257092728,0.041239765294727934,0.8959060531244679,0.9041535416311935,336,336
2022-07-12,negative,-0.033973355656591146,-0.04378611755935671,-0.009812761902765567,0.033973355656591146,0.04378611755935671,0.10818538416380555,0.09207700139054428,335,336
2022-07-13,positive,0.029201418082776414,0.037630017714362377,0.008428599631585963,0.029201418082776414,0.037630017714362377,0.8968494360366912,0.9033203709243195,334,335
2022-07-13,negative,-0.031411373709484255,-0.03434870692546481,-0.002937333215980553,0.031411373709484255,0.03434870692546481,0.1038589885738544,0.0962606644324274,334,334
2022-07-14,positive,0.016499611921376205,0.024085191245658836,0.0075855793242826305,0.016499611921376205,0.024085191245658836,0.8928907893182885,0.9071478777659333,333,334
2022-07-14,negative,-0.044843010438733184,-0.05249876927679519,-0.007655758838062007,0.044843010438733184,0.05249876927679519,0.10561627373395611,0.09462389438372627,333,333
2022-07-15,positive,0.05110619708868381,0.05362148033726163,0.002515283248577818,0.05110619708868381,0.05362148033726163,0.9003849008358932,0.8996752314551473,333,333
2022-07-15,negative,-0.010448158168462706,-0.017542493097787704,-0.007094334929324998,0.012398553269853846,0.01990110095803841,0.099360460482942,0.10087778698722775,332,333
2022-07-18,positive,0.033174982658198314,0.04001703917615374,0.006842056517955428,0.033174982658198314,0.04001703917615374,0.8930550463378066,0.9071859901189574,332,332
2022-07-18,negative,-0.03506065320487454,-0.037477767711709895,-0.0024171145068353564,0.03506065320487454,0.037477767711709895,0.09694162239017502,0.1031093339915855,331,332
2022-07-19,positive,0.06424099460346393,0.07741217018763424,0.013171175584170317,0.06424099460346393,0.07741217018763424,0.8919812508631265,0.9081389775708982,333,333
2022-07-19,negative,-0.0017326673689416303,-0.0003918015869937905,0.00134086578194784,0.01185297398890118,0.01126362997151471,0.09814370194936643,0.10203079544828868,332,333
2022-07-20,positive,0.05593592582076365,0.07183799479857814,0.015902068977814487,0.05593592582076365,0.07183799479857814,0.8889998106214323,0.9109672546798294,333,334
2022-07-20,negative,-0.015599111443402282,-0.021477560482893118,-0.005878449039490835,0.015599111443402282,0.021477560482893118,0.10946351757162567,0.09083678272867463,333,333
2022-07-21,positive,0.03445094499788521,0.045953333963111194,0.011502388965225985,0.03445094499788521,0.045953333963111194,0.8907681583994721,0.909384406976944,332,333
2022-07-21,negative,-0.026726931215089084,-0.03365482732005233,-0.006927896104963246,0.026726931215089084,0.03365482732005233,0.10489052206418209,0.09522985109260394,332,332
2022-07-22,positive,0.008588548428237546,0.019880066252598718,0.011291517824361172,0.008588548428237546,0.019880066252598718,0.8878051531219726,0.9123773286298523,329,329
2022-07-22,negative,-0.06435908550584496,-0.07061708758722182,-0.006258002081376862,0.06435908550584496,0.07061708758722182,0.10458160865823987,0.09555378681989958,328,329
2022-07-25,positive,0.0379660406219491,0.05132837034146742,0.013362329719518319,0.0379660406219491,0.05132837034146742,0.8973526144082281,0.902761030508123,328,329
2022-07-25,negative,-0.03162666521008976,-0.035703257791662266,-0.004076592581572502,0.03162666521008976,0.035703257791662266,0.10091166153891884,0.09927115381757108,328,328
2022-07-26,positive,0.02019972889171834,0.029636070662477858,0.009436341770759516,0.02019972889171834,0.029636070662477858,0.8904623996369098,0.9095703737073018,319,320
2022-07-26,negative,-0.05150345714707212,-0.06478873478113897,-0.013285277634066853,0.05150345714707212,0.06478873478113897,0.11071253496068978,0.0895381701474268,319,319
2022-07-27,positive,0.06027348346925323,0.06938698191825529,0.009113498449002062,0.06027348346925323,0.06938698191825529,0.8915796954853626,0.9086711668539287,319,319
2022-07-27,negative,-0.008032964246685504,-0.012212752514173605,-0.004179788267488101,0.009665992109980457,0.013689369780485282,0.10527244793916196,0.09480669739533723,318,319
2022-07-28,positive,0.04602073968270888,0.07525500007137013,0.029234260388661254,0.04602073968270888,0.07525500007137013,0.8788568961090952,0.9212686137748081,319,319
2022-07-28,negative,-0.02470851593827616,-0.03805798662822651,-0.013349470689950349,0.02470851593827616,0.03805798662822651,0.1096242991871459,0.0905938407696628,318,319
2022-07-29,positive,0.03587204487166543,0.05125408302240686,0.015382038150741427,0.03587204487166543,0.05125408302240686,0.8900820905719209,0.9101687717673704,319,319
2022-07-29,negative,-0.027244056658112012,-0.034675255021472604,-0.007431198363360592,0.027244056658112012,0.034675255021472604,0.10283137199216648,0.09724012106663679,318,319
2022-08-01,positive,0.027952523615404994,0.04467705677474872,0.01672453315934373,0.027952523615404994,0.04467705677474872,0.8883040016760946,0.9117848438217324,318,319
2022-08-01,negative,-0.03668070044075234,-0.03724803859172471,-0.0005673381509723671,0.03668070044075234,0.03724803859172471,0.09981114286730786,0.10037741778636908,318,318
2022-08-02,positive,0.044462743434813726,0.06525573098713092,0.02079298755231719,0.044462743434813726,0.06525573098713092,0.8862777690863581,0.9137848091364205,320,320
2022-08-02,negative,-0.029189300917348608,-0.04461937649391793,-0.015430075576569321,0.029189300917348608,0.04461937649391793,0.11651074422966011,0.08379077362327911,319,320
2022-08-03,positive,0.06092680285027344,0.09321995714812605,0.03229315429785261,0.06092680285027344,0.09321995714812605,0.8877829763597238,0.9124040560592288,321,321
2022-08-03,negative,-0.020629874909340436,-0.034596242650660275,-0.01396636774131984,0.020629874909340436,0.034596242650660275,0.11243570760598502,0.08772752697695013,320,321
2022-08-04,positive,0.0438838462682594,0.07068540741253837,0.026801561144278972,0.0438838462682594,0.07068540741253837,0.8847228184514517,0.9154166216835269,320,321
2022-08-04,negative,-0.036847064524249025,-0.06233405262142473,-0.025486988097175707,0.036847064524249025,0.06233405262142473,0.11910708710583828,0.0810177958164221,320,320
2022-08-05,positive,0.04348814030461976,0.07771083194153149,0.034222691636911724,0.04348814030461976,0.07771083194153149,0.8784881694688518,0.9217611293781411,321,321
2022-08-05,negative,-0.025836282761614843,-0.04552171842550972,-0.019685435663894878,0.025836282761614843,0.04552171842550972,0.11791397242131504,0.08220406197911055,320,321
2022-08-08,positive,0.04744911441066997,0.07722515310538935,0.029776038694719384,0.04744911441066997,0.07722515310538935,0.8864493735545619,0.9137570682611402,321,322
2022-08-08,negative,-0.021916502089730103,-0.02928898299053883,-0.007372480900808727,0.021916502089730103,0.02928898299053883,0.11012325360038927,0.08993897415318883,321,321
2022-08-09,positive,0.017801913620874892,0.040526697940361414,0.022724784319486522,0.017801913620874892,0.040526697940361414,0.8810012519288439,0.9189397457479539,321,322
2022-08-09,negative,-0.0655138400869313,-0.08676642725720161,-0.021252587170270315,0.0655138400869313,0.08676642725720161,0.11131685445599326,0.08899467202375753,321,321
2022-08-10,positive,0.07103619500571466,0.11015120877864679,0.039115013772932125,0.07103619500571466,0.11015120877864679,0.8823931859798602,0.917614276816794,323,324
2022-08-10,negative,-0.006563458535878567,-0.022078870355894085,-0.015515411820015519,0.00929300996351056,0.02422962361422742,0.11026884486873964,0.08997875649306783,323,323
2022-08-11,positive,0.0347956466132858,0.06240775825953156,0.02761211164624576,0.0347956466132858,0.06240775825953156,0.8804012345679012,0.9197840649997332,324,324
2022-08-11,negative,-0.03315647682880259,-0.05008539799796371,-0.016928921169161115,0.03315647682880259,0.05008539799796371,0.11451331613559569,0.08565482045768232,323,324
2022-08-12,positive,0.051681234938966154,0.07784161369750803,0.026160378758541873,0.051681234938966154,0.07784161369750803,0.8827904443970926,0.9174557852120181,325,325
2022-08-12,negative,-0.009383065062610755,-0.024279877021284098,-0.014896811958673343,0.01080561441225977,0.025433376047428083,0.11241065627030539,0.08768899306295429,324,325
2022-08-15,positive,0.028854635810241336,0.05226267273340028,0.023408036923158945,0.028854635810241336,0.05226267273340028,0.8852812488238173,0.9146737397046958,326,327
2022-08-15,negative,-0.02774627638435232,-0.0368925622996058,-0.009146285915253481,0.02774627638435232,0.0368925622996058,0.1095148481312808,0.09079190033497685,326,326
2022-08-16,positive,0.026410680043101053,0.056277835582987636,0.029867155539886583,0.026410680043101053,0.056277835582987636,0.8759581153989489,0.9241031215881915,327,327
2022-08-16,negative,-0.03675880120675501,-0.044979298102889725,-0.008220496896134716,0.03675880120675501,0.044979298102889725,0.10669887556869627,0.09356618369972527,326,327
2022-08-17,positive,0.010295687314341481,0.029201599339682,0.01890591202534052,0.010407246966670078,0.029266498266973518,0.887329704142012,0.9126314299197733,325,326
2022-08-17,negative,-0.053785397180266134,-0.0648354882613002,-0.011050091081034066,0.053785397180266134,0.0648354882613002,0.1081519468186135,0.09187313609467455,324,325
2022-08-18,positive,0.03163534415600823,0.054396102850720114,0.022760758694711884,0.03163534415600823,0.054396102850720114,0.8835504415559817,0.9166957880531289,325,325
2022-08-18,negative,-0.026532861449661646,-0.03809937376422066,-0.011566512314559012,0.026532861449661646,0.03809937376422066,0.10896610163051118,0.09112294907308757,324,325
2022-08-19,positive,0.0044863813500169575,0.01193624684128176,0.007449865491264803,0.005983232223278794,0.013654071857960066,0.8958269527083086,0.9041730472916915,325,325
2022-08-19,negative,-0.06351998028014168,-0.07569806493729159,-0.01217808465714991,0.06351998028014168,0.07569806493729159,0.10880889878065018,0.09152589783098258,324,325
2022-08-22,positive,0.0048511913149452334,0.019667307984405292,0.014816116669460058,0.007753340270489988,0.022297343622681647,0.8907499724001933,0.909406295215731,324,325
2022-08-22,negative,-0.05615717282226366,-0.060399186524171,-0.004242013701907341,0.05615717282226366,0.060399186524171,0.10216258760559306,0.09796075497843408,324,324
2022-08-23,positive,0.03679697960650712,0.048915322217715954,0.01211834261120883,0.03679697960650712,0.048915322217715954,0.8908923455737862,0.9093538840353245,325,325
2022-08-23,negative,-0.02577529567467142,-0.031129708065194016,-0.005354412390522596,0.02577529567467142,0.031129708065194016,0.10386339196485908,0.0962099580936146,324,325
2022-08-24,positive,0.043070916729577434,0.0568418722694915,0.013770955539914066,0.043070916729577434,0.0568418722694915,0.8945905859568739,0.9058220048936599,325,326
2022-08-24,negative,-0.015570067043900087,-0.02186907191251165,-0.006299004868611563,0.015570067043900087,0.02186907191251165,0.10777922108594505,0.09242857761762772,325,326
2022-08-25,positive,0.041700215957337104,0.05700977293677258,0.015309556979435479,0.041700215957337104,0.05700977293677258,0.8905121996438142,0.9095490373433259,327,327
2022-08-25,negative,-0.016161867376753864,-0.02006378127028195,-0.0039019138935280848,0.016337880278816202,0.0201957056978479,0.10362340755656908,0.09663224661089793,326,327
2022-08-26,positive,-0.004309465054427177,0.004089097641714839,0.008398562696142017,0.009249062220345057,0.017631666156113442,0.8988857291814777,0.9011758851130386,325,325
2022-08-26,negative,-0.06926247044244174,-0.07290994958880712,-0.0036474791463653733,0.06926247044244174,0.07290994958880712,0.10557248046978998,0.09469074363713921,324,325
2022-08-29,positive,0.01734667061184948,0.030948133035644275,0.013601462423794796,0.01734667061184948,0.030948133035644275,0.8918666788636944,0.9083803109479758,324,324
2022-08-29,negative,-0.03670353017941988,-0.038949392984451804,-0.0022458628050319243,0.03670353017941988,0.038949392984451804,0.09936751873691094,0.10069218132406359,323,324
2022-08-30,positive,0.010527967593251471,0.018115455720679026,0.0075874881274275545,0.010527967593251471,0.018115455720679026,0.8924939938535605,0.9057760092357198,327,327
2022-08-30,negative,-0.04958777409919371,-0.05748054392350222,-0.007892769824308511,0.04958777409919371,0.05748054392350222,0.10708659835818626,0.09312034462636871,323,324
2022-08-31,positive,0.027175722746973767,0.03323222754468398,0.006056504797710215,0.027175722746973767,0.03323222754468398,0.8994927411979882,0.900505698005698,324,325
2022-08-31,negative,-0.0306757222535635,-0.03550434122080118,-0.004828618967237679,0.0306757222535635,0.03550434122080118,0.10518118427069047,0.09512745770461818,324,324
2022-09-01,positive,0.023237976742478975,0.027561632998116002,0.0043236562556370275,0.023237976742478975,0.027561632998116002,0.9007762956483708,0.899409577957577,323,323
2022-09-01,negative,-0.04960061986978611,-0.060388209890799294,-0.010787590021013184,0.04960061986978611,0.060388209890799294,0.10930272383723168,0.09084980108263221,322,323
2022-09-02,positive,0.02539309567731581,0.024714484588277675,-0.0006786110890381336,0.02539309567731581,0.024714484588277675,0.9054718549271956,0.8946070821995361,322,323
2022-09-02,negative,-0.034955635570422035,-0.03611413603705045,-0.0011585004666284163,0.034955635570422035,0.03611413603705045,0.09730447123978703,0.10294389883161936,322,322
2022-09-06,positive,0.022476697753875983,0.03539375234139495,0.012917054587518965,0.022476697753875983,0.03539375234139495,0.8902985765804357,0.9099499478060199,322,322
2022-09-06,negative,-0.051304270127979563,-0.05040840786889768,0.0008958622590818852,0.051304270127979563,0.05040840786889768,0.09700193264485886,0.10305079120671325,321,322
2022-09-07,positive,0.058103473512538945,0.06605320544081661,0.007949731928277665,0.058103473512538945,0.06605320544081661,0.8949624395384657,0.9052240116734672,322,322
2022-09-07,negative,-0.014200344171667259,-0.01759349837835461,-0.003393154206687352,0.015199184044201336,0.018630797233887254,0.10324760062653804,0.09688659288397176,321,322
2022-09-08,positive,0.04260330858903456,0.058373959921405726,0.01577065133237117,0.04260330858903456,0.058373959921405726,0.8935540294345499,0.9066124034154723,321,322
2022-09-08,negative,-0.02062163051453098,-0.026134767181459524,-0.0055131366669285455,0.02062163051453098,0.026134767181459524,0.10414321491836609,0.0959812793237752,321,321
2022-09-09,positive,0.05347117431488413,0.06527005551122059,0.011798881196336458,0.05347117431488413,0.06527005551122059,0.8900886346977354,0.9098806799607715,322,323
2022-09-09,negative,-0.010886291637046873,-0.01138389977304884,-0.0004976081360019667,0.011918767460984747,0.012466091779150536,0.09975598935226263,0.10055456965394853,322,322
2022-09-12,positive,0.03945298155726883,0.05358351188699318,0.014130530329724347,0.03945298155726883,0.05358351188699318,0.8900913823939044,0.9100021851287484,321,322
2022-09-12,negative,-0.014218029461214561,-0.019255640307569405,-0.0050376108463548435,0.014218029461214561,0.019255640307569405,0.10197545807582935,0.09821134142603866,321,321
2022-09-13,positive,-0.0043255865270921245,0.008849763160993136,0.01317534968808526,0.013202416741327166,0.026472296189653254,0.8984589978111319,0.901728619449656,320,320
2022-09-13,negative,-0.07476572477496936,-0.08001858225046492,-0.005252857475495559,0.07476572477496936,0.08001858225046492,0.10686194937666763,0.09328437695434647,319,320
2022-09-14,positive,0.03591426659200355,0.045382649879371385,0.009468383287367835,0.03591426659200355,0.045382649879371385,0.8921048771902378,0.9079577010325407,320,320
2022-09-14,negative,-0.029482811943378564,-0.03531688739243699,-0.005834075449058427,0.029482811943378564,0.03531688739243699,0.10519271738576043,0.09507343163329161,319,320
2022-09-15,positive,0.023530144231930377,0.03237481587381932,0.00884467164188894,0.023530144231930377,0.03237481587381932,0.8918293719001112,0.9083588338715323,319,319
2022-09-15,negative,-0.03909519181090786,-0.04627985287331337,-0.007184661062405506,0.03909519181090786,0.04627985287331337,0.1048068424832114,0.09533349984070358,318,319
2022-09-16,positive,0.01627974538261117,0.01619658709845365,-8.315828415752027e-05,0.01627974538261117,0.01619658709845365,0.8977325876464091,0.9022602821260641,317,318
2022-09-16,negative,-0.06558504823920765,-0.06676980342146681,-0.0011847551822591618,0.06558504823920765,0.06676980342146681,0.09882026888515161,0.1014951885280976,317,317
2022-09-19,positive,0.032704469495768815,0.039864489427042335,0.00716001993127352,0.032704469495768815,0.039864489427042335,0.8910771246297562,0.9090201088659148,319,320
2022-09-19,negative,-0.032059761994426034,-0.0405107212226709,-0.008450959228244868,0.032059761994426034,0.0405107212226709,0.10611314728828343,0.09407482263652862,319,319
2022-09-20,positive,0.01007010150119592,0.019288896618588892,0.009218795117392972,0.010435746222954031,0.019564949692768355,0.8952205409872692,0.9048272511453683,318,319
2022-09-20,negative,-0.047523410608643,-0.05478781723014869,-0.007264406621505688,0.047523410608643,0.05478781723014869,0.10334207232803261,0.09690942091308655,318,318
2022-09-21,positive,0.007142566607947478,0.01182650368835878,0.004683937080411302,0.0073194926485519556,0.011989555112395094,0.89205407443442,0.9079839107953566,317,318
2022-09-21,negative,-0.046670594674370014,-0.054512668983203366,-0.007842074308833352,0.046670594674370014,0.054512668983203366,0.10723811115521481,0.09301417518978677,317,317
2022-09-22,positive,0.006731732505960538,0.01827713002211861,0.011545397516158074,0.008075644099747035,0.019202994156102424,0.8904437180943844,0.9097785815981845,316,317
2022-09-22,negative,-0.057563089330018226,-0.06376847987222171,-0.006205390542203489,0.057563089330018226,0.06376847987222171,0.1079690025444478,0.09209420858071021,316,316
2022-09-23,positive,0.007561628746387865,0.010733435277343956,0.0031718065309560917,0.009672234382244863,0.012784514203846381,0.8986003298682039,0.9015267753113321,315,315
2022-09-23,negative,-0.06413623110281276,-0.07430673947559238,-0.010170508372779621,0.06413623110281276,0.07430673947559238,0.10853325075544597,0.09168419406741618,314,315
2022-09-26,positive,0.016580168242690787,0.01886589137258719,0.0022857231298964026,0.016580168242690787,0.01886589137258719,0.8997526420442177,0.9048221829093884,307,308
2022-09-26,negative,-0.049576185751629885,-0.05746721264885635,-0.007891026897226462,0.049576185751629885,0.05746721264885635,0.10805118245914201,0.0921397787120865,314,314
2022-09-27,positive,0.04162419134976129,0.05308985976446514,0.011465668414703853,0.04162419134976129,0.05308985976446514,0.8974102982997519,0.9027802989048225,315,315
2022-09-27,negative,-0.026420319408733944,-0.029215030803373367,-0.0027947113946394236,0.026420319408733944,0.029215030803373367,0.10973047289149311,0.09042728061152458,314,315
2022-09-28,positive,0.06721007220544734,0.08420816790534655,0.016998095699899213,0.06721007220544734,0.08420816790534655,0.8908758780418413,0.9093773666558475,316,316
2022-09-28,negative,-0.002572907396986066,-0.0017330490831806698,0.0008398583138053963,0.01005706429062283,0.010695073168734403,0.0957199636211982,0.10432970295839494,315,316
2022-09-29,positive,0.00517012051902995,0.012178095752982827,0.007007975233952877,0.007697597384505063,0.014683246286312405,0.8959013623455949,0.9042257428339413,315,315
2022-09-29,negative,-0.06628815383526651,-0.07558750320182282,-0.009299349366556312,0.06628815383526651,0.07558750320182282,0.10680377024726813,0.09340818416128235,314,315
2022-09-30,positive,0.026303013744735867,0.031833346520710064,0.005530332775974197,0.026303013744735867,0.031833346520710064,0.8972317101829793,0.9030135506280544,314,315
2022-09-30,negative,-0.03502659973174375,-0.04127549130534814,-0.006248891573604393,0.03502659973174375,0.04127549130534814,0.1030306437496961,0.09703296948185607,314,314
2022-10-03,positive,0.05979957649025936,0.07055797140337443,0.010758394913115067,0.05979957649025936,0.07055797140337443,0.8924792874480934,0.9075207125519069,316,316
2022-10-03,negative,-0.011928431313775112,-0.01617889977775061,-0.004250468463975499,0.014059240112806903,0.0185454364606699,0.10127185369657635,0.09904862685309636,315,316
2022-10-04,positive,0.08408715592011573,0.10050605925286694,0.016418903332751214,0.08408715592011573,0.10050605925286694,0.8924263377611372,0.907738643864208,317,318
2022-10-04,negative,0.00430365585035658,-0.004108003991203002,-0.008411659841559583,0.012007672600813984,0.02091603253192871,0.10035582164576708,0.09977024201638231,317,317
2022-10-05,positive,0.020411072156280814,0.033430734609365416,0.013019662453084602,0.020411072156280814,0.033430734609365416,0.889334052353758,0.910821695251982,316,317
2022-10-05,negative,-0.038339502556873094,-0.043204006537409946,-0.004864503980536852,0.038339502556873094,0.043204006537409946,0.10909267359540895,0.091033788624003,316,316
2022-10-06,positive,0.020545496386067914,0.03915374055363822,0.018608244167570304,0.020545496386067914,0.03915374055363822,0.8856361210856787,0.9143638789143212,316,316
2022-10-06,negative,-0.03714543405262604,-0.04294838667757503,-0.0058029526249489885,0.03714543405262604,0.04294838667757503,0.1098508288682615,0.09049680033701779,315,316
2022-10-07,positive,0.0009325216326741548,0.006751778202524327,0.005819256569850172,0.006694763215605283,0.012172222351993299,0.8954709457086064,0.9046565646516105,314,314
2022-10-07,negative,-0.06987939263236169,-0.074776069863166,-0.004896677230804308,0.06987939263236169,0.074776069863166,0.10390923136306743,0.09629417939570648,313,314
2022-10-10,positive,0.021009573352526123,0.030157910655838383,0.00914833730331226,0.021009573352526123,0.030157910655838383,0.8912419169329072,0.9087580830670927,313,313
2022-10-10,negative,-0.050333963227589255,-0.055127527405256484,-0.004793564177667228,0.050333963227589255,0.055127527405256484,0.10688102564102564,0.09346044728434505,312,313
2022-10-11,positive,0.02938766148796434,0.04084679316829244,0.0114591316803281,0.02938766148796434,0.04084679316829244,0.8944047580137764,0.9057870578430011,313,313
2022-10-11,negative,-0.035346380328482065,-0.044464034435021005,-0.00911765410653894,0.035346380328482065,0.044464034435021005,0.11121733392353597,0.08894617716512915,312,313
2022-10-12,positive,0.02508252488272951,0.03888165944803498,0.013799134565305474,0.02508252488272951,0.03888165944803498,0.8916261249109838,0.9084112207304108,311,312
2022-10-12,negative,-0.03234314753718788,-0.038720847630331255,-0.006377700093143375,0.03234314753718788,0.038720847630331255,0.10861262959667024,0.09164452244447407,311,311
2022-10-13,positive,0.05381253780190944,0.05872646035097841,0.004913922549068965,0.05381253780190944,0.05872646035097841,0.8946823736878762,0.9054463678634594,311,311
2022-10-13,negative,-0.010483567921172469,-0.016702000291189047,-0.006218432370016578,0.0114401250329154,0.017385842644342286,0.10760665303113676,0.09261060751730611,310,311
2022-10-14,positive,0.0028533383495197603,0.013048182753168372,0.01019484440364861,0.005852494211209617,0.016056443455546594,0.8958073887419565,0.9043862845956809,310,310
2022-10-14,negative,-0.062427786655584905,-0.07011864000450453,-0.007690853348919627,0.062427786655584905,0.07011864000450453,0.11030500939117209,0.08985713988212998,309,310
2022-10-17,positive,0.06244133789741672,0.0731658674952069,0.010724529597790182,0.06244133789741672,0.0731658674952069,0.8939124784749028,0.906263259817449,306,307
2022-10-17,negative,-0.004824758227415074,-0.006828827027413069,-0.0020040687999979953,0.012226878783932596,0.015183631849326695,0.09840997014759761,0.10172062077633318,306,306
2022-10-18,positive,0.038388150934314906,0.04859203170145632,0.010203880767141411,0.038388150934314906,0.04859203170145632,0.8901279867488036,0.9099702776708075,306,307
2022-10-18,negative,-0.015649553008520927,-0.023587885131686834,-0.007938332123165907,0.015649553008520927,0.023587885131686834,0.10471497547418707,0.09548097488505526,306,306
2022-10-19,positive,0.014579021598567497,0.02829618808740216,0.013717166488834661,0.014579021598567497,0.02829618808740216,0.8874602277315675,0.9125397722684326,305,305
2022-10-19,negative,-0.05772420803226725,-0.07064112115500837,-0.012916913122741118,0.05772420803226725,0.07064112115500837,0.1117972733558033,0.08856927508142884,304,305
2022-10-20,positive,0.01989700409827805,0.028272550310635195,0.008375546212357147,0.01989700409827805,0.028272550310635195,0.8894699558976669,0.9106929043677444,303,304
2022-10-20,negative,-0.0387329984343322,-0.04509237074386571,-0.006359372309533512,0.0387329984343322,0.04509237074386571,0.11315137448462949,0.08698050813983475,303,303
2022-10-21,positive,0.04812090718475084,0.05767213658862628,0.009551229403875441,0.04812090718475084,0.05767213658862628,0.8867387449004869,0.9132835825787147,302,303
2022-10-21,negative,-0.009947426690470516,-0.025209828766477444,-0.015262402076006928,0.01071388409226145,0.02600956721310901,0.11083727374164512,0.08942753923419068,302,302
2022-10-24,positive,0.028002323390573854,0.03874854666769311,0.010746223277119257,0.028002323390573854,0.03874854666769311,0.8857588446607056,0.9143074683366417,302,302
2022-10-24,negative,-0.03174712782957479,-0.039193228328690995,-0.007446100499116204,0.03174712782957479,0.039193228328690995,0.1072045436520176,0.09308412528325749,301,302
2022-10-25,positive,0.07124036121598919,0.08819966356988107,0.016959302353891884,0.07124036121598919,0.08819966356988107,0.8884994079207053,0.9114626363298581,302,303
2022-10-25,negative,-0.004632284072037475,-0.012654709351949992,-0.008022425279912516,0.008337712204777786,0.01536929848468829,0.11109929389061884,0.08923183193719574,302,302
2022-10-26,positive,0.03295321486607785,0.04363686616679505,0.010683651300717203,0.03295321486607785,0.04363686616679505,0.8911653052562282,0.9090321930979521,304,304
2022-10-26,negative,-0.026344213511311616,-0.037357761856559764,-0.011013548345248148,0.026344213511311616,0.037357761856559764,0.11186793465389988,0.08830255361907072,303,304
2022-10-27,positive,0.02508857693903164,0.04354718430440161,0.018458607365369972,0.02508857693903164,0.04354718430440161,0.8810825691866911,0.919052700990855,303,304
2022-10-27,negative,-0.033908721132595375,-0.051561879275169004,-0.01765315814257363,0.033908721132595375,0.051561879275169004,0.11230153678077999,0.08783034584368427,303,303
2022-10-28,positive,0.05169601024570229,0.06263082174736578,0.010934811501663491,0.05169601024570229,0.06263082174736578,0.8917234724047306,0.9085117726890847,304,305
2022-10-28,negative,-0.010485863100864313,-0.023174372335601833,-0.01268850923473752,0.011207846704256397,0.023713929446148637,0.11253209506189917,0.08753360796043985,304,304
2022-10-31,positive,0.028213019186110026,0.04004175682355822,0.011828737637448194,0.028213019186110026,0.04004175682355822,0.8916468779196511,0.9084570116726485,304,305
2022-10-31,negative,-0.030170050621225703,-0.03136604975342099,-0.0011959991321952891,0.030170050621225703,0.03136604975342099,0.10208938890619051,0.09810784975258659,304,304
2022-11-01,positive,0.03195954942191851,0.04270397245295743,0.010744423031038917,0.03195954942191851,0.04270397245295743,0.8898096105807071,0.910255834445471,306,306
2022-11-01,negative,-0.026429100953091623,-0.03793398512387261,-0.011504884170780987,0.026429100953091623,0.03793398512387261,0.10842899751094329,0.09185990059199946,305,306
2022-11-02,positive,0.00028721938644626433,0.017658175015085126,0.01737095562863886,0.006997405169877434,0.021704540918780407,0.8825238998285447,0.9177393446597738,304,304
2022-11-02,negative,-0.06965330734249822,-0.09252965432601208,-0.02287634698351386,0.06965330734249822,0.09252965432601208,0.11455805007944034,0.08555554112329194,303,304
2022-11-03,positive,0.03153308083851021,0.06420480877077372,0.032671727932263514,0.03153308083851021,0.06420480877077372,0.8821964092603851,0.9179348674051876,305,305
2022-11-03,negative,-0.04141221724824095,-0.06879330796828305,-0.0273810907200421,0.04141221724824095,0.06879330796828305,0.12060395902786175,0.07966018712305035,304,305
2022-11-04,positive,0.05067335639097803,0.07816611689121714,0.027492760500239105,0.05067335639097803,0.07816611689121714,0.8778156332340964,0.9222498117920814,306,306
2022-11-04,negative,-0.03400271066509546,-0.06778266279566605,-0.03377995213057059,0.03400271066509546,0.06778266279566605,0.1156258046519612,0.08468661242856654,305,306
2022-11-07,positive,0.03842676069634053,0.059393319908399314,0.020966559212058783,0.03842676069634053,0.059393319908399314,0.8853059875782774,0.9147594574479007,306,306
2022-11-07,negative,-0.030035106572504484,-0.045664097180407974,-0.01562899060790349,0.030035106572504484,0.045664097180407974,0.1160238391554373,0.08428987869144167,305,306
2022-11-08,positive,0.03152823295530004,0.05477345291786422,0.023245219962564186,0.03152823295530004,0.05477345291786422,0.8826125415841394,0.917648981789512,306,306
2022-11-08,negative,-0.029365033627027724,-0.0543223737720837,-0.02495734014505598,0.029365033627027724,0.0543223737720837,0.11817105129180755,0.0819536052407233,305,306
2022-11-09,positive,0.005470436011273712,0.02704737211942453,0.021576936108150816,0.006840931539429911,0.02794156955174229,0.8810657352292176,0.9189999246525945,305,305
2022-11-09,negative,-0.0719733850664477,-0.10146841077470091,-0.029495025708253214,0.0719733850664477,0.10146841077470091,0.1204173074264782,0.07991184353573082,304,305
2022-11-10,positive,0.12977966109916816,0.16677195355813468,0.036992292458966514,0.12977966109916816,0.16677195355813468,0.8824310236399934,0.9176989731100879,308,308
2022-11-10,negative,0.006653676532048684,-0.005827025997308899,-0.012480702529357582,0.015083221588425505,0.024390107373733164,0.10700701537836149,0.09321041324616235,307,308
2022-11-11,positive,0.06847506436134841,0.09508557652281058,0.026610512161462166,0.06847506436134841,0.09508557652281058,0.8808655650460332,0.9193308588944265,309,310
2022-11-11,negative,-0.02603302594007199,-0.041279696800267725,-0.015246670860195734,0.02603302594007199,0.041279696800267725,0.11815017269043539,0.08191446855067643,309,309
2022-11-14,positive,0.018552704601754497,0.03342843310644243,0.014875728504687935,0.018552704601754497,0.03342843310644243,0.8869693849961524,0.9131174576717437,310,311
2022-11-14,negative,-0.04811089009535756,-0.05828947270045876,-0.010178582605101204,0.04811089009535756,0.05828947270045876,0.111475946839708,0.08871747675797091,310,310
2022-11-15,positive,0.04607413860878725,0.06167363894422813,0.015599500335440879,0.04607413860878725,0.06167363894422813,0.8854870053645726,0.9147703121008502,311,311
2022-11-15,negative,-0.019249026436510944,-0.03096262030819684,-0.011713593871685895,0.019249026436510944,0.03096262030819684,0.107350148891356,0.09273771097084597,310,311
2022-11-16,positive,0.009018556270350406,0.01828523810661462,0.009266681836264213,0.009018556270350406,0.01828523810661462,0.8850056264066016,0.9150589730766024,310,310
2022-11-16,negative,-0.06038649823039664,-0.07243044990948248,-0.01204395167908584,0.06038649823039664,0.07243044990948248,0.10983375563416205,0.09045594732016339,309,310
2022-11-17,positive,0.017730478584209737,0.0273032196291423,0.009572741044932564,0.017730478584209737,0.0273032196291423,0.8880276692749218,0.912062867754455,309,310
2022-11-17,negative,-0.03951846865382073,-0.05527292381684815,-0.015754455163027425,0.03951846865382073,0.05527292381684815,0.11226434644996795,0.08792970270915235,309,309
2022-11-18,positive,0.028941978033702482,0.039056037726343903,0.010114059692641422,0.028941978033702482,0.039056037726343903,0.8897402936193886,0.9105186898704137,309,309
2022-11-18,negative,-0.030658971471294563,-0.038515272833029676,-0.007856301361735114,0.030658971471294563,0.038515272833029676,0.107326268745822,0.09276208196743639,308,309
2022-11-21,positive,0.018506495106196858,0.03287953451580851,0.01437303940961165,0.018506495106196858,0.03287953451580851,0.8875721655590885,0.9125574100806914,309,309
2022-11-21,negative,-0.04233976488760609,-0.04721269144373361,-0.004872926556127526,0.04233976488760609,0.04721269144373361,0.10628883588067263,0.09392556529469548,308,309
2022-11-22,positive,0.03793624290792782,0.052872011728777146,0.014935768820849328,0.03793624290792782,0.052872011728777146,0.8876205117515243,0.9123794882484757,310,310
2022-11-22,negative,-0.016914374461879263,-0.024289172420482688,-0.007374797958603425,0.016914374461879263,0.024289172420482688,0.10615043576914432,0.09419198499140133,309,310
2022-11-23,positive,0.03315832141556875,0.04614819248118804,0.012989871065619288,0.03315832141556875,0.04614819248118804,0.8904336988510804,0.9095354421129555,309,310
2022-11-23,negative,-0.019400883560364932,-0.02348933108162552,-0.004088447521260589,0.019400883560364932,0.02348933108162552,0.10685319592379636,0.09347042867167289,309,309
2022-11-25,positive,0.02081386789444144,0.029568025031586533,0.008754157137145092,0.02081386789444144,0.029568025031586533,0.8888361050112522,0.9112287038027463,309,309
2022-11-25,negative,-0.01553145201958771,-0.020100562236156735,-0.004569110216569026,0.01553145201958771,0.020100562236156735,0.10796717054818157,0.09231742895674588,308,309
2022-11-28,positive,0.004492681464410662,0.01534330930573221,0.010850627841321549,0.006817041109734433,0.017468434255711533,0.8924699839200518,0.9077004999556254,307,308
2022-11-28,negative,-0.04917701095019204,-0.055423225452176164,-0.006246214501984121,0.04917701095019204,0.055423225452176164,0.10651932190741895,0.0936108440541821,307,307
2022-11-29,positive,0.030024878563233996,0.040167792371967964,0.010142913808733969,0.030024878563233996,0.040167792371967964,0.8909404278728995,0.9092250899117152,307,308
2022-11-29,negative,-0.023515730891287775,-0.028251051570297756,-0.004735320679009981,0.023515730891287775,0.028251051570297756,0.10478147912203696,0.09534868683956409,307,307
2022-11-30,positive,0.06763753598517694,0.0727461762629376,0.005108640277760659,0.06763753598517694,0.0727461762629376,0.9024965684721783,0.8975034315278217,308,308
2022-11-30,negative,-0.005292451596180985,-0.015144605050021142,-0.009852153453840157,0.010288604789027921,0.020460421847798078,0.10440719260612802,0.09593179178545032,307,308
2022-12-01,positive,0.030739818950901623,0.04850143277005062,0.017761613819148994,0.030739818950901623,0.04850143277005062,0.8838932806324111,0.9161841699060628,308,309
2022-12-01,negative,-0.030160780943074703,-0.041157933678881355,-0.010997152735806651,0.030160780943074703,0.041157933678881355,0.10619053237482828,0.09400414640518469,308,308
2022-12-02,positive,0.03383072072977495,0.04949218112567842,0.015661460395903472,0.03383072072977495,0.04949218112567842,0.8875445612142564,0.9125447057662299,308,309
2022-12-02,negative,-0.021661460141187097,-0.026746820317342292,-0.005085360176155195,0.021661460141187097,0.026746820317342292,0.10808201370336348,0.0921126650766495,308,308
2022-12-05,positive,0.0032441594029991544,0.014421975803271156,0.011177816400272001,0.006918427425723032,0.017065876315732455,0.8872319663458903,0.9127915221069947,308,309
2022-12-05,negative,-0.06007061288269249,-0.06609068870893069,-0.006020075826238196,0.06007061288269249,0.06609068870893069,0.10699479845049464,0.09326485750536383,308,308
2022-12-06,positive,0.010952636485973307,0.01875328555409255,0.007800649068119244,0.010952636485973307,0.01875328555409255,0.8932911755031883,0.9066870425990948,307,308
2022-12-06,negative,-0.05306911157857457,-0.05722510389209776,-0.004155992313523191,0.05306911157857457,0.05722510389209776,0.10160266952434509,0.09872306337467772,307,307
2022-12-07,positive,0.022754679846125028,0.035084562343068434,0.012329882496943407,0.022754679846125028,0.035084562343068434,0.8920302260865105,0.9081659805845164,306,306
2022-12-07,negative,-0.03389667079370555,-0.0505424586306729,-0.016645787836967352,0.03389667079370555,0.0505424586306729,0.10936913658343073,0.09079207222457328,305,306
2022-12-08,positive,0.03694360957553333,0.05442235774689283,0.0174787481713595,0.03694360957553333,0.05442235774689283,0.8887624589502795,0.911396504034175,306,307
2022-12-08,negative,-0.020645443757735478,-0.031576359980089015,-0.010930916222353537,0.020645443757735478,0.031576359980089015,0.11146266102479734,0.08866792989913345,306,306
2022-12-09,positive,0.015815811801966857,0.0214713864269308,0.005655574624963942,0.015815811801966857,0.0214713864269308,0.8917440885603806,0.9083213564657976,306,306
2022-12-09,negative,-0.04196903837436121,-0.044748812383132046,-0.002779774008770837,0.04196903837436121,0.044748812383132046,0.1020218221611879,0.09824613746021969,305,306
2022-12-12,positive,0.04308857297445547,0.057602172877055706,0.014513599902600233,0.04308857297445547,0.057602172877055706,0.8878326215505914,0.9123898666551776,304,305
2022-12-12,negative,-0.021392630752002952,-0.025643426529980317,-0.004250795777977365,0.021392630752002952,0.025643426529980317,0.10387885572999515,0.09618684729234386,304,304
2022-12-13,positive,0.038502591003999144,0.047223324595101215,0.008720733591102071,0.038502591003999144,0.047223324595101215,0.8932861442136396,0.9068886937502358,304,305
2022-12-13,negative,-0.025475746300539434,-0.031516128648900965,-0.006040382348361531,0.025475746300539434,0.031516128648900965,0.10484048809173772,0.09529096113599807,304,304
2022-12-14,positive,0.020946729034772873,0.0319980342320492,0.011051305197276328,0.020946729034772873,0.0319980342320492,0.8905983364924583,0.9095671459980433,305,306
2022-12-14,negative,-0.033578153009109664,-0.037258558626700106,-0.0036804056175904418,0.033578153009109664,0.037258558626700106,0.10474298325216261,0.09538803541799788,305,305
2022-12-15,positive,0.06528192444972501,0.011524722443705742,-0.05375720200601927,0.06789155715929832,0.014276897286862263,0.8975560431995181,0.9026408071941827,305,305
2022-12-15,negative,-0.057328686466679955,-0.05986547339714377,-0.0025367869304638163,0.057328686466679955,0.05986547339714377,0.10362327755905514,0.0965196204982574,304,305
2022-12-16,positive,0.023963767800603934,0.03357511078246839,0.009611342981864453,0.023963767800603934,0.03357511078246839,0.8995494404759845,0.9006459328854721,304,305
2022-12-16,negative,-0.03942481970608663,-0.038455903384036386,0.0009689163220502478,0.03942481970608663,0.038455903384036386,0.10107699724994379,0.099054451977792,304,304
2022-12-19,positive,0.01564936995622433,0.03197367025835147,0.01632430030212714,0.01564936995622433,0.03197367025835147,0.8929946951529686,0.9072015115180583,306,306
2022-12-19,negative,-0.060571906441041906,-0.0650679565295487,-0.0044960500885068005,0.060571906441041906,0.0650679565295487,0.10466124864638841,0.09548457490691938,305,306
2022-12-20,positive,0.03187198228036062,0.04254445818021542,0.010672475899854802,0.03187198228036062,0.04254445818021542,0.8890195438488712,0.9112053605599544,306,307
2022-12-20,negative,-0.025645637959264063,-0.031184302707193644,-0.0055386647479295815,0.025645637959264063,0.031184302707193644,0.10597770439768597,0.09408756975375006,306,306
2022-12-21,positive,0.041212015995581115,0.05446001737066255,0.013248001375081433,0.041212015995581115,0.05446001737066255,0.8920518054915612,0.9081829759910189,306,307
2022-12-21,negative,-0.00896007008771441,-0.021719953632374205,-0.012759883544659796,0.009479129126661337,0.021953863604047053,0.11403351593030599,0.08603175822113006,306,306
2022-12-22,positive,0.013706067473589678,0.017577233530575557,0.0038711660569858784,0.013706067473589678,0.017577233530575557,0.8931314162859448,0.9068461373620488,305,306
2022-12-22,negative,-0.04312265589468722,-0.04959605909759685,-0.006473403202909629,0.04312265589468722,0.04959605909759685,0.11146842246707873,0.08885944638538029,305,305
2022-12-23,positive,0.026970052665808656,0.03716175511863587,0.010191702452827214,0.026970052665808656,0.03716175511863587,0.8848047222809411,0.9152110134113419,306,307
2022-12-23,negative,-0.0226820712071122,-0.03825762863548004,-0.015575557428367838,0.0226820712071122,0.03825762863548004,0.11271413716308697,0.08754721533609632,306,306
2022-12-27,positive,0.015324738368684414,0.02641471628494308,0.011089977916258667,0.015324738368684414,0.02641471628494308,0.8829768692445441,0.9170231307554559,307,307
2022-12-27,negative,-0.04402079173659301,-0.05644967047887145,-0.012428878742278437,0.04402079173659301,0.05644967047887145,0.1125563765473563,0.08781025660100643,306,307
2022-12-28,positive,0.016770607724032348,0.022177260300948767,0.005406652576916419,0.01700978692825433,0.022375483463792194,0.892874131811123,0.9073633282588175,306,307
2022-12-28,negative,-0.03888872254537185,-0.045141669464361926,-0.006252946918990074,0.03888872254537185,0.045141669464361926,0.10958858086315466,0.09047669328828137,306,306
2022-12-29,positive,0.06152620681558899,0.08228003938866273,0.020753832573073734,0.06152620681558899,0.08228003938866273,0.8840344208636892,0.9159655791363108,308,308
2022-12-29,negative,0.0006290564674200081,-0.004277668575483563,-0.004906725042903571,0.006521718898966449,0.009928634335911256,0.10872010804798601,0.09163287931580615,307,308
2022-12-30,positive,0.026341345618167204,0.03985454546191209,0.013513199843744887,0.026341345618167204,0.03985454546191209,0.8889470302320847,0.9111470804586039,307,308
2022-12-30,negative,-0.01821119629189101,-0.02137341880855538,-0.0031622225166643703,0.01821119629189101,0.02137341880855538,0.11089763165038004,0.08929768084961999,307,307
2023-01-03,positive,0.03207720941193946,0.03756214842220173,0.005484939010262271,0.03207720941193946,0.03756214842220173,0.8919274627811214,0.9080725372188787,308,308
2023-01-03,negative,-0.0470843761050564,-0.05291747507571586,-0.005833098970659464,0.0470843761050564,0.05291747507571586,0.10546860517465108,0.09487382536163023,307,308
2023-01-04,positive,0.05527261136824419,0.06914762856819243,0.013875017199948235,0.05527261136824419,0.06914762856819243,0.8915333431877913,0.9085962324519884,309,309
2023-01-04,negative,-0.015182064011267262,-0.026334666492901095,-0.011152602481633833,0.015182064011267262,0.026334666492901095,0.11223017345466325,0.08800345535039414,308,309
2023-01-05,positive,0.019960379922890965,0.031143574599390392,0.011183194676499426,0.019960379922890965,0.031143574599390392,0.892402162810647,0.9076626460033516,309,309
2023-01-05,negative,-0.04866927762712161,-0.05588745694202813,-0.007218179314906523,0.04866927762712161,0.05588745694202813,0.11003979008677647,0.09025151692474837,308,309
2023-01-06,positive,0.04857407384919341,0.06277767526473654,0.014203601415543131,0.04857407384919341,0.06277767526473654,0.8891841219911049,0.9109450352578458,310,310
2023-01-06,negative,-0.015213509842516858,-0.02128199772870723,-0.006068487886190372,0.01645120579954101,0.022159934552711553,0.1066660187904988,0.09354890789213285,309,310
2023-01-09,positive,0.040678297926708344,0.06818727013291993,0.02750897220621159,0.040678297926708344,0.06818727013291993,0.8828362631464092,0.9174210543190138,311,311
2023-01-09,negative,-0.028686111013984012,-0.0409681696054747,-0.012282058591490685,0.028686111013984012,0.0409681696054747,0.11356727087851089,0.08654057972963049,310,311
2023-01-10,positive,0.04602889726371903,0.06777792903336884,0.021749031769649804,0.04602889726371903,0.06777792903336884,0.8869009584664538,0.9130990415335462,313,313
2023-01-10,negative,-0.015795959537063125,-0.020646949030158703,-0.004850989493095578,0.015795959537063125,0.020646949030158703,0.10736153846153847,0.0929814696485623,312,313
2023-01-11,positive,0.043736852889882535,0.06547796332294893,0.021741110433066396,0.043736852889882535,0.06547796332294893,0.8859177824269918,0.9143378903119023,313,313
2023-01-11,negative,-0.020421629803241893,-0.022774729615869238,-0.0023530998126273447,0.020421629803241893,0.022774729615869238,0.10120737763355213,0.09886029588197397,312,313
2023-01-12,positive,0.04782370856180848,0.06727407033448549,0.019450361772677005,0.04782370856180848,0.06727407033448549,0.8901344056406301,0.9099616858237549,313,314
2023-01-12,negative,-0.014716033416056458,-0.02081822481765702,-0.006102191401600563,0.014716033416056458,0.02081822481765702,0.10741434394623774,0.0927772269349883,313,313
2023-01-13,positive,0.03388632911850734,0.04645714534522263,0.012570816226715284,0.03388632911850734,0.04645714534522263,0.8897248438258685,0.9103699433015268,313,314
2023-01-13,negative,-0.019670446210480724,-0.023303218257694436,-0.0036327720472137115,0.019670446210480724,0.023303218257694436,0.10927649859841111,0.09091507228281492,313,313
2023-01-17,positive,0.028843881051308144,0.04267456590561239,0.013830684854304245,0.028843881051308144,0.04267456590561239,0.8863545744619015,0.9137931735521397,313,314
2023-01-17,negative,-0.029595148041199348,-0.034517787395422425,-0.0049226393542230774,0.029595148041199348,0.034517787395422425,0.10599880280921734,0.09412887034750143,313,313
2023-01-18,positive,0.011301319262553703,0.018523765365806865,0.007222446103253162,0.011301319262553703,0.018523765365806865,0.8912477318817377,0.9069982003672225,315,316
2023-01-18,negative,-0.04886852218310185,-0.057012947328685254,-0.008144425145583403,0.04886852218310185,0.057012947328685254,0.10173844593873413,0.09838963603372826,312,312
2023-01-19,positive,0.01760892727856214,0.02543207931311697,0.007823152034554831,0.01760892727856214,0.02543207931311697,0.8926802191011824,0.9072961687023696,309,310
2023-01-19,negative,-0.04155323481347756,-0.04698966822144672,-0.005436433407969163,0.04155323481347756,0.04698966822144672,0.10527382411160335,0.0950498004838659,309,309
2023-01-20,positive,0.05216465100858146,0.06525002312192343,0.013085372113341973,0.05216465100858146,0.06525002312192343,0.8936481221754713,0.906652997188437,310,311
2023-01-20,negative,-0.009150969751316507,-0.010933366473760982,-0.0017823967224444744,0.01010385993503416,0.011766533317109269,0.10401485637109761,0.09631959654327892,310,311
2023-01-23,positive,0.04710120642195363,0.06366655527917511,0.016565348857221482,0.04710120642195363,0.06366655527917511,0.8888454494842187,0.9113112299949756,311,312
2023-01-23,negative,-0.017098392805864882,-0.019075417486735954,-0.001977024680871072,0.017098392805864882,0.019075417486735954,0.09882166167601272,0.10130683173869977,311,311
2023-01-24,positive,0.02333756319509294,0.03526778778132428,0.011930224586231337,0.02333756319509294,0.03526778778132428,0.8864105764924776,0.9138467409729454,311,311
2023-01-24,negative,-0.031293095322924895,-0.03949140018054223,-0.008198304857617335,0.031293095322924895,0.03949140018054223,0.1068168376928584,0.09326930734233876,310,311
2023-01-25,positive,0.027809296196474858,0.0398622660038477,0.012052969807372842,0.027809296196474858,0.0398622660038477,0.8866745587824775,0.9132827314700305,311,312
2023-01-25,negative,-0.02452550974856344,-0.03205820425640465,-0.007532694507841206,0.02452550974856344,0.03205820425640465,0.10801325461895554,0.09230828878940457,311,311
2023-01-26,positive,0.03257685073840203,0.047955634051976906,0.015378783313574874,0.03257685073840203,0.047955634051976906,0.8832519039571469,0.9168768375941889,311,311
2023-01-26,negative,-0.023104517241520774,-0.032929629601564786,-0.009825112360044012,0.023104517241520774,0.032929629601564786,0.10690532304785241,0.09330968242025837,310,311
2023-01-27,positive,0.04131136234782026,0.05620934164189599,0.014897979294075728,0.04131136234782026,0.05620934164189599,0.8874772897296143,0.9127792027359195,312,312
2023-01-27,negative,-0.024045620884796105,-0.029878724304941758,-0.005833103420145654,0.024045620884796105,0.029878724304941758,0.10542376410940515,0.09465764010489884,311,312
2023-01-30,positive,0.012501823219213795,0.01971351011517821,0.007211686895964416,0.012501823219213795,0.01971351011517821,0.8904012787597512,0.9096629060926238,312,312
2023-01-30,negative,-0.04553859954851762,-0.052048045626716666,-0.0065094460781990465,0.04553859954851762,0.052048045626716666,0.10462337319260823,0.09564777327935223,311,312
2023-01-31,positive,0.050030953635549796,0.08284475491846763,0.03281380128291783,0.050030953635549796,0.08284475491846763,0.8923663385446825,0.9076336614553175,314,314
2023-01-31,negative,-0.008352969260526057,-0.008197369291318656,0.00015559996920740116,0.011980594984497111,0.01242582636895253,0.09678931572323199,0.10351893050518596,313,314
2023-02-01,positive,0.04957501134432665,0.06440165966543002,0.014826648321103364,0.04957501134432665,0.06440165966543002,0.8911495984139276,0.9089494104452728,314,315
2023-02-01,negative,-0.017024064963986358,-0.021655718971828386,-0.004631654007842028,0.017024064963986358,0.021655718971828386,0.11045897578320434,0.08973198538802417,314,314
2023-02-02,positive,0.06283679662046035,0.08299431072706778,0.020157514106607433,0.06283679662046035,0.08299431072706778,0.8842559788308954,0.9158206581706663,316,317
2023-02-02,negative,-0.021684743216828943,-0.034636038913583266,-0.012951295696754322,0.021684743216828943,0.034636038913583266,0.10940790158448026,0.09078185173620286,316,316
2023-02-03,positive,0.021039789721098753,0.04014596000677506,0.019106170285676308,0.021039789721098753,0.04014596000677506,0.8871871548129647,0.9127725532210385,317,318
2023-02-03,negative,-0.043828309612876246,-0.05284865270017798,-0.009020343087301735,0.043828309612876246,0.05284865270017798,0.10491048771507332,0.09540496969817593,317,317
2023-02-06,positive,0.013922426507359306,0.02761564797148635,0.013693221464127044,0.013922426507359306,0.02761564797148635,0.8868973534979209,0.9132507073606397,316,317
2023-02-06,negative,-0.04288611242809662,-0.05057752847064418,-0.007691416042547562,0.04288611242809662,0.05057752847064418,0.10837482041164254,0.09175164180776942,316,316
2023-02-07,positive,0.03439227895370334,0.048807593199281955,0.014415314245578618,0.03439227895370334,0.048807593199281955,0.8869168630966435,0.9132312593063928,316,317
2023-02-07,negative,-0.025094597875658185,-0.03184592031472752,-0.006751322439069337,0.025094597875658185,0.03184592031472752,0.10687758377121544,0.09324887844819651,316,316
2023-02-08,positive,0.008998348032997285,0.025443272232166008,0.016444924199168723,0.00900248713375464,0.0254467991042198,0.8812930848125285,0.9187742055202054,316,317
2023-02-08,negative,-0.04736375871923945,-0.05510307457190313,-0.007739315852663679,0.04736375871923945,0.05510307457190313,0.106062198256191,0.09412755506449211,316,316
2023-02-09,positive,0.009219823698735335,0.026800832962923193,0.017581009264187857,0.009219823698735335,0.026800832962923193,0.8863980015466645,0.9170830111115632,311,311
2023-02-09,negative,-0.054595122457765766,-0.06099519107448333,-0.006400068616717568,0.054595122457765766,0.06099519107448333,0.10349953933664476,0.09681691635955779,316,316
2023-02-10,positive,0.028294880683615263,0.04526614049995022,0.01697125981633496,0.028294880683615263,0.04526614049995022,0.8856866060734165,0.9145213432009183,315,316
2023-02-10,negative,-0.03624428674004027,-0.04631754240501112,-0.010073255664970845,0.03624428674004027,0.04631754240501112,0.1039647311048706,0.09609868043602984,315,315
2023-02-13,positive,0.03356581610561104,0.05001073107744144,0.0164449149718304,0.03356581610561104,0.05001073107744144,0.8862238024402271,0.9139029001254996,316,316
2023-02-13,negative,-0.022122756501347252,-0.02543130796273699,-0.0033085514613897388,0.022122756501347252,0.02543130796273699,0.10325856876379523,0.09694149629314805,315,316
2023-02-14,positive,0.030508374746194344,0.04609496148384777,0.015586586737653427,0.030508374746194344,0.04609496148384777,0.8886548480492074,0.9113725341479407,316,317
2023-02-14,negative,-0.026057159916342706,-0.0315668183638806,-0.005509658447537896,0.026057159916342706,0.0315668183638806,0.10729810306784825,0.09295498139909257,316,316
2023-02-15,positive,0.04716266121880429,0.06573052633277035,0.01856786511396606,0.04716266121880429,0.06573052633277035,0.8875910571438641,0.9125596679071971,315,316
2023-02-15,negative,-0.016787545860019015,-0.025766874105573597,-0.008979328245554582,0.016787545860019015,0.025766874105573597,0.11113930295661979,0.08898756034816929,315,315
2023-02-16,positive,0.013752670092082345,0.035207701321912435,0.021455031229830092,0.013752670092082345,0.035207701321912435,0.8812546737163365,0.9188764147084222,314,315
2023-02-16,negative,-0.0433977953418817,-0.05433146390571293,-0.010933668563831232,0.0433977953418817,0.05433146390571293,0.10878993050981758,0.09133733643259412,314,314
2023-02-17,positive,0.028612236504651882,0.04294678883106101,0.01433455232640913,0.028612236504651882,0.04294678883106101,0.8907501318511907,0.9092205034880195,314,315
2023-02-17,negative,-0.03490790640366183,-0.0435321402175806,-0.008624233813918775,0.03490790640366183,0.0435321402175806,0.10919408495273643,0.0911243863848432,314,314
2023-02-21,positive,0.0013863165303739456,0.009426928481710641,0.008040611951336697,0.007287801084296352,0.014872129071532875,0.8923116759196774,0.9079186973363844,313,314
2023-02-21,negative,-0.06846872626692722,-0.07716336040790744,-0.00869463414098022,0.06846872626692722,0.07716336040790744,0.10724487278554695,0.0928189434237702,313,313
2023-02-22,positive,0.02858707289809517,0.04010201062745049,0.011514937729355319,0.02858707289809517,0.04010201062745049,0.8865288174267048,0.9136838165209672,312,313
2023-02-22,negative,-0.026186972313699635,-0.03192200528234691,-0.005735032968647278,0.026186972313699635,0.03192200528234691,0.10748311254473226,0.09258090794182343,312,312
2023-02-23,positive,0.03308718559609728,0.05315795357151823,0.02007076797542095,0.03308718559609728,0.05315795357151823,0.8815824393430577,0.9183589060051689,313,314
2023-02-23,negative,-0.027008218721093703,-0.0375198400376134,-0.010511621316519695,0.027008218721093703,0.0375198400376134,0.11181087895150507,0.0885086098663863,313,313
2023-02-24,positive,0.011200148255942476,0.03302829428361581,0.021828146027673336,0.011200148255942476,0.03302829428361581,0.8769084988255392,0.9231456447390772,312,313
2023-02-24,negative,-0.04586379183638602,-0.05917246569967226,-0.013308673863286241,0.04586379183638602,0.05917246569967226,0.10629281032868476,0.09389937416843247,312,312
2023-02-27,positive,0.028893881224329145,0.03897195757192073,0.010078076347591582,0.028893881224329145,0.03897195757192073,0.8911830678684611,0.9088169321315388,312,312
2023-02-27,negative,-0.023284485663831907,-0.02763901299836612,-0.004354527334534213,0.023284485663831907,0.02763901299836612,0.1076138175925018,0.09273109848952545,311,312
2023-02-28,positive,0.028766103252442964,0.04437039933569271,0.015604296083249744,0.028766103252442964,0.04437039933569271,0.8917999198207952,0.908302126590205,311,312
2023-02-28,negative,-0.026954180925500903,-0.035455081924740936,-0.008500900999240033,0.026954180925500903,0.035455081924740936,0.1063795162796849,0.09381328577687037,311,311
2023-03-01,positive,0.027163410946110054,0.0610481045607321,0.03388469361462204,0.027163410946110054,0.0610481045607321,0.8799598872786994,0.9201688542726361,311,311
2023-03-01,negative,-0.03586052971127318,-0.05179917467015855,-0.01593864495888537,0.03586052971127318,0.05179917467015855,0.10761911189094343,0.0925981887181419,310,311
2023-03-02,positive,0.031048368030898606,0.04752081917172994,0.016472451140831335,0.031048368030898606,0.04752081917172994,0.8834686539163062,0.9165313460836937,310,310
2023-03-02,negative,-0.025551434557357356,-0.038461735741425286,-0.01291030118406793,0.025551434557357356,0.038461735741425286,0.11083802562855843,0.08951951638959821,309,310
2023-03-03,positive,0.04361102757050729,0.05898868455676217,0.01537765698625488,0.04361102757050729,0.05898868455676217,0.888712990797514,0.9115087474195632,309,310
2023-03-03,negative,-0.009578818182906864,-0.017908061700996906,-0.008329243518090041,0.009713048545375502,0.018013855778431554,0.10816738943523636,0.09189725180587545,309,309
2023-03-06,positive,0.013290674550663859,0.03332328445556001,0.02003260990489615,0.013290674550663859,0.03332328445556001,0.8822520161889675,0.9179435509557521,307,307
2023-03-06,negative,-0.04648168445377019,-0.0529046141009005,-0.0064229296471303085,0.04648168445377019,0.0529046141009005,0.10926969155175416,0.09118663178592512,307,307
2023-03-07,positive,0.014448046843239687,0.028880613360973532,0.014432566517733844,0.014448046843239687,0.028880613360973532,0.8901684271661403,0.9098647798775601,306,307
2023-03-07,negative,-0.04057854078842085,-0.04769862464764679,-0.00712008385922594,0.04057854078842085,0.04769862464764679,0.10563370507737016,0.09462764742181311,306,306
2023-03-08,positive,0.024190275999664623,0.039571802010740516,0.015381526011075893,0.024190275999664623,0.039571802010740516,0.8854552721459197,0.9147409345251072,306,306
2023-03-08,negative,-0.02738687942617659,-0.03473022971828939,-0.007343350292112798,0.02738687942617659,0.03473022971828939,0.10507028058626124,0.0950768796727324,305,306
2023-03-09,positive,-0.0002625210680587869,0.010367485193823807,0.010630006261882595,0.006075099120836981,0.014878390787923234,0.8880622800124861,0.9120033798693261,305,305
2023-03-09,negative,-0.0664534712410817,-0.0731422775439435,-0.0066888063028618105,0.0664534712410817,0.0731422775439435,0.10745218059923281,0.09283446175042787,304,305
2023-03-10,positive,0.0010446838498220342,0.0071957445578835245,0.00615106070806149,0.00793006674457974,0.013444597181155003,0.8947904042590027,0.9051925150992234,304,305
2023-03-10,negative,-0.06977830131739673,-0.07935118884429113,-0.009572887526894391,0.06977830131739673,0.07935118884429113,0.10919483639196677,0.09113411097645428,304,304
2023-03-13,positive,0.03247995835882634,0.05478990108534865,0.022309942726522307,0.03247995835882634,0.05478990108534865,0.8898886493287237,0.9103737317798365,305,305
2023-03-13,negative,-0.060667868006888594,-0.08330365121943441,-0.022635783212545814,0.060667868006888594,0.08330365121943441,0.11468222972156532,0.08543139648043702,304,305
2023-03-14,positive,0.049004698964508736,0.059688402645171855,0.010683703680663119,0.049004698964508736,0.059688402645171855,0.8914805277441479,0.9085569532428034,306,307
2023-03-14,negative,-0.02050887241004721,-0.02259727974870108,-0.0020884073386538728,0.02050887241004721,0.02259727974870108,0.10373601689396221,0.09652533560522107,306,306
2023-03-15,positive,0.01913252050309162,0.023550331417642855,0.0044178109145512345,0.01913252050309162,0.023550331417642855,0.8948761760454782,0.9051725245981711,305,306
2023-03-15,negative,-0.058017166454040855,-0.06523893283123429,-0.007221766377193434,0.058017166454040855,0.06523893283123429,0.10847612446335789,0.09178608464840875,305,305
2023-03-16,positive,0.04549400878640926,0.05480162275414378,0.009307613967734524,0.04549400878640926,0.05480162275414378,0.8900744247104577,0.9100564225253944,306,306
2023-03-16,negative,-0.019041006715127748,-0.028401635465418774,-0.009360628750291027,0.019041006715127748,0.028401635465418774,0.10672039983483218,0.09349751240590011,305,306
2023-03-17,positive,0.009051523563828608,0.015319266413852561,0.006267742850023954,0.01142827502202762,0.01775721549884038,0.8979355120466298,0.902254569746206,304,305
2023-03-17,negative,-0.060768544267737784,-0.06225149478372017,-0.0014829505159823855,0.060768544267737784,0.06225149478372017,0.10122509383053427,0.09890635539720151,304,304
2023-03-20,positive,0.03567438539993281,0.041122179036852516,0.005447793636919704,0.03567438539993281,0.041122179036852516,0.8890801905838651,0.910919809416135,305,305
2023-03-20,negative,-0.02690581864287535,-0.03501656030925927,-0.008110741666383921,0.02690581864287535,0.03501656030925927,0.1038193544205341,0.09652103690543487,304,305
2023-03-21,positive,0.059443399418979706,0.06631828975656641,0.006874890337586703,0.059443399418979706,0.06631828975656641,0.8945391023918302,0.905443051537555,305,306
2023-03-21,negative,-0.011379094463664608,-0.017005018097719884,-0.005625923634055277,0.01180184626500184,0.017229645196431047,0.10992958882020964,0.0903982800322494,305,305
2023-03-22,positive,0.0019972315819473565,0.007948062057534459,0.005950830475587102,0.009191745549593882,0.014624229981248507,0.8950666559797583,0.9050650529435211,304,304
2023-03-22,negative,-0.05711373095026095,-0.0628213987337799,-0.005707667783518951,0.05711373095026095,0.0628213987337799,0.10498842113384865,0.0952252265913384,303,304
2023-03-23,positive,0.0221708328175369,0.037100212432779466,0.014929379615242565,0.0221708328175369,0.037100212432779466,0.8861473161159227,0.9140703604760086,303,304
2023-03-23,negative,-0.035226096049987894,-0.04125411857347913,-0.006028022523491237,0.035226096049987894,0.04125411857347913,0.10968593563377432,0.09037998394434038,303,303
2023-03-24,positive,0.03521165204110715,0.03925596633480203,0.004044314293694881,0.03521165204110715,0.03925596633480203,0.8949985468714681,0.9050671130103441,305,305
2023-03-24,negative,-0.02147266322670788,-0.03150405372913535,-0.010031390502427472,0.02147266322670788,0.03150405372913535,0.10855857120641392,0.09173169865343424,304,305
2023-03-27,positive,0.03577261818373649,0.042388872952767956,0.0066162547690314655,0.03577261818373649,0.042388872952767956,0.8943021725875293,0.9056978274124705,306,306
2023-03-27,negative,-0.017081402407044404,-0.020053856420147214,-0.00297245401310281,0.017081402407044404,0.020053856420147214,0.1063083899009954,0.09403902313789672,305,306
2023-03-28,positive,0.01999367310747249,0.03816228642719393,0.01816861331972144,0.01999367310747249,0.03816228642719393,0.8849536029573748,0.915062670976836,305,306
2023-03-28,negative,-0.027810214224054105,-0.035318460182855504,-0.0075082459588014,0.027810214224054105,0.035318460182855504,0.10751648209939231,0.09274572701237434,305,305
2023-03-29,positive,0.04092858430862983,0.055439133045777404,0.014510548737147577,0.04092858430862983,0.055439133045777404,0.8892386801424954,0.9107915973119283,305,306
2023-03-29,negative,-0.01131220748655489,-0.01452066493288102,-0.00320845744632613,0.01131220748655489,0.01452066493288102,0.10499092187203504,0.094615764460315,304,304
2023-03-30,positive,0.02197666494933597,0.034624182475513986,0.012647517526178015,0.02197666494933597,0.034624182475513986,0.8834642625098668,0.9166779060133718,305,306
2023-03-30,negative,-0.026751720544491334,-0.03638942274926038,-0.009637702204769047,0.026751720544491334,0.03638942274926038,0.10952784952183556,0.09060316914832495,305,305
2023-03-31,positive,0.04379457510065567,0.06074096747818187,0.016946392377526202,0.04379457510065567,0.06074096747818187,0.8864986334323133,0.9136534513357697,305,306
2023-03-31,negative,-0.007258374376326477,-0.011127059667548365,-0.003868685291221889,0.010255786007019686,0.01366990827270693,0.10576750629587668,0.09436351237428382,305,305
2023-04-03,positive,0.02832124386436954,0.05365417628569348,0.02533293242132394,0.02832124386436954,0.05365417628569348,0.8814435687128882,0.918495986885525,306,307
2023-04-03,negative,-0.030126829706138263,-0.03577695957860099,-0.005650129872462727,0.030126829706138263,0.03577695957860099,0.10659041394335513,0.09373638344226579,306,306
2023-04-04,positive,0.010610096894528498,0.021797013219645615,0.011186916325117117,0.010610096894528498,0.021797013219645615,0.8863135718036398,0.9137722678115896,306,307
2023-04-04,negative,-0.04693880464638749,-0.0608147273465456,-0.013875922700158104,0.04693880464638749,0.0608147273465456,0.11276644339425297,0.08742950696498936,306,306
2023-04-05,positive,0.017113700350756,0.026331105159288846,0.009217404808532847,0.017113700350756,0.026331105159288846,0.8854540467277655,0.9147428036659352,305,305
2023-04-05,negative,-0.04301118696769213,-0.05274923856224723,-0.009738051594555104,0.04301118696769213,0.05274923856224723,0.10910141680480731,0.09105944236478637,304,305
2023-04-06,positive,0.0269676184223422,0.037409870266291105,0.010442251843948903,0.0269676184223422,0.037409870266291105,0.8910336638747152,0.9089663361252847,306,306
2023-04-06,negative,-0.02203065527002906,-0.024584990548529344,-0.002554335278500283,0.02203065527002906,0.024584990548529344,0.10195648091009096,0.09837671020399431,305,306
2023-04-10,positive,0.036286906479279415,0.05378435834514616,0.017497451865866744,0.036286906479279415,0.05378435834514616,0.8908673234705774,0.9091326765294224,306,306
2023-04-10,negative,-0.017497829784899634,-0.021079146129026175,-0.003581316344126541,0.017497829784899634,0.021079146129026175,0.10806471519411875,0.09228843746991432,305,306
2023-04-11,positive,0.03473049938657995,0.048326076003265946,0.013595576616685999,0.03473049938657995,0.048326076003265946,0.8883429789891524,0.9117224660370256,306,306
2023-04-11,negative,-0.01480513311598073,-0.022335761384834698,-0.007530628268853968,0.01480513311598073,0.022335761384834698,0.10969122822075358,0.09060179481914932,305,306
2023-04-12,positive,0.014139111013680325,0.029713404945776855,0.01557429393209653,0.014139111013680325,0.029713404945776855,0.8857459312109855,0.9145164498975746,305,305
2023-04-12,negative,-0.03768711390568694,-0.04523027412382968,-0.007543160218142733,0.03768711390568694,0.04523027412382968,0.1098688526005075,0.09022899203716349,304,305
2023-04-13,positive,0.03941179727546496,0.07491978670503943,0.03550798942957447,0.03941179727546496,0.07491978670503943,0.8841087811271299,0.9159701342310625,305,306
2023-04-13,negative,-0.011692095649928815,-0.01908447882132372,-0.007392383171394904,0.011692095649928815,0.01908447882132372,0.10675558086070945,0.0934410115377178,305,305
2023-04-14,positive,0.013474520635808174,0.026362320959845073,0.0128878003240369,0.013474520635808174,0.026362320959845073,0.8899233213834191,0.9103399231048996,304,304
2023-04-14,negative,-0.035049036459297966,-0.044982117367468044,-0.009933080908170078,0.035049036459297966,0.044982117367468044,0.10831576741089703,0.09177728996726763,303,304
2023-04-17,positive,0.0388690186648081,0.055570573575826426,0.016701554911018324,0.0388690186648081,0.055570573575826426,0.8854019427659877,0.9147475358772796,303,304
2023-04-17,negative,-0.017783464536351698,-0.027475297218177715,-0.009691832681826017,0.017783464536351698,0.027475297218177715,0.10919163132930504,0.09094025129515919,303,303
2023-04-18,positive,0.021651559956534287,0.03777375463482202,0.016122194678287734,0.021651559956534287,0.03777375463482202,0.8911516614050456,0.9091501652883486,301,302
2023-04-18,negative,-0.033873131514016226,-0.03816996017859664,-0.004296828664580414,0.033873131514016226,0.03816996017859664,0.10577511115518752,0.09457513755724688,301,302
2023-04-19,positive,0.027547419709355987,0.0391184894270295,0.011571069717673514,0.027547419709355987,0.0391184894270295,0.8896969304778346,0.9105680579289226,302,302
2023-04-19,negative,-0.029348152162261363,-0.035791456118660726,-0.006443303956399363,0.029348152162261363,0.035791456118660726,0.10662702111433787,0.0934610600852438,301,302
2023-04-20,positive,0.013328692347532468,0.027458217289283007,0.01412952494175054,0.013328692347532468,0.027458217289283007,0.8832876881895125,0.9167788454099554,301,301
2023-04-20,negative,-0.03934467952726086,-0.0432330354904914,-0.00388835596323054,0.03934467952726086,0.0432330354904914,0.10216954978931027,0.09810335033145226,300,301
2023-04-21,positive,0.029324188177741614,0.03777973437136265,0.008455546193621037,0.029324188177741614,0.03777973437136265,0.8941475063867601,0.9058995838596438,300,301
2023-04-21,negative,-0.032398234781671975,-0.03125415652858861,0.0011440782530833665,0.032398234781671975,0.03125415652858861,0.10456125735865823,0.0957053204487393,300,300
2023-04-24,positive,0.02230687199101185,0.03287152249726778,0.010564650506255931,0.02230687199101185,0.03287152249726778,0.8911159323542502,0.9089508233199821,300,300
2023-04-24,negative,-0.03828989083538093,-0.035635635578572626,0.002654255256808305,0.03828989083538093,0.035635635578572626,0.09935376488606884,0.10091065865598577,299,300
2023-04-25,positive,0.004974304996986321,0.01562705583469646,0.010652750837710136,0.00774828888597058,0.017718364787422888,0.8919346093185769,0.9082392195686371,298,299
2023-04-25,negative,-0.060249581275429634,-0.06946668869071786,-0.009217107415288223,0.060249581275429634,0.06946668869071786,0.10841187309744031,0.09172222009733007,298,298
2023-04-26,positive,0.019844429696329043,0.03252993558504555,0.012685505888716506,0.019844429696329043,0.03252993558504555,0.8876689398496409,0.9125996066424705,298,298
2023-04-26,negative,-0.03919316309848032,-0.04563810714192561,-0.00644494404344529,0.03919316309848032,0.04563810714192561,0.11153777904365351,0.08856796231337484,297,298
2023-04-27,positive,0.0425470355242106,0.062418651609128566,0.019871616084917963,0.0425470355242106,0.062418651609128566,0.8820153018422614,0.9179247491638796,299,300
2023-04-27,negative,-0.019824999230036305,-0.03025406798168059,-0.010429068751644285,0.019824999230036305,0.03025406798168059,0.10657878547219829,0.09375566268833682,299,299
2023-04-28,positive,0.0384643897159428,0.06409974544740797,0.02563535573146517,0.0384643897159428,0.06409974544740797,0.8919857552339907,0.9082542863504788,299,300
2023-04-28,negative,-0.02291561668359362,-0.023846779272814922,-0.000931162589221303,0.02291561668359362,0.023846779272814922,0.10239766042676211,0.09766913984043896,299,299
2023-05-01,positive,0.03484831307562965,0.046448313994287706,0.011600000918658059,0.03484831307562965,0.046448313994287706,0.8949796973052788,0.9050868362941891,301,301
2023-05-01,negative,-0.031366953256990605,-0.04251723358090562,-0.011150280323915011,0.031366953256990605,0.04251723358090562,0.10931803060545577,0.09097861862100826,300,301
2023-05-02,positive,0.01158726378796698,0.025554724060369526,0.013967460272402546,0.01179973766356512,0.02569448093783082,0.8867782091230648,0.9132887701133717,299,299
2023-05-02,negative,-0.06242042866126395,-0.07511028298529834,-0.01268985432403439,0.06242042866126395,0.07511028298529834,0.10907557415590428,0.09122224785901656,298,299
2023-05-03,positive,0.043745206672094306,0.06199632899255764,0.01825112232046333,0.043745206672094306,0.06199632899255764,0.8937106066726268,0.9065570413701967,299,299
2023-05-03,negative,-0.03379144442653033,-0.04623286778302478,-0.012441423356494452,0.03379144442653033,0.04623286778302478,0.1165537620043066,0.08356840186592758,298,299
2023-05-04,positive,0.02508881774092201,0.051386079289121124,0.026297261548199113,0.02508881774092201,0.051386079289121124,0.8814058695316158,0.9186611097048211,299,299
2023-05-04,negative,-0.05467517613534525,-0.07806285671430557,-0.023387680578960325,0.05467517613534525,0.07806285671430557,0.1147924093195539,0.0855245325454126,298,299
2023-05-05,positive,0.05980369446817494,0.090669170249132,0.03086547578095706,0.05980369446817494,0.090669170249132,0.8862454936267203,0.9138875293197379,301,301
2023-05-05,negative,-0.011976011730603826,-0.02897561545663522,-0.016999603726031393,0.013507499698905108,0.02983429577856089,0.11439529985589182,0.08585172802773593,300,301
2023-05-08,positive,0.03146234623413078,0.05725720398097133,0.025794857746840552,0.03146234623413078,0.05725720398097133,0.8843208132360568,0.9156272689269762,301,302
2023-05-08,negative,-0.033687652765778134,-0.03553382320337665,-0.0018461704375985141,0.033687652765778134,0.03553382320337665,0.1053001622498648,0.09503206366375648,301,301
2023-05-09,positive,0.02397996612183752,0.04801940124789367,0.024039435126056146,0.02397996612183752,0.04801940124789367,0.8807249855077555,0.9193413274895919,302,302
2023-05-09,negative,-0.03458228830052944,-0.05222760972842324,-0.017645321427893802,0.03458228830052944,0.05222760972842324,0.11291495192858464,0.0873926256433678,301,302
2023-05-10,positive,0.034435970963755176,0.06403985599209006,0.02960388502833488,0.034435970963755176,0.06403985599209006,0.8829755445119873,0.917166890494392,301,302
2023-05-10,negative,-0.028980837467951635,-0.04868196693547182,-0.019701129467520184,0.028980837467951635,0.04868196693547182,0.11764579402875466,0.082486964019702,301,301
2023-05-11,positive,0.017606977823409888,0.04386423924226044,0.026257261418850552,0.017606977823409888,0.04386423924226044,0.8797392914204559,0.9203924275160837,301,302
2023-05-11,negative,-0.03879622601016058,-0.051233216740194015,-0.012436990730033438,0.03879622601016058,0.051233216740194015,0.11356712275598652,0.08656563529247017,301,301
2023-05-12,positive,0.01882351074489804,0.03499914535621735,0.01617563461131931,0.01882351074489804,0.03499914535621735,0.8855633841629429,0.9146538010256772,301,302
2023-05-12,negative,-0.038326974705154886,-0.041998632652700346,-0.0036716579475454605,0.038326974705154886,0.041998632652700346,0.10378367176873374,0.09628268523192984,301,301
2023-05-15,positive,0.0473455298470223,0.0643811703911163,0.017035640544093997,0.0473455298470223,0.0643811703911163,0.8902131828919655,0.9098207235720679,301,302
2023-05-15,negative,-0.017727611034824103,-0.022327247979838743,-0.00459963694501464,0.017727611034824103,0.022327247979838743,0.10922519973827968,0.09104049272269674,301,301
2023-05-16,positive,0.011893326884881279,0.029733106393798114,0.017839779508916836,0.012121569279001527,0.02984466530314484,0.8844026877892097,0.9158106540339345,301,302
2023-05-16,negative,-0.04893458343835857,-0.05542225133471904,-0.0064876678963604745,0.04893458343835857,0.05542225133471904,0.10558258580665643,0.09448377119400715,301,301
2023-05-17,positive,0.06015356502309567,0.07426823320574717,0.014114668182651502,0.06015356502309567,0.07426823320574717,0.8903464928721904,0.9096877413659935,302,303
2023-05-17,negative,-0.012814676058157642,-0.01841698349453915,-0.005602307436381508,0.012934242677986946,0.018522330778114555,0.10589285596848551,0.09437195700735031,302,302
2023-05-18,positive,0.03516792398299394,0.05064770739022071,0.01547978340722677,0.03516792398299394,0.05064770739022071,0.8834602984579926,0.9166718455790078,303,303
2023-05-18,negative,-0.02416268579436314,-0.029801293267688253,-0.005638607473325112,0.02416268579436314,0.029801293267688253,0.10671123246192654,0.09350880578642602,302,303
2023-05-19,positive,0.022044557151992016,0.03293559571139506,0.010891038559403043,0.022044557151992016,0.03293559571139506,0.8902379024182101,0.9098616945563117,303,304
2023-05-19,negative,-0.033902534582886085,-0.04118886289261463,-0.007286328309728543,0.033902534582886085,0.04118886289261463,0.1066049052134765,0.09359298396858155,303,303
2023-05-22,positive,0.04512970884141264,0.06628531434337286,0.021155605501960217,0.04512970884141264,0.06628531434337286,0.8844476301192125,0.9156329199069573,303,304
2023-05-22,negative,-0.019162841960146008,-0.022009830755873754,-0.002846988795727746,0.019162841960146008,0.022009830755873754,0.1100276914234959,0.09017019775856214,303,303
2023-05-23,positive,0.024582256695240043,0.029770603247676927,0.005188346552436884,0.024582256695240043,0.029770603247676927,0.8916814792335038,0.9083185207664963,304,304
2023-05-23,negative,-0.032286696459224294,-0.04089737155950878,-0.008610675100284487,0.032286696459224294,0.04089737155950878,0.11134998178565797,0.08901630104916326,303,304
2023-05-24,positive,0.012723800165858347,0.022575843842895793,0.009852043677037447,0.012723800165858347,0.022575843842895793,0.8935254572582942,0.9119165530515679,295,296
2023-05-24,negative,-0.04274981316934879,-0.046034777670657744,-0.003284964501308954,0.04274981316934879,0.046034777670657744,0.10194407175633487,0.09818781086812935,303,303
2023-05-25,positive,0.01640627016298331,0.03892939094743011,0.022523120784446796,0.01640627016298331,0.03892939094743011,0.8782434855904842,0.9218890964446502,302,302
2023-05-25,negative,-0.04625071272988637,-0.055288300291336544,-0.00903758756145017,0.04625071272988637,0.055288300291336544,0.10582391916460103,0.09439390912862433,301,302
2023-05-26,positive,0.03665241343596174,0.05741461262427528,0.02076219918831354,0.03665241343596174,0.05741461262427528,0.8821106587015308,0.9179624448215833,302,303
2023-05-26,negative,-0.02242542131229324,-0.022778105968061138,-0.00035268465576789726,0.02242542131229324,0.022778105968061138,0.10084929063249197,0.09934925337809704,302,302
2023-05-30,positive,0.029470834565773107,0.04204859287956837,0.012577758313795265,0.029470834565773107,0.04204859287956837,0.8899752428864635,0.9102565511058769,301,302
2023-05-30,negative,-0.034275291014784784,-0.03535651526992558,-0.001081224255140796,0.034275291014784784,0.03535651526992558,0.10190208704892122,0.09816426995174238,301,301
2023-05-31,positive,0.02941903047685637,0.02972569462646092,0.00030666414960454913,0.02941903047685637,0.02972569462646092,0.9017558934756486,0.8984435746094579,301,301
2023-05-31,negative,-0.043939538215249103,-0.04782578568599377,-0.003886247470744668,0.043939538215249103,0.04782578568599377,0.1000282579787234,0.10010459373011946,300,301
2023-06-01,positive,0.04166474447194273,0.05652127280589264,0.01485652833394991,0.04166474447194273,0.05652127280589264,0.8915023012991026,0.9084695606257288,301,302
2023-06-01,negative,-0.021408317158708605,-0.025143412441261295,-0.0037350952825526904,0.021408317158708605,0.025143412441261295,0.1022786724208342,0.09805355349278705,301,301
2023-06-02,positive,0.0701284261990498,0.07843362690846732,0.008305200709417523,0.0701284261990498,0.07843362690846732,0.8977961080972604,0.9022699857560113,303,303
2023-06-02,negative,-0.007122909230395686,-0.011018649043439339,-0.003895739813043653,0.010558768022577684,0.014570557910649066,0.10230595326157846,0.09796559629525411,302,303
2023-06-05,positive,0.020691053269485032,0.03322962758595163,0.0125385743164666,0.020691053269485032,0.03322962758595163,0.8902218052772594,0.9100423082915754,303,303
2023-06-05,negative,-0.037641218109690684,-0.04681150537046388,-0.009170287260773194,0.037641218109690684,0.04681150537046388,0.10862982340684639,0.09146457729298846,302,303
2023-06-06,positive,0.057083747351766,0.07071254794994127,0.013628800598175263,0.057083747351766,0.07071254794994127,0.8883324780150512,0.9119316355537832,303,303
2023-06-06,negative,-0.009118022340987183,-0.017107768627387557,-0.007989746286400375,0.009310321706514926,0.017274345123529142,0.10869268156168078,0.09140192659081028,302,303
2023-06-07,positive,0.048464611460582264,0.055628690938186044,0.00716407947760378,0.048464611460582264,0.055628690938186044,0.8940226146625215,0.9060894320233303,303,304
2023-06-07,negative,-0.024243116630817574,-0.0332464878365567,-0.009003371205739123,0.024243116630817574,0.0332464878365567,0.10906654649633829,0.09113134268571975,303,303
2023-06-08,positive,0.022971393772439647,0.03369862974087617,0.01072723596843652,0.022971393772439647,0.03369862974087617,0.8938504430535341,0.9063925727717447,303,304
2023-06-08,negative,-0.030032016975021374,-0.0370738855546194,-0.0070418685795980256,0.030032016975021374,0.0370738855546194,0.10754844436322339,0.0925174752148913,303,303
2023-06-09,positive,0.01534061018768987,0.02790141108106405,0.012560800893374179,0.01534061018768987,0.02790141108106405,0.8865329347700754,0.9136860103042709,303,304
2023-06-09,negative,-0.03301391957929079,-0.04044693068310742,-0.007433011103816625,0.03301391957929079,0.04044693068310742,0.10832675225334003,0.09173916732477468,303,303
2023-06-12,positive,0.03644350072798662,0.050552872995753846,0.014109372267767227,0.03644350072798662,0.050552872995753846,0.884660658932472,0.9155374916619798,303,303
2023-06-12,negative,-0.023533508250014074,-0.029247789514498676,-0.0057142812644846025,0.023533508250014074,0.029247789514498676,0.10989593813152299,0.09026860413914577,302,303
2023-06-13,positive,0.04207791499162557,0.05774515969964004,0.01566724470801447,0.04207791499162557,0.05774515969964004,0.8853605981411931,0.9146570638433216,304,305
2023-06-13,negative,-0.011936516741477127,-0.021507305407711553,-0.009570788666234425,0.011936516741477127,0.021507305407711553,0.11248193547828796,0.08778113587981792,304,304
2023-06-14,positive,0.017751114747733335,0.03206386430739369,0.014312749559660356,0.017751114747733335,0.03206386430739369,0.8864822620875948,0.9134732716692721,303,304
2023-06-14,negative,-0.039517856452121525,-0.04686450583311762,-0.0073466493809960925,0.039517856452121525,0.04686450583311762,0.11033395418749793,0.08999607881580238,303,303
2023-06-15,positive,0.03332610987587882,0.04688760809597425,0.013561498220095426,0.03332610987587882,0.04688760809597425,0.8857146262395117,0.9143512499133207,304,304
2023-06-15,negative,-0.01653759305180937,-0.02258578129861758,-0.006048188246808212,0.01653759305180937,0.02258578129861758,0.10631280519356283,0.09397103182858331,303,304
2023-06-16,positive,0.018736880293888637,0.026927611746215975,0.008190731452327338,0.018736880293888637,0.026927611746215975,0.8934136986539788,0.9068278805120911,303,304
2023-06-16,negative,-0.03776189985183956,-0.04003900551115097,-0.0022771056593114125,0.03776189985183956,0.04003900551115097,0.09845404448157406,0.10161187509654064,303,303
2023-06-20,positive,0.02496171566698196,0.04319560442786565,0.01823388876088369,0.02496171566698196,0.04319560442786565,0.8855429856947568,0.9145226741870554,305,305
2023-06-20,negative,-0.03647805113614845,-0.045485006977157856,-0.009006955841009405,0.03647805113614845,0.045485006977157856,0.10705746535577287,0.09322788284554859,304,305
2023-06-21,positive,0.021761958579046288,0.03430582826903739,0.012543869689991105,0.021761958579046288,0.03430582826903739,0.8819607653497106,0.9180457280694426,305,306
2023-06-21,negative,-0.03417034261991503,-0.0404506521011576,-0.006280309481242571,0.03417034261991503,0.0404506521011576,0.10635212319529742,0.09391008591646921,305,305
2023-06-22,positive,0.017957954052129448,0.027694383088096977,0.009736429035967529,0.017957954052129448,0.027694383088096977,0.8883343187315238,0.9116275581270761,305,306
2023-06-22,negative,-0.03444266752177877,-0.04309724858318324,-0.008654581061404473,0.03444266752177877,0.04309724858318324,0.10827788228970708,0.09204998656275196,305,305
2023-06-23,positive,0.010847652165445382,0.020043549671130707,0.009195897505685325,0.010847652165445382,0.020043549671130707,0.8903198702134917,0.9138782275234713,299,299
2023-06-23,negative,-0.04074173948826939,-0.04944268996177879,-0.008700950473509397,0.04074173948826939,0.04944268996177879,0.1104109846196337,0.08968863750006721,304,305
2023-06-26,positive,0.028646082359367882,0.04393498217787627,0.015288899818508384,0.028646082359367882,0.04393498217787627,0.8891559699194502,0.9110636536209055,314,315
2023-06-26,negative,-0.03635055641498666,-0.04823564982394214,-0.01188509340895548,0.03635055641498666,0.04823564982394214,0.10777175410447155,0.0922918591270806,314,314
2023-06-27,positive,0.04206271512967938,0.05213386421128125,0.010071149081601873,0.04206271512967938,0.05213386421128125,0.891591428370122,0.9086352070507212,315,316
2023-06-27,negative,-0.01852428914211031,-0.02759071411272629,-0.00906642497061598,0.01852428914211031,0.02759071411272629,0.10550875179917665,0.09455465974172378,315,315
2023-06-28,positive,0.034405587133025724,0.04644945940668672,0.012043872273660994,0.034405587133025724,0.04644945940668672,0.8896693949864118,0.910520598680466,316,316
2023-06-28,negative,-0.023844744469151895,-0.025709299391677275,-0.00186455492252538,0.023844744469151895,0.025709299391677275,0.1016265066296732,0.09850510257253028,315,316
2023-06-29,positive,0.03575942958500861,0.044140526450642974,0.00838109686563436,0.03575942958500861,0.044140526450642974,0.8913792344214125,0.9087198734179741,316,317
2023-06-29,negative,-0.02123227558037964,-0.029149325442544553,-0.007917049862164915,0.02123227558037964,0.029149325442544553,0.10405757852344692,0.09613217479723615,316,316
2023-06-30,positive,0.028239708114964696,0.03655308610639991,0.008313377991435212,0.028239708114964696,0.03655308610639991,0.8921910256205092,0.9080367860831833,316,317
2023-06-30,negative,-0.02225450255281955,-0.022006200194921107,0.0002483023578984424,0.02225450255281955,0.022006200194921107,0.09461415209076797,0.10544905903439006,316,316
2023-07-03,positive,0.029292499004178497,0.042319468293789804,0.013026969289611307,0.029292499004178497,0.042319468293789804,0.8892016807140943,0.9110507648523303,317,317
2023-07-03,negative,-0.019768683487287716,-0.024327749139453195,-0.004559065652165479,0.019768683487287716,0.024327749139453195,0.10191341356735142,0.09815563428441736,316,317
2023-07-05,positive,0.018633761880325995,0.02883024425506467,0.010196482374738674,0.018633761880325995,0.02883024425506467,0.8983447472564484,0.9017819553092785,316,316
2023-07-05,negative,-0.0382703859404921,-0.0411580458728561,-0.0028876599323639993,0.0382703859404921,0.0411580458728561,0.1028995781609022,0.0972993508498294,315,316
2023-07-06,positive,0.007545851978304414,0.01649896851754527,0.008953116539240856,0.007964510681866661,0.016783996779692268,0.8906723553913228,0.909552082071166,314,315
2023-07-06,negative,-0.04266493566470605,-0.04826952790255426,-0.005604592237848212,0.04266493566470605,0.04826952790255426,0.10465693424741901,0.09540667898413314,314,314
2023-07-07,positive,0.04112142778845331,0.0573973656957659,0.01627593790731259,0.04112142778845331,0.0573973656957659,0.8881508666475365,0.9120016299525869,315,316
2023-07-07,negative,-0.015922513028067985,-0.01628191308627935,-0.0003594000582113656,0.015922513028067985,0.01628191308627935,0.10164519555575692,0.09848166774903216,315,315
2023-07-10,positive,0.04533862027150527,0.06117141162900403,0.01583279135749876,0.04533862027150527,0.06117141162900403,0.8905089131540131,0.9096510456185992,315,316
2023-07-10,negative,-0.01390644154900532,-0.01626021662289729,-0.0023537750738919696,0.01390644154900532,0.01626021662289729,0.10176450747335619,0.09836235583143291,315,315
2023-07-11,positive,0.03689655208474713,0.06130860861600117,0.024412056531254035,0.03689655208474713,0.06130860861600117,0.8839130959929945,0.9162892409076681,315,316
2023-07-11,negative,-0.018196108096159427,-0.02219230382206761,-0.003996195725908182,0.018196108096159427,0.02219230382206761,0.1015092953266701,0.09855411621423035,315,315
2023-07-12,positive,0.03633862227197517,0.05133565380201028,0.014997031530035107,0.03633862227197517,0.05133565380201028,0.8865204688844278,0.9136689250549661,317,317
2023-07-12,negative,-0.022477764401859304,-0.02622968090392396,-0.003751916502064658,0.022477764401859304,0.02622968090392396,0.1015939657652474,0.09853712599177898,316,317
2023-07-13,positive,0.03419777660120646,0.04915377985754145,0.01495600325633499,0.03419777660120646,0.04915377985754145,0.8857994301859112,0.9142188286840262,318,319
2023-07-13,negative,-0.020077103112982764,-0.03165560515836269,-0.011578502045379923,0.020077103112982764,0.03165560515836269,0.106179279883111,0.09407221335800814,318,318
2023-07-14,positive,0.013388197103877248,0.027014094046770763,0.013625896942893515,0.013388197103877248,0.027014094046770763,0.8896311985496864,0.9105254864257569,316,317
2023-07-14,negative,-0.043046318881946835,-0.053396122382861344,-0.010349803500914509,0.043046318881946835,0.053396122382861344,0.10608719489989074,0.09403926731952121,316,316
2023-07-17,positive,0.03687215966119055,0.0555902610216332,0.01871810136044265,0.03687215966119055,0.0555902610216332,0.8880222520429418,0.9119399632631873,316,317
2023-07-17,negative,-0.019582195250950573,-0.027501351821364046,-0.007919156570413474,0.019582195250950573,0.027501351821364046,0.10732805239544946,0.09298840330075307,316,316
2023-07-18,positive,0.04007186211984411,0.0491375858546964,0.009065723734852295,0.04007186211984411,0.0491375858546964,0.8936496756404151,0.9065196859189106,316,317
2023-07-18,negative,-0.018803544265999495,-0.02388929458513223,-0.005085750319132734,0.018803544265999495,0.02388929458513223,0.1029776650111855,0.09714879720822645,316,316
2023-07-19,positive,0.03507442202497176,0.047503630067799674,0.012429208042827912,0.03507442202497176,0.047503630067799674,0.8896944468939644,0.9104955467729134,316,316
2023-07-19,negative,-0.024878103439555453,-0.026815898427496005,-0.001937794987940552,0.024878103439555453,0.026815898427496005,0.10064788845662816,0.09948062385262263,315,316
2023-07-20,positive,0.02192158262931127,0.03243270847890008,0.010511125849588805,0.02192158262931127,0.03243270847890008,0.8975444222585264,0.9026461749460478,315,315
2023-07-20,negative,-0.04418527454484103,-0.04997915117369923,-0.005793876628858198,0.04418527454484103,0.04997915117369923,0.10417189358929742,0.09596821363022126,314,315
2023-07-21,positive,0.023207917141991687,0.03131435852982676,0.008106441387835072,0.023207917141991687,0.03131435852982676,0.8944832205301747,0.9056260240634839,315,316
2023-07-21,negative,-0.02877775864898082,-0.03249818429888392,-0.003720425649903096,0.02877775864898082,0.03249818429888392,0.10650128917895417,0.09368906615099508,315,315
2023-07-24,positive,0.027756492457678656,0.038252333715912405,0.01049584125823375,0.027756492457678656,0.038252333715912405,0.891900556717071,0.9083277797972454,314,315
2023-07-24,negative,-0.03137625277402216,-0.03578744873006939,-0.004411195956047234,0.03137625277402216,0.03578744873006939,0.09956838219801949,0.10049523103353267,314,314
2023-07-25,positive,0.0236722643996116,0.03381527670071747,0.01014301230110587,0.0236722643996116,0.03381527670071747,0.8891303543283089,0.9109655993959174,303,304
2023-07-25,negative,-0.030131189932341366,-0.037366928734914394,-0.007235738802573027,0.030131189932341366,0.037366928734914394,0.10403005999808425,0.0961678291839738,303,303
2023-07-26,positive,0.037374024625565494,0.05108666065229452,0.013712636026729029,0.037374024625565494,0.05108666065229452,0.8856988601234793,0.9143858057908623,303,304
2023-07-26,negative,-0.018702861126295472,-0.027781219712782808,-0.009078358586487336,0.018702861126295472,0.027781219712782808,0.11150315229412125,0.08869473688793682,303,303
2023-07-27,positive,0.011677510312023225,0.03285590928318362,0.021178398971160393,0.011677510312023225,0.03285590928318362,0.8826954673382045,0.9175695210685525,302,302
2023-07-27,negative,-0.04956593081235018,-0.061005836220736485,-0.011439905408386304,0.04956593081235018,0.061005836220736485,0.10672000915574562,0.09336837995125793,301,302
2023-07-28,positive,0.048176390257030736,0.0659974860277237,0.01782109577069297,0.048176390257030736,0.0659974860277237,0.890061565523307,0.9100374513956395,303,304
2023-07-28,negative,-0.01176855703651084,-0.02157493327905699,-0.00980637624254615,0.01176855703651084,0.02157493327905699,0.11463911892508512,0.08555877025697292,303,303
2023-07-31,positive,0.044052111397399334,0.053270784285283604,0.00921867288788427,0.044052111397399334,0.053270784285283604,0.8939499229317122,0.9063133215566064,304,304
2023-07-31,negative,-0.015531143317074444,-0.021916588217847435,-0.0063854449007729915,0.015531143317074444,0.021916588217847435,0.11179691513080232,0.08830759339117784,303,304
2023-08-01,positive,0.01855750821075308,0.0403385766506732,0.02178106843992012,0.01855750821075308,0.0403385766506732,0.8827206094660308,0.9175435041028038,303,303
2023-08-01,negative,-0.03387952613429425,-0.046475835663865636,-0.012596309529571387,0.03387952613429425,0.046475835663865636,0.10871509186036088,0.09137959025351199,302,303
2023-08-02,positive,0.012866850791931906,0.03452521639352143,0.02165836560158952,0.012866850791931906,0.03452521639352143,0.8794199294682269,0.9207756175623633,303,304
2023-08-02,negative,-0.05075025220023263,-0.0678005082508755,-0.017050256050642865,0.05075025220023263,0.0678005082508755,0.11201161315867908,0.08805430641943561,303,303
2023-08-03,positive,0.026751439374754396,0.060651776547409275,0.03390033717265488,0.026751439374754396,0.060651776547409275,0.8782467321675901,0.9216819456427955,304,305
2023-08-03,negative,-0.03271598582889712,-0.05587105540599463,-0.02315506957709751,0.03271598582889712,0.05587105540599463,0.12137238140581719,0.07895656596260388,304,304
2023-08-04,positive,0.026337819269932942,0.05456676479829619,0.028228945528363247,0.026337819269932942,0.05456676479829619,0.8814144195632219,0.9188488249250967,304,304
2023-08-04,negative,-0.03383899929148862,-0.05769330586686598,-0.023854306575377363,0.03383899929148862,0.05769330586686598,0.11422030653213396,0.08589217367208743,303,304
2023-08-07,positive,0.025901263950699083,0.03475612788356433,0.008854863932865248,0.025901263950699083,0.03475612788356433,0.8845402722090392,0.9154597277909611,303,303
2023-08-07,negative,-0.03635808232891444,-0.05037987041263717,-0.01402178808372273,0.03635808232891444,0.05037987041263717,0.11026380603141589,0.09010010091918282,302,303
2023-08-08,positive,0.02149494001220606,0.04998087376070825,0.02848593374850219,0.02149494001220606,0.04998087376070825,0.8813786690447335,0.9186259528729445,303,304
2023-08-08,negative,-0.03449656770318356,-0.05444798151312071,-0.019951413809937153,0.03449656770318356,0.05444798151312071,0.11761468129656913,0.08264925799739327,303,303
2023-08-09,positive,0.020187847950869187,0.04753409533489225,0.027346247384023064,0.020187847950869187,0.04753409533489225,0.8751186090188662,0.9249474848344054,303,303
2023-08-09,negative,-0.03977247566071095,-0.07263241044259003,-0.032859934781879076,0.03977247566071095,0.07263241044259003,0.11641764749653116,0.08390047530860158,302,303
2023-08-10,positive,0.02276724082059319,0.04473471420631891,0.021967473385725717,0.02276724082059319,0.04473471420631891,0.8832643418450544,0.916669738576831,304,304
2023-08-10,negative,-0.030847816977393482,-0.05346779048962558,-0.022619973512232095,0.030847816977393482,0.05346779048962558,0.11613049900903075,0.08393542056908393,303,303
2023-08-11,positive,0.02520365543787194,0.0438763174468066,0.018672662008934658,0.02520365543787194,0.0438763174468066,0.8834431630971992,0.9165568369028005,304,304
2023-08-11,negative,-0.027129661499354953,-0.03920649816357721,-0.012076836664222254,0.027129661499354953,0.03920649816357721,0.11222046422105143,0.08814868204283362,303,304
2023-08-14,positive,0.025859469600400954,0.03767606051065064,0.011816590910249683,0.025859469600400954,0.03767606051065064,0.8873744658905929,0.9127576781464074,303,303
2023-08-14,negative,-0.03065083061463619,-0.0409762947167041,-0.010325464102067913,0.03065083061463619,0.0409762947167041,0.11017673171041205,0.09005474382918967,302,303
2023-08-15,positive,0.010528454332843076,0.024514261615659564,0.013985807282816488,0.010653562146233773,0.02458469458173823,0.884876162818282,0.9151400713938518,301,302
2023-08-15,negative,-0.042075075496804094,-0.0561153546138079,-0.014040279117003805,0.042075075496804094,0.0561153546138079,0.10709789465205652,0.09316779780891989,301,301
2023-08-16,positive,0.01027559373557496,0.023323555406417132,0.013047961670842172,0.01027559373557496,0.023323555406417132,0.8867178134739871,0.9134152094724711,301,301
2023-08-16,negative,-0.040445104822972,-0.048254118202428545,-0.007809013379456546,0.040445104822972,0.048254118202428545,0.10919742822303515,0.0910323309840715,300,301
2023-08-17,positive,0.016181618079727695,0.025196521906503663,0.009014903826775968,0.016181618079727695,0.025196521906503663,0.8893959582500554,0.9107018355426392,300,301
2023-08-17,negative,-0.03857901948118828,-0.04885932904857074,-0.010280309567382455,0.03857901948118828,0.04885932904857074,0.11329113924050631,0.08690872751499,300,300
2023-08-18,positive,0.027449396242847045,0.03406046210808271,0.006611065865235664,0.027449396242847045,0.03406046210808271,0.8951055555555555,0.9048781838316722,300,301
2023-08-18,negative,-0.020820247104135603,-0.026017968058118797,-0.005197720953983194,0.020820247104135603,0.026017968058118797,0.10713500000000001,0.09319833333333334,300,300
2023-08-21,positive,0.02520483545895501,0.03656824193925872,0.01136340648030371,0.02520483545895501,0.03656824193925872,0.8866872016872018,0.9134680380527558,300,301
2023-08-21,negative,-0.026171237785844022,-0.03426992986112315,-0.008098692075279128,0.026171237785844022,0.03426992986112315,0.11033910533910533,0.0897940947940948,300,300
2023-08-22,positive,0.019978329787269038,0.031290792192174344,0.011312462404905306,0.019978329787269038,0.031290792192174344,0.8902390767799975,0.9098618538324422,299,300
2023-08-22,negative,-0.030921091122895313,-0.03894314891822946,-0.008022057795334148,0.030921091122895313,0.03894314891822946,0.10886052885733193,0.09134000590202637,299,299
2023-08-23,positive,0.033444876568741566,0.04975660834987695,0.01631173178113538,0.033444876568741566,0.04975660834987695,0.8868617949388186,0.9133611667780004,299,300
2023-08-23,negative,-0.017741544470773318,-0.022774048580288475,-0.0050325041095151575,0.017741544470773318,0.022774048580288475,0.10549192029544037,0.09457487997176069,299,299
2023-08-24,positive,0.008683621768039268,0.014209446422231924,0.005525824654192655,0.008683621768039268,0.014209446422231924,0.8906910682476563,0.9095454463941466,298,299
2023-08-24,negative,-0.046031254721631595,-0.05056268763230125,-0.004531432910669653,0.046031254721631595,0.05056268763230125,0.10412693200424634,0.09594009212443996,298,298
2023-08-25,positive,0.024671032062601548,0.033907694661322034,0.009236662598720486,0.024671032062601548,0.033907694661322034,0.8918574068405718,0.9081152690213092,297,298
2023-08-25,negative,-0.020138351665625498,-0.025118808396159514,-0.004980456730534016,0.020138351665625498,0.025118808396159514,0.10551927807820063,0.09481742225849969,297,297
2023-08-28,positive,0.031081425841987503,0.044704256351239376,0.013622830509251872,0.031081425841987503,0.044704256351239376,0.8905874624201641,0.909614015081515,298,298
2023-08-28,negative,-0.016284897404489886,-0.02025344303663156,-0.003968545632141673,0.016284897404489886,0.02025344303663156,0.10275182991771306,0.09739149737898956,297,298
2023-08-29,positive,0.04090608318762841,0.05306319755299482,0.012157114365366414,0.04090608318762841,0.05306319755299482,0.893930135623585,0.9061834776776602,298,299
2023-08-29,negative,-0.01038308557748493,-0.016493803563795022,-0.0061107179863100925,0.010384530536068593,0.016493803563795022,0.10620940407545947,0.09399180316800129,298,298
2023-08-30,positive,0.028947535447510355,0.032995192040012486,0.004047656592502131,0.028947535447510355,0.032995192040012486,0.8957939881277015,0.9044074893739773,298,298
2023-08-30,negative,-0.0184864296736047,-0.025656952623336653,-0.007170522949731955,0.0184864296736047,0.025656952623336653,0.10621606709585218,0.09393888515782405,297,298
2023-08-31,positive,0.019985785284233126,0.04349585038687352,0.023510065102640396,0.019985785284233126,0.04349585038687352,0.8937552343812862,0.9062910144822773,297,298
2023-08-31,negative,-0.03051132128260968,-0.03144599709624166,-0.0009346758136319772,0.03051132128260968,0.03144599709624166,0.10303472285969761,0.09723454674649558,297,297
2023-09-01,positive,0.03823408232692149,0.04753619985276098,0.009302117525839489,0.03823408232692149,0.04753619985276098,0.8912845106523655,0.908954789382704,297,298
2023-09-01,negative,-0.014782395745177897,-0.023579843115949822,-0.008797447370771925,0.014782395745177897,0.023579843115949822,0.11147962476140012,0.08858762473422863,297,297
2023-09-05,positive,0.015931203493764458,0.026926734821474275,0.010995531327709817,0.01597568506316444,0.02695796673067434,0.8911874446261063,0.9090829169825454,296,296
2023-09-05,negative,-0.051552691626993455,-0.055692335037319116,-0.004139643410325661,0.051552691626993455,0.055692335037319116,0.10463108814819483,0.09545203364905967,295,296
2023-09-06,positive,0.017838588462444165,0.023264353792715638,0.005425765330271472,0.017838588462444165,0.023264353792715638,0.8942844947565108,0.9057829361268337,297,297
2023-09-06,negative,-0.03723597595431609,-0.0465830406005657,-0.009347064646249612,0.03723597595431609,0.0465830406005657,0.10214298080953509,0.09813350406742181,296,297
2023-09-07,positive,0.017911602121020838,0.024416561195595304,0.006504959074574466,0.017911602121020838,0.024416561195595304,0.8916437333990526,0.9083955620598647,296,297
2023-09-07,negative,-0.04547104718577985,-0.04989764618266242,-0.004426598996882566,0.04547104718577985,0.04989764618266242,0.10330124957784532,0.09696892941573793,296,296
2023-09-08,positive,0.024630590854577753,0.03251847812134832,0.007887887266770564,0.024630590854577753,0.03251847812134832,0.8918528721559025,0.9081197884889161,297,298
2023-09-08,negative,-0.029843566647862467,-0.03535699009803006,-0.005513423450167594,0.029843566647862467,0.03535699009803006,0.10800768629051458,0.09232901404618576,297,297
2023-09-11,positive,0.028556167886031766,0.04472608502884448,0.016169917142812715,0.028556167886031766,0.04472608502884448,0.8889660044931179,0.9113034465004827,297,297
2023-09-11,negative,-0.028434946044910425,-0.03195914368277998,-0.0035241976378695555,0.028434946044910425,0.03195914368277998,0.11046751112850808,0.08963498235980553,296,297
2023-09-12,positive,0.026753125093458008,0.041472989389885376,0.014719864296427368,0.026753125093458008,0.041472989389885376,0.8899968441438435,0.910070586739501,297,297
2023-09-12,negative,-0.029716253434238494,-0.03952394851181822,-0.009807695077579729,0.029716253434238494,0.03952394851181822,0.10513693481073791,0.09514963071942169,296,297
2023-09-13,positive,0.01695928003466086,0.029889403706759222,0.012930123672098361,0.01695928003466086,0.029889403706759222,0.8853237117360935,0.9147439472625534,296,296
2023-09-13,negative,-0.03561215033467784,-0.044823027475863905,-0.009210877141186062,0.03561215033467784,0.044823027475863905,0.10666154445998946,0.09363113959697181,295,296
2023-09-14,positive,0.03883033207190576,0.050521372933633055,0.011691040861727293,0.03883033207190576,0.050521372933633055,0.888459852214499,0.9118105093941524,296,296
2023-09-14,negative,-0.015506420717967564,-0.020953008107348684,-0.00544658738938112,0.015506420717967564,0.020953008107348684,0.10219072421127966,0.0934834900502952,289,289
2023-09-15,positive,0.020642948271019427,0.021948105385096794,0.0013051571140773668,0.020642948271019427,0.021948105385096794,0.8966737373367956,0.9033939216618513,296,296
2023-09-15,negative,-0.03974387089050182,-0.03870945500053827,0.001034415889963551,0.03974387089050182,0.03870945500053827,0.10122416917043187,0.09905014537541601,295,296
2023-09-18,positive,0.017874499162224104,0.030669399183927908,0.012794900021703803,0.017874499162224104,0.030669399183927908,0.890034644662716,0.9099991190004496,297,298
2023-09-18,negative,-0.03867959931707523,-0.048632406451245294,-0.009952807134170065,0.03867959931707523,0.048632406451245294,0.11022374536342897,0.09004552424276421,297,297
2023-09-19,positive,0.01897599295246665,0.02771137822939834,0.008735385276931688,0.01897599295246665,0.02771137822939834,0.8884301953981009,0.9115308490308489,296,297
2023-09-19,negative,-0.03229802777442845,-0.029599024096124527,0.0026990036783039253,0.03229802777442845,0.029599024096124527,0.100514746165084,0.09982309167275384,296,296
2023-09-20,positive,0.015739613383320104,0.025190415362162343,0.009450801978842238,0.015739613383320104,0.025190415362162343,0.8874944755979269,0.9126661159974739,295,296
2023-09-20,negative,-0.032892372393661704,-0.04023337482749378,-0.007341002433832074,0.032892372393661704,0.04023337482749378,0.10768767183042811,0.09244778363858644,295,295
2023-09-21,positive,0.00858861190687677,0.018025643743450247,0.009437031836573477,0.00904323614412893,0.018233295608882878,0.8889052730918957,0.9111250064834397,294,295
2023-09-21,negative,-0.04634274136935426,-0.052454079124195745,-0.006111337754841482,0.04634274136935426,0.052454079124195745,0.10553585596088146,0.09473616036009778,294,294
2023-09-22,positive,0.018602288083753856,0.022898900551713397,0.004296612467959541,0.018602288083753856,0.022898900551713397,0.8935447022123167,0.9065014610415983,293,294
2023-09-22,negative,-0.029687807090073175,-0.033313828117477046,-0.003626021027403871,0.029687807090073175,0.033313828117477046,0.10629227639578333,0.09398066799179769,293,293
2023-09-25,positive,0.025321705505945608,0.04384807340038075,0.018526367894435142,0.025321705505945608,0.04384807340038075,0.887447248278935,0.9126211044209966,293,293
2023-09-25,negative,-0.02477600732444879,-0.030142360777186992,-0.005366353452738202,0.02477600732444879,0.030142360777186992,0.10450179776964204,0.09578651095626127,292,293
2023-09-26,positive,0.01182533325108955,0.023418745370902466,0.011593412119812916,0.012253029765548436,0.023748179931206845,0.8953153778019393,0.9048735519984493,292,293
2023-09-26,negative,-0.04209046394408327,-0.04211003853070748,-1.9574586624208912e-05,0.04209046394408327,0.04211003853070748,0.10212345169862076,0.09801339400784519,292,292
2023-09-27,positive,0.034712203850058944,0.043679065880658986,0.008966862030600042,0.034712203850058944,0.043679065880658986,0.8876777830842526,0.9122803046133129,293,294
2023-09-27,negative,-0.0256091434590945,-0.027217135460079887,-0.001607992000985388,0.0256091434590945,0.027217135460079887,0.10351372759146875,0.0968275693368589,293,293
2023-09-28,positive,0.03255318967275251,0.045135578829265846,0.012582389156513336,0.03255318967275251,0.045135578829265846,0.8890045816668142,0.9110942125827138,293,294
2023-09-28,negative,-0.023080553920018253,-0.029108520731864443,-0.00602796681184619,0.023080553920018253,0.029108520731864443,0.10490282582681858,0.09530181264521416,293,293
2023-09-29,positive,0.023888357088493295,0.03775339166526664,0.013865034576773343,0.023888357088493295,0.03775339166526664,0.8906905345197299,0.9094461241751797,293,293
2023-09-29,negative,-0.026547440216942914,-0.02913738844434239,-0.002589948227399476,0.026547440216942914,0.02913738844434239,0.10574727033617103,0.0944769831543672,292,293
2023-10-02,positive,0.011711005354653395,0.02519450728480311,0.013483501930149714,0.011711005354653395,0.02519450728480311,0.891472112988746,0.9084986819187495,291,292
2023-10-02,negative,-0.049411924720564146,-0.05443748193836002,-0.0050255572177958716,0.049411924720564146,0.05443748193836002,0.10400266883952718,0.09634097377215667,291,291
2023-10-03,positive,0.011563086707490771,0.022917703755855508,0.011354617048364737,0.011598907078376427,0.022972478812629187,0.8914095261753937,0.9085904738246063,291,291
2023-10-03,negative,-0.05073361619374518,-0.05427298673283365,-0.0035393705390884683,0.05073361619374518,0.05427298673283365,0.10639503828120363,0.09397058040704794,290,291
2023-10-04,positive,0.030561062127303237,0.03367870218608321,0.003117640058779972,0.030561062127303237,0.03367870218608321,0.893370668825063,0.9067674050444576,290,290
2023-10-04,negative,-0.03231371750103299,-0.0389870336991339,-0.006673316198100909,0.03231371750103299,0.0389870336991339,0.10860716192505551,0.09162927166033828,289,290
2023-10-05,positive,0.03018729782691851,0.03796070537501114,0.007773407548092626,0.03018729782691851,0.03796070537501114,0.8923581642477624,0.9076843984358988,290,291
2023-10-05,negative,-0.03188335801143961,-0.040081378454988846,-0.00819802044354924,0.03188335801143961,0.040081378454988846,0.11502513996362729,0.08525062701327724,290,290
2023-10-06,positive,0.03483788630715578,0.043012011318885636,0.008174125011729858,0.03483788630715578,0.043012011318885636,0.8938072630351492,0.9063997763023249,290,290
2023-10-06,negative,-0.021958203033315256,-0.022831274065892,-0.000873071032576743,0.021958203033315256,0.022831274065892,0.10498410788015122,0.09517086694747863,289,290
2023-10-09,positive,0.03241540370916396,0.04084910745556591,0.008433703746401948,0.03241540370916396,0.04084910745556591,0.887855532742753,0.9122406639004151,289,290
2023-10-09,negative,-0.027459750912115687,-0.03488433268087242,-0.007424581768756731,0.027459750912115687,0.03488433268087242,0.10694757522242482,0.09325989365724323,289,289
2023-10-10,positive,0.04351256841725571,0.052362757212773094,0.008850188795517383,0.04351256841725571,0.052362757212773094,0.8927024582946622,0.907504581042812,290,290
2023-10-10,negative,-0.012232728750037015,-0.021400466655995765,-0.00916773790595875,0.012232728750037015,0.021400466655995765,0.10641272706866207,0.0937471740320316,289,290
2023-10-11,positive,0.022803327931632606,0.029075201150264303,0.006271873218631697,0.022803327931632606,0.029075201150264303,0.8897734839476813,0.9101913733854722,290,291
2023-10-11,negative,-0.03345600871851452,-0.05082972989531346,-0.01737372117679894,0.03345600871851452,0.05082972989531346,0.11088109393579074,0.08946373365041617,290,290
2023-10-12,positive,0.004259134909092228,0.021107487463246394,0.016848352554154164,0.005941945608630963,0.022305471029142293,0.886998323849535,0.9130709762197651,289,289
2023-10-12,negative,-0.05686697684462182,-0.06794883871976608,-0.011081861875144261,0.05686697684462182,0.06794883871976608,0.11106418918918919,0.08925081589441451,288,289
2023-10-13,positive,0.024721730400925936,0.03572701519023205,0.011005284789306118,0.024721730400925936,0.03572701519023205,0.8886292769685089,0.9115385532259795,289,290
2023-10-13,negative,-0.038983390751609004,-0.0480211697643537,-0.009037779012744697,0.038983390751609004,0.0480211697643537,0.10962806057336824,0.0905102042036798,289,289
2023-10-16,positive,0.04481233635262023,0.05742609592000758,0.012613759567387348,0.04481233635262023,0.05742609592000758,0.8917005622536799,0.9085086427672405,287,287
2023-10-16,negative,-0.01374393769854648,-0.01670406672782715,-0.0029601290292806687,0.014293949116039987,0.017186494834915148,0.10598014259102126,0.094179921177574,286,287
2023-10-17,positive,0.03838746448156987,0.04975122022551723,0.011363755743947358,0.03838746448156987,0.04975122022551723,0.8938888606005058,0.9063677945952215,287,288
2023-10-17,negative,-0.0170739588519939,-0.018707314607941547,-0.0016333557559476478,0.0170739588519939,0.018707314607941547,0.10297597831331728,0.0970936111090905,287,287
2023-10-18,positive,0.006039212419358402,0.01613480260335727,0.01009559018399887,0.007603935826091934,0.01747902383159733,0.8925575995233817,0.9076953117396298,286,287
2023-10-18,negative,-0.05398730598438133,-0.0572586909460041,-0.0032713849616227697,0.05398730598438133,0.0572586909460041,0.10628015490096496,0.09378967750126967,286,286
2023-10-19,positive,0.009778190978817882,0.019836608287430786,0.010058417308612904,0.009865951293206504,0.019905208307184112,0.8882034152702936,0.9118953451877716,285,286
2023-10-19,negative,-0.046525601302684995,-0.0501366154253748,-0.0036110141226898054,0.046525601302684995,0.0501366154253748,0.10618402598361261,0.09402635269801432,285,285
2023-10-20,positive,0.01237157117989107,0.016668829285838307,0.004297258105947237,0.01237157117989107,0.016668829285838307,0.893152405659674,0.9081837406131809,283,283
2023-10-20,negative,-0.041590870659728725,-0.04673074780016091,-0.005139877140432188,0.041590870659728725,0.04673074780016091,0.10535089934826963,0.09471942413977537,284,284
2023-10-23,positive,0.014516161241589585,0.019153021393625284,0.0046368601520357,0.014516161241589585,0.019153021393625284,0.8948984027622524,0.9051015972377476,284,284
2023-10-23,negative,-0.04325478468891497,-0.043960550549903755,-0.0007057658609887843,0.04325478468891497,0.043960550549903755,0.09775958020952133,0.10258464366445587,283,284
2023-10-24,positive,0.03955429296566965,0.05122251419028697,0.011668221224617317,0.03955429296566965,0.05122251419028697,0.8910959584668505,0.9089040415331496,284,284
2023-10-24,negative,-0.021763282573163695,-0.027882358893046102,-0.006119076319882406,0.021763282573163695,0.027882358893046102,0.10896167916191474,0.09142198872245821,283,284
2023-10-25,positive,0.013728888465349604,0.022924304086482473,0.00919541562113287,0.013728888465349604,0.022924304086482473,0.8874365745638055,0.9126341968445454,283,283
2023-10-25,negative,-0.05396051340521785,-0.0614663059739373,-0.007505792568719451,0.05396051340521785,0.0614663059739373,0.1083599353520752,0.09195219053763763,282,283
2023-10-26,positive,0.03318155219523247,0.04959093032608981,0.01640937813085734,0.03318155219523247,0.04959093032608981,0.8864582454189359,0.9136827485888189,284,284
2023-10-26,negative,-0.0309293892234768,-0.042127259890814624,-0.011197870667337823,0.0309293892234768,0.042127259890814624,0.1116873071763708,0.08856496398198851,283,284
2023-10-27,positive,0.012837321037389604,0.027972497055403993,0.015135176018014389,0.012837321037389604,0.027972497055403993,0.8849415986525457,0.9152705654210044,283,283
2023-10-27,negative,-0.04256180984102153,-0.05485645728190007,-0.01229464744087854,0.04256180984102153,0.05485645728190007,0.11420746937915675,0.08598392650976355,282,283
2023-10-30,positive,0.03880438728069381,0.044554930054689,0.005750542773995192,0.03880438728069381,0.044554930054689,0.8954796325888581,0.9045911388194929,283,283
2023-10-30,negative,-0.0221850668710245,-0.02576578629994392,-0.0035807194289194204,0.0221850668710245,0.02576578629994392,0.11012169168762202,0.09019665948949557,282,283
2023-10-31,positive,0.03955246100376166,0.05596026507320899,0.016407804069447328,0.03955246100376166,0.05596026507320899,0.8918722913681388,0.9081984800402122,283,283
2023-10-31,negative,-0.018346696895722582,-0.03198130365079422,-0.013634606755071638,0.018346696895722582,0.03198130365079422,0.11006146070179137,0.09025667764498761,282,283
2023-11-01,positive,0.03200005797188835,0.04735336367560736,0.015353305703719004,0.03200005797188835,0.04735336367560736,0.8824354521007185,0.9178473333358316,283,283
2023-11-01,negative,-0.02859301621641142,-0.039257248368750004,-0.010664232152338585,0.02859301621641142,0.039257248368750004,0.1075317945593887,0.0925653910095715,282,283
2023-11-02,positive,0.07516338159402698,0.09706519001034207,0.02190180841631509,0.07516338159402698,0.09706519001034207,0.8865624383993692,0.9136482357579341,285,285
2023-11-02,negative,-0.009435823365249271,-0.0337776710382433,-0.02434184767299403,0.011224895694227324,0.034875294733301344,0.11662619678746637,0.08357234378080032,284,285
2023-11-03,positive,0.06442812811520121,0.09158213736164925,0.027154009246448035,0.06442812811520121,0.09158213736164925,0.8804684518313327,0.9194632560422032,285,286
2023-11-03,negative,-0.010688913612411931,-0.022466613708760286,-0.011777700096348355,0.011615627059466822,0.02296161635905838,0.1134330563250231,0.08691782086795938,285,285
2023-11-06,positive,0.015216092884222439,0.037100561710739784,0.021884468826517345,0.015216092884222439,0.037100561710739784,0.8859101069627385,0.9143706933180616,285,285
2023-11-06,negative,-0.04331825499960031,-0.053293398143788084,-0.009975143144187772,0.04331825499960031,0.053293398143788084,0.10829473153416816,0.09180444969918654,284,285
2023-11-07,positive,0.033703552562109405,0.058346382698282934,0.02464283013617353,0.033703552562109405,0.058346382698282934,0.8837856504177843,0.9162143495822157,285,285
2023-11-07,negative,-0.031125539989681504,-0.047235800045618684,-0.01611026005593718,0.031125539989681504,0.047235800045618684,0.11635188989826482,0.08405636234699228,284,285
2023-11-08,positive,0.01753304004155137,0.0385833637963069,0.021050323754755528,0.01753304004155137,0.0385833637963069,0.8813803362812535,0.9188310802092329,284,284
2023-11-08,negative,-0.04107423718213776,-0.06133089528641373,-0.020256658104275967,0.04107423718213776,0.06133089528641373,0.11667749896034882,0.08352192081310982,283,284
2023-11-09,positive,0.009676926356718062,0.03497706751349111,0.02530014115677305,0.009676926356718062,0.03497706751349111,0.8745722934123757,0.9254086276199579,282,283
2023-11-09,negative,-0.05667570853943907,-0.07605731910312377,-0.019381610563684704,0.05667570853943907,0.07605731910312377,0.11432933344395253,0.08595425393640904,282,282
2023-11-10,positive,0.03650511034054635,0.04691411935307478,0.010409009012528433,0.03650511034054635,0.04691411935307478,0.884490683431738,0.9155800879766128,283,283
2023-11-10,negative,-0.020438915171732575,-0.04243508450787151,-0.021996169336138932,0.020438915171732575,0.04243508450787151,0.11710660382567147,0.08323642901977849,282,283
2023-11-13,positive,0.02683354613625182,0.0412447818152861,0.014411235679034278,0.02683354613625182,0.0412447818152861,0.8835498295756591,0.916450170424341,283,283
2023-11-13,negative,-0.02537400292541055,-0.035270275910258664,-0.009896272984848114,0.02537400292541055,0.035270275910258664,0.11423146927759995,0.08617217549016543,282,283
2023-11-14,positive,0.09530103459846519,0.11230172440737132,0.017000689808906136,0.09530103459846519,0.11230172440737132,0.8872908587257617,0.9126647037173352,285,286
2023-11-14,negative,0.004767466766346012,-0.006913620776597207,-0.01168108754294322,0.011838211364134264,0.019957728273057813,0.10934441366574331,0.09100646352723914,285,285
2023-11-15,positive,0.03556307539916842,0.051910611947281284,0.016347536548112863,0.03556307539916842,0.051910611947281284,0.8889609165344459,0.9111091114767584,286,286
2023-11-15,negative,-0.0230051509736599,-0.02845734936138928,-0.005452198387729378,0.0230051509736599,0.02845734936138928,0.10509484495552608,0.09520259152612093,285,286
2023-11-16,positive,0.011822417101910713,0.021167223627092845,0.009344806525182133,0.011822417101910713,0.021167223627092845,0.8896458636953408,0.9105278703070502,285,286
2023-11-16,negative,-0.04526395643100075,-0.05217621469023258,-0.006912258259231828,0.04526395643100075,0.05217621469023258,0.10710793808917668,0.09303226520560075,285,285
2023-11-17,positive,0.042918624640916586,0.05466524840686115,0.011746623765944562,0.042918624640916586,0.05466524840686115,0.8882868554917507,0.9116724738675958,287,288
2023-11-17,negative,-0.014274571742270422,-0.017442914277341504,-0.0031683425350710823,0.014274571742270422,0.017442914277341504,0.10581468756449636,0.09453374449125278,287,287
2023-11-20,positive,0.031091495808610387,0.051240302375571554,0.020148806566961167,0.031091495808610387,0.051240302375571554,0.8855464524416629,0.9145230885875443,288,288
2023-11-20,negative,-0.019492609716998923,-0.022794029902469704,-0.0033014201854707804,0.019492609716998923,0.022794029902469704,0.1100292944614326,0.08990116450936018,287,287
2023-11-21,positive,0.01582175790565657,0.025693273246727537,0.009871515341070967,0.01582175790565657,0.025693273246727537,0.8864562809973503,0.9136357261683687,287,288
2023-11-21,negative,-0.03876186204012535,-0.046182782255338124,-0.007420920215212776,0.03876186204012535,0.046182782255338124,0.10864177011248823,0.09156714353653683,287,287
2023-11-22,positive,0.028666325085189612,0.03124704216424975,0.0025807170790601366,0.028666325085189612,0.03124704216424975,0.8965967695266626,0.9034730141439584,287,287
2023-11-22,negative,-0.015100343392777549,-0.018041460273139787,-0.0029411168803622385,0.015100343392777549,0.018041460273139787,0.10478652540760008,0.09550880076640465,286,287
2023-11-24,positive,0.025058842341141942,0.03940198409853954,0.014343141757397596,0.025058842341141942,0.03940198409853954,0.8840155839514758,0.9160539570777314,288,288
2023-11-24,negative,-0.008336124686497328,-0.010405211593318621,-0.002069086906821293,0.008336124686497328,0.010405211593318621,0.10873357789806787,0.0915744282182043,287,288
2023-11-27,positive,0.016261875552958497,0.028260403334309347,0.01199852778135085,0.016261875552958497,0.028260403334309347,0.8863825698840384,0.9136174301159619,287,287
2023-11-27,negative,-0.029131728364101953,-0.034451068960587264,-0.005319340596485311,0.029131728364101953,0.034451068960587264,0.1093362135246952,0.09104474889176715,286,287
2023-11-28,positive,0.024595134602430478,0.03641973681379835,0.011824602211367871,0.024595134602430478,0.03641973681379835,0.8890697058494793,0.9111394991714411,287,287
2023-11-28,negative,-0.028071170672972465,-0.0354041249822752,-0.007332954309302735,0.028071170672972465,0.0354041249822752,0.10611241965844477,0.0940481050058558,286,287
2023-11-29,positive,0.03617053645897433,0.05310007666007489,0.01692954020110056,0.03617053645897433,0.05310007666007489,0.8926043659482227,0.9076478291966288,287,288
2023-11-29,negative,-0.01866648091637271,-0.02725920361249126,-0.008592722696118549,0.01866648091637271,0.02725920361249126,0.11023740419330827,0.08983218522909953,287,287
2023-11-30,positive,0.02970437737054973,0.037368020088144834,0.007663642717595103,0.02970437737054973,0.037368020088144834,0.8961795903791214,0.9040288877306772,288,288
2023-11-30,negative,-0.029216337339031787,-0.03477119545470145,-0.005554858115669661,0.029216337339031787,0.03477119545470145,0.09933764010528023,0.10079880414639796,287,288
2023-12-01,positive,0.06473317589054149,0.08262720408194536,0.01789402819140387,0.06473317589054149,0.08262720408194536,0.8878609282539983,0.9122349558664364,290,291
2023-12-01,negative,-0.010188490818373364,-0.010532235979157008,-0.00034374516078364455,0.014196105631225022,0.014051235792578137,0.10579683452553532,0.09440991943724898,290,290
2023-12-04,positive,0.03577680684821478,0.07076149783570981,0.034984690987495036,0.03577680684821478,0.07076149783570981,0.8858166641901757,0.9144088293641467,291,292
2023-12-04,negative,-0.025942429815594394,-0.029235098866243977,-0.0032926690506495833,0.025942429815594394,0.029235098866243977,0.10550736225403139,0.09456127192579018,291,291
2023-12-05,positive,0.012550623311886543,0.02726246132460194,0.014711838012715398,0.012550623311886543,0.02726246132460194,0.8865834653706874,0.9155567750005901,289,290
2023-12-05,negative,-0.043930874432018596,-0.0563406709015685,-0.012409796469549907,0.043930874432018596,0.0563406709015685,0.10713892248694362,0.09306641632209127,292,292
2023-12-06,positive,0.028730588515873588,0.04301660160423629,0.0142860130883627,0.028730588515873588,0.04301660160423629,0.8897747253835658,0.9104984053777863,293,293
2023-12-06,negative,-0.029586152591676733,-0.03704233741374517,-0.007456184822068439,0.029586152591676733,0.03704233741374517,0.11027245261134523,0.08983077312085687,292,293
2023-12-07,positive,0.03567790939105301,0.04502336106191766,0.009345451670864653,0.03567790939105301,0.04502336106191766,0.8923398212636533,0.9079323801654041,294,294
2023-12-07,negative,-0.02487913380301674,-0.03760993734226298,-0.012730803539246237,0.02487913380301674,0.03760993734226298,0.10303532463852602,0.09704293422030262,293,294
2023-12-08,positive,0.03075966818727764,0.0450593988649937,0.014299730677716064,0.03075966818727764,0.0450593988649937,0.8885350061868721,0.9114649938131276,295,295
2023-12-08,negative,-0.0236591760692675,-0.033235350958754406,-0.009576174889486908,0.0236591760692675,0.033235350958754406,0.10511301294711434,0.0952433023510115,294,295
2023-12-11,positive,0.025002568092021907,0.03383779123255353,0.008835223140531624,0.025002568092021907,0.03383779123255353,0.884194972707993,0.915805027292007,294,294
2023-12-11,negative,-0.03847144842334211,-0.04076481275773075,-0.002293364334388641,0.03847144842334211,0.04076481275773075,0.10194893918867848,0.09839782591060275,293,294
2023-12-12,positive,0.025629788772547426,0.03612271882671911,0.010492930054171682,0.025629788772547426,0.03612271882671911,0.8939637141884331,0.906172479206187,294,294
2023-12-12,negative,-0.03611259203594075,-0.034555903220154525,0.0015566888157862238,0.03611259203594075,0.034555903220154525,0.10214388390558964,0.09806735087633965,293,294
2023-12-13,positive,0.07882342443173912,0.08940026706678499,0.010576842635045866,0.07882342443173912,0.08940026706678499,0.8962295025492627,0.9038930317512635,295,296
2023-12-13,negative,-0.006075358004125426,-0.007028607409803327,-0.0009532494056779008,0.011609852429050318,0.012353761688306741,0.10219730375269853,0.09800594827982179,295,295
2023-12-14,positive,0.0699488530936679,0.08455243826750221,0.01460358517383431,0.0699488530936679,0.08455243826750221,0.8877293693085387,0.9123641319792569,296,297
2023-12-14,negative,-0.021355625473317985,-0.027019641472419958,-0.005664015999101973,0.021355625473317985,0.027019641472419958,0.10928061755205576,0.09092194828184025,296,296
2023-12-15,positive,0.02564388470158222,0.030301276771575344,0.004657392069993122,0.02564388470158222,0.030301276771575344,0.8948422662527393,0.9051403676403678,296,297
2023-12-15,negative,-0.04377129326985789,-0.04273873405477117,0.0010325592150867216,0.04377129326985789,0.04273873405477117,0.0941158007669832,0.10622203707085465,296,296
2023-12-18,positive,0.025518939795498397,0.04735909359002111,0.021840153794522716,0.025518939795498397,0.04735909359002111,0.8861416368281843,0.9140796623239215,298,299
2023-12-18,negative,-0.03487248849452375,-0.037085540584232586,-0.0022130520897088377,0.03487248849452375,0.037085540584232586,0.10362593788797525,0.09644108624071109,298,298
2023-12-19,positive,0.04946404812689469,0.0610166811171144,0.011552632990219705,0.04946404812689469,0.0610166811171144,0.8906003836352477,0.9093996163647519,301,301
2023-12-19,negative,-0.009904552488854098,-0.016667115214924956,-0.006762562726070858,0.010773591126790211,0.017421345015758986,0.10508541320022186,0.09526370777386527,300,301
2023-12-20,positive,0.00789813629422381,0.012158206853757977,0.004260070559534167,0.010119198542128309,0.013851330984397349,0.8915351315351315,0.9086362142840549,300,301
2023-12-20,negative,-0.05097056416640593,-0.05590750612305643,-0.004936941956650502,0.05097056416640593,0.05590750612305643,0.10685425685425684,0.09327894327894327,300,300
2023-12-21,positive,0.044910102935646866,0.06317071904045628,0.01826061610480941,0.044910102935646866,0.06317071904045628,0.8892443900929063,0.9109537605015455,303,303
2023-12-21,negative,-0.006481553645597149,-0.008386627789134475,-0.0019050741435373266,0.008639840957268477,0.010033660894443125,0.10634136579562053,0.09381144521321352,302,303
2023-12-22,positive,0.030728425225575652,0.05865436627125514,0.02792594104567949,0.030728425225575652,0.05865436627125514,0.8817002182876547,0.9184972800665258,304,304
2023-12-22,negative,-0.012047192779447232,-0.020650055527046466,-0.008602862747599234,0.012047192779447232,0.020650055527046466,0.11157462026650328,0.0885949031565088,303,304
2023-12-26,positive,0.035908041303947424,0.05786464653673584,0.021956605232788418,0.035908041303947424,0.05786464653673584,0.8836308780290947,0.9163810340662766,306,307
2023-12-26,negative,-0.010791101640580928,-0.015659169868215334,-0.004868068227634406,0.010870573009027792,0.015685446972768868,0.10905488188959567,0.09120647060958763,306,306
2023-12-27,positive,0.021567631356481428,0.04182510729838957,0.020257475941908142,0.021567631356481428,0.04182510729838957,0.8902764174556534,0.9098874769897304,306,307
2023-12-27,negative,-0.014698768127342634,-0.020455888616608325,-0.0057571204892656914,0.014698768127342634,0.020455888616608325,0.11158055560890151,0.08855003531502927,306,306
2023-12-28,positive,0.01786320904510076,0.033464094610578754,0.015600885565477993,0.01786320904510076,0.033464094610578754,0.8859382943653196,0.9143223768630935,307,307
2023-12-28,negative,-0.020862807153095596,-0.032465678367475014,-0.011602871214379418,0.020862807153095596,0.032465678367475014,0.11662215662848173,0.08349704887479396,306,307
2023-12-29,positive,0.00692898472745619,0.011909113023896953,0.004980128296440763,0.007224616730156205,0.012178627766218544,0.8891885953685216,0.9110368596967198,306,307
2023-12-29,negative,-0.03551742235288509,-0.04690225640997457,-0.011384834057089482,0.03551742235288509,0.04690225640997457,0.10954325159132408,0.09052202256011195,306,306
2024-01-02,positive,0.024883769512093902,0.03519740495560495,0.010313635443511049,0.024883769512093902,0.03519740495560495,0.8881333838072751,0.9119320612189028,306,306
2024-01-02,negative,-0.04332041930297091,-0.04549560532390989,-0.0021751860209389823,0.04332041930297091,0.04549560532390989,0.10572375761737192,0.09455629983232386,305,306
2024-01-03,positive,0.010950980280933833,0.020131986702913825,0.009181006421979993,0.011926876185641559,0.020961711124834446,0.8944760173988784,0.9057863637096817,305,305
2024-01-03,negative,-0.059634104461854465,-0.0635207275426131,-0.0038866230807586416,0.059634104461854465,0.0635207275426131,0.10346360325214479,0.09661324056799057,304,305
2024-01-04,positive,0.02824072083505742,0.03390518502597676,0.00566446419091934,0.02824072083505742,0.03390518502597676,0.8963269231802528,0.9037265184671048,305,306
2024-01-04,negative,-0.03169275926871208,-0.03277377032169266,-0.001081011052980578,0.03169275926871208,0.03277377032169266,0.1016581502436718,0.09860405886809484,305,305
2024-01-05,positive,0.0231145218631633,0.03541528942306606,0.012300767559902757,0.0231145218631633,0.03541528942306606,0.8827718355280838,0.9171718632808314,305,306
2024-01-05,negative,-0.0295167617519977,-0.034527880902528965,-0.005011119150531266,0.0295167617519977,0.034527880902528965,0.1004235420585864,0.09990432679387262,305,305
2024-01-08,positive,0.04943191606364503,0.07811173318754744,0.028679817123902406,0.04943191606364503,0.07811173318754744,0.8875984773678383,0.9125977293031886,306,306
2024-01-08,negative,-0.01622762911229978,-0.023210400964785154,-0.006982771852485373,0.01622762911229978,0.023210400964785154,0.1109843570746979,0.08918213023164356,305,306
2024-01-09,positive,0.018507854111390564,0.0369889119296745,0.01848105781828394,0.018507854111390564,0.0369889119296745,0.8872928643534201,0.9127725806727576,306,306
2024-01-09,negative,-0.03857607488361997,-0.043810410811223374,-0.0052343359276034035,0.03857607488361997,0.043810410811223374,0.109534589305639,0.09075792184238442,305,306
2024-01-10,positive,0.023040814460601123,0.034608316559429926,0.011567502098828803,0.023040814460601123,0.034608316559429926,0.8854936608151114,0.9145717842110667,306,306
2024-01-10,negative,-0.029302207417914877,-0.033667313777568486,-0.0043651063596536095,0.029302207417914877,0.033667313777568486,0.10847459445541155,0.09181445265715361,305,306
2024-01-11,positive,0.015378443844554847,0.02684713204834541,0.011468688203790564,0.015378443844554847,0.02684713204834541,0.885704297496369,0.9145112125977467,304,305
2024-01-11,negative,-0.03807561119051064,-0.04399405754560119,-0.005918446355090555,0.03807561119051064,0.04399405754560119,0.10560356006639463,0.09446214295594439,304,304
2024-01-12,positive,0.020468932082580018,0.030735396462625658,0.01026646438004564,0.020468932082580018,0.030735396462625658,0.8845746407548478,0.9153747842968077,304,305
2024-01-12,negative,-0.03222337418273129,-0.03736221824104654,-0.005138844058315252,0.03222337418273129,0.03736221824104654,0.10962820290858727,0.0907007444598338,304,304
2024-01-16,positive,0.015283299630482649,0.02144805890837092,0.00616475927788827,0.015283299630482649,0.02144805890837092,0.8917341507544749,0.9083321622428725,302,302
2024-01-16,negative,-0.047107786769695,-0.04897234084005089,-0.0018645540703558922,0.047107786769695,0.04897234084005089,0.10574830141790849,0.09453554552321393,301,302
2024-01-17,positive,0.014271669441094289,0.022685749447072634,0.008414080005978345,0.014271669441094289,0.022685749447072634,0.8911970382558618,0.9089070855614971,299,300
2024-01-17,negative,-0.04175441375033492,-0.03935573057349785,0.0023986831768370714,0.04175441375033492,0.03935573057349785,0.09979063455725858,0.1004099002020997,299,299
2024-01-18,positive,0.028215021503431994,0.03859840497034581,0.010383383466913813,0.028215021503431994,0.03859840497034581,0.8904113571891161,0.9097585143822067,296,297
2024-01-18,negative,-0.03233358456637991,-0.030401899686373194,0.0019316848800067128,0.03233358456637991,0.030401899686373194,0.09739888808822322,0.10273611022429786,296,296
2024-01-19,positive,0.032157269515749966,0.047051563819121525,0.01489429430337156,0.032157269515749966,0.047051563819121525,0.8864899105186268,0.9134646009646009,296,297
2024-01-19,negative,-0.025369628300352824,-0.02148955402726803,0.003880074273084795,0.025369628300352824,0.02148955402726803,0.09634484569028488,0.10399299214755296,296,296
2024-01-22,positive,0.05229852558261157,0.06608279758546276,0.013784272002851192,0.05229852558261157,0.06608279758546276,0.898684427183584,0.9013155728164158,297,297
2024-01-22,negative,-0.013376904961746787,-0.012250217237068374,0.0011266877246784122,0.013481021322670612,0.012364497253117952,0.10464712182671711,0.09570522538482065,296,297
2024-01-23,positive,0.025585647746408036,0.040834831022365736,0.0152491832759577,0.025585647746408036,0.040834831022365736,0.8910718361943024,0.9088981026481026,296,297
2024-01-23,negative,-0.028025294060370538,-0.03026472525022773,-0.0022394311898571925,0.028025294060370538,0.03026472525022773,0.10199792275383492,0.09833991508400292,296,296
2024-01-24,positive,0.022456014036073307,0.025501461907033625,0.0030454478709603175,0.022456014036073307,0.025501461907033625,0.891492992147553,0.9084783647283649,296,297
2024-01-24,negative,-0.03756256494187486,-0.04053013472445835,-0.0029675697825834874,0.03756256494187486,0.04053013472445835,0.09979627008765521,0.10054156775018262,296,296
2024-01-25,positive,0.037694467082496665,0.04629992366761539,0.008605456585118729,0.037694467082496665,0.04629992366761539,0.8948101531744654,0.9054602084341862,296,296
2024-01-25,negative,-0.022507273492845814,-0.025693022769536146,-0.003185749276690332,0.022507273492845814,0.025693022769536146,0.1033050561057618,0.09677358585351149,295,296
2024-01-26,positive,0.0246448773458247,0.039540459224000776,0.014895581878176075,0.0246448773458247,0.039540459224000776,0.8872354700068793,0.9128319608764653,297,297
2024-01-26,negative,-0.024256299165791223,-0.028893718861995408,-0.004637419696204185,0.024256299165791223,0.028893718861995408,0.10246988390953327,0.097807701651262,296,297
2024-01-29,positive,0.04671781601973263,0.06563533021953291,0.018917514199800284,0.04671781601973263,0.06563533021953291,0.8928668906805467,0.9073106504400907,297,298
2024-01-29,negative,-0.015763066927508743,-0.01600400111105747,-0.0002409341835487265,0.015763066927508743,0.01600400111105747,0.10592187147854822,0.09421267275286785,297,297
2024-01-30,positive,0.01607153426439064,0.030470689751998133,0.014399155487607493,0.01607153426439064,0.030470689751998133,0.8831741223982603,0.917028717358332,296,296
2024-01-30,negative,-0.04349535835264411,-0.04785446692051608,-0.004359108567871965,0.04349535835264411,0.04785446692051608,0.10267473441743732,0.09746929992873198,295,296
2024-01-31,positive,0.009364213907633938,0.016383558571004504,0.007019344663370565,0.012501004899128197,0.019381424034087852,0.8964969452442942,0.9037743331551633,295,295
2024-01-31,negative,-0.049722135258343916,-0.05587255625062889,-0.006150420992284973,0.049722135258343916,0.05587255625062889,0.1082685702290411,0.0918271634739728,294,295
2024-02-01,positive,0.04211794066296101,0.057330332170536145,0.015212391507575133,0.04211794066296101,0.057330332170536145,0.8872147564098875,0.9127852435901126,295,295
2024-02-01,negative,-0.02199943057544213,-0.02984733769027106,-0.007847907114828932,0.02199943057544213,0.02984733769027106,0.1090485430165275,0.09132111306149464,294,295
2024-02-02,positive,0.02006004998812313,0.03381189876475627,0.013751848776633144,0.02006004998812313,0.03381189876475627,0.8864119310995102,0.9137915967159579,295,295
2024-02-02,negative,-0.03517238850582196,-0.0418156720830141,-0.006643283577192141,0.03517238850582196,0.0418156720830141,0.10487278357747441,0.09527918956833706,294,295
2024-02-05,positive,0.014833895622154253,0.025161477308037233,0.01032758168588298,0.014916884190988485,0.02525517959681678,0.8935758753094349,0.9065607833854743,293,293
2024-02-05,negative,-0.046988437558460626,-0.04779810588418677,-0.0008096683257261469,0.046988437558460626,0.04779810588418677,0.10256246753185973,0.09765091632453408,292,293
2024-02-06,positive,0.04429841821143469,0.05332311922131335,0.009024701009878663,0.04429841821143469,0.05332311922131335,0.8938353169443956,0.9063013417505139,293,293
2024-02-06,negative,-0.020157023092495892,-0.031083966278169586,-0.010926943185673693,0.020157023092495892,0.031083966278169586,0.11017873272460932,0.09006064521094063,292,293
2024-02-07,positive,0.023724938005841308,0.038682673278020684,0.014957735272179376,0.023724938005841308,0.038682673278020684,0.8848990669664176,0.915049569315781,293,294
2024-02-07,negative,-0.034238366653874586,-0.04719290118130831,-0.012954534527433725,0.034238366653874586,0.04719290118130831,0.11015154515486494,0.0901897517734627,293,293
2024-02-08,positive,0.04310209922536771,0.06933312502148604,0.026231025796118336,0.04310209922536771,0.06933312502148604,0.8849124379996669,0.9153588403997909,295,295
2024-02-08,negative,-0.020192387983915743,-0.03118092550921422,-0.010988537525298478,0.020192387983915743,0.03118092550921422,0.11289829597488367,0.08721313171370933,294,295
2024-02-09,positive,0.04090178515798288,0.057434996201010696,0.016533211043027816,0.04090178515798288,0.057434996201010696,0.8886051577380439,0.9116661206614136,295,295
2024-02-09,negative,-0.017448922974272932,-0.03386687869647201,-0.016417955722199076,0.017448922974272932,0.03386687869647201,0.1153890515175212,0.08473081941019939,294,295
2024-02-12,positive,0.04810427259586567,0.06201059142296553,0.013906318827099855,0.04810427259586567,0.06201059142296553,0.8888876215851232,0.9112097795419876,296,297
2024-02-12,negative,-0.015957942216068065,-0.02064185066531204,-0.004683908449243976,0.015957942216068065,0.02064185066531204,0.10447595215066517,0.09572661368323084,296,296
2024-02-13,positive,-0.0014780052548904324,0.010085779540241402,0.011563784795131834,0.00942484479191909,0.019838009886406483,0.8944880804740251,0.9056285706438145,295,296
2024-02-13,negative,-0.07599100567284313,-0.0807065277891248,-0.004715522116281665,0.07599100567284313,0.0807065277891248,0.10010621928253181,0.10009703274998852,295,295
2024-02-14,positive,0.05136914497029188,0.07986146242819757,0.02849231745790569,0.05136914497029188,0.07986146242819757,0.8847339478227769,0.9153491874949189,297,298
2024-02-14,negative,-0.009662182748144977,-0.017579432824849403,-0.007917250076704426,0.010134517854254498,0.017918609206777836,0.10906621169070699,0.09113567256232129,297,297
2024-02-15,positive,0.052239444750495655,0.07946209686996902,0.02722265211947337,0.052239444750495655,0.07946209686996902,0.8812227245480468,0.9187772754519533,299,299
2024-02-15,negative,-0.014080351337550711,-0.028585847190120094,-0.014505495852569383,0.014385784625861976,0.028693801933006177,0.11405798567782989,0.08632347915721303,298,299
2024-02-16,positive,0.023221179716417458,0.044009613324475526,0.020788433608058068,0.023221179716417458,0.044009613324475526,0.8834737479418144,0.9167379202850146,299,300
2024-02-16,negative,-0.03504713315284823,-0.04793695094071955,-0.012889817787871322,0.03504713315284823,0.04793695094071955,0.10818571367930957,0.0918810865878915,299,299
2024-02-20,positive,0.01682327569274668,0.032535012430421464,0.015711736737674783,0.01682327569274668,0.032535012430421464,0.890360530417551,0.9099071176252725,299,299
2024-02-20,negative,-0.050345554402005034,-0.05362372410252395,-0.003278169700518918,0.050345554402005034,0.05362372410252395,0.10809758411835593,0.0923038879458796,299,299
2024-02-21,positive,0.022451100147477646,0.03730547113226064,0.014854370984782993,0.022451100147477646,0.03730547113226064,0.8867992813546194,0.9132235484714228,298,299
2024-02-21,negative,-0.04036519174384265,-0.047108865257026476,-0.006743673513183827,0.04036519174384265,0.047108865257026476,0.10432571836395606,0.09594264795607077,298,298
2024-02-22,positive,0.03440504045278283,0.060266624680555284,0.025861584227772454,0.03440504045278283,0.060266624680555284,0.883605740684096,0.9166070772100029,298,299
2024-02-22,negative,-0.030899413109850678,-0.04675031827874266,-0.015850905168891982,0.030899413109850678,0.04675031827874266,0.11558288500638754,0.08448413912229878,298,298
2024-02-23,positive,0.02865297946188775,0.05073772141878744,0.022084741956899693,0.02865297946188775,0.05073772141878744,0.8843212719113965,0.9156787280886035,299,299
2024-02-23,negative,-0.03219663938509299,-0.04143067416334858,-0.009234034778255587,0.03219663938509299,0.04143067416334858,0.11077703956021721,0.08959345221088721,298,299
2024-02-26,positive,0.04019965096950898,0.061892613768662855,0.021692962799153878,0.04019965096950898,0.061892613768662855,0.8925828245119002,0.9076592073034961,299,300
2024-02-26,negative,-0.027290075841321884,-0.031936554327415975,-0.004646478486094091,0.027290075841321884,0.031936554327415975,0.11113196292250052,0.08893483734470055,299,299
2024-02-27,positive,0.05011835908941814,0.07989489149940096,0.02977653240998282,0.05011835908941814,0.07989489149940096,0.8833943833943835,0.9167499167499168,300,301
2024-02-27,negative,-0.01968863932428786,-0.02631398195506669,-0.006625342630778828,0.01968863932428786,0.02631398195506669,0.10951992451992451,0.09061327561327562,300,300
2024-02-28,positive,0.018913367479336703,0.04710017949485189,0.028186812015515185,0.018913367479336703,0.04710017949485189,0.8791869376874375,0.9208104496729219,300,301
2024-02-28,negative,-0.04129010424571842,-0.060074960796520284,-0.018784856550801865,0.04129010424571842,0.060074960796520284,0.11249250249916694,0.0877740753082306,300,300
2024-02-29,positive,0.03700006282853832,0.06308727430087659,0.026087211472338265,0.03700006282853832,0.06308727430087659,0.8856084832333999,0.9144767275858176,300,301
2024-02-29,negative,-0.029967575029870113,-0.04825174593168851,-0.018284170901818397,0.029967575029870113,0.04825174593168851,0.10508272262935821,0.09511714412613813,300,300
2024-03-01,positive,0.04295925300925642,0.0691385225464227,0.02617926953716629,0.04295925300925642,0.0691385225464227,0.8839412210470825,0.9160587789529175,302,302
2024-03-01,negative,-0.021045264029096216,-0.03473494230689737,-0.013689678277801157,0.021045264029096216,0.03473494230689737,0.11283945719905457,0.08753418338769728,301,302
2024-03-04,positive,0.026916094794102632,0.05124052048314855,0.024324425689045914,0.026916094794102632,0.05124052048314855,0.8784994499643967,0.9216943447136322,301,302
2024-03-04,negative,-0.04573011452295963,-0.05318494767412439,-0.007454833151164762,0.04573011452295963,0.05318494767412439,0.10817403611496294,0.09189232088570062,301,301
2024-03-05,positive,0.02385574059544269,0.04261783789719829,0.018762097301755598,0.02385574059544269,0.04261783789719829,0.8860384650148697,0.9141802932891541,301,302
2024-03-05,negative,-0.044604088109702504,-0.05367321072210028,-0.009069122612397777,0.044604088109702504,0.05367321072210028,0.10842370157427025,0.09164265542639333,301,301
2024-03-06,positive,0.038579263050104846,0.06507977819467158,0.02650051514456673,0.038579263050104846,0.06507977819467158,0.8918230986014264,0.9082820591787835,302,303
2024-03-06,negative,-0.024177208672705567,-0.035114150172337585,-0.010936941499632018,0.024177208672705567,0.035114150172337585,0.1092353645013828,0.09096317950920621,302,302
2024-03-07,positive,0.04005219355391058,0.06465832602633088,0.024606132472420307,0.04005219355391058,0.06465832602633088,0.8873683512055887,0.9128533419491379,303,304
2024-03-07,negative,-0.02590277773868721,-0.03544937377536455,-0.00954659603667734,0.02590277773868721,0.03544937377536455,0.10642313407346009,0.09364278550465462,303,303
2024-03-08,positive,0.02774250171390444,0.04310780362046378,0.01536530190655934,0.02774250171390444,0.04310780362046378,0.8878715867625059,0.9123925268063289,303,303
2024-03-08,negative,-0.03030397423201452,-0.0407645065063704,-0.010460532274355883,0.03030397423201452,0.0407645065063704,0.10820293454662326,0.09189005727908546,302,303
2024-03-11,positive,0.023749172506955612,0.033269264700803686,0.009520092193848074,0.023749172506955612,0.033269264700803686,0.8864398820205559,0.9138242315482787,303,303
2024-03-11,negative,-0.04143579695503768,-0.047112855482169466,-0.005677058527131788,0.04143579695503768,0.047112855482169466,0.10501793917079709,0.09506454111901781,302,303
2024-03-12,positive,0.025466530159061536,0.03894405762318654,0.013477527464125005,0.025466530159061536,0.03894405762318654,0.8890093892266164,0.9110203337442914,303,304
2024-03-12,negative,-0.03570883366384558,-0.04261915825868526,-0.00691032459483968,0.03570883366384558,0.04261915825868526,0.10689541405476741,0.09336852523919499,303,303
2024-03-13,positive,0.031441009098686606,0.051189004245892865,0.01974799514720626,0.031441009098686606,0.051189004245892865,0.8873771903749267,0.9126471635208113,303,304
2024-03-13,negative,-0.031589522943587314,-0.03230815622289613,-0.0007186332793088154,0.031589522943587314,0.03230815622289613,0.10103572217993821,0.09922821711402416,303,303
2024-03-14,positive,0.010428282625046234,0.023291937942517323,0.01286365531747109,0.010641196723338547,0.023388666314331417,0.8863936628321568,0.9136063371678433,301,301
2024-03-14,negative,-0.054632697112925434,-0.0633114118031333,-0.00867871469020786,0.054632697112925434,0.0633114118031333,0.1031769273433167,0.09716585314619598,300,301
2024-03-15,positive,0.0431312638894807,0.04398599250958809,0.0008547286201073881,0.0431312638894807,0.04398599250958809,0.9027977325278167,0.8974103388627208,301,302
2024-03-15,negative,-0.02787648012151358,-0.027811772350796765,6.470777071681394e-05,0.02787648012151358,0.027811772350796765,0.09939707557395251,0.10073568247450418,301,301
2024-03-18,positive,0.028644126661041644,0.039916263903404026,0.011272137242362382,0.028644126661041644,0.039916263903404026,0.8983590487731458,0.901834324989065,301,302
2024-03-18,negative,-0.03662495201893622,-0.04702033393425831,-0.010395381915322084,0.03662495201893622,0.04702033393425831,0.10642090255625401,0.09371185549220266,301,301
2024-03-19,positive,0.03228505499482659,0.055580787181124455,0.023295732186297866,0.03228505499482659,0.055580787181124455,0.8850681781277019,0.9151306290293557,302,302
2024-03-19,negative,-0.02102262001899199,-0.029915524170674532,-0.008892904151682542,0.02102262001899199,0.029915524170674532,0.10484160375509952,0.09530674671617097,301,302
2024-03-20,positive,0.04950595052009519,0.05960544096698182,0.010099490446886628,0.04950595052009519,0.05960544096698182,0.8907580514072027,0.9094095979230737,302,303
2024-03-20,negative,-0.014714562484572664,-0.01399679488760649,0.0007177675969661738,0.014758484492142827,0.01402733505719291,0.10588742379067327,0.09424489509784806,302,302
2024-03-21,positive,0.0340169594846534,0.04765414014395758,0.01363718065930418,0.0340169594846534,0.04765414014395758,0.8869879234706709,0.9130351499418292,303,304
2024-03-21,negative,-0.023305023128997022,-0.028792964648391043,-0.0054879415193940205,0.023305023128997022,0.028792964648391043,0.10716381766847091,0.09310012162549149,303,303
2024-03-22,positive,0.013195618039145937,0.027360779166822075,0.014165161127676138,0.013195618039145937,0.027360779166822075,0.889979658473003,0.9102191486840548,302,302
2024-03-22,negative,-0.03941514863436128,-0.04400847359616184,-0.004593324961800559,0.03941514863436128,0.04400847359616184,0.10370831489468504,0.09643628296446487,301,302
2024-03-25,positive,0.01994753230023,0.03726329316446053,0.01731576086423053,0.01994753230023,0.03726329316446053,0.8845869802464048,0.9154942959550753,302,303
2024-03-25,negative,-0.03126510538921461,-0.035053113320474935,-0.003788007931260322,0.03126510538921461,0.035053113320474935,0.106284049421242,0.09391449458934699,302,302
2024-03-26,positive,0.022092463852252733,0.03841364721571575,0.01632118336346302,0.022092463852252733,0.03841364721571575,0.8900542781550882,0.9099457218449117,303,303
2024-03-26,negative,-0.030129656130682737,-0.03486351490980418,-0.004733858779121445,0.030129656130682737,0.03486351490980418,0.10231569153303048,0.09802198401658348,302,303
2024-03-27,positive,0.04823730749119859,0.06611674023482969,0.017879432743631102,0.04823730749119859,0.06611674023482969,0.8875419310380694,0.9125239451147632,304,304
2024-03-27,negative,-0.011399265562746739,-0.01660516533947798,-0.00520589977673124,0.01232835327048164,0.017386260425474365,0.10313694412919554,0.09713644598155467,303,304
2024-03-28,positive,0.03317147413721898,0.047450354098591024,0.014278879961372046,0.03317147413721898,0.047450354098591024,0.8901477229387698,0.9099181532140629,304,304
2024-03-28,negative,-0.01974667984055107,-0.02546107981172275,-0.00571439997117168,0.01974667984055107,0.02546107981172275,0.10530890045526292,0.09497163424866514,303,304
2024-04-01,positive,0.020575131863864757,0.04275742925771769,0.02218229739385293,0.020575131863864757,0.04275742925771769,0.8878427129606324,0.912421400608202,303,303
2024-04-01,negative,-0.03749107459060323,-0.04523119148477816,-0.007740116894174927,0.03749107459060323,0.04523119148477816,0.10804824882646555,0.09204423248531522,302,303
2024-04-02,positive,0.014564479817443559,0.024284687742469436,0.009720207925025877,0.014564479817443559,0.024284687742469436,0.8864309165394189,0.9110583467575749,307,307
2024-04-02,negative,-0.052290704260019596,-0.05334088834467909,-0.0010501840846594904,0.052290704260019596,0.05334088834467909,0.09883181608350453,0.10136221749033178,302,303
2024-04-03,positive,0.03822968894815448,0.05160234185929881,0.013372652911144325,0.03822968894815448,0.05160234185929881,0.8911489653917473,0.9089827435315322,304,304
2024-04-03,negative,-0.023247513764483627,-0.029314841498315602,-0.006067327733831975,0.023247513764483627,0.029314841498315602,0.10664130291856974,0.09357778191775123,303,304
2024-04-04,positive,0.01590689185576593,0.025828229687724746,0.009921337831958817,0.01590689185576593,0.025828229687724746,0.891698655182573,0.9084330537407067,304,304
2024-04-04,negative,-0.039215940135403,-0.04601048182344964,-0.006794541688046642,0.039215940135403,0.04601048182344964,0.10630062018384914,0.09391734398558134,303,304
2024-04-05,positive,0.029701021990110463,0.03806000037623783,0.008358978386127366,0.029701021990110463,0.03806000037623783,0.8912611375810923,0.9087388624189078,305,305
2024-04-05,negative,-0.022755403524597626,-0.026403102435978345,-0.0036476989113807187,0.022755403524597626,0.026403102435978345,0.1016042260824475,0.09872890252765888,304,305
2024-04-08,positive,0.03355634412066542,0.04504988879560407,0.011493544674938655,0.03355634412066542,0.04504988879560407,0.8940093311655742,0.9061678779030615,304,305
2024-04-08,negative,-0.023288720876466502,-0.028579720937133356,-0.005291000060666854,0.023288720876466502,0.028579720937133356,0.1022585269038518,0.09787292232388398,304,304
2024-04-09,positive,0.03445452546158742,0.04384292207662605,0.009388396615038631,0.03445452546158742,0.04384292207662605,0.8908195155266616,0.9094127657741108,304,305
2024-04-09,negative,-0.03177350107200012,-0.03117281452544769,0.0006006865465524279,0.03177350107200012,0.03117281452544769,0.10312564838508888,0.09694005463725015,304,304
2024-04-10,positive,0.009923087786596832,0.016998157101788057,0.007075069315191225,0.011187296498895471,0.018116969744844256,0.8956111837774158,0.9045863145767645,304,304
2024-04-10,negative,-0.05875427417421367,-0.06241152925932448,-0.0036572550851108054,0.05875427417421367,0.06241152925932448,0.10303482619493023,0.09710660580021482,303,304
2024-04-11,positive,0.029801397055453243,0.04860579769970305,0.01880440064424981,0.029801397055453243,0.04860579769970305,0.8941177679158446,0.905994222955131,304,305
2024-04-11,negative,-0.024066265913332625,-0.029787416025535095,-0.005721150112202471,0.024066265913332625,0.029787416025535095,0.1027403629883387,0.09745687567043841,304,304
2024-04-12,positive,0.0021805753089970577,0.012683547669299232,0.010502972360302175,0.006434479391618793,0.015866032224788468,0.8915780063654667,0.9084601660039244,303,304
2024-04-12,negative,-0.05334401927007949,-0.054237509380015494,-0.0008934901099360015,0.05334401927007949,0.054237509380015494,0.10091540331862285,0.09934853597533955,303,303
2024-04-15,positive,0.010303848673335367,0.0250852895240942,0.014781440850758831,0.010340447750215101,0.025111775204460153,0.8918920557980754,0.9082799040801119,301,302
2024-04-15,negative,-0.05167373329996956,-0.05358479152223822,-0.001911058222268655,0.05167373329996956,0.05358479152223822,0.10299609775138299,0.0971366602970737,301,301
2024-04-16,positive,0.019249474160538214,0.03482851514198844,0.015579040981450226,0.019249474160538214,0.03482851514198844,0.8925526638561404,0.9076892674237363,299,300
2024-04-16,negative,-0.03935450023381056,-0.03432424387228367,0.005030256361526889,0.03935450023381056,0.03432424387228367,0.09972062296275942,0.10034617730444166,299,299
2024-04-17,positive,0.016270005785340325,0.02595247935620258,0.009682473570862254,0.016270005785340325,0.02595247935620258,0.8901544232037807,0.9098796278324596,298,299
2024-04-17,negative,-0.03941554895922718,-0.04728893815334157,-0.007873389194114393,0.03941554895922718,0.04728893815334157,0.10691988860096044,0.09334847771906639,298,298
2024-04-18,positive,0.021903366835432873,0.03099766888986457,0.009094302054431697,0.021903366835432873,0.03099766888986457,0.8882794919195325,0.9118553243932414,297,297
2024-04-18,negative,-0.037608420876450874,-0.03653943759893665,0.0010689832775142225,0.037608420876450874,0.03653943759893665,0.09974528370635549,0.10045574268695265,296,297
2024-04-19,positive,0.0331291223419808,0.036941660988168604,0.003812538646187802,0.0331291223419808,0.036941660988168604,0.8926322710834494,0.9073430049940115,297,298
2024-04-19,negative,-0.03388598691844503,-0.033833409559422704,5.2577359022323855e-05,0.03388598691844503,0.033833409559422704,0.1006785021936537,0.09965819814304662,297,297
2024-04-22,positive,0.03489712383535053,0.045364995669012725,0.010467871833662198,0.03489712383535053,0.045364995669012725,0.8962522112193164,0.9040046211098844,296,297
2024-04-22,negative,-0.02239190101645477,-0.0225705968981487,-0.00017869588169392922,0.02239190101645477,0.0225705968981487,0.10091195699748332,0.09915551938578254,296,296
2024-04-23,positive,0.046682387339891926,0.05792300755608369,0.011240620216191766,0.046682387339891926,0.05792300755608369,0.8899836466312403,0.9100499458975917,297,298
2024-04-23,negative,-0.012342868494818176,-0.01649735652158348,-0.004154488026765303,0.0123709833057618,0.016530972544326488,0.10855780966854679,0.0917114599376464,297,297
2024-04-24,positive,0.024568936281614284,0.033491125789768324,0.00892218950815404,0.024568936281614284,0.033491125789768324,0.8922780286569901,0.9077894022263543,297,297
2024-04-24,negative,-0.03263034514868061,-0.035376470501574935,-0.002746125352894327,0.03263034514868061,0.035376470501574935,0.10299099250970457,0.09728834762550205,296,297
2024-04-25,positive,0.01843912942235018,0.03264852948439397,0.01420940006204379,0.01843912942235018,0.03264852948439397,0.8860701506978104,0.9139503784893855,296,297
2024-04-25,negative,-0.037686527541515885,-0.049371582947879716,-0.011685055406363831,0.037686527541515885,0.049371582947879716,0.10954286353222523,0.09072731546135801,296,296
2024-04-26,positive,0.038092638910323336,0.05894710665875726,0.020854467748433927,0.038092638910323336,0.05894710665875726,0.8868327252761216,0.9129885444743935,297,298
2024-04-26,negative,-0.018084394808674843,-0.02987534553944941,-0.011790950730774567,0.018084394808674843,0.02987534553944941,0.11332763440664384,0.08685178378574604,296,297
2024-04-29,positive,0.03906097362189192,0.052213731201964625,0.013152757580072706,0.03906097362189192,0.052213731201964625,0.8952691615423487,0.9047308384576515,297,297
2024-04-29,negative,-0.019941342661412884,-0.024398149946150253,-0.004456807284737369,0.019941342661412884,0.024398149946150253,0.10448361514971971,0.09586818153428607,296,297
2024-04-30,positive,0.01253385834545236,0.029848765275132597,0.017314906929680237,0.013005163381505121,0.030137358008845306,0.8924279065940095,0.9076397524046373,296,296
2024-04-30,negative,-0.051040402097114385,-0.05552814441213046,-0.004487742315016079,0.051040402097114385,0.05552814441213046,0.1057332400633013,0.09455630783015763,295,296
2024-05-01,positive,0.04063833463517935,0.05686438996992075,0.016226055334741397,0.04063833463517935,0.05686438996992075,0.8897390596200523,0.910361208301789,296,297
2024-05-01,negative,-0.030731126928331506,-0.042317529592020994,-0.011586402663689488,0.030731126928331506,0.042317529592020994,0.11101885139697427,0.08918371443692172,296,296
2024-05-02,positive,0.04549159839158238,0.06825915781146016,0.022767559419877785,0.04549159839158238,0.06825915781146016,0.8876435497258987,0.9125170026283762,296,297
2024-05-02,negative,-0.018832127693111433,-0.038760908159331545,-0.01992878046622011,0.018832127693111433,0.038760908159331545,0.11634083881383916,0.08379415949868194,296,296
2024-05-03,positive,0.037215062429115285,0.06556436051230326,0.028349298083187972,0.037215062429115285,0.06556436051230326,0.884998652303419,0.9152041874531733,296,296
2024-05-03,negative,-0.019952902729399938,-0.03415242294773198,-0.01419952021833204,0.019952902729399938,0.03415242294773198,0.11200192525870666,0.08817361986733184,295,296
2024-05-06,positive,0.038284151967269114,0.05274152302451178,0.014457371057242666,0.038284151967269114,0.05274152302451178,0.8905932172469464,0.9095772666478033,296,297
2024-05-06,negative,-0.019771503441335724,-0.029985482421007636,-0.010213978979671912,0.019771503441335724,0.029985482421007636,0.10645312457242934,0.09368187374009176,296,296
2024-05-07,positive,0.027482452393350114,0.04678315056202958,0.019300698168679464,0.027482452393350114,0.04678315056202958,0.8867352302749343,0.9133546207556884,297,298
2024-05-07,negative,-0.026418984139675215,-0.04025798419025246,-0.013839000050577248,0.026418984139675215,0.04025798419025246,0.10974595665039813,0.09045592760263016,297,297
2024-05-08,positive,0.022833018424309903,0.052128933846748576,0.029295915422438673,0.022833018424309903,0.052128933846748576,0.8792748340445709,0.9209248353985197,296,297
2024-05-08,negative,-0.036446325612729306,-0.05785834702298567,-0.021412021410256367,0.036446325612729306,0.05785834702298567,0.11488937064594959,0.08517810573731627,296,296
2024-05-09,positive,0.04047460594872157,0.07306241255132079,0.03258780660259922,0.04047460594872157,0.07306241255132079,0.8798910128413737,0.9203104646603053,298,298
2024-05-09,negative,-0.020517279071360053,-0.050344763881162484,-0.02982748480980243,0.020517279071360053,0.050344763881162484,0.11764103990430386,0.08255225118430008,297,298
2024-05-10,positive,0.01949044044651996,0.04199507279128544,0.02250463234476548,0.01949044044651996,0.04199507279128544,0.877981908962979,0.9220852953380961,298,298
2024-05-10,negative,-0.04440657091713434,-0.053941191892828026,-0.009534620975693686,0.04440657091713434,0.053941191892828026,0.10656690108975055,0.09372350165981093,297,298
2024-05-13,positive,0.03478370268830224,0.053475275353514706,0.018691572665212465,0.03478370268830224,0.053475275353514706,0.8875771270837843,0.9124900772172908,298,298
2024-05-13,negative,-0.025582038092746534,-0.03221867751309566,-0.006636639420349123,0.025582038092746534,0.03221867751309566,0.11144090999601751,0.08886584848812876,297,298
2024-05-14,positive,0.04015390659890532,0.08068192515603899,0.04052801855713367,0.04015390659890532,0.08068192515603899,0.8845513507416389,0.9154486492583612,298,298
2024-05-14,negative,-0.019905296740951744,-0.021626168977139766,-0.0017208722361880223,0.019905296740951744,0.021626168977139766,0.10533005121240416,0.09502340533528848,297,298
2024-05-15,positive,0.03824980669779485,0.06761398495732916,0.029364178259534315,0.03824980669779485,0.06761398495732916,0.8871668216377099,0.9128572374200483,298,299
2024-05-15,negative,-0.025072199707948196,-0.034729129972714365,-0.009656930264766168,0.025072199707948196,0.034729129972714365,0.10855834153216455,0.09171002478786228,298,298
2024-05-16,positive,0.026564318300171152,0.06577863201678133,0.039214313716610175,0.026564318300171152,0.06577863201678133,0.8883171634853397,0.911749815751097,299,299
2024-05-16,negative,-0.031017384376821947,-0.03693739653989426,-0.005920012163072311,0.031017384376821947,0.03693739653989426,0.11044887326539513,0.08985354172313606,298,299
2024-05-17,positive,0.023487660876668,0.03487296487432568,0.011385303997657682,0.023487660876668,0.03487296487432568,0.8864689968323884,0.9136199607974201,297,298
2024-05-17,negative,-0.028214353821209258,-0.037646917178735174,-0.009432563357525917,0.028214353821209258,0.037646917178735174,0.10713063791798651,0.09307124633504177,297,297
2024-05-20,positive,0.03055558788862097,0.054134269254247816,0.023578681365626845,0.03055558788862097,0.054134269254247816,0.8929948115556096,0.9072737349365018,298,298
2024-05-20,negative,-0.026876642993949578,-0.03868225579010535,-0.01180561279615577,0.026876642993949578,0.03868225579010535,0.10777462439093859,0.09231848893034238,297,298
2024-05-21,positive,0.020548160619962154,0.03157061977767668,0.011022459157714527,0.020548160619962154,0.03157061977767668,0.8898183998088893,0.9103830776927896,298,298
2024-05-21,negative,-0.03473776753826466,-0.04655910958919928,-0.011821342050934623,0.03473776753826466,0.04655910958919928,0.10846092444480623,0.09170156088722217,297,298
2024-05-22,positive,0.020786446767515492,0.03782677226277162,0.017040325495256126,0.020786446767515492,0.03782677226277162,0.8876916132587526,0.912375365977684,299,299
2024-05-22,negative,-0.03626265001351676,-0.04251469872996249,-0.006252048716445732,0.03626265001351676,0.04251469872996249,0.10559063099835024,0.09469553568828447,298,299
2024-05-23,positive,0.004737859553637897,0.017131121109981193,0.012393261556343297,0.006302286452964831,0.01782732167765773,0.8855559239012775,0.9145112803997979,298,298
2024-05-23,negative,-0.051784092615193594,-0.0548011430031403,-0.003017050387946703,0.051784092615193594,0.0548011430031403,0.1002113428188697,0.10005773255394386,297,298
2024-05-24,positive,0.035220156079320115,0.05013056853023868,0.014910412450918564,0.035220156079320115,0.05013056853023868,0.888436627116619,0.9116977363365218,298,298
2024-05-24,negative,-0.020463148959140812,-0.023009252388935073,-0.00254610342979426,0.020463148959140812,0.023009252388935073,0.10532601798977345,0.09489306157047431,297,298
2024-05-28,positive,0.028023217443103748,0.05537588803778425,0.027352670594680505,0.028023217443103748,0.05537588803778425,0.886965591140203,0.9131683224855086,299,299
2024-05-28,negative,-0.031992405862194595,-0.03948894367958649,-0.007496537817391895,0.031992405862194595,0.03948894367958649,0.10875875999577587,0.09147106805073937,298,299
2024-05-29,positive,0.013368376622103682,0.030321387015694756,0.016953010393591074,0.013568517465798749,0.030511960955952388,0.8923345376449929,0.9076399108138238,299,300
2024-05-29,negative,-0.043682953241638206,-0.048181194112747225,-0.004498240871109019,0.043682953241638206,0.048181194112747225,0.10447030793838995,0.09586414022214516,299,299
2024-05-30,positive,0.03713910608321521,0.05714890728789341,0.0200098012046782,0.03713910608321521,0.05714890728789341,0.8918561111111111,0.9081168327796234,300,301
2024-05-30,negative,-0.02340904289364704,-0.036756950807598054,-0.013347907913951015,0.02340904289364704,0.036756950807598054,0.11022277777777778,0.09011055555555557,300,300
2024-05-31,positive,0.03775085945933495,0.04368778925281801,0.0059369297934830575,0.03775085945933495,0.04368778925281801,0.8976183333333332,0.902373754152824,300,301
2024-05-31,negative,-0.029876625003700828,-0.02962539875814929,0.00025122624555153766,0.029876625003700828,0.02962539875814929,0.09931777777777778,0.10101555555555557,300,300
2024-06-03,positive,0.028388476804518333,0.04020587788885354,0.011817401084335207,0.028388476804518333,0.04020587788885354,0.8890320446705634,0.9111315291235103,299,300
2024-06-03,negative,-0.04167758882864609,-0.04362578021324872,-0.0019481913846026294,0.04167758882864609,0.04362578021324872,0.10477848536216612,0.09535515980990204,299,299
2024-06-04,positive,0.015941653252473695,0.030070799494580445,0.01412914624210675,0.015941653252473695,0.030070799494580445,0.8858437072644911,0.9141758609160816,299,300
2024-06-04,negative,-0.046334866906664204,-0.046350461369365756,-1.5594462701551404e-05,0.046334866906664204,0.046350461369365756,0.10364873885871663,0.09661873021517171,299,299
2024-06-05,positive,0.044020662032570074,0.060426675319218436,0.016406013286648362,0.044020662032570074,0.060426675319218436,0.8891505687855841,0.9108132664437013,299,300
2024-06-05,negative,-0.019513743366445326,-0.025427177229512953,-0.005913433863067627,0.019513743366445326,0.025427177229512953,0.10661010503238219,0.09372434312815293,299,299
2024-06-06,positive,0.024037333271098558,0.03607072944508039,0.012033396173981834,0.024037333271098558,0.03607072944508039,0.8905026575584499,0.9096312560672613,299,299
2024-06-06,negative,-0.0398712149680163,-0.04294052480881304,-0.003069309840796737,0.0398712149680163,0.04294052480881304,0.10434758674614604,0.09586748821257782,298,299
2024-06-07,positive,0.010243526659873381,0.022294936465027875,0.012051409805154494,0.010243526659873381,0.022294936465027875,0.8858068124413655,0.9142603918597099,298,298
2024-06-07,negative,-0.045377344325105116,-0.048321261052092584,-0.002943916726987468,0.045377344325105116,0.048321261052092584,0.10243281832663553,0.09784371166197589,297,298
2024-06-10,positive,0.03303138247763544,0.04591420825082262,0.012882825773187175,0.03303138247763544,0.04591420825082262,0.8930226131706118,0.9071554505087172,297,298
2024-06-10,negative,-0.02822182099391682,-0.030939727261183946,-0.0027179062672671277,0.02822182099391682,0.030939727261183946,0.10535900545991363,0.09477553877150244,297,297
2024-06-11,positive,0.02477874885969154,0.02958753177554968,0.00480878291585814,0.02477874885969154,0.02958753177554968,0.8975930230977336,0.9025332634792742,297,298
2024-06-11,negative,-0.03238415001273219,-0.03406292354271046,-0.001678773529978271,0.03238415001273219,0.03406292354271046,0.10219342369409665,0.09800846055893161,297,297
2024-06-12,positive,0.040483594805000314,0.04984195216130303,0.009358357356302714,0.040483594805000314,0.04984195216130303,0.8873171022741344,0.9130854472059059,298,298
2024-06-12,negative,-0.024282441447112158,-0.0224651854660806,0.0018172559810315583,0.024282441447112158,0.0224651854660806,0.0966968653823207,0.10357150093770615,298,298
2024-06-13,positive,0.018234979604562853,0.03246011707880031,0.014225137474237457,0.018234979604562853,0.03246011707880031,0.8931184437807005,0.9071261891739222,298,299
2024-06-13,negative,-0.042551813907301575,-0.042480348150964554,7.146575633702051e-05,0.042551813907301575,0.042480348150964554,0.10158485074761144,0.0984821733810749,298,298
2024-06-14,positive,0.011375370517474318,0.018823153145801266,0.007447782628326948,0.011384842071187737,0.01883038698881278,0.8946405695563945,0.9053414457776874,297,298
2024-06-14,negative,-0.04471096669143346,-0.049932774344952455,-0.005221807653518998,0.04471096669143346,0.049932774344952455,0.10656565656565656,0.09377104377104377,297,297
2024-06-17,positive,0.031418325294700615,0.05740676480723721,0.02598843951253659,0.031418325294700615,0.05740676480723721,0.8876697819102668,0.9125996690833338,297,297
2024-06-17,negative,-0.03563842496279597,-0.04269504347749074,-0.0070566185146947735,0.03563842496279597,0.04269504347749074,0.10312246820751368,0.09695529449655418,296,297
2024-06-18,positive,0.02312188258433472,0.04158740429416733,0.01846552170983261,0.02312188258433472,0.04158740429416733,0.888081715017742,0.911878290737351,297,298
2024-06-18,negative,-0.03845403727736306,-0.039639461158212375,-0.001185423880849315,0.03845403727736306,0.039639461158212375,0.10389245995306602,0.09644424038363432,297,297
2024-06-20,positive,0.028305448808523422,0.042884519919697474,0.014579071111174052,0.028305448808523422,0.042884519919697474,0.8889381703984663,0.911159073048678,297,298
2024-06-20,negative,-0.03896223565073838,-0.0393040767675547,-0.00034184111681632295,0.03896223565073838,0.0393040767675547,0.10294850705348685,0.09725337719954139,297,297
2024-06-21,positive,0.030670581406342087,0.037843636244058426,0.007173054837716339,0.030670581406342087,0.037843636244058426,0.8952066918767223,0.9049787009257817,297,298
2024-06-21,negative,-0.03349737652127397,-0.02354325158197545,0.009954124939298519,0.03349737652127397,0.02354325158197545,0.090926078817098,0.10920846541431811,297,297
2024-06-24,positive,0.035660696333966825,0.0544879687627697,0.018827272428802874,0.035660696333966825,0.0544879687627697,0.8908713552535108,0.9091286447464892,298,298
2024-06-24,negative,-0.02863919327015499,-0.03011788857185401,-0.001478695301699022,0.02863919327015499,0.03011788857185401,0.10329457035339389,0.0970520557216175,297,298
2024-06-25,positive,0.018206250879634317,0.034885432669758486,0.01667918179012417,0.018206250879634317,0.034885432669758486,0.8886040582979702,0.9115591780160144,297,298
2024-06-25,negative,-0.04039366884061857,-0.04579809330744908,-0.00540442446683051,0.04039366884061857,0.04579809330744908,0.1087543220069288,0.09138022222448727,297,297
2024-06-26,positive,0.02890262671215029,0.04241786434442242,0.01351523763227213,0.02890262671215029,0.04241786434442242,0.890368473515191,0.9096987307858844,298,298
2024-06-26,negative,-0.03139914789359264,-0.035053370614066645,-0.0036542227204740055,0.03139914789359264,0.035053370614066645,0.10136592176242713,0.0989070280363715,297,298
2024-06-27,positive,0.03557957178977606,0.05217881057958476,0.0165992387898087,0.03557957178977606,0.05217881057958476,0.8884919381051235,0.9116709219666032,297,298
2024-06-27,negative,-0.0223182170434749,-0.030279758278531053,-0.007961541235056154,0.0223182170434749,0.030279758278531053,0.10883473143816229,0.09129981279325376,297,297
2024-06-28,positive,0.03923939070339578,0.04450789504555804,0.005268504342162264,0.03923939070339578,0.04450789504555804,0.8974654559810503,0.90253454401895,298,298
2024-06-28,negative,-0.03145682015038159,-0.03301568304023879,-0.001558862889857196,0.03145682015038159,0.03301568304023879,0.10307104660045836,0.09727482939484518,297,298
2024-07-01,positive,0.024268733664202288,0.034609496938546834,0.010340763274344546,0.024268733664202288,0.034609496938546834,0.8902626561852122,0.9099335504858147,306,306
2024-07-01,negative,-0.04351100137889897,-0.04729415316706209,-0.0037831517881631235,0.04351100137889897,0.04729415316706209,0.10507456925666622,0.09507260501759021,305,306
2024-07-02,positive,0.026098294105836486,0.03665266572426107,0.010554371618424582,0.026098294105836486,0.03665266572426107,0.8937061848476064,0.9065347706425945,305,306
2024-07-02,negative,-0.035690763832281584,-0.036475920457602604,-0.0007851566253210193,0.035690763832281584,0.036475920457602604,0.09655920212137803,0.10382183871147237,305,306
2024-07-03,positive,0.027648846476771332,0.043910164521409445,0.016261318044638113,0.027648846476771332,0.043910164521409445,0.8908074885727711,0.9091625683932639,306,307
2024-07-03,negative,-0.023009176325519888,-0.024731171128234756,-0.0017219948027148678,0.023009176325519888,0.024731171128234756,0.1018449100773207,0.09848188730830022,306,306
2024-07-05,positive,0.023913572279403918,0.0379784364737358,0.01406486419433188,0.023913572279403918,0.0379784364737358,0.8936022574576726,0.9063768348869602,305,306
2024-07-05,negative,-0.03519615723530794,-0.037720799563554556,-0.002524642328246618,0.03519615723530794,0.037720799563554556,0.10640634238108036,0.09392152647137866,305,305
2024-07-08,positive,0.03628656918914885,0.05601644307606718,0.019729873886918332,0.03628656918914885,0.05601644307606718,0.8918892207206238,0.9082151209107496,305,306
2024-07-08,negative,-0.023038792538418687,-0.02886646375094307,-0.005827671212524383,0.023038792538418687,0.02886646375094307,0.10644081816814559,0.09375577423028165,305,305
2024-07-09,positive,0.028343168532021446,0.04629654046511997,0.01795337193309852,0.028343168532021446,0.04629654046511997,0.8935349046965636,0.906661301974463,306,306
2024-07-09,negative,-0.03515517781382094,-0.0412913464134469,-0.006136168599625964,0.03515517781382094,0.0412913464134469,0.10806055602611801,0.09209637637483598,305,306
2024-07-10,positive,0.03762856516565026,0.057539070749630404,0.019910505583980144,0.03762856516565026,0.057539070749630404,0.89026845063617,0.9098623965996823,306,306
2024-07-10,negative,-0.024855209904486805,-0.03313753693154356,-0.008282327027056755,0.024855209904486805,0.03313753693154356,0.10938936169071788,0.09083727264758262,305,306
2024-07-11,positive,0.07331303370735047,0.08718475399281693,0.01387172028546646,0.07331303370735047,0.08718475399281693,0.8933230064254744,0.9068725607192455,307,307
2024-07-11,negative,-0.009047971279705845,-0.013664831109901361,-0.004616859830195516,0.011702041290550852,0.015183749527829067,0.11055348910533358,0.0896110528349804,306,307
2024-07-12,positive,0.040218238716910874,0.054562233191668336,0.014343994474757461,0.040218238716910874,0.054562233191668336,0.8915536282701813,0.9086138804248142,307,308
2024-07-12,negative,-0.016716183643932923,-0.019782445704584713,-0.0030662620606517893,0.016716183643932923,0.019782445704584713,0.10059189473092851,0.09953827123067252,307,307
2024-07-15,positive,0.047575254931623914,0.05925529864563239,0.011680043714008478,0.047575254931623914,0.05925529864563239,0.8944040197696356,0.9057259769804455,308,308
2024-07-15,negative,-0.023597922025232053,-0.028549838808073158,-0.004951916782841105,0.023597922025232053,0.028549838808073158,0.10739764079187925,0.0928210560969742,307,308
2024-07-16,positive,0.07213597044498113,0.07989447714235265,0.00775850669737152,0.07213597044498113,0.07989447714235265,0.8965783768498445,0.9034105856561228,309,310
2024-07-16,negative,-0.008645674687503631,-0.008502909759105604,0.00014276492839802694,0.012446384062016813,0.011405157800664712,0.10462866957824071,0.09569495501722856,309,309
2024-07-17,positive,0.023869069881399297,0.02973865286561024,0.005869582984210944,0.023869069881399297,0.02973865286561024,0.8915852370228212,0.9084522181985161,309,310
2024-07-17,negative,-0.04762193461340298,-0.05853574997844557,-0.010913815365042594,0.04762193461340298,0.05853574997844557,0.10910891731815615,0.09114989859902274,309,309
2024-07-18,positive,0.007511066219730837,0.016625719863765123,0.009114653644034285,0.007935769526705506,0.01685894098845917,0.8865876283287298,0.9134123716712701,310,310
2024-07-18,negative,-0.05749148488200853,-0.05871652262231229,-0.001225037740303761,0.05749148488200853,0.05871652262231229,0.09988602558673297,0.1004361873990307,309,310
2024-07-19,positive,0.017260281325358954,0.03218414854307782,0.014923867217718868,0.017260281325358954,0.03218414854307782,0.8926690446585194,0.9074364645495139,309,310
2024-07-19,negative,-0.04094958194877541,-0.044891963134943064,-0.0039423811861676525,0.04094958194877541,0.044891963134943064,0.10111855629100257,0.09907549286811775,309,309
2024-07-22,positive,0.04482555417728513,0.080132730924631,0.03530717674734587,0.04482555417728513,0.080132730924631,0.8939137426854663,0.90613122384446,309,310
2024-07-22,negative,-0.018798561781013853,-0.01748715232309884,0.001311409457915011,0.018798561781013853,0.01748715232309884,0.10294266997096695,0.09764821907515053,309,310
2024-07-23,positive,0.0383152726104034,0.047057120744102066,0.008741848133698667,0.0383152726104034,0.047057120744102066,0.8969279585156976,0.9032564003245693,308,309
2024-07-23,negative,-0.027252416253885928,-0.03201556111762484,-0.004763144863738911,0.027252416253885928,0.03201556111762484,0.10576590940684358,0.09436383434923816,308,308
2024-07-24,positive,0.014119258143560085,0.020180985469115696,0.006061727325555611,0.014305928247097642,0.02028699647285245,0.8912036091837771,0.9088326149800148,309,310
2024-07-24,negative,-0.05420006190504383,-0.06541205408638183,-0.011211992181337997,0.05420006190504383,0.06541205408638183,0.10504031434826445,0.09521850156891444,309,309
2024-07-25,positive,0.04896253424212039,0.06420613062144953,0.015243596379329143,0.04896253424212039,0.06420613062144953,0.8903543286596093,0.9099038191300004,310,310
2024-07-25,negative,-0.025100397859704155,-0.03850627022626634,-0.013405872366562186,0.025100397859704155,0.03850627022626634,0.11000521099300221,0.0900914967367205,309,310
2024-07-26,positive,0.045339056942167374,0.05701187343977886,0.011672816497611482,0.045339056942167374,0.05701187343977886,0.891227760226139,0.9090013508138032,310,311
2024-07-26,negative,-0.016184107193946112,-0.02007877618650322,-0.0038946689925571064,0.016312967257677887,0.020181662584318107,0.10517438476887264,0.09489004822081809,310,310
2024-07-29,positive,0.01563676272889701,0.0281104809231882,0.012473718194291189,0.01563676272889701,0.0281104809231882,0.886040601206162,0.9140885560427885,310,310
2024-07-29,negative,-0.044319029278569344,-0.04406784102510753,0.00025118825346181345,0.044319029278569344,0.04406784102510753,0.09570175961077272,0.10447779849385982,309,310
2024-07-30,positive,0.02743600218080086,0.04406564035419024,0.01662963817338938,0.02743600218080086,0.04406564035419024,0.8846972861029755,0.9154344228203039,304,304
2024-07-30,negative,-0.04015450978676851,-0.04681885250051789,-0.006664342713749383,0.04015450978676851,0.04681885250051789,0.103439319895111,0.09676923210231704,303,304
2024-07-31,positive,0.04076584452014825,0.05655350067309494,0.015787656152946687,0.04076584452014825,0.05655350067309494,0.8892755140073505,0.9107903621454824,304,304
2024-07-31,negative,-0.02488468692658762,-0.037544427476386116,-0.012659740549798498,0.02488468692658762,0.037544427476386116,0.10981641642425113,0.09047894563483809,303,304
2024-08-01,positive,0.011219418199208589,0.038482114472966684,0.027262696273758096,0.011932500298915648,0.0386702430455781,0.8773277487829482,0.9225974253054445,302,303
2024-08-01,negative,-0.06825826161626303,-0.0812336322683973,-0.012975370652134277,0.06825826161626303,0.0812336322683973,0.11150881540283324,0.08882231042498136,302,302
2024-08-02,positive,0.005752911460706363,0.020240026028992556,0.014487114568286193,0.008821220600398005,0.021630890747476,0.8822848889619567,0.9177227648731694,301,302
2024-08-02,negative,-0.07372910241567815,-0.08314540943240034,-0.009416307016722192,0.07372910241567815,0.08314540943240034,0.10884619076674562,0.09141950169423078,301,301
2024-08-05,positive,-0.0016709891629817523,0.0010502668917778731,0.0027212560547596257,0.013844634493878972,0.013236700241611917,0.8915381190873677,0.9084618809126322,300,300
2024-08-05,negative,-0.07469144925127577,-0.06438545252804398,0.010305996723231792,0.07469144925127577,0.06438545252804398,0.0916745300137911,0.10863105175292152,299,300
2024-08-06,positive,0.04455185517998194,0.05869454742379172,0.014142692243809776,0.04455185517998194,0.05869454742379172,0.8898321102957527,0.9103680231265289,300,300
2024-08-06,negative,-0.021771329830938834,-0.03268320559432475,-0.010911875763385915,0.021771329830938834,0.03268320559432475,0.11101771303499991,0.08915221258616857,299,300
2024-08-07,positive,0.014702263211290294,0.04875223096981104,0.03404996775852075,0.014702263211290294,0.04875223096981104,0.8791508069003894,0.9208491930996106,300,300
2024-08-07,negative,-0.05813829347196746,-0.07086637950338717,-0.012728086031419714,0.05813829347196746,0.07086637950338717,0.10374090596925757,0.09660489705063997,299,300
2024-08-08,positive,0.0585958360726877,0.09502754448524815,0.03643170841256045,0.0585958360726877,0.09502754448524815,0.8805350205350206,0.9195997800648963,300,301
2024-08-08,negative,-0.010714066001543086,-0.03369668734655772,-0.022982621345014637,0.012091380704569603,0.034516619422950326,0.11463036963036963,0.08550283050283052,300,300
2024-08-09,positive,0.021641285864361943,0.05075452497128774,0.029113239106925797,0.021641285864361943,0.05075452497128774,0.8767283731342284,0.9234608105099087,299,300
2024-08-09,negative,-0.0314450868066387,-0.05352977777218593,-0.02208469096554723,0.0314450868066387,0.05352977777218593,0.11690828703114144,0.08315851323605963,299,299
2024-08-12,positive,0.019770434832914893,0.039311245385582415,0.01954081055266752,0.019770434832914893,0.039311245385582415,0.8869100364618893,0.9132464639714889,299,300
2024-08-12,negative,-0.037878463343467735,-0.04700549590176689,-0.009127032558299157,0.037878463343467735,0.04700549590176689,0.10808888521377079,0.09204475995829735,299,299
2024-08-13,positive,0.04881033510220655,0.06680880139596923,0.01799846629376268,0.04881033510220655,0.06680880139596923,0.887023888888889,0.9129330011074196,300,301
2024-08-13,negative,-0.017178672614681673,-0.022921201026775695,-0.005742528412094022,0.017281189053764554,0.02298893567518686,0.1053638888888889,0.09496944444444445,300,300
2024-08-14,positive,0.020920604528847683,0.03909193938416165,0.01817133485531397,0.020920604528847683,0.03909193938416165,0.8805995450430844,0.9196681029997392,299,299
2024-08-14,negative,-0.032238922406428075,-0.04656144873200237,-0.014322526325574292,0.032238922406428075,0.04656144873200237,0.10931525212131281,0.09078270268576755,298,299
2024-08-15,positive,0.055494788212859796,0.07062126973714059,0.01512648152428079,0.055494788212859796,0.07062126973714059,0.8857809706050636,0.914352943020648,299,299
2024-08-15,negative,-0.010524320024537289,-0.01820699311714305,-0.007682673092605761,0.01237006762717053,0.019637684720956276,0.10749152367192961,0.09273406612601093,298,299
2024-08-16,positive,0.027255765776627652,0.05431889528590394,0.027063129509276286,0.027255765776627652,0.05431889528590394,0.8851457012568122,0.914987765543321,300,300
2024-08-16,negative,-0.023064116127779328,-0.025840079814308508,-0.00277596368652918,0.023064116127779328,0.025840079814308508,0.10455382919151035,0.09566121677232789,299,300
2024-08-19,positive,0.0379212570747113,0.06631772762868722,0.02839647055397592,0.0379212570747113,0.06631772762868722,0.8855514277107969,0.9144670424778021,301,302
2024-08-19,negative,-0.012609103827638779,-0.018485338375850084,-0.0058762345482113055,0.012609103827638779,0.018485338375850084,0.11018458343769412,0.0900811090232823,301,301
2024-08-20,positive,0.012357430222519148,0.022697177810203483,0.010339747587684335,0.012357430222519148,0.022697177810203483,0.8858918623389851,0.9143264105257144,301,302
2024-08-20,negative,-0.0330444102954546,-0.04400126539365541,-0.01095685509820081,0.0330444102954546,0.04400126539365541,0.11029646808801452,0.08976988891264906,301,301
2024-08-21,positive,0.03751800744668518,0.06265846746174411,0.02514046001505893,0.03751800744668518,0.06265846746174411,0.886271435463357,0.9136832557427927,302,303
2024-08-21,negative,-0.014476961484712317,-0.017152802658439423,-0.0026758411737271056,0.014476961484712317,0.017152802658439423,0.10900892504714706,0.09132220078066751,302,302
2024-08-22,positive,0.010917444441116787,0.032221421314055546,0.021303976872938758,0.010917444441116787,0.032221421314055546,0.8838353574607105,0.9161646425392895,301,301
2024-08-22,negative,-0.036447795017332085,-0.04900297907480284,-0.012555184057470754,0.036447795017332085,0.04900297907480284,0.11209095951192458,0.08828143570240077,300,301
2024-08-23,positive,0.06030613302322794,0.0700202923630694,0.009714159339841467,0.06030613302322794,0.0700202923630694,0.8887120451209147,0.9112505775450483,301,302
2024-08-23,negative,-0.006038825173555164,-0.013602373719741857,-0.007563548546186693,0.010447596546804782,0.01714702433335399,0.10655290780454961,0.09377931810907164,301,301
2024-08-26,positive,0.02494268532608653,0.035868075310700805,0.010925389984614276,0.02494268532608653,0.035868075310700805,0.8929164291039867,0.9070601927742442,302,303
2024-08-26,negative,-0.02496748378791594,-0.025596628562070248,-0.0006291447741543083,0.02496748378791594,0.025596628562070248,0.1026462655146704,0.09768486031314416,302,302
2024-08-27,positive,0.015538357673726584,0.02509548412921418,0.009557126455487595,0.015538357673726584,0.02509548412921418,0.8893765624314723,0.9105883767184666,302,303
2024-08-27,negative,-0.03265024350080146,-0.03667022714053113,-0.00401998363972967,0.03265024350080146,0.03667022714053113,0.10379040392965222,0.09654072189816236,302,302
2024-08-28,positive,0.01215137833588457,0.020996284730264655,0.008844906394380085,0.01215137833588457,0.020996284730264655,0.8868412719254207,0.9131814692705112,301,302
2024-08-28,negative,-0.042661665590214504,-0.049910358381017206,-0.007248692790802702,0.042661665590214504,0.049910358381017206,0.10647945352092161,0.09378623894005479,301,301
2024-08-29,positive,0.02974341469429873,0.03840973661791969,0.008666321923620959,0.02974341469429873,0.03840973661791969,0.8921467261307697,0.9080922582034391,301,302
2024-08-29,negative,-0.022780693863205886,-0.023719780732935878,-0.0009390868697299916,0.022780693863205886,0.023719780732935878,0.099118289620751,0.10094806737991256,301,301
2024-08-30,positive,0.026649707719838434,0.032273086194997344,0.0056233784751589105,0.026649707719838434,0.032273086194997344,0.8956854780852308,0.9043002354183627,301,302
2024-08-30,negative,-0.024170089666847173,-0.022482318012301702,0.001687771654545471,0.024170089666847173,0.022482318012301702,0.09788799240626483,0.10244423350735644,301,301
2024-09-03,positive,0.010844634604218193,0.020175689860235,0.009331055256016808,0.011867821456135786,0.020819756768377842,0.8899129584395852,0.9103546896032387,299,299
2024-09-03,negative,-0.07311124027886805,-0.07377178622427219,-0.0006605459454041424,0.07311124027886805,0.07377178622427219,0.10377031217371975,0.09630909768370312,298,299
2024-09-04,positive,0.02607148843495815,0.03659375307025686,0.010522264635298713,0.02607148843495815,0.03659375307025686,0.895459146521542,0.9046752169315987,298,298
2024-09-04,negative,-0.031247963610276378,-0.0355312308643861,-0.004283267254109723,0.031247963610276378,0.0355312308643861,0.10527908126161402,0.09493984079283455,297,298
2024-09-05,positive,0.02116931006836342,0.044995451132692627,0.023826141064329207,0.02116931006836342,0.044995451132692627,0.8916173754181977,0.9085553924860722,298,299
2024-09-05,negative,-0.034502333583530595,-0.03913145229865273,-0.004629118715122137,0.034502333583530595,0.03913145229865273,0.10617548659405536,0.09395860660071502,298,298
2024-09-06,positive,0.00994700254286737,0.02189775226744029,0.01195074972457292,0.010889055996651615,0.02262655295944905,0.8933649960931874,0.9069044549004129,297,297
2024-09-06,negative,-0.050640647421050365,-0.052218707292632234,-0.0015780598715818689,0.050640647421050365,0.052218707292632234,0.10318277607348002,0.09689518968737561,296,297
2024-09-09,positive,0.03815643008285433,0.05423875733875578,0.016082327255901446,0.03815643008285433,0.05423875733875578,0.8934932671879893,0.906775279304122,298,298
2024-09-09,negative,-0.02822632263178913,-0.03258307960827404,-0.004356756976484914,0.02822632263178913,0.03258307960827404,0.10571192511440916,0.094374266397219,297,298
2024-09-10,positive,0.030175342091341904,0.04107994451854439,0.010904602427202485,0.030175342091341904,0.04107994451854439,0.8897721504709266,0.9102278495290735,298,298
2024-09-10,negative,-0.03240149011634466,-0.03522627076835435,-0.0028247806520096883,0.03240149011634466,0.03522627076835435,0.10899187958011489,0.0913738649822345,297,298
2024-09-11,positive,0.03703068052757228,0.05686574356906249,0.019835063041490207,0.03703068052757228,0.05686574356906249,0.8889061101554874,0.9112282532976534,298,298
2024-09-11,negative,-0.02765318704033106,-0.030503262713134888,-0.002850075672803827,0.02765318704033106,0.030503262713134888,0.0999814515098358,0.10021969326356654,297,298
2024-09-12,positive,0.0370441299145792,0.05370032201837069,0.01665619210379149,0.0370441299145792,0.05370032201837069,0.8846132595439128,0.9154539447571625,298,298
2024-09-12,negative,-0.021526205591228968,-0.027682287670893955,-0.006156082079664987,0.021526205591228968,0.027682287670893955,0.10001731019876181,0.10025111405787689,297,298
2024-09-13,positive,0.050163656303273005,0.0735227167224795,0.02335906041920649,0.050163656303273005,0.0735227167224795,0.8859302590166962,0.9139556606389654,298,299
2024-09-13,negative,-0.010058584002179245,-0.015277590781544618,-0.005219006779365373,0.011666382756642642,0.016477040270347867,0.10679583119999368,0.09329399758037808,297,298
2024-09-16,positive,0.027444462593224982,0.03884157814799791,0.011397115554772925,0.027444462593224982,0.03884157814799791,0.8858559970851252,0.9143643467501142,298,299
2024-09-16,negative,-0.02986849762225977,-0.033057777196662065,-0.0031892795744022963,0.02986849762225977,0.033057777196662065,0.10172485920434712,0.0983421649243392,298,298
2024-09-17,positive,0.03453220666791573,0.0461530407684682,0.011620834100552466,0.03453220666791573,0.0461530407684682,0.8862947426436817,0.9139747083499189,297,297
2024-09-17,negative,-0.027983033279539955,-0.025121230407922853,0.0028618028716171015,0.027983033279539955,0.025121230407922853,0.10088368091904637,0.09918654378068323,296,297
2024-09-18,positive,0.022217168007694927,0.0341021415656668,0.011884973557971874,0.022217168007694927,0.0341021415656668,0.8902334228933555,0.9097338033579644,297,298
2024-09-18,negative,-0.02900799034055735,-0.027693699921099324,0.0013142904194580265,0.02900799034055735,0.027693699921099324,0.10309435545125781,0.09724234488544253,297,297
2024-09-19,positive,0.0489320531674031,0.0579825842268185,0.009050531059415397,0.0489320531674031,0.0579825842268185,0.8895996809883953,0.9106688655037162,298,298
2024-09-19,negative,-0.017389397185931067,-0.019888196732629603,-0.0024987995466985366,0.017399119156915683,0.01990052439639068,0.103914833689926,0.09616532731356632,297,298
2024-09-20,positive,0.02158995803218059,0.025105083709786407,0.003515125677605816,0.02158995803218059,0.025105083709786407,0.897094166484597,0.9029058335154031,299,299
2024-09-20,negative,-0.04699696029017406,-0.041528406428637504,0.005468553861536558,0.04699696029017406,0.041528406428637504,0.09242015446359313,0.10788894304297406,298,299
2024-09-23,positive,0.02214794324366608,0.035360346710266534,0.013212403466600454,0.02214794324366608,0.035360346710266534,0.887630321218184,0.9126364343670113,300,300
2024-09-23,negative,-0.04089933122418475,-0.04528327265700088,-0.0043839414328161255,0.04089933122418475,0.04528327265700088,0.10384899760343749,0.09623041013671224,299,300
2024-09-24,positive,0.031236869993149157,0.05316884127162034,0.02193197127847118,0.031236869993149157,0.05316884127162034,0.8840026648782963,0.9161303580681619,301,301
2024-09-24,negative,-0.028239205126000637,-0.029876827764412393,-0.0016376226384117558,0.028239205126000637,0.029876827764412393,0.10527768540073164,0.094939051404972,300,301
2024-09-25,positive,0.014698187291564663,0.026087018083597334,0.011388830792032671,0.014698187291564663,0.026087018083597334,0.8932012871726587,0.9070419949480427,300,301
2024-09-25,negative,-0.03947930289208381,-0.04390008945648686,-0.004420786564403048,0.03947930289208381,0.04390008945648686,0.1064974478473147,0.09356913004882379,300,300
2024-09-26,positive,0.04156451083068686,0.05437099932939676,0.012806488498709905,0.04156451083068686,0.05437099932939676,0.8887836827914912,0.9114441656376205,301,302
2024-09-26,negative,-0.024494863501277563,-0.030562041841151664,-0.0060671783398741005,0.024494863501277563,0.030562041841151664,0.1071979709307837,0.09286838606987988,301,301
2024-09-27,positive,0.032211134614458944,0.041331960420789064,0.00912082580633012,0.032211134614458944,0.041331960420789064,0.8879690949227373,0.9122297122343204,302,302
2024-09-27,negative,-0.021173834516712942,-0.023679679905403893,-0.0025058453886909506,0.021173834516712942,0.023679679905403893,0.10471170760596994,0.09543621274560145,301,302
2024-09-30,positive,0.025494422848652463,0.03545079013023669,0.009956367281584229,0.025494422848652463,0.03545079013023669,0.8910519275470373,0.9089185408607087,302,303
2024-09-30,negative,-0.032195819178572956,-0.03562422167015966,-0.003428402491586706,0.032195819178572956,0.03562422167015966,0.10394664707688259,0.09638447875093197,302,302
2024-10-01,positive,0.016108470366954963,0.0284473857905069,0.012338915423551939,0.016108470366954963,0.0284473857905069,0.8861808471640835,0.9139517348710507,302,302
2024-10-01,negative,-0.05357941390963001,-0.056340959960556804,-0.002761546050926794,0.05357941390963001,0.056340959960556804,0.10287661171412935,0.0973314572829024,301,302
2024-10-02,positive,0.024807753731526362,0.05378179493512292,0.028974041203596555,0.024807753731526362,0.05378179493512292,0.8847412215449029,0.915457585612155,302,302
2024-10-02,negative,-0.028440863748673564,-0.03278726059977347,-0.004346396851099908,0.028440863748673564,0.03278726059977347,0.10584609728120754,0.0943055793275666,301,302
2024-10-03,positive,0.018408140659610408,0.03514858222930841,0.016740441569698002,0.018408140659610408,0.03514858222930841,0.8869081317832519,0.9132906753738059,302,302
2024-10-03,negative,-0.03463437725462204,-0.04228707772541543,-0.007652700470793389,0.03463437725462204,0.04228707772541543,0.10793214137104284,0.09222644266849235,301,302
2024-10-04,positive,0.04149957738865543,0.059502216031802675,0.018002638643147245,0.04149957738865543,0.059502216031802675,0.8834257150255201,0.9167730921315376,302,302
2024-10-04,negative,-0.01841308446814961,-0.02170195211319886,-0.003288867645049251,0.01841308446814961,0.02170195211319886,0.11048603176070929,0.0896810088695202,301,302
2024-10-07,positive,0.01319583859012329,0.04073482473440596,0.02753898614428267,0.01319583859012329,0.04073482473440596,0.8845217875967156,0.9156770195603421,302,302
2024-10-07,negative,-0.04237228047356272,-0.04830786744643015,-0.005935586972867425,0.04237228047356272,0.04830786744643015,0.10844897393050337,0.09171132147512277,301,302
2024-10-08,positive,0.02668268961502054,0.034643704718751375,0.007961015103730835,0.02668268961502054,0.034643704718751375,0.8910190980297923,0.9092161524365324,301,302
2024-10-08,negative,-0.035248327956369126,-0.03685029820875066,-0.0016019702523815335,0.035248327956369126,0.03685029820875066,0.10388893910367344,0.09617741789699012,301,301
2024-10-09,positive,0.025255873692407088,0.0460234763947815,0.02076760270237441,0.025255873692407088,0.0460234763947815,0.8834681736404677,0.9164770852126465,301,302
2024-10-09,negative,-0.02532697219805323,-0.029968281087555414,-0.004641308889502184,0.02532697219805323,0.029968281087555414,0.1039469763026898,0.09638524961093145,301,301
2024-10-10,positive,0.022271236412377594,0.036838020352842664,0.01456678394046507,0.022271236412377594,0.036838020352842664,0.8919184474203667,0.9081211056149527,301,302
2024-10-10,negative,-0.03072788764836408,-0.03862029732257158,-0.007892409674207498,0.03072788764836408,0.03862029732257158,0.10835849945548494,0.0919071930054915,301,301
2024-10-11,positive,0.047945670509801,0.060812189320023836,0.012866518810222834,0.047945670509801,0.060812189320023836,0.8875597407724911,0.9125063530807805,303,303
2024-10-11,negative,-0.008244610934201558,-0.01085990040070269,-0.0026152894665011327,0.009147557372141117,0.011624332955719434,0.10665731431347744,0.09362859617091913,302,303
2024-10-14,positive,0.029762947194525373,0.04847736116223111,0.018714413967705734,0.029762947194525373,0.04847736116223111,0.8860148651138652,0.9141172789231351,303,303
2024-10-14,negative,-0.0222048532843917,-0.026389022713387954,-0.004184169428996253,0.0222048532843917,0.026389022713387954,0.10834170172640496,0.09188371760862904,302,303
2024-10-15,positive,0.029385072207026016,0.08882592384924891,0.05944085164222289,0.029385072207026016,0.08882592384924891,0.8943572830162233,0.9058882078684058,302,303
2024-10-15,negative,-0.03649854483488073,-0.04089141737966166,-0.004392872544780935,0.03649854483488073,0.04089141737966166,0.10878917884298679,0.09127695872315077,302,302
2024-10-16,positive,0.04115687849284595,0.07103290675668227,0.029876028263836313,0.04115687849284595,0.07103290675668227,0.8859161932050489,0.9142159508319512,303,303
2024-10-16,negative,-0.01557943471901469,-0.021848485280600117,-0.0062690505615854274,0.01557943471901469,0.021848485280600117,0.10718489444885652,0.09303670704037699,302,303
2024-10-17,positive,0.024691213745544987,0.038327560528255165,0.013636346782710178,0.024691213745544987,0.038327560528255165,0.8850876213252041,0.9151272766165505,302,303
2024-10-17,negative,-0.03049606984871508,-0.03438353857030363,-0.0038874687215885474,0.03049606984871508,0.03438353857030363,0.10514340025929428,0.09492273730684327,302,302
2024-10-18,positive,0.033156525728896886,0.05552495582781551,0.022368430098918625,0.033156525728896886,0.05552495582781551,0.8898184927547611,0.9102476010985103,303,303
2024-10-18,negative,-0.021637189449155634,-0.026975399950667184,-0.0053382105015115505,0.021637189449155634,0.026975399950667184,0.10720335459133426,0.09308435800619058,302,303
2024-10-21,positive,0.013000639655958096,0.04238609284824539,0.029385453192287296,0.013000639655958096,0.04238609284824539,0.883808307808482,0.9164044756179023,299,300
2024-10-21,negative,-0.043768192850533606,-0.04520046882574337,-0.0014322759752097639,0.043768192850533606,0.04520046882574337,0.10415312229810793,0.09591367796909314,299,299
2024-10-22,positive,0.023178583111429726,0.045725247777142965,0.02254666466571324,0.023178583111429726,0.045725247777142965,0.8878894913572964,0.9123368960142507,299,300
2024-10-22,negative,-0.03484161472774189,-0.03893097968276715,-0.004089364955025265,0.03484161472774189,0.03893097968276715,0.1081795698420252,0.09188723042517588,299,299
2024-10-23,positive,0.014157842067511969,0.027049002514193017,0.012891160446681049,0.014157842067511969,0.027049002514193017,0.8853358744081645,0.9146820610802642,298,299
2024-10-23,negative,-0.048467094558444286,-0.04591049994701535,0.0025565946114289376,0.048467094558444286,0.04591049994701535,0.1028217863020607,0.09744658001796613,298,298
2024-10-24,positive,0.030684972518062778,0.06610619406729419,0.03542122154923141,0.030684972518062778,0.06610619406729419,0.8859313288852287,0.9140686711147712,299,299
2024-10-24,negative,-0.030462992533976267,-0.039691466432239725,-0.009228473898263458,0.030462992533976267,0.039691466432239725,0.10831225478623542,0.09204999355753124,298,299
2024-10-25,positive,0.02253799424074483,0.04186588722914786,0.01932789298840303,0.02253799424074483,0.04186588722914786,0.8862926622879478,0.9139081409249038,299,299
2024-10-25,negative,-0.034759573718561566,-0.04159537441868515,-0.006835800700123587,0.034759573718561566,0.04159537441868515,0.10581588097355867,0.09433721508106004,298,299
2024-10-28,positive,0.04663647586023719,0.06509884404291325,0.018462368182676055,0.04663647586023719,0.06509884404291325,0.8905863140410023,0.9096144891718491,299,299
2024-10-28,negative,-0.02321321043379654,-0.01839843563691406,0.0048147747968824775,0.02321321043379654,0.01839843563691406,0.10001134291079306,0.10012233997304713,298,299
2024-10-29,positive,0.025425258117974015,0.03887414731111866,0.013448889193144648,0.025425258117974015,0.03887414731111866,0.8904808069694031,0.909554218210186,299,300
2024-10-29,negative,-0.036754298678834535,-0.04543288345994086,-0.008678584781106329,0.036754298678834535,0.04543288345994086,0.1047076569731491,0.09555981210073923,299,299
2024-10-30,positive,0.024256764739108583,0.0484501263479736,0.024193361608865014,0.024256764739108583,0.0484501263479736,0.8824728609951229,0.9177354709418838,299,300
2024-10-30,negative,-0.03703539042474028,-0.05394288562608778,-0.016907495201347503,0.03703539042474028,0.05394288562608778,0.10726134543334159,0.09280545483385946,299,299
2024-10-31,positive,0.01299607802329252,0.04590087988436302,0.0329048018610705,0.01299607802329252,0.04590087988436302,0.8769606057595726,0.9206982571166816,303,303
2024-10-31,negative,-0.055024816191276214,-0.06576659366471115,-0.010741777473434931,0.055024816191276214,0.06576659366471115,0.1048411091598528,0.09549333900068233,299,299
2024-11-01,positive,0.03154538582088325,0.055782671587114786,0.024237285766231534,0.03154538582088325,0.055782671587114786,0.8831969949916528,0.9168030050083471,300,300
2024-11-01,negative,-0.031807491709404195,-0.03975126659170046,-0.007943774882296264,0.031807491709404195,0.03975126659170046,0.10666551275537266,0.09369003895381191,299,300
2024-11-04,positive,0.03194889716111819,0.049737165349275664,0.01778826818815747,0.03194889716111819,0.049737165349275664,0.8878732939680922,0.9123530394121576,299,300
2024-11-04,negative,-0.030988179900311316,-0.038143603087078856,-0.00715542318676754,0.030988179900311316,0.038143603087078856,0.10584602873528551,0.09422077153191556,299,299
2024-11-05,positive,0.048864882035404796,0.07544379380766277,0.02657891177225797,0.048864882035404796,0.07544379380766277,0.8910369507323568,0.9091991409018321,300,301
2024-11-05,negative,-0.01517457461448947,-0.023985780608333958,-0.008811205993844488,0.015810699047610604,0.024445824835513184,0.10792665335108743,0.09213992454505104,300,300
2024-11-06,positive,0.1118489218453537,0.13834598315721888,0.02649706131186519,0.1118489218453537,0.13834598315721888,0.880106869323871,0.9199594436734764,302,302
2024-11-06,negative,-0.033560883700810874,-0.046108738253916245,-0.012547854553105371,0.033560883700810874,0.046108738253916245,0.10929527569463417,0.09100031619442442,301,302
2024-11-07,positive,0.04364727229767986,0.07762165832123646,0.0339743860235566,0.04364727229767986,0.07762165832123646,0.8813563351545749,0.9188449193253052,304,305
2024-11-07,negative,-0.04569890890798027,-0.05934501614551485,-0.01364610723753458,0.04569890890798027,0.05934501614551485,0.11302324676671967,0.08704245625561935,304,304
2024-11-08,positive,0.04009789677590431,0.07923962048556549,0.03914172370966118,0.04009789677590431,0.07923962048556549,0.8819475673244894,0.9181900949774543,304,305
2024-11-08,negative,-0.03365121432698569,-0.05807232841611992,-0.024421114089134235,0.03365121432698569,0.05807232841611992,0.11950907605029662,0.08062237317743917,304,304
2024-11-11,positive,0.04807333030842397,0.0781951324930656,0.03012180218464163,0.04807333030842397,0.0781951324930656,0.8807889512393271,0.9193423254262456,305,305
2024-11-11,negative,-0.02753578487169117,-0.03575134390980393,-0.00821555903811276,0.02753578487169117,0.03575134390980393,0.10782391653567791,0.0923983278365713,304,305
2024-11-12,positive,0.020450624776662128,0.036631240832239,0.016180616055576875,0.020450624776662128,0.036631240832239,0.8835493102843928,0.9166468963866341,306,306
2024-11-12,negative,-0.050399522332433035,-0.06642088662508405,-0.016021364292651018,0.050399522332433035,0.06642088662508405,0.10954979682423957,0.09061200237670826,305,306
2024-11-13,positive,0.022432840741658303,0.05525647250504576,0.032823631763387456,0.022432840741658303,0.05525647250504576,0.8793912647542994,0.9208694064741139,307,307
2024-11-13,negative,-0.047930535900298825,-0.06518816200173842,-0.017257626101439598,0.047930535900298825,0.06518816200173842,0.11096363167836919,0.08913714214754458,306,307
2024-11-14,positive,0.01968635695313516,0.03382871282290715,0.01414235586977199,0.01968635695313516,0.03382871282290715,0.886773566249526,0.9133568543569298,307,307
2024-11-14,negative,-0.05350384145815516,-0.06570300058968546,-0.012199159131530302,0.05350384145815516,0.06570300058968546,0.10974883377978951,0.09047823367166931,306,307
2024-11-15,positive,0.015776201287407168,0.03176919926491037,0.015992997977503202,0.015776201287407168,0.03176919926491037,0.8856056660205226,0.9145435005534038,305,306
2024-11-15,negative,-0.05975876857450278,-0.06724292750390216,-0.0074841589293993815,0.05975876857450278,0.06724292750390216,0.11009273329646198,0.09003828537369854,305,305
2024-11-18,positive,0.03718421841663762,0.051434903553053885,0.014250685136416266,0.03718421841663762,0.051434903553053885,0.8906148346162518,0.9096160184222126,305,306
2024-11-18,negative,-0.036402383148366683,-0.039462936586512676,-0.0030605534381459923,0.036402383148366683,0.039462936586512676,0.10592128570968468,0.09414420217505663,305,305
2024-11-19,positive,0.043515872175546255,0.0576381448532434,0.014122272677697147,0.043515872175546255,0.0576381448532434,0.8917358256169875,0.9083676760627807,306,307
2024-11-19,negative,-0.027305398022926728,-0.028119126370639926,-0.0008137283477131982,0.027305398022926728,0.028119126370639926,0.10674118330110184,0.09345476705814047,306,306
2024-11-20,positive,0.03028898000921128,0.04652092166594094,0.01623194165672966,0.03028898000921128,0.04652092166594094,0.8849688148366354,0.9152422073697284,307,308
2024-11-20,negative,-0.03144127559469103,-0.03525767373922396,-0.003816398144532933,0.03144127559469103,0.03525767373922396,0.1053132397601826,0.09475182204853569,307,307
2024-11-21,positive,0.047034960770813976,0.06590462803200327,0.018869667261189292,0.047034960770813976,0.06590462803200327,0.8876825492361066,0.9125372837962299,307,308
2024-11-21,negative,-0.019567148896806722,-0.031581970097576656,-0.012014821200769934,0.01956849039566717,0.03158831152259608,0.10556278464541315,0.09450227716330514,307,307
2024-11-22,positive,0.046378534863815914,0.07399445204329573,0.027615917179479817,0.046378534863815914,0.07399445204329573,0.8850106967767324,0.9150701080832953,309,310
2024-11-22,negative,-0.018884145366669113,-0.018998018277124266,-0.00011387291045515321,0.018884145366669113,0.018998018277124266,0.10322319993056388,0.09955817135016057,313,313
2024-11-25,positive,0.05807520258339703,0.08157398475793205,0.02349878217453502,0.05807520258339703,0.08157398475793205,0.8925753643194273,0.9075291674906072,311,312
2024-11-25,negative,-0.032678532316869326,-0.025158795258361868,0.007519737058507458,0.032678532316869326,0.025158795258361868,0.09458408070822209,0.1056087213483332,311,311
2024-11-26,positive,0.02510806446812232,0.07674526228083302,0.0516371978127107,0.02510806446812232,0.07674526228083302,0.8894667645268993,0.9107256665186428,312,312
2024-11-26,negative,-0.043797002322741876,-0.04802353467272107,-0.0042265323499791965,0.043797002322741876,0.04802353467272107,0.1020300858538511,0.09841891991908028,312,312
2024-11-27,positive,0.035905654574985374,0.04956650733181254,0.013660852756827165,0.035905654574985374,0.04956650733181254,0.8960583808091022,0.9041981116564316,312,312
2024-11-27,negative,-0.024685226199437003,-0.03156320816181145,-0.006877981962374446,0.024685226199437003,0.03156320816181145,0.10785209209399088,0.09223709522282784,311,312
2024-11-29,positive,0.028548011036449557,0.04799474863211595,0.01944673759566639,0.028548011036449557,0.04799474863211595,0.8901694344519456,0.9099270763191449,312,313
2024-11-29,negative,-0.01929713063994221,-0.019459317399228106,-0.00016218675928589624,0.01929713063994221,0.019459317399228106,0.10208980108083247,0.09810238341628476,312,312
2024-12-02,positive,0.03317478566908908,0.04890607798109759,0.01573129231200851,0.03317478566908908,0.04890607798109759,0.8882505692981807,0.9120059231673532,312,312
2024-12-02,negative,-0.040312671621683664,-0.039006448018967715,0.0013062236027159488,0.040312671621683664,0.039006448018967715,0.10200987825886151,0.09806058401361382,311,312
2024-12-03,positive,0.021033187197389565,0.04258567911434678,0.02155249191695722,0.021033187197389565,0.04258567911434678,0.8833645527814062,0.9166462784824639,312,313
2024-12-03,negative,-0.04697717292541409,-0.049312377638834635,-0.0023352047134205453,0.04697717292541409,0.049312377638834635,0.09990634165578094,0.10034998644418702,312,312
2024-12-04,positive,0.03559550652826922,0.063990711610659,0.028395205082389782,0.03559550652826922,0.063990711610659,0.8835589171974523,0.9165048583127519,314,314
2024-12-04,negative,-0.03188011480628334,-0.04244224475922323,-0.01056212995293989,0.03188011480628334,0.04244224475922323,0.11037544011214709,0.08991229851813337,313,314
2024-12-05,positive,0.017677485843937205,0.05695158684158931,0.039274100997652106,0.017677485843937205,0.05695158684158931,0.889082992603084,0.9109460154973789,313,314
2024-12-05,negative,-0.04366994834892167,-0.05188849845327261,-0.008218550104350943,0.04366994834892167,0.05188849845327261,0.1081017098927248,0.09215379952918511,313,313
2024-12-06,positive,0.04070105715850844,0.06601179649533492,0.025310739336826482,0.04070105715850844,0.06601179649533492,0.8894284165365507,0.9106990938236661,314,314
2024-12-06,negative,-0.03229398425819241,-0.03951389765095047,-0.007219913392758064,0.03229398425819241,0.03951389765095047,0.10855643402815615,0.09166177673910528,313,314
2024-12-09,positive,0.03691663771450695,0.05511184144726252,0.01819520373275557,0.03691663771450695,0.05511184144726252,0.8888155429420947,0.9114401297967993,313,313
2024-12-09,negative,-0.0438029262561073,-0.05103325700318486,-0.00723033074707756,0.0438029262561073,0.05103325700318486,0.10513004892199522,0.09495015708966006,312,313
2024-12-10,positive,0.026507130678058804,0.04178141215992555,0.015274281481866745,0.026507130678058804,0.04178141215992555,0.8927882428115016,0.9072117571884984,313,313
2024-12-10,negative,-0.043044808524421926,-0.04457171745806533,-0.001526908933643406,0.043044808524421926,0.04457171745806533,0.10128717948717948,0.09903642172523962,312,313
2024-12-11,positive,0.035734853322096805,0.048413017976316634,0.01267816465421983,0.035734853322096805,0.048413017976316634,0.8926795035949965,0.9075527811072067,312,313
2024-12-11,negative,-0.03562483727863782,-0.04023356217459782,-0.004608724895960002,0.03562483727863782,0.04023356217459782,0.09497603335631505,0.10508798713024066,312,312
2024-12-12,positive,0.01333513402886021,0.02737808185808898,0.01404294782922877,0.01333513402886021,0.02737808185808898,0.8880736304893608,0.9119263695106392,312,312
2024-12-12,negative,-0.04493938657553227,-0.06124144435863936,-0.016302057783107088,0.04493938657553227,0.06124144435863936,0.1125871599407493,0.08777369634111207,311,312
2024-12-13,positive,0.02187074802509235,0.0318125783963136,0.00994183037122125,0.02187074802509235,0.0318125783963136,0.8949518098182329,0.9051603388042978,311,312
2024-12-13,negative,-0.03783879432680568,-0.04284960033248014,-0.0050108060056744605,0.03783879432680568,0.04284960033248014,0.10466279271609122,0.09553000934046403,311,311
2024-12-16,positive,0.039321277474209194,0.057931905574165755,0.01861062809995656,0.039321277474209194,0.057931905574165755,0.8919241943321512,0.9080499216753234,311,312
2024-12-16,negative,-0.038774045063097194,-0.03524763354060346,0.003526411522493736,0.038774045063097194,0.03524763354060346,0.10321956969013968,0.09710197371822045,311,311
2024-12-17,positive,0.02055678642324708,0.03973565896122991,0.019178872537982828,0.02055678642324708,0.03973565896122991,0.8914745057232051,0.9084980811119178,310,311
2024-12-17,negative,-0.04282404484126069,-0.040439627339166735,0.0023844175020939565,0.04282404484126069,0.040439627339166735,0.09506607700312174,0.10525650364203955,310,310
2024-12-18,positive,-0.0023015658988985175,0.02117901368562267,0.023480579584521186,0.01677935298538104,0.03944031092414558,0.8978908770033608,0.9021741425024911,308,308
2024-12-18,negative,-0.08062025282296609,-0.08181028151766666,-0.0011900286947005706,0.08062025282296609,0.08181028151766666,0.09682558676397707,0.10342376251836588,307,308
2024-12-19,positive,0.028008935129073053,0.05444461401102719,0.026435678881954135,0.028008935129073053,0.05444461401102719,0.8939710695808257,0.9060289304191745,308,308
2024-12-19,negative,-0.04230648597934752,-0.04441744511223715,-0.0021109591328896324,0.04230648597934752,0.04441744511223715,0.09891263472895316,0.10140851018899799,307,308
2024-12-20,positive,0.052493391650904955,0.05311479698334922,0.000621405332444265,0.052493391650904955,0.05311479698334922,0.9101643065546559,0.8900299939634791,309,309
2024-12-20,negative,-0.030939274267309958,-0.020503679972436753,0.010435594294873205,0.030939274267309958,0.020503679972436753,0.09637589580109009,0.10374169978369133,308,309
2024-12-23,positive,0.03401328033980667,0.04815200742855571,0.01413872708874904,0.03401328033980667,0.04815200742855571,0.897795721715036,0.9021972132904608,311,312
2024-12-23,negative,-0.028498555069140535,-0.0338947524092379,-0.005396197340097365,0.028498555069140535,0.0338947524092379,0.10390452952306119,0.09641701388529896,311,311
2024-12-24,positive,0.031613732895238306,0.056366761209269374,0.02475302831403107,0.031613732895238306,0.056366761209269374,0.8843040773393847,0.9158238407930108,313,313
2024-12-24,negative,-0.012037206088983609,-0.01561413700182971,-0.0035769309128461015,0.012099408606726559,0.015672243370436177,0.1035040138413979,0.09669875177649884,312,313
2024-12-26,positive,0.03873079316737862,0.09194751909507515,0.05321672592769653,0.03873079316737862,0.09194751909507515,0.8800980288444585,0.9199023617175983,315,316
2024-12-26,negative,-0.014969314995102373,-0.015657402706922372,-0.0006880877118199992,0.014969314995102373,0.015657402706922372,0.10251671175187518,0.09773717590283759,315,315
2024-12-27,positive,0.008834531355948333,0.04522216310497178,0.036387631749023444,0.009707553648770616,0.045754180274367784,0.8866503878895641,0.9135408166993461,314,314
2024-12-27,negative,-0.03925440016254961,-0.03891964175495261,0.0003347584075969953,0.03925440016254961,0.03891964175495261,0.10086143877889704,0.09926857140537403,313,314
2024-12-30,positive,0.01785096593900164,0.06269990235633714,0.044848936417335505,0.01785096593900164,0.06269990235633714,0.8873221454612515,0.9128282047785707,314,315
2024-12-30,negative,-0.03951886827497059,-0.03990037794656218,-0.00038150967159159,0.03951886827497059,0.03990037794656218,0.09937815507517464,0.10074911186723709,314,314
2024-12-31,positive,0.024321367210282507,0.039574451688956895,0.015253084478674388,0.024321367210282507,0.039574451688956895,0.8893706223230032,0.9105957404058669,315,316
2024-12-31,negative,-0.036222569840245536,-0.03842736458627794,-0.0022047947460324055,0.036222569840245536,0.03842736458627794,0.10199143361048123,0.0983260267069791,315,315
2025-01-02,positive,0.047173370109103246,0.06513710246102308,0.017963732351919837,0.047173370109103246,0.06513710246102308,0.8876436884619061,0.9125457054774878,317,317
2025-01-02,negative,-0.030519979748865535,-0.03449446700930943,-0.003974487260443894,0.030519979748865535,0.03449446700930943,0.10322269370924433,0.09691353599082307,316,317
2025-01-03,positive,0.05245264991446273,0.08368110947786633,0.0312284595634036,0.05245264991446273,0.08368110947786633,0.8893634307871023,0.910762079096801,319,319
2025-01-03,negative,-0.021377898734525305,-0.023119672695010685,-0.0017417739604853807,0.021377898734525305,0.023119672695010685,0.10316823652692839,0.0970296649889392,318,319
2025-01-06,positive,0.03643807990359662,0.0721017024083469,0.03566362250475028,0.03643807990359662,0.0721017024083469,0.8862714798420511,0.9139793824972401,319,319
2025-01-06,negative,-0.04384326940238671,-0.04435010660669678,-0.0005068372043100719,0.04384326940238671,0.04435010660669678,0.1006027993239339,0.09946170761365232,318,319
2025-01-07,positive,0.02249315158845978,0.04062348863062394,0.01813033704216416,0.02249315158845978,0.04062348863062394,0.8903938916279511,0.9098268576424442,318,319
2025-01-07,negative,-0.05834014919279482,-0.04985327285721832,0.008486876335576501,0.05834014919279482,0.04985327285721832,0.0938117276634746,0.10625108640687717,318,318
2025-01-08,positive,0.01933612042249007,0.03781176466234282,0.018475644239852748,0.01933612042249007,0.03781176466234282,0.886683146672048,0.9135685047906763,318,318
2025-01-08,negative,-0.06999983217676081,-0.07075462274101318,-0.0007547905642523722,0.06999983217676081,0.07075462274101318,0.09712496142369632,0.1029288115205723,317,318
2025-01-10,positive,0.02133151844195817,0.03783737892626328,0.01650586048430511,0.0214063738920106,0.03789602367273369,0.8881256016237746,0.9121268439426503,317,317
2025-01-10,negative,-0.06342642762389436,-0.06985850420444699,-0.006432076580552629,0.06342642762389436,0.06985850420444699,0.09882974304077075,0.10122957714372176,316,317
2025-01-13,positive,0.03470424243009563,0.059644991088980824,0.024940748658885195,0.03470424243009563,0.059644991088980824,0.8838110407653477,0.9163156618003793,316,316
2025-01-13,negative,-0.06131152070009812,-0.054480602918128604,0.006830917781969516,0.06131152070009812,0.054480602918128604,0.09450955548516525,0.10566282282089631,315,316
2025-01-14,positive,0.0441850074449363,0.052564439910830964,0.008379432465894662,0.0441850074449363,0.052564439910830964,0.8928924386357678,0.9072981585688067,315,315
2025-01-14,negative,-0.043016765244460624,-0.04311333076708389,-9.656552262326396e-05,0.043016765244460624,0.04311333076708389,0.10187289068380287,0.0982599181137936,314,315
2025-01-15,positive,0.05865317890590696,0.07784980073760718,0.01919662183170022,0.05865317890590696,0.07784980073760718,0.8920295225124178,0.9079453340254762,316,317
2025-01-15,negative,-0.020091863771199404,-0.027816030758141402,-0.007724166986941998,0.020116563075617704,0.027834124882303916,0.10714278561128025,0.09317367008492229,316,316
2025-01-16,positive,0.03717486322766946,0.04264901358622243,0.005474150358552969,0.03717486322766946,0.04264901358622243,0.8961188663282571,0.9039955543596992,315,316
2025-01-16,negative,-0.03290917037100044,-0.0359391985671468,-0.00303002819614636,0.03290917037100044,0.0359391985671468,0.10267051406010796,0.09751984126984127,315,315
2025-01-17,positive,0.03270205598826423,0.04565205502189829,0.012949999033634065,0.03270205598826423,0.04565205502189829,0.888936685466654,0.9112527084727399,317,317
2025-01-17,negative,-0.031347585003849585,-0.028747824296162742,0.0025997607076868427,0.031347585003849585,0.028747824296162742,0.09754636954992968,0.10257195376477711,316,317
2025-01-21,positive,0.05650583892865311,0.07024782095488617,0.013741982026233064,0.05650583892865311,0.07024782095488617,0.8949297571526107,0.9050702428473895,317,317
2025-01-21,negative,-0.0282889296376384,-0.02629067679777838,0.0019982528398600208,0.0282889296376384,0.02629067679777838,0.09776181334613154,0.1025465835413957,316,317
2025-01-22,positive,0.029738231120825968,0.04527473127311641,0.015536500152290442,0.029738231120825968,0.04527473127311641,0.8880823024852375,0.9121325479467353,316,317
2025-01-22,negative,-0.04127985229032782,-0.04133246562168272,-5.261333135489488e-05,0.04127985229032782,0.04133246562168272,0.09804725631711184,0.10201595480804622,316,316
2025-01-23,positive,0.03602173909241824,0.062193002395231296,0.02617126330281306,0.03602173909241824,0.062193002395231296,0.8921243364638627,0.9079771218551529,316,317
2025-01-23,negative,-0.030369488470835166,-0.035061027389031524,-0.004691538918196358,0.030369488470835166,0.035061027389031524,0.10007085725266014,0.10011889606802296,316,316
2025-01-24,positive,0.0276865197721631,0.0499345797877634,0.022248060015600302,0.0276865197721631,0.0499345797877634,0.8900495646021884,0.9101736044777029,313,314
2025-01-24,negative,-0.03257105189073485,-0.03283145115581435,-0.00026039926507950145,0.03257105189073485,0.03283145115581435,0.0998749161520253,0.10018890005729188,313,313
